bd_ranking_tamano;bd_departamento;bd_municipio;bd_es_cooperativa;bd_activos_pesos;bd_fecha_activos;bd_reporta_actualmente;bd_ultimo_reporte;codentidad;fechaultirepo;mes;ano;nombreentidad;sigla;nit;nombretipo;departamento;municipio;direccion;telefono;codactividad;nombreactividad;representantelegal;correo;supervision
1;BOGOTÁ D.C.;BOGOTA, D.C.;SI;1644547197619;2026-07;SI;2026-07-31;824;07/31/2026 05:00:00 PM;JULIO;2026;COOPERATIVA DEL MAGISTERIO;CODEMA;860-025-596-6;Multiactiva con ahorro y credito;BOGOTÁ, D.C.;BOGOTÁ, D.C.;CALLE 39B 19 15;6013237505;1;Intermediacion financiera;MANUEL GERMAN MARTINEZ MARTINEZ;info@codema.com.co;1
2;BOGOTÁ D.C.;BOGOTA, D.C.;SI;1087577524752;2026-07;SI;2026-07-31;8480;07/31/2026 05:00:00 PM;JULIO;2026;COOPERATIVA DE AHORRO Y CREDITO FINCOMERCIO LTDA;FINCOMERCIO LTDA;860-007-327-5;Especializada de ahorro y credito;BOGOTÁ, D.C.;BOGOTÁ, D.C.;CL 80 N 28 A 05;;1;Intermediacion financiera;JAIRO EDUARDO RAMIREZ ZULUAGA;reportesses@fincomercio.com;1
3;BOGOTÁ D.C.;BOGOTA, D.C.;SI;695340754856;2026-07;SI;2026-07-31;333;07/31/2026 05:00:00 PM;JULIO;2026;CASA NACIONAL DEL PROFESOR S.C.I.;CANAPRO;860-005-921-1;Multiactiva sin seccion de ahorro;BOGOTÁ, D.C.;BOGOTÁ, D.C.;CLL 63 # 24 - 58;3480564;99;Otras actividades;EDINSON RAFAEL CASTRO ALVARADO;gerencia@canapro.coop;1
4;BOGOTÁ D.C.;BOGOTA, D.C.;SI;516719779713;2026-07;SI;2026-07-31;124;07/31/2026 05:00:00 PM;JULIO;2026;COOPERATIVA DEL SISTEMA NACIONAL DE JUSTICIA;JURISCOOP;860-075-780-9;Especializada de ahorro y credito;BOGOTÁ, D.C.;BOGOTÁ, D.C.;CALL 53-21-29;3598900;99;Otras actividades;Diego Hernando Gaitan Carvajal;contabilidad.juriscoop@juriscoop.com.co;1
5;BOGOTÁ D.C.;BOGOTA, D.C.;SI;501096189034;2026-07;SI;2026-07-31;997;07/31/2026 05:00:00 PM;JULIO;2026;COOPERATIVA DE LOS TRABAJADORES DEL INSTITUTO DE LOS SEGUROS SOCIALES;COOPTRAISS;860-014-397-1;Especializada de ahorro y credito;BOGOTÁ, D.C.;BOGOTÁ, D.C.;CALLE 24 # 26 - 70;;1;Intermediacion financiera;FRANKLIN ANTONIO MORENO MORENO;franklin.moreno@cooptraiss.com;1
6;BOGOTÁ D.C.;BOGOTA, D.C.;SI;463277396525;2026-07;SI;2026-07-31;1066;07/31/2026 05:00:00 PM;JULIO;2026;COOPERATIVA DE TRABAJADORES DE LA EDUCACION DE CUNDINAMARCA;COOTRADECUN;860-402-925-3;Multiactiva sin seccion de ahorro;BOGOTÁ, D.C.;BOGOTÁ, D.C.;CRA 17 NO. 57 - 15;3457665;99;Otras actividades;CARLOS ARTURO RICO GODOY;cootradecun@hotmail.com;1
7;BOGOTÁ D.C.;BOGOTA, D.C.;SI;413387365646;2026-07;SI;2026-07-31;127;07/31/2026 05:00:00 PM;JULIO;2026;COOPERATIVA DE LOS PROFESIONALES DE LA SALUD COASMEDAS;COASMEDAS;860-014-040-6;Especializada de ahorro y credito;BOGOTÁ, D.C.;BOGOTÁ, D.C.;CR 67 100 20 P 7;6478888;1;Intermediacion financiera;CARLOS HERRAN PERDOMO;contabilidad@coasmedas.coop;1
8;BOGOTÁ D.C.;BOGOTA, D.C.;SI;353871287439;2026-07;SI;2026-07-31;978;07/31/2026 05:00:00 PM;JULIO;2026;CAJA COOPERATIVA PETROLERA;COOPETROL;860-013-743-0;Especializada de ahorro y credito;BOGOTÁ, D.C.;BOGOTÁ, D.C.;CARRERA 13A NO. 34 - 72 PISO 36;7440707;1;Intermediacion financiera;YASMIN CABRERA CORTEZ;info@coopetrol.coop;1
9;BOGOTÁ D.C.;BOGOTA, D.C.;SI;349519349110;2026-07;SI;2026-07-31;11085;07/31/2026 05:00:00 PM;JULIO;2026;COOPERATIVA DE AHORRO Y CREDITO DE DROGUISTAS DETALLISTAS;COPICREDITO;900-163-087-4;Especializada de ahorro y credito;BOGOTÁ, D.C.;BOGOTÁ, D.C.;CALLE 52BIS # 71C-03;4379200;1;Intermediacion financiera;SERGIO ENRIQUE ALVAREZ CORREA;gerencia@coopicredito.com.co;1
10;BOGOTÁ D.C.;BOGOTA, D.C.;SI;300910244098;2026-07;SI;2026-07-31;902;07/31/2026 05:00:00 PM;JULIO;2026;COOPERATIVA DE AHORRO Y CREDITO CREDIFLORES;CREDIFLORES;860-056-869-4;Especializada de ahorro y credito;BOGOTÁ, D.C.;BOGOTÁ, D.C.;CRA 15 # 76 - 27;6501999;1;Intermediacion financiera;JORGE HERNANDO CENDALES AHUMADA;asociados@crediflores.com.co;1
11;BOYACÁ;TUNJA;SI;293113815767;2026-07;SI;2026-07-31;2398;07/31/2026 05:00:00 PM;JULIO;2026;COPERATIVA MULTIACTIVA DE EDUCADORES DE BOYACA;COEDUCADORES BOYACA;891-801-371-8;Especializada de ahorro y credito;BOYACÁ;TUNJA;CRA 9 17 59;;1;Intermediacion financiera;HECTOR HORACIO ORTEGON CA?ON;info@coeducadores.coop;1
12;BOGOTÁ D.C.;BOGOTA, D.C.;SI;273295910083;2026-07;SI;2026-07-31;1190;07/31/2026 05:00:00 PM;JULIO;2026;COOPERATIVA MULTIACTIVA EMPRESARIAL COOVITEL;COOVITEL;860-015-017-0;Especializada de ahorro y credito;BOGOTÁ, D.C.;BOGOTÁ, D.C.;CALLE 67 #9-34;;1;Intermediacion financiera;CARLOS ALBERTO MERCHAN MARIN;contabilidad@coovitel.coop;1
13;BOGOTÁ D.C.;BOGOTA, D.C.;SI;270487426707;2026-07;SI;2026-07-31;156;07/31/2026 05:00:00 PM;JULIO;2026;COOPERATIVA MULTIACTIVA DE EMPLEADOS DE DISTRUIDORES DE DROGAS COPSERVIR LTD;COPSERVIR LTDA;830-011-670-3;Multiactiva sin seccion de ahorro;BOGOTÁ, D.C.;BOGOTÁ, D.C.;AV CL 13 42 10;3351700;12;Consumo (comercio);ANDRES HERNANDEZ BOHMER;copservir@copservir.com;1
14;BOYACÁ;TUNJA;SI;247771752851;2026-07;SI;2026-07-31;2336;07/31/2026 05:00:00 PM;JULIO;2026;CASA NACIONAL DEL PROFESOR;CANAPRO C.A.C;891-800-652-8;Especializada de ahorro y credito;BOYACÁ;TUNJA;CR 10 22 97;7423094;1;Intermediacion financiera;CESAR SERRANO SANCHEZ;canaproboyaca@hotmail.com;1
15;BOGOTÁ D.C.;BOGOTA, D.C.;SI;212519816028;2025-11;SI;2025-11-30;374;11/30/2025 05:00:00 PM;NOVIEMBRE;2025;PROGRESSA ENTIDAD COOPERATIVA DE AHORRO Y CR??DITO;PROGRESSA;830-033-907-8;Especializada de ahorro y credito;BOGOTÁ, D.C.;BOGOTÁ, D.C.;TRANSVERSAL 21 # 98 - 71;4434840;1;Intermediacion financiera;JUAN MANUEL RUSSY ESCOBAR;srobayop@progressa.coop;1
16;BOGOTÁ D.C.;BOGOTA, D.C.;SI;197825100378;2026-07;SI;2026-07-31;446;07/31/2026 05:00:00 PM;JULIO;2026;FEBOR ENTIDAD COOPERATIVA COOPFEBOR;COOPFEBOR;860-007-647-7;Especializada de ahorro y credito;BOGOTÁ, D.C.;BOGOTÁ, D.C.;CALLE 42 8 A 80;5558160;1;Intermediacion financiera;JUAN PABLO VELEZ GOEZ;notificaciones@febor.coop;1
17;BOGOTÁ D.C.;BOGOTA, D.C.;SI;195861847048;2026-07;SI;2026-07-31;1266;07/31/2026 05:00:00 PM;JULIO;2026;COOPERATIVA DE TRABAJADORES Y PENSIONADOS DE LA E.A.A.B.;COOACUEDUCTO;860-021-738-7;Multiactiva con ahorro y credito;BOGOTÁ, D.C.;BOGOTÁ, D.C.;CRA 37#23 A 60;3683100;1;Intermediacion financiera;NIDIA ISABEL CORRECHA RAMIREZ;contabilidad@cooacueducto.coop;1
18;BOGOTÁ D.C.;BOGOTA, D.C.;SI;187809611042;2026-07;SI;2026-07-31;197;07/31/2026 05:00:00 PM;JULIO;2026;COOPERATIVA DE AHORRO Y CREDITO PARA EL BIENESTAR SOCIAL;BENEFICIAR;860-518-350-8;Especializada de ahorro y credito;BOGOTÁ, D.C.;BOGOTÁ, D.C.;CR 7 # 34 22;7490001;1;Intermediacion financiera;JOSE ORLANDO QUECANO GOMEZ;contabilidad@beneficiar.com.co;1
19;BOGOTÁ D.C.;BOGOTA, D.C.;SI;182644528870;2026-07;SI;2026-07-31;36;07/31/2026 05:00:00 PM;JULIO;2026;CENTRAL COOPERATIVA DE SERVICIOS FUNERARIOS;COOPSERFUN;860-516-881-8;Organismo de caracter economico;BOGOTÁ, D.C.;BOGOTÁ, D.C.;CR 15 #97-60;6460000;14;Servicios funerarios;GERARDO MORA NAVAS;vigilanciaycontrol.bogota@losolivos.co;1
20;BOGOTÁ D.C.;BOGOTA, D.C.;SI;182575627292;2026-07;SI;2026-07-31;561;07/31/2026 05:00:00 PM;JULIO;2026;COOPERATIVA DE PROFESORES DE LA U NACIONAL DE COLOMBIA;;860-027-186-9;Multiactiva con ahorro y credito;BOGOTÁ, D.C.;BOGOTÁ, D.C.;CALLE 45? NO. 28-62;7393900;1;Intermediacion financiera;HECTOR RAUL RUIZ VELANDIA;cmolina@cooprofesoresun.coop;1
21;BOGOTÁ D.C.;BOGOTA, D.C.;SI;173460389958;2026-07;SI;2026-07-31;246;07/31/2026 05:00:00 PM;JULIO;2026;COOPERATIVA PARA EL BIENESTAR SOCIAL;COOPEBIS;860-514-823-1;Especializada de ahorro y credito;BOGOTÁ, D.C.;BOGOTÁ, D.C.;CRA 31A 25A 17;3289099;1;Intermediacion financiera;OSCAR JAVIER ZABALETA URREGO;contabilidad@coopebis.coop;1
22;BOGOTÁ D.C.;BOGOTA, D.C.;SI;162594635693;2026-07;SI;2026-07-31;90;07/31/2026 05:00:00 PM;JULIO;2026;COOPERATIVA DE EMPLEADOS DE CAFAM;COOPCAFAM;860-049-363-0;Especializada de ahorro y credito;BOGOTÁ, D.C.;BOGOTÁ, D.C.;AV CRA 30 # 45 A 32;7463080;1;Intermediacion financiera;DIEGO ALEXANDER TRIANA GOMEZ;coopcafam@coopcafam.coop;1
23;BOGOTÁ D.C.;BOGOTA, D.C.;SI;157264074607;2026-07;SI;2026-07-31;1269;07/31/2026 05:00:00 PM;JULIO;2026;COOPERATIVA EMPRESARIAL MULTIACTIVA POPULAR;COEMPOPULAR;860-033-227-7;Multiactiva sin seccion de ahorro;BOGOTÁ, D.C.;BOGOTÁ, D.C.;CALLE 16 6 66;6060444;24;Servicios de credito;EDUARDO PACHECO ZAPATA;coempopular@coempopular.com.co;1
24;BOGOTÁ D.C.;BOGOTA, D.C.;SI;126240157310;2026-07;SI;2026-07-31;5399;07/31/2026 05:00:00 PM;JULIO;2026;COOPERATIVA DE PROFESIONALES SANITAS;CPS;830-113-916-8;Multiactiva sin seccion de ahorro;BOGOTÁ, D.C.;BOGOTÁ, D.C.;CL 125 21A 70 OF 501;6197466;24;Servicios de credito;PAOLA FRANCESCA CAVALLAZZI CRUZ;djsantamaria@colsanitas.com;1
25;BOGOTÁ D.C.;BOGOTA, D.C.;SI;116469444090;2026-07;SI;2026-07-31;13024;07/31/2026 05:00:00 PM;JULIO;2026;COPERATIVA  ESPECIALIZADA DE AHORRO Y CREDITO CANAPRO;COOPCANAPRO;900-460-059-1;Especializada de ahorro y credito;BOGOTÁ, D.C.;BOGOTÁ, D.C.;CARRERA 19 40 45;5189900;1;Intermediacion financiera;LUIS ALONSO VARGAS FLOREZ;info@coopcanapro.coop;1
26;BOGOTÁ D.C.;BOGOTA, D.C.;SI;105153478708;2026-07;SI;2026-07-31;821;07/31/2026 05:00:00 PM;JULIO;2026;COOPERATIVA ALIANZA LTDA;;860-024-575-7;Especializada de ahorro y credito;BOGOTÁ, D.C.;BOGOTÁ, D.C.;CARRERA 12 # 89-28, PISO 6;5886666;1;Intermediacion financiera;JUAN CARLOS BORDA FERNANDEZ;alianza@becoop.coop;1
27;BOGOTÁ D.C.;BOGOTA, D.C.;SI;103509686733;2026-07;SI;2026-07-31;631;07/31/2026 05:00:00 PM;JULIO;2026;CAJA COOPERATIVA CREDICOOP;CREDICOOP;860-013-717-9;Especializada de ahorro y credito;BOGOTÁ, D.C.;BOGOTÁ, D.C.;CL 64 7 39;7958020;1;Intermediacion financiera;ADALBERTO O?ATE CASTRO;gergeneral@credicoop.com.co;1
28;BOGOTÁ D.C.;BOGOTA, D.C.;SI;102044228925;2026-07;SI;2026-07-31;8825;07/31/2026 05:00:00 PM;JULIO;2026;COOPERATIVA DE AHORRO Y CREDITO UNIMOS;UNIMOS;830-143-476-7;Especializada de ahorro y credito;BOGOTÁ, D.C.;BOGOTÁ, D.C.;CR 69 # 47 - 34 BL A P 2;;1;Intermediacion financiera;STILLMAN DE AZA DUARTE;contabilidad@unimos.com.co;1
29;BOGOTÁ D.C.;BOGOTA, D.C.;SI;80016756729;2026-07;SI;2026-07-31;8456;07/31/2026 05:00:00 PM;JULIO;2026;COOPERATIVA MULTIACTIVA MINUTO DE DIOS;COOPERATIVA MINUTO DE DIOS;830-086-712-6;Multiactiva sin seccion de ahorro;BOGOTÁ, D.C.;BOGOTÁ, D.C.;CARRERA 73 A 80-12;3227207;24;Servicios de credito;ASTRID GONZALEZ HADAD;cooperativamd@coopminutodedios.com;1
30;BOGOTÁ D.C.;BOGOTA, D.C.;SI;69621677244;2026-07;SI;2026-07-31;922;07/31/2026 05:00:00 PM;JULIO;2026;COOPERATIVA MULTIACTIVA DE PROFESIONALES SOMEC;SOMEC;860-026-153-1;Multiactiva sin seccion de ahorro;BOGOTÁ, D.C.;BOGOTÁ, D.C.;CRA 8 49 49;;24;Servicios de credito;JOSE ALBERTO OSPINA COBO;contabilidad@somec.coop;1
31;BOGOTÁ D.C.;BOGOTA, D.C.;SI;67919972594;2026-07;SI;2026-07-31;284;07/31/2026 05:00:00 PM;JULIO;2026;COOPERATIVA MULTIACTIVA DE LA AVIACION CIVIL COLOMBIANA;COOPEDAC;860-520-547-8;Multiactiva con ahorro y credito;BOGOTÁ, D.C.;BOGOTÁ, D.C.;AV CALLE 26 # 100 - 45;4139887;1;Intermediacion financiera;JOSE JACINTO PUERTO MARTINEZ;jpuerto@coopedac.com;1
32;BOGOTÁ D.C.;BOGOTA, D.C.;SI;56293286160;2026-07;SI;2026-07-31;929;07/31/2026 05:00:00 PM;JULIO;2026;COOPERATIVA NACIONAL DEL SECTOR DE LAS COMUNICACIONES Y ENTIDADES AFINES Y RELACIONADAS LTDA;COOPMINCOM;860-015-964-0;Especializada sin seccion de ahorro;BOGOTÁ, D.C.;BOGOTÁ, D.C.;AV 19 9 01;3795780;24;Servicios de credito;JOSE ELIAS DAZA MARTINEZ;gerencia@coopmincom.com.co;1
33;BOGOTÁ D.C.;BOGOTA, D.C.;SI;55023478483;2026-07;SI;2026-07-31;980;07/31/2026 05:00:00 PM;JULIO;2026;COOPERATIVA DE PRODUCCION Y TRABAJO VENCEDOR;COOPVENCEDOR;860-522-164-1;Cooperativas de trabajo asociado;BOGOTÁ, D.C.;BOGOTÁ, D.C.;CRA 33 17B 45;3759900;4;Agricola;ALFONSO SARMIENTO AMADO;contabilidad@vencedor.coop;1
34;BOGOTÁ D.C.;BOGOTA, D.C.;SI;53046669475;2026-07;SI;2026-07-31;1093;07/31/2026 05:00:00 PM;JULIO;2026;COOPERATIVA DE TRABAJADORES DE BAVARIA DIRECCION Y VENTAS LTDA;BADIVENCOOP LTDA;800-077-762-7;Multiactiva con ahorro y credito;BOGOTÁ, D.C.;BOGOTÁ, D.C.;CARRERA 37 NO 25A - 70;7427980;1;Intermediacion financiera;JORGE ENRIQUE ACU?A ACEVEDO;contabilidad@badivencoop.coop;1
35;BOGOTÁ D.C.;BOGOTA, D.C.;SI;52154549659;2026-07;SI;2026-07-31;1100;07/31/2026 05:00:00 PM;JULIO;2026;COOINDEGABO;;860-077-746-7;Especializada de ahorro y credito;BOGOTÁ, D.C.;BOGOTÁ, D.C.;CALLE 25G NO 85 B 05;;1;Intermediacion financiera;YANETH CARMENZA BARRERA AMAYA;gerencia.general@cooindegabo.com.co;1
36;BOGOTÁ D.C.;BOGOTA, D.C.;SI;47278207271;2026-07;SI;2026-07-31;11252;07/31/2026 05:00:00 PM;JULIO;2026;COOPERATIVA MULTIACTIVA DE PRODUCCION DISTRIBUCION Y SERVICIOS FARMADISA;FARMADISA;900-120-344-8;Multiactiva sin seccion de ahorro;BOGOTÁ, D.C.;BOGOTÁ, D.C.;CR 12 119 08 OF 305;;12;Consumo (comercio);INIRIDA BAUTISTA LEON;coofarmadisa@gmail.com;1
37;BOGOTÁ D.C.;BOGOTA, D.C.;SI;47060500275;2026-07;SI;2026-07-31;965;07/31/2026 05:00:00 PM;JULIO;2026;COOPERATIVA MULTIACTIVA DEL PERSONAL DEL SENA;COOPSENA;860-014-871-1;Multiactiva sin seccion de ahorro;BOGOTÁ, D.C.;BOGOTÁ, D.C.;CALLE 56 A # 24 11;8051660;99;Otras actividades;EDGAR EDWIN POLANCO BOTELLO;gerencia@coopsena.com.co;1
38;BOGOTÁ D.C.;BOGOTA, D.C.;SI;46177063664;2026-07;SI;2026-07-31;69;07/31/2026 05:00:00 PM;JULIO;2026;COOPERATIVA DE IMPRESORES Y PAPELEROS DE BOGOTA;COIMPESORES BOGOTA;860-047-066-9;Multiactiva sin seccion de ahorro;BOGOTÁ, D.C.;BOGOTÁ, D.C.;CRA 31 22B 15;2088700;99;Otras actividades;JESUS ALFREDO SANCHEZ ROJAS;info@cipb.net;1
39;BOGOTÁ D.C.;BOGOTA, D.C.;SI;46152409904;2026-07;SI;2026-07-31;4729;07/31/2026 05:00:00 PM;JULIO;2026;COOPERATIVA MULTIACTIVA TRANSPORTADORA DE GAS INTERNACIONAL;COOMTGI;804-007-876-3;Multiactiva sin seccion de ahorro;BOGOTÁ, D.C.;BOGOTÁ, D.C.;CRA 7 74B 56;;24;Servicios de credito;JOSE EMETERIO BAEZ BAEZ;contable.coomtgi@tgi.com.co;1
40;BOGOTÁ D.C.;BOGOTA, D.C.;SI;43204664247;2026-07;SI;2026-07-31;11748;07/31/2026 05:00:00 PM;JULIO;2026;COOPERATIVA MULTIACTIVA TALENTUM;COOPTALENTUM;900-224-922-2;Aportes y credito;BOGOTÁ, D.C.;BOGOTÁ, D.C.;CL 4G 66A 08;7425770;24;Servicios de credito;SANTIAGO TARAZONA CORTES;contadorcooptalentum@talentum.coop;1
41;BOGOTÁ D.C.;BOGOTA, D.C.;SI;43036282682;2026-07;SI;2026-07-31;991;07/31/2026 05:00:00 PM;JULIO;2026;COOPERATIVA TEXAS LTDA;COOPETEXAS;860-017-111-4;Especializada de ahorro y credito;BOGOTÁ, D.C.;BOGOTÁ, D.C.;CARRERA 7 B 108 A 89;6127111;1;Intermediacion financiera;MONICA MARIA JIMENEZ ZAPATA;info@coopetexas.com.co;1
42;BOGOTÁ D.C.;BOGOTA, D.C.;SI;42673855561;2025-12;SI;2025-12-31;10319;12/31/2025 05:00:00 PM;DICIEMBRE;2025;COOPERATIVA EPSIFARMA;EPSIFARMA\;900-067-659-6;Especializada sin seccion de ahorro;BOGOTÁ, D.C.;BOGOTÁ, D.C.;AUT NORTE 108 27 TO 3 P 4;;12;Consumo (comercio);SERGIO MAURICIO RODRIGUEZ GONZALEZ;notificacionesliquidacion@epsifarma.com.co;1
43;BOGOTÁ D.C.;BOGOTA, D.C.;SI;40725550312;2026-07;SI;2026-07-31;330;07/31/2026 05:00:00 PM;JULIO;2026;COOPERATIVA DE EMPLEADOS DE DOW COLOMBIA;CODECOL;860-068-522-6;Especializada de ahorro y credito;BOGOTÁ, D.C.;BOGOTÁ, D.C.;CL 127 A 53 A 45 TO 3 P 7;6345390;1;Intermediacion financiera;JULIO CESAR SALGADO MALDONADO;jsalgado@codecol.com.co;1
44;BOGOTÁ D.C.;BOGOTA, D.C.;SI;36743939669;2026-07;SI;2026-07-31;403;07/31/2026 05:00:00 PM;JULIO;2026;COOPERATIVA DE TRABAJO ASOCIADO DE PRODUCCION COMERCIALIZACION Y SERV;FARMACOOP;830-010-878-3;Multiactiva sin seccion de ahorro;BOGOTÁ, D.C.;BOGOTÁ, D.C.;AVENIDA CALLE 26 68C61 OF 510;4272984;20;Inmobiliarias y de alquiler;FREDDY HERNANDEZ COLLAZOS;farmacoop.contable@gmail.com;1
45;BOYACÁ;CHIQUINQUIRA;SI;34200848390;2026-07;SI;2026-07-31;2434;07/31/2026 05:00:00 PM;JULIO;2026;COOPERATIVA DE COMERCIANTES COMERCIACOOP;COMERCIACOOP;820-000-753-2;Especializada de ahorro y credito;BOYACÁ;CHIQUINQUIRÁ;CRA 9 16 -35;;1;Intermediacion financiera;JESUS MARIA MEDINA DURAN;notificaciones@comerciacoop.coop;1
46;BOGOTÁ D.C.;BOGOTA, D.C.;SI;34045335740;2026-07;SI;2026-07-31;970;07/31/2026 05:00:00 PM;JULIO;2026;COOPERATIVA DE AHORRO Y CREDITO UNIVERSIDAD SANTO TOMAS;USTACOOP LTDA.;860-045-172-2;Especializada de ahorro y credito;BOGOTÁ, D.C.;BOGOTÁ, D.C.;CL 52 7 64;;1;Intermediacion financiera;JOSE LUIS MOLINA DURAN;contabilidad@ustacoop.com;1
47;BOGOTÁ D.C.;BOGOTA, D.C.;SI;33901326171;2026-07;SI;2026-07-31;812;07/31/2026 05:00:00 PM;JULIO;2026;COOPERATIVA DE TRAB. Y PENS. DE ESTAB. Y EMP. DEL MIN. DE AGRICULTURA;COPERAGRO E.C.;860-028-966-1;Multiactiva sin seccion de ahorro;BOGOTÁ, D.C.;BOGOTÁ, D.C.;CALLE 97 NO 51-29;;24;Servicios de credito;HELDA USTARIZ USTARIZ;info@coperagro.coop;1
48;BOGOTÁ D.C.;BOGOTA, D.C.;SI;32370427952;2025-12;SI;2025-12-31;915;12/31/2025 05:00:00 PM;DICIEMBRE;2025;SUMA SOCIEDAD COOPERATIVA LTDA;SUMA;800-242-531-1;Multiactiva sin seccion de ahorro;BOGOTÁ, D.C.;BOGOTÁ, D.C.;CARRERA 7 N. 72A -28;;99;Otras actividades;FABIOLA PASTOR PE??UELA;manuel.mateus@sumacooperativa.com;1
49;BOGOTÁ D.C.;BOGOTA, D.C.;SI;29864486860;2026-06;SI;2026-06-30;390;06/30/2026 05:00:00 PM;JUNIO;2026;COOPERATIVA DE TRABAJADORES UNIDOS EL BOSQUE;COOUNIBOSQUE;830-029-963-5;Aportes y credito;BOGOTÁ, D.C.;BOGOTÁ, D.C.;AV. CRA 9 NRO. 127C OFICINA 602;8051230;1;Intermediacion financiera;TERESITA DE JESUS GOMEZ URREA;gerente@coounibosque.com;2
50;BOGOTÁ D.C.;BOGOTA, D.C.;SI;28659827315;2026-06;SI;2026-06-30;563;06/30/2026 05:00:00 PM;JUNIO;2026;COOPERATIVA DE EMPLEADOS Y EX EMPLEADOS DE CITIBANK COLOMBIA;CREDICITI;860-047-269-7;Especializada sin seccion de ahorro;BOGOTÁ, D.C.;BOGOTÁ, D.C.;AV 68 75A 50 OFIESPACIOS 322;7456909;99;Otras actividades;MARIA YANETH ROMERO PEREZ;infocontable@cbc.coop;2
51;BOGOTÁ D.C.;BOGOTA, D.C.;SI;28389012546;2026-06;SI;2026-06-30;933;06/30/2026 05:00:00 PM;JUNIO;2026;COOPERATIVA DE CREDITO CORVINDE;CORVINDE;860-028-576-2;Especializada sin seccion de ahorro;BOGOTÁ, D.C.;BOGOTÁ, D.C.;CALLE 39 B 19 10;7446464;24;Servicios de credito;WILSON LIBARDO CRIOLLO RUIZ;contabilidad@corvinde.com.co;2
52;BOGOTÁ D.C.;BOGOTA, D.C.;SI;25313170040;2026-07;SI;2026-07-31;752;07/31/2026 05:00:00 PM;JULIO;2026;FINANCIERA COOPERATIVA COLOMBIANA DE INGENIEROS;FINANCIAR;860-014-456-6;Especializada de ahorro y credito;BOGOTÁ, D.C.;BOGOTÁ, D.C.;CLL 34 17 37;7422337;1;Intermediacion financiera;VICTOR HENRY KUHN NARANJO;contabilidad@financiar.com.co;1
53;BOGOTÁ D.C.;BOGOTA, D.C.;SI;22940395257;2026-07;SI;2026-07-31;715;07/31/2026 05:00:00 PM;JULIO;2026;COOPERATIVA DE AHORRO Y CREDITO DE SURAMERICA;COOPSURAMERICA;860-006-756-7;Especializada de ahorro y credito;BOGOTÁ, D.C.;BOGOTÁ, D.C.;CARRERA 11 - 68 -12;6018770;1;Intermediacion financiera;MARTHA PATRICIA MARIN CAJAMARCA;info@coospuramerica.copm;1
54;BOGOTÁ D.C.;BOGOTA, D.C.;SI;22574473727;2026-06;SI;2026-06-30;2821;06/30/2026 05:00:00 PM;JUNIO;2026;COOPERATIVA DE APORTE Y CREDITO DEL SECTOR PETROLERO;PETROCOOP;860-036-073-3;Especializada sin seccion de ahorro;BOGOTÁ, D.C.;BOGOTÁ, D.C.;CR 7 112 28 OFICINA 302;6018016980;24;Servicios de credito;GIOVANNI EDUARDO BRICE?O ROSAS;gerencia.petrocoop@gmail.com;2
55;BOGOTÁ D.C.;BOGOTA, D.C.;SI;22561395076;2026-06;SI;2026-06-30;274;06/30/2026 05:00:00 PM;JUNIO;2026;COOPERATIVA DE SERVIDORES PUBLICOS;COOMINOBRAS;860-013-472-1;Multiactiva sin seccion de ahorro;BOGOTÁ, D.C.;BOGOTÁ, D.C.;CALLE 44 57 28;3158555;99;Otras actividades;JOSE ELIAS BONILLA YUNDA;gerente@coominobras.coop;2
56;BOGOTÁ D.C.;BOGOTA, D.C.;SI;22358844685;2026-06;SI;2026-06-30;429;06/30/2026 05:00:00 PM;JUNIO;2026;COOPERATIVA ESPECIALIZADA EN APORTE Y CREDITO DE COLOMBIA;COLOMBIACOOP;860-021-787-8;Aportes y credito;BOGOTÁ, D.C.;BOGOTÁ, D.C.;CRA 17 35 11;;24;Servicios de credito;ANA LEONOR RUIZ SACRISTAN;contabilidad@colombiacoop.com;2
57;BOGOTÁ D.C.;BOGOTA, D.C.;SI;22341877948;2026-06;SI;2026-06-30;745;06/30/2026 05:00:00 PM;JUNIO;2026;COOPERATIVA MULTIACTIVA DE LOS SERVIDORES Y PENSIONADOS DE LA SALUD;COOPDISALUD LTDA;830-016-184-8;Aportes y credito;BOGOTÁ, D.C.;BOGOTÁ, D.C.;CLL 25 32 67;2415911;24;Servicios de credito;CARMEN JULIO SANDOVAL ANGARITA;contabilidad@coopdisalud.com;2
58;BOGOTÁ D.C.;BOGOTA, D.C.;SI;21389314239;2026-07;SI;2026-07-31;4292;07/31/2026 05:00:00 PM;JULIO;2026;COOPENTEL;COOPENTEL;800-069-709-2;Multiactiva sin seccion de ahorro;BOGOTÁ, D.C.;BOGOTÁ, D.C.;CRA 15 119 52;;24;Servicios de credito;CARLOS JULIO PE?ARANDA AMAYA;gerencia@coopentel.com;1
59;BOGOTÁ D.C.;BOGOTA, D.C.;SI;20625221271;2026-06;SI;2026-06-30;194;06/30/2026 05:00:00 PM;JUNIO;2026;COOPERATIVA DE DESARROLLO EMPRESARIAL;DEMCOOP;860-533-380-1;Especializada sin seccion de ahorro;BOGOTÁ, D.C.;BOGOTÁ, D.C.;AK 30 26 75 LO4;6012446500;;;MANUEL RICARDO RODRIGUEZ BENAVIDES;direccionfinanciera@demcoop.com;2
60;BOGOTÁ D.C.;BOGOTA, D.C.;SI;20104090074;2026-07;SI;2026-07-31;256;07/31/2026 05:00:00 PM;JULIO;2026;COOPERATIVA DE COSMETICOS Y POPULARES;COSMEPOP;800-251-322-5;Multiactiva sin seccion de ahorro;BOGOTÁ, D.C.;BOGOTÁ, D.C.;AVENIDA CALLE 26 68C 61 OF 510;4272984;20;Inmobiliarias y de alquiler;FREDDY HERNANDEZ COLLAZOS;cosmepop.contable@gmail.com;1
61;BOYACÁ;TIBASOSA;SI;19697392428;2026-06;SI;2026-06-30;7832;06/30/2026 05:00:00 PM;JUNIO;2026;COOPERATIVA MULTIACTIVA DE COMERCIANTES Y PRODUCTORES AGRICOLAS DEL ORIENTE COLOMBIANO;COOMPRORIENTE;826-001-707-1;Multiactiva sin seccion de ahorro;BOYACÁ;TIBASOSA;KM 0 VIA SOGAMOSO TIBASOSA;;99;Otras actividades;ALFREDO DIAZ GOMEZ;coomproriente@hotmail.com;2
62;BOGOTÁ D.C.;BOGOTA, D.C.;SI;19490000622;2026-07;SI;2026-07-31;424;07/31/2026 05:00:00 PM;JULIO;2026;COOPERATIVA AVP LTDA.;COOPERATIVA AVP;800-061-988-4;Especializada de ahorro y credito;BOGOTÁ, D.C.;BOGOTÁ, D.C.;CALLE 139 103 F 89 LOCAL 1 TORRES DE SUBA;6352925;1;Intermediacion financiera;NOHORA ELISA GUEVARA ALDANA;coopavp@outlook.com;1
63;BOYACÁ;DUITAMA;SI;19302175285;2026-07;SI;2026-07-31;2337;07/31/2026 05:00:00 PM;JULIO;2026;ORGANIZACION COOPERATIVA DE AHORRO Y CREDITO NORTE DE BOYACA;NORBOY;891-855-103-2;Especializada de ahorro y credito;BOYACÁ;DUITAMA;CR 15 14 20;7603622;1;Intermediacion financiera;SANDRA LILIANA SANCHEZ MALPICA;cojtabilidad@norboy.com.co;1
64;BOGOTÁ D.C.;BOGOTA, D.C.;SI;18432472891;2026-06;SI;2026-06-30;598;06/30/2026 05:00:00 PM;JUNIO;2026;COOPERATIVA DE TRABAJADORES DE LA DIRECCION DE IMPUESTOS Y ADUANAS NACIONALES;COOTRADIAN;860-015-708-1;Multiactiva sin seccion de ahorro;BOGOTÁ, D.C.;BOGOTÁ, D.C.;CL 12 # 7 32 OF 906;;24;Servicios de credito;LUIS ANTONIO ROJAS NIEVES;gerencia@cootradian.co;2
65;BOGOTÁ D.C.;BOGOTA, D.C.;SI;18012150151;2026-06;SI;2026-06-30;9776;06/30/2026 05:00:00 PM;JUNIO;2026;COOPERATIVA MULTIACTIVA MACROMEDCOOP;MACROMEDCOOP;900-024-617-2;Multiactiva sin seccion de ahorro;BOGOTÁ, D.C.;BOGOTÁ, D.C.;CR 56 5C 38;;22;Salud;BERNARDO PACHECO MALDONADO;contabilidad@grupomacromedips.com.co;2
66;BOGOTÁ D.C.;BOGOTA, D.C.;SI;17147475511;2026-06;SI;2026-06-30;405;06/30/2026 05:00:00 PM;JUNIO;2026;COOPERATIVA NACIONAL MULTIACTIVA GRUPO ASOCIATIVO COONALTRAGAS;COONALTRAGAS;860-007-339-3;Multiactiva sin seccion de ahorro;BOGOTÁ, D.C.;BOGOTÁ, D.C.;CRA 58 5 C 25;4462466;99;Otras actividades;LIDIA SASDIE CUBILLOS VILLARREAL;gerencia@coonaltragas.com;2
67;BOGOTÁ D.C.;BOGOTA, D.C.;SI;16621210543;2026-06;SI;2026-06-30;282;06/30/2026 05:00:00 PM;JUNIO;2026;COOPERATIVA MULTIACTIVA DE MILITARES EN RETIRO LTDA.;COOMILITAR LTDA.;860-008-934-0;Multiactiva sin seccion de ahorro;BOGOTÁ, D.C.;BOGOTÁ, D.C.;CRA 10 # 19 - 65 EDIFICIO CAMACOL PISO 3;;24;Servicios de credito;RODRIGO LOPEZ BRAVO;gerencia@coomilitarltda.com;2
68;BOGOTÁ D.C.;BOGOTA, D.C.;SI;16427551438;2026-06;SI;2026-06-30;699;06/30/2026 05:00:00 PM;JUNIO;2026;COOPERATIVA MULTIACTIVA DE SERVICIOS COMPLEMENTARIOS LAS QUINTAS;COOPCREDIQUINTAS;860-021-917-9;Aportes y credito;BOGOTÁ, D.C.;BOGOTÁ, D.C.;CL 67 9 20;2481538;99;Otras actividades;ANA LUCIA CARO SANDOVAL;gerencia@crediquintas.com.co;2
69;BOGOTÁ D.C.;BOGOTA, D.C.;SI;15667986258;2026-06;SI;2026-06-30;15166;06/30/2026 05:00:00 PM;JUNIO;2026;COOPERATIVA SU PRESENCIA;CELSP;900-850-645-1;Aportes y credito;BOGOTÁ, D.C.;BOGOTÁ, D.C.;CRA 49 94 39;7460101;24;Servicios de credito;JUAN PABLO LANDINEZ PIRA;music@supresencia.com;2
70;BOGOTÁ D.C.;BOGOTA, D.C.;SI;15498305033;2026-06;SI;2026-06-30;21;06/30/2026 05:00:00 PM;JUNIO;2026;COOPERATIVA NACIONAL DE BIENESTAR FAMILIAR;COOPICBF;860-044-534-0;Multiactiva sin seccion de ahorro;BOGOTÁ, D.C.;BOGOTÁ, D.C.;AC 53 59 15;6013004;24;Servicios de credito;LEONOR DEL SOCORRO CARVAJALINO CASTRO;contabilidad@coopicbf.com;2
71;BOGOTÁ D.C.;BOGOTA, D.C.;SI;15482739067;2026-07;SI;2026-07-31;974;07/31/2026 05:00:00 PM;JULIO;2026;ORGANISMO COOPERATIVO MICROEMPRESARAL DE COLOMBIA;EMPRENDER;800-114-798-0;Aportes y credito;BOGOTÁ, D.C.;BOGOTÁ, D.C.;CL 106 48 05;;1;Intermediacion financiera;YULY ASTRID ARDILA CAMACHO;henry.lopez@emprender.com.co;1
72;BOGOTÁ D.C.;BOGOTA, D.C.;SI;14705865855;2026-06;SI;2026-06-30;552;06/30/2026 05:00:00 PM;JUNIO;2026;COOPERATIVA DEL MAGISTERIO DE CUNDINAMARCA;COOMAGISCUN;860-009-949-5;Multiactiva sin seccion de ahorro;BOGOTÁ, D.C.;BOGOTÁ, D.C.;CR 5 16 14 OF 708;3001210;99;Otras actividades;RAFAEL ANTONIO MESA PULIDO;info@coomagiscun.coop;2
73;BOGOTÁ D.C.;BOGOTA, D.C.;SI;14559021444;2026-06;SI;2026-06-30;252;06/30/2026 05:00:00 PM;JUNIO;2026;COOPMSD;COOPMSD;860-016-832-1;Aportes y credito;BOGOTÁ, D.C.;BOGOTÁ, D.C.;CL 127 A 53A 45 T3 PI 8;;24;Servicios de credito;MILENA SUAREZ DOMINGUEZ;milena.suarez@coopmsd.com.co;2
74;BOGOTÁ D.C.;BOGOTA, D.C.;SI;14497228251;2026-06;SI;2026-06-30;218;06/30/2026 05:00:00 PM;JUNIO;2026;COOPERATIVA MULTIACTIVA DE LA UNIVERSIDAD NACIONAL ABIERTA Y DISTANCIA;UNADCOOP;860-526-545-0;Multiactiva sin seccion de ahorro;BOGOTÁ, D.C.;BOGOTÁ, D.C.;AV CRA 30 # 1D -25;;99;Otras actividades;CARLOS JARAMILLO CORREA;unadcoop@unad.edu.co;2
75;BOGOTÁ D.C.;BOGOTA, D.C.;SI;14454184245;2026-06;SI;2026-06-30;6202;06/30/2026 05:00:00 PM;JUNIO;2026;COOPERATIVA DE LOS SERVIDORES DE LA FISCALIA GENERAL DE LA NACION;COOPFISCALIA;830-056-173-8;Aportes y credito;BOGOTÁ, D.C.;BOGOTÁ, D.C.;CL 17 10 16 OFF 505;4820051;24;Servicios de credito;JUAN CARLOS ALVAREZ MANTILLA;gerencia@coopfiscalia.com;2
76;BOGOTÁ D.C.;BOGOTA, D.C.;SI;13722911779;2026-07;SI;2026-07-31;10300;07/31/2026 05:00:00 PM;JULIO;2026;COOPERATIVA DE AHORRO Y CREDITO FINANCIAFONDOS;FINANCIAFONDOS;900-087-473-9;Especializada de ahorro y credito;BOGOTÁ, D.C.;BOGOTÁ, D.C.;CRA 15  98  42;;1;Intermediacion financiera;ADRIANA PENA SALGADO;contabilidad@financiafondos.org.co;1
77;BOGOTÁ D.C.;BOGOTA, D.C.;SI;13487800845;2026-06;SI;2026-06-30;3835;06/30/2026 05:00:00 PM;JUNIO;2026;COOP. EMPLEADOS DE LATINOAMERICANA DE SEGUROS LTDA.;LATINCOOP;860-020-523-6;Multiactiva sin seccion de ahorro;BOGOTÁ, D.C.;BOGOTÁ, D.C.;CLL 73 NO. 11 - 12;;99;Otras actividades;EDWIN HERNANDEZ MURILLO;gerencia@latincoop.com;2
78;BOGOTÁ D.C.;BOGOTA, D.C.;SI;13283641700;2026-07;SI;2026-07-31;93;07/31/2026 05:00:00 PM;JULIO;2026;COOPERATIVA DE  TRABAJADORES DE LA INDUSTRIA MILITAR;COOPINDUMIL;860-029-552-0;Multiactiva con ahorro y credito;BOGOTÁ, D.C.;BOGOTÁ, D.C.;CRA 6 12C 48;;1;Intermediacion financiera;GLORIA EMILCE GARCIA;info@coopindumil.com.co;1
79;BOGOTÁ D.C.;BOGOTA, D.C.;SI;13234790695;2026-06;SI;2026-06-30;15973;06/30/2026 05:00:00 PM;JUNIO;2026;NUEVA ENTIDAD;INTERMAP;800-094-451-3;Multiactiva sin seccion de ahorro;BOGOTÁ, D.C.;BOGOTÁ, D.C.;CALLE 98 # 70 91;;;;;gerencia@intermap.co;2
80;BOGOTÁ D.C.;BOGOTA, D.C.;SI;13117843976;2026-06;SI;2026-06-30;572;06/30/2026 05:00:00 PM;JUNIO;2026;COOPERATIVA INTEGRAL ANDINA;COOPSERVIANDINA;800-130-007-0;Multiactiva sin seccion de ahorro;BOGOTÁ, D.C.;BOGOTÁ, D.C.;AVENIDA JIMENEZ NO 9 - 43 OFI 202;9156992;99;Otras actividades;JESUS ROLDAN GONZALEZ;financiero@coopserviandina.com;2
81;BOGOTÁ D.C.;BOGOTA, D.C.;SI;13032220937;2026-07;SI;2026-07-31;365;07/31/2026 05:00:00 PM;JULIO;2026;COOPERATIVA DE TRABAJADORES DE LA CASA EDITORIAL EL TIEMPO S.A. LTDA;COOTRATIEMPO;860-014-327-4;Multiactiva sin seccion de ahorro;BOGOTÁ, D.C.;BOGOTÁ, D.C.;CALLE 35 14-12;;24;Servicios de credito;WILLIAM ENRIQUE CIFUENTES MARTINEZ;contabilidad@cootratiempo.com.co;1
82;BOGOTÁ D.C.;BOGOTA, D.C.;SI;12774674945;2026-06;SI;2026-06-30;359;06/30/2026 05:00:00 PM;JUNIO;2026;EMPRESA AGROINDUSTRIAL COOPERATIVA;EMPRESAGRO;800-207-237-0;Otras organizaciones;BOGOTÁ, D.C.;BOGOTÁ, D.C.;CALLE 145 A 21-94;5892548;4;Agricola;CARLOS ALBERTO MUNERA CORREA;contabilidad@empresagro.com.co;2
83;BOYACÁ;TUNJA;SI;11895960500;2026-06;SI;2026-06-30;15476;06/30/2026 05:00:00 PM;JUNIO;2026;INSTITUCION AUXILIAR COOPERATIVA DE LOS SERVICIOS DE COEDUCADORES BOYACA;IASCEBOY;900-970-200-2;Instituciones auxiliares especializadas;BOYACÁ;TUNJA;CRA 9 17 59;;17;Hoteles, restaurantes, bares y similares;;centrorecreacional@coeducadores.coop;2
84;BOGOTÁ D.C.;BOGOTA, D.C.;SI;11661694747;2026-06;SI;2026-06-30;413;06/30/2026 05:00:00 PM;JUNIO;2026;COOPERATIVA DE EMPLEADOS DE LOS SECTORES TRABAJO,SALUD Y PROTECCION SOCIAL LTDA;COOPMINPROSOC;860-047-889-3;Especializada sin seccion de ahorro;BOGOTÁ, D.C.;BOGOTÁ, D.C.;DG 40 14 - 10;2322096;99;Otras actividades;YOHANNA ANDREA BUITRAGO CORTES;contabilidad@coopminprosoc.com;2
85;BOGOTÁ D.C.;BOGOTA, D.C.;SI;11661320571;2026-06;SI;2026-06-30;640;06/30/2026 05:00:00 PM;JUNIO;2026;COOPERATIVA NACIONAL DE EMPLEADOS DEL SECTOR JUSTICIA Y RAMA JUDICIAL;COONALEMJUSTICIA;860-404-516-3;Aportes y credito;BOGOTÁ, D.C.;BOGOTÁ, D.C.;CALLE 17 5 21 OFICINA 402;3112769453;24;Servicios de credito;PABLO GAMA DOZA;contabilidad@coonalemjusticia.com;2
86;BOGOTÁ D.C.;BOGOTA, D.C.;SI;11586846877;2026-06;SI;2026-06-30;570;06/30/2026 05:00:00 PM;JUNIO;2026;COOPERATIVA DE SUBOFICIALES NAVALES;COOSONAV;860-014-987-5;Multiactiva sin seccion de ahorro;BOGOTÁ, D.C.;BOGOTÁ, D.C.;CALLE 39 BIS 29 87;;99;Otras actividades;ADAN CASTILLO HERNANDEZ;gerencia@coosonav.com;2
87;BOGOTÁ D.C.;BOGOTA, D.C.;SI;11354478225;2026-06;SI;2026-06-30;9661;06/30/2026 05:00:00 PM;JUNIO;2026;COOPERATIVA AMIGOS DE LA PAJARERA;COOAPA;900-010-502-3;Instituciones auxiliares especializadas;BOGOTÁ, D.C.;BOGOTÁ, D.C.;AV JIMENEZ 11 28 OF 612 613;;99;Otras actividades;ALVARO DE JESUS SALAZAR GIRALDO;cooapa@yahoo.com;2
88;BOGOTÁ D.C.;BOGOTA, D.C.;SI;11075887126;2026-06;SI;2026-06-30;827;06/30/2026 05:00:00 PM;JUNIO;2026;COOPERATIVA DE TRABAJADORES DE LA BENEFICENCIA DE CUNDINAMARCA;COOPBENECUN;860-014-825-0;Multiactiva sin seccion de ahorro;BOGOTÁ, D.C.;BOGOTÁ, D.C.;DIAGONAL 35 BIS 19 38;3204365;24;Servicios de credito;YENNY LILIANA VELASQUEZ VARGAS;contabilidad@coopbenecun.com.co;2
89;BOGOTÁ D.C.;BOGOTA, D.C.;SI;11056060757;2026-06;SI;2026-06-30;11218;06/30/2026 05:00:00 PM;JUNIO;2026;COOPERATIVA COOPERAEL;COOPERAEL;900-074-186-3;Aportes y credito;BOGOTÁ, D.C.;BOGOTÁ, D.C.;CALLE 3 NO 72A-36  AMERICAS OCCIDENTAL;2736788;99;Otras actividades;EYBAR SORAYA CARVAJAL GONZALEZ;contabilidad@cooperael.com;2
90;BOGOTÁ D.C.;BOGOTA, D.C.;SI;11048792166;2026-06;SI;2026-06-30;438;06/30/2026 05:00:00 PM;JUNIO;2026;COOPERATIVA MULTIACTIVA DE ALMACENESUNIDOS SANADRESITO;COOMAUNIDOS;860-501-799-6;Aportes y credito;BOGOTÁ, D.C.;BOGOTÁ, D.C.;CALLE 14 #20 29 OF 301;6012371802;24;Servicios de credito;LUIS EDUARDO SOTELO TRIVI?O;cooperativa.coomaunidos@hotmail.com;2
91;BOGOTÁ D.C.;BOGOTA, D.C.;SI;10943751734;2026-06;SI;2026-06-30;1249;06/30/2026 05:00:00 PM;JUNIO;2026;COOPERATIVA DE EMPLEADOS DEL BANCO CENTRAL HIPOTECARIO LTDA;COOPBCH;860-529-212-7;Multiactiva sin seccion de ahorro;BOGOTÁ, D.C.;BOGOTÁ, D.C.;CRA 5 16 14 OF 802;7441253;99;Otras actividades;JUAN CORZO CARDENAS;contador@coopbch.com;2
92;BOYACÁ;SAMACA;SI;10917767467;2026-06;SI;2026-06-30;2401;06/30/2026 05:00:00 PM;JUNIO;2026;COOPERATIVA BOYACENSE DE PRODUCTORES DE CARBON DE SAMACA LTDA;COOPROCARBON;891-800-437-0;Especializada sin seccion de ahorro;BOYACÁ;SAMACÁ;VDA PATAGUY SC BAJO VILLA OLIMPICA;;99;Otras actividades;CARLOS ENRIQUE SIERRA;cooprocarbon@gmail.com;2
93;BOGOTÁ D.C.;BOGOTA, D.C.;SI;10897473144;2026-06;SI;2026-06-30;843;06/30/2026 05:00:00 PM;JUNIO;2026;COOPERATIVA MULTIACTIVA DE EMPLEADOS DEL MINIST.RELAC.EXTERIOR;COOPMINEXTERIORES LTDA;860-022-294-3;Aportes y credito;BOGOTÁ, D.C.;BOGOTÁ, D.C.;CR 6 9 46 OF LM 105;3904104;24;Servicios de credito;INGRID KATHERINE SALAMANCA ARIAS;coopminexteriores@coopminexteriores.com;2
94;BOGOTÁ D.C.;BOGOTA, D.C.;SI;10664427243;2026-06;SI;2026-06-30;376;06/30/2026 05:00:00 PM;JUNIO;2026;SOCIEDAD COOPERATIVA DE EDUCACION;COEDUCAR;860-026-692-1;Especializada sin seccion de ahorro;BOGOTÁ, D.C.;BOGOTÁ, D.C.;DG 47A SUR 53 53 46;;9;Educacion;ALIRIO BUSTOS CRUZ;gerencia@coeducar.org.co;2
95;BOGOTÁ D.C.;BOGOTA, D.C.;SI;10475035259;2026-06;SI;2026-06-30;9300;06/30/2026 05:00:00 PM;JUNIO;2026;COOPERATIVA INVERSIONES Y PLANES DE LA PAZ LTDA.;COOINPAZ LTDA;816-004-746-4;Integral sin seccion de ahorro;BOGOTÁ, D.C.;BOGOTÁ, D.C.;CALLE 19 5 20 OF 1705-1706;2347120;99;Otras actividades;JAIME ORDO?EZ VILLALOBOS;cjinegocios@hotmail.com;2
96;BOGOTÁ D.C.;BOGOTA, D.C.;SI;10331669192;2025-12;SI;2025-12-31;975;12/31/2025 05:00:00 PM;DICIEMBRE;2025;COOPERATIVA DE TRABAJADORES DE AVIANCA;COOPAVA;860-013-683-7;Multiactiva sin seccion de ahorro;BOGOTÁ, D.C.;BOGOTÁ, D.C.;CALLE 19 4 74;2873215;99;Otras actividades;GABRIEL A FRANCO ESPINOSA;contabilidad@coopava.com.co;1
97;BOGOTÁ D.C.;BOGOTA, D.C.;SI;10196276263;2026-06;SI;2026-06-30;3805;06/30/2026 05:00:00 PM;JUNIO;2026;COOPERATIVA DE FUNCIONARIOS Y EMPLEADOS DEL CONSEJO DE ESTADO;COOFECE;800-111-492-9;Multiactiva sin seccion de ahorro;BOGOTÁ, D.C.;BOGOTÁ, D.C.;KR 8 11 39 OF 604;9172138;24;Servicios de credito;LUIS FRANCISCO CAMARGO GONZALEZ;coofece@hotmail.com;2
98;BOGOTÁ D.C.;BOGOTA, D.C.;SI;10139939567;2026-06;SI;2026-06-30;6002;06/30/2026 05:00:00 PM;JUNIO;2026;COOPERATIVA COLOMBIANA DE CREDITO Y SERVICIOS;CREDISCOL;830-059-399-9;Multiactiva sin seccion de ahorro;BOGOTÁ, D.C.;BOGOTÁ, D.C.;AVENIDA JIMENEZ 8A 77;2434313;24;Servicios de credito;PEDRO JULIO FORERO GAVIRIA;informacion@crediscol.com;2
99;BOGOTÁ D.C.;BOGOTA, D.C.;SI;10139389217;2026-06;SI;2026-06-30;189;06/30/2026 05:00:00 PM;JUNIO;2026;COOPERATIVA DE TRABAJADORES DE ERICSSON DE COLOMBIA LTDA;COOERICSSON;860-030-056-0;Especializada sin seccion de ahorro;BOGOTÁ, D.C.;BOGOTÁ, D.C.;CRA 12 96 81 OF 204;6914637;24;Servicios de credito;JAIRO ALFREDO ESPINOSA ACOSTA;gerente@cooericsson.net;2
100;BOYACÁ;TUNJA;SI;10021890587;2026-06;SI;2026-06-30;2326;06/30/2026 05:00:00 PM;JUNIO;2026;ORGANIZACION COOPERATIVA COOPTEBOY O.C.;COOPTEBOY O.C.;891-800-881-8;Multiactiva sin seccion de ahorro;BOYACÁ;TUNJA;CALLE 17 10-26;;24;Servicios de credito;SEGUNDO ROMAN GALEANO AMAYA;coopteboy@gmail.com;2
101;BOGOTÁ D.C.;BOGOTA, D.C.;SI;9926249006;2026-06;SI;2026-06-30;876;06/30/2026 05:00:00 PM;JUNIO;2026;COOPERATIVA DE TRABAJADORES DE LA CASA EDITORIAL EL TIEMPO;COTIEMPO;860-046-668-8;Multiactiva sin seccion de ahorro;BOGOTÁ, D.C.;BOGOTÁ, D.C.;CRA 72B 52B 18;2637275;24;Servicios de credito;MARTIN FERNANDO MURILLO ROJAS;mmurillo@cotiempo.com;2
102;BOGOTÁ D.C.;BOGOTA, D.C.;SI;9339396263;2026-06;SI;2026-06-30;408;06/30/2026 05:00:00 PM;JUNIO;2026;COOPERATIVA DEL COMERCIO EXTERIOR COLOMBIANO LTDA;COEXCO;860-023-108-6;Multiactiva sin seccion de ahorro;BOGOTÁ, D.C.;BOGOTÁ, D.C.;CRA 13 28 01 PISO 5;3015850747;99;Otras actividades;JORGE RUIZ MARTINEZ;coexco@mincit.gov.co;2
103;BOGOTÁ D.C.;BOGOTA, D.C.;SI;9259016196;2026-06;SI;2026-06-30;955;06/30/2026 05:00:00 PM;JUNIO;2026;COOPERATIVA DE EMPLEADOS DE HENKEL COLOMBIANA S A;COLABORARCOOP;860-013-467-2;Aportes y credito;BOGOTÁ, D.C.;BOGOTÁ, D.C.;CRA 78 17 57 OFC 503;;24;Servicios de credito;FRANCY MENJURA RAMIREZ;contabilidad@colaborar.org.co;2
104;BOGOTÁ D.C.;BOGOTA, D.C.;SI;9156522829;2026-06;SI;2026-06-30;869;06/30/2026 05:00:00 PM;JUNIO;2026;COOPERATIVA MULTIACTIVA DE DESARROLLO SOCIAL Y ECONOMICO;COOPCIDES;860-065-534-0;Multiactiva sin seccion de ahorro;BOGOTÁ, D.C.;BOGOTÁ, D.C.;AV CARACAS 47 57;2879718;1;Intermediacion financiera;ISIDRO PUERTO AGUDELO;info@coopcides.com.co;2
105;BOGOTÁ D.C.;BOGOTA, D.C.;SI;8308546096;2026-06;SI;2026-06-30;5869;06/30/2026 05:00:00 PM;JUNIO;2026;TRAVEL GROUP ENTIDAD COOPERATIVA;TRAVEL GROUP;830-128-428-0;Multiactiva sin seccion de ahorro;BOGOTÁ, D.C.;BOGOTÁ, D.C.;CR 16 A 79 48 OF 502;4796195;99;Otras actividades;CARMEN SOFIA ZARATE RODRIGUEZ;contabilidad@travelgroup.travel;2
106;BOGOTÁ D.C.;BOGOTA, D.C.;SI;7933290291;2026-06;SI;2026-06-30;196;06/30/2026 05:00:00 PM;JUNIO;2026;SOMOS ORGANISMO COOPERATIVO;SOMOS;860-521-827-1;Multiactiva sin seccion de ahorro;BOGOTÁ, D.C.;BOGOTÁ, D.C.;AK 45 100 34 OF 301 AUT NORTE;7434149;99;Otras actividades;CANDELARIA MAZA DE HERNANDEZ;contador@somoscooperativa.com.co;2
107;BOGOTÁ D.C.;BOGOTA, D.C.;SI;7834348153;2026-06;SI;2026-06-30;10191;06/30/2026 05:00:00 PM;JUNIO;2026;COOPERATIVA DE PRODUCTOS AGROPECUARIOS LIMITADA;COOPROAGRO;804-016-613-1;Multiactiva sin seccion de ahorro;BOGOTÁ, D.C.;BOGOTÁ, D.C.;DG 16B 110 55 LC 1 FONTIBON;;4;Agricola;LEYDI YADIRA NU?EZ BARRAGAN;cooproagro@yahoo.com;2
108;BOGOTÁ D.C.;BOGOTA, D.C.;SI;7824643676;2026-06;SI;2026-06-30;7838;06/30/2026 05:00:00 PM;JUNIO;2026;COOPERATIVA DE EMPLEADOS DE LA ORDEN HOSPITALARIA DE SAN JUAN DE DIOS Y FILIALES;ACTIVACOOP;830-067-197-1;Multiactiva sin seccion de ahorro;BOGOTÁ, D.C.;BOGOTÁ, D.C.;CRA 9 A 17 55 SUR PISO 3;2780698;24;Servicios de credito;CARLOS AUGUSTO MELLAO ROBAYO;serviasociado@activacoop.co;2
109;BOYACÁ;SOGAMOSO;SI;7489219543;2026-06;SI;2026-06-30;2351;06/30/2026 05:00:00 PM;JUNIO;2026;COOPERATIVA INTEGRAL DE EDUCACION REYES PATRIA;COOINDERPA;891-855-067-5;Integral sin seccion de ahorro;BOYACÁ;SOGAMOSO;CL 26 N 9A-67;;9;Educacion;OSCAR HERNAN PORRAS OLARTE;contabilidad@reyespatria.edu.co;2
110;BOYACÁ;SORACA;SI;7191710069;2026-06;SI;2026-06-30;2322;06/30/2026 05:00:00 PM;JUNIO;2026;COOPERATIVA DE ORGANISMOS DE SALUD DE BOYACA;COOSBOY;820-000-048-8;Especializada sin seccion de ahorro;BOYACÁ;SORACÁ;KM 4 VIA TUNJA SORACA VEREDA OTRO LADO;3103418750;22;Salud;IVAN EDUARDO GARZON GARCIA;gerencia@coosboy.org;2
111;BOGOTÁ D.C.;BOGOTA, D.C.;SI;7074462850;2026-06;SI;2026-06-30;1155;06/30/2026 05:00:00 PM;JUNIO;2026;COOPERATIVA DE EMPLEADOS THOMAS IMPRESORA PROSEGUR TRANSPORTADORA DE VALORES FILIALES Y OTRAS;COOTHOTRAVAL;860-024-008-2;Aportes y credito;BOGOTÁ, D.C.;BOGOTÁ, D.C.;CARRERA 42A BIS #13-67 PISO 2;;24;Servicios de credito;FRANCISCO JAVIER ARANDA ORJUELA;gerencia@coothotraval.com;2
112;BOGOTÁ D.C.;BOGOTA, D.C.;SI;6864441827;2026-06;SI;2026-06-30;13577;06/30/2026 05:00:00 PM;JUNIO;2026;COOPERATIVA MULTIACTIVA ELIMCOOP;ELIMCOOP;900-483-865-0;Multiactiva sin seccion de ahorro;BOGOTÁ, D.C.;BOGOTÁ, D.C.;CRA 27 A 1 B 22;;24;Servicios de credito;MILLER RICARDO BONILLA VELASQUEZ;gerencia@elimcoop.com;2
113;BOGOTÁ D.C.;BOGOTA, D.C.;SI;6731017076;2026-06;SI;2026-06-30;302;06/30/2026 05:00:00 PM;JUNIO;2026;COOPERATIVA DE CREDITO Y SERVICIO BOLARQUI LTDA;COOBOLARQUI LTDA;890-201-051-8;Multiactiva sin seccion de ahorro;BOGOTÁ, D.C.;BOGOTÁ, D.C.;CALLE 90 18-35 OFICINA 301;7632771;24;Servicios de credito;ASLEDY GISEEL CORDOBA NU?EZ;gerencia@coobolarqui.com;2
114;BOGOTÁ D.C.;BOGOTA, D.C.;SI;6702056814;2026-06;SI;2026-06-30;500;06/30/2026 05:00:00 PM;JUNIO;2026;COOPERATIVA DEL INSTITUTO NACIONAL DE CANCEROLOGIA;COPECAN;800-196-596-0;Multiactiva sin seccion de ahorro;BOGOTÁ, D.C.;BOGOTÁ, D.C.;AV 1 9-85;3349980;24;Servicios de credito;LIBIA PATRICIA RIA?O ROLDAN;gerencia@copecan.com;2
115;BOYACÁ;TUNJA;SI;6411189990;2026-06;SI;2026-06-30;2302;06/30/2026 05:00:00 PM;JUNIO;2026;COOPERATIVA DE EMPLEADOS ADMINISTRATIVOS DEL SECTOR EDUCATIVO;COEMASED BOYACA LTDA;800-035-172-1;Multiactiva sin seccion de ahorro;BOYACÁ;TUNJA;CLL 20 N 11 64;;24;Servicios de credito;HIEFFER ALBERTO QUINTERO ACEVEDO;gerencia@coemasedboyaca.com;3
116;BOGOTÁ D.C.;BOGOTA, D.C.;SI;6394123667;2026-06;SI;2026-06-30;1032;06/30/2026 05:00:00 PM;JUNIO;2026;COOPERATIVA DE EMPLEADOS PANAMERICANA LIBRERIA FORMAS IMPRESOS;COOPANAMERICANA;860-522-660-1;Multiactiva sin seccion de ahorro;BOGOTÁ, D.C.;BOGOTÁ, D.C.;CALLE 12 34 22;3649000;24;Servicios de credito;CIELO MARIA CHAVES GUERRERO;coopana@panamericana.com.co;2
117;BOGOTÁ D.C.;BOGOTA, D.C.;SI;6134721682;2026-06;SI;2026-06-30;1029;06/30/2026 05:00:00 PM;JUNIO;2026;COOPERATIVA MULTIACTIVA  AGUSTIN  CODAZZI;COOGEOGRAFICO;860-013-465-8;Multiactiva sin seccion de ahorro;BOGOTÁ, D.C.;BOGOTÁ, D.C.;CARRERA 30 48 51 BL 2 ZN;2442418;24;Servicios de credito;JAIME GARCIA DEVIA;correo@coogeografico.com;3
118;BOGOTÁ D.C.;BOGOTA, D.C.;SI;5987548906;2025-12;SI;2025-12-31;15323;12/31/2025 05:00:00 PM;DICIEMBRE;2025;ECONOMIAS SOCIALES DEL COMUN;ECOMUN;901-094-540-7;Integral sin seccion de ahorro;BOGOTÁ, D.C.;BOGOTÁ, D.C.;DIAGONAL 30 14 49;;4;Agricola;;facturacion@ecomun.com.co;3
119;BOGOTÁ D.C.;BOGOTA, D.C.;SI;5966931006;2025-09;SI;2025-12-31;1079;12/31/2025 05:00:00 PM;DICIEMBRE;2025;COOPERATIVA DE EDUCACION Y SERVICIOS MULTIPLES BARRIO PERDOMO;COOPERDOMO LTDA.;860-030-263-9;Multiactiva sin seccion de ahorro;BOGOTÁ, D.C.;BOGOTÁ, D.C.;DG 62 G 72A 41 SUR;;9;Educacion;MARIO RAMIREZ CARMONA;gerencia@cooperdomo.com.co;2
120;BOGOTÁ D.C.;BOGOTA, D.C.;SI;5772378847;2026-06;SI;2026-06-30;6671;06/30/2026 05:00:00 PM;JUNIO;2026;COOPERATIVA DE APORTES Y CREDITO DE AFILIADOS A ASPENCAJANAL LTDA;AYUDEMONOS;800-188-433-5;Administraciones publicas cooperativas;BOGOTÁ, D.C.;BOGOTÁ, D.C.;CALLE 44 NO. 57- 12;2216206;99;Otras actividades;OMAR ORLANDO RODRIGUEZ PINILLA;ayudemonos@aspencajanal.com.co;3
121;BOGOTÁ D.C.;BOGOTA, D.C.;SI;5726087938;2025-12;SI;2025-12-31;13493;12/31/2025 05:00:00 PM;DICIEMBRE;2025;COOPERATIVA MULTIACTIVA DE PRODUCTOS Y SERVICIOS SOCIEDAD COOPERATIVA;COOPRUCRED SC;900-569-186-9;Multiactiva sin seccion de ahorro;BOGOTÁ, D.C.;BOGOTÁ, D.C.;AV JIMENEZ 7 25;4653384;99;Otras actividades;YOLANDA BURITICA GONZALEZ;cooprucred@yahoo.com.co;3
122;BOGOTÁ D.C.;BOGOTA, D.C.;SI;5680081055;2025-12;SI;2025-12-31;198;12/31/2025 05:00:00 PM;DICIEMBRE;2025;COOPERATIVA MULTIACTIVA DE SERVICIOS Y CREDITO ASOCIADO;COOPTRACONALVIDRIOS;860-048-861-2;Multiactiva sin seccion de ahorro;BOGOTÁ, D.C.;BOGOTÁ, D.C.;AK 54 46 52 SUR;2300056;24;Servicios de credito;LUIS ERNESTO BOHORQUEZ VELASQUEZ;contabilidad@cooptraconalvidrios.com;3
123;BOGOTÁ D.C.;BOGOTA, D.C.;SI;5581265326;2025-12;SI;2025-12-31;1116;12/31/2025 05:00:00 PM;DICIEMBRE;2025;COOPERATIVA DE PROFESORES Y EMPLEADOS DE LA UNIVERSIDAD AUTONOMA DE CO;COOPEFUAC;860-525-616-0;Multiactiva sin seccion de ahorro;BOGOTÁ, D.C.;BOGOTÁ, D.C.;CLL. 12 NO. 5-82 P.2;3420950;24;Servicios de credito;JOSE LUIS RINCON GONZALEZ;coopefuacltda@gmail.com;3
124;BOGOTÁ D.C.;BOGOTA, D.C.;SI;5555085333;2025-12;SI;2025-12-31;432;12/31/2025 05:00:00 PM;DICIEMBRE;2025;COOPERATIVA MULTIACTIVA DE LA EDUCACION NACIONAL;COOPEMEN;860-032-715-5;Multiactiva sin seccion de ahorro;BOGOTÁ, D.C.;BOGOTÁ, D.C.;CR 58 44 A 41;3155786;1;Intermediacion financiera;VIRGILIO MORENO FONSECA;gerencia@coopemen.com;3
125;BOGOTÁ D.C.;BOGOTA, D.C.;SI;5520129218;2025-12;SI;2025-12-31;228;12/31/2025 05:00:00 PM;DICIEMBRE;2025;COOPERATIVA MULTIACTIVA PROPULSAR;PROPULSAR;800-087-077-2;Multiactiva sin seccion de ahorro;BOGOTÁ, D.C.;BOGOTÁ, D.C.;CALLE 73 10 10 OF 514;;24;Servicios de credito;LUISA INES MORENO BELTRAN;gerente@cooperativapropulsar.com;3
126;BOGOTÁ D.C.;BOGOTA, D.C.;SI;5509131871;2025-12;SI;2025-12-31;8402;12/31/2025 05:00:00 PM;DICIEMBRE;2025;COOPERATIVA AMIGOS SIGLO XXI;CASXXI;830-090-129-7;Especializada sin seccion de ahorro;BOGOTÁ, D.C.;BOGOTÁ, D.C.;CL 63A 11 40 OF 202;6019260;24;Servicios de credito;GLORIA MATILDE MONTA??A SABOGAL;info@coopamigossigloxxi.co;3
127;BOGOTÁ D.C.;BOGOTA, D.C.;SI;5368816945;2026-06;SI;2026-06-30;644;06/30/2026 05:00:00 PM;JUNIO;2026;COOPERATIVA MULTIACTIVA DE LOS EMPLEADOS Y PENSIONADOS DEL INSTITUTO NACIONAL DE CANCEROLOGIA EMPRESA SOCIAL DE ESTADO;CODECAN;860-024-378-2;Multiactiva sin seccion de ahorro;BOGOTÁ, D.C.;BOGOTÁ, D.C.;CALLE 1 NO 9-85;3153878819;24;Servicios de credito;HENRY LADINO DIAZ;contabilidad@codecancoop.com.co;3
128;BOYACÁ;TUNJA;SI;5366410912;2025-12;SI;2025-12-31;2354;12/31/2025 05:00:00 PM;DICIEMBRE;2025;COOPERATIVA INTEGRAL DE TRABAJADORES DE LA SALUD DE BOYACA;COINTRASALUD;891-800-770-9;Especializada sin seccion de ahorro;BOYACÁ;TUNJA;CALLE 33 NO.5B-06;7471247;22;Salud;MAURICIO URRUTIA ZORRO;cointrasaludboyaca.06@hotmail.com;3
129;BOGOTÁ D.C.;BOGOTA, D.C.;SI;5278841983;2026-06;SI;2026-06-30;1210;06/30/2026 05:00:00 PM;JUNIO;2026;ASOCIACION COLOMBIANA DE COOPERATIVAS;ASCOOP;860-010-755-5;Organismo de representacion;BOGOTÁ, D.C.;BOGOTÁ, D.C.;TV 29 36 29;3683500;99;Otras actividades;CARLOS MARIO ZULUAGA PEREZ;contabilidad@ascoop.coop;3
130;BOGOTÁ D.C.;BOGOTA, D.C.;SI;5267014911;2025-12;SI;2025-12-31;381;12/31/2025 05:00:00 PM;DICIEMBRE;2025;COOPERATIVA MULTIACTIVA COOTRANOR ENTIDAD COOPERATIVA;COOTRANOR;860-514-013-2;Multiactiva sin seccion de ahorro;BOGOTÁ, D.C.;BOGOTÁ, D.C.;CRA 10 NO. 24-49 PISO 8 ED GOMEZ;;24;Servicios de credito;ORLANDO BUITRAGO ROA;cootranor@cootranor.org;3
131;BOYACÁ;TUNJA;SI;5192612306;2025-12;SI;2025-12-31;2367;12/31/2025 05:00:00 PM;DICIEMBRE;2025;COOPERATIVA DE CREDITO DE LOS PROFESORES UNIVERSITARIOS DE LA UNIVERSIDAD PEDAGOGICA Y TECNOLOGICA DE COLOMBIA COUNIVERSITARIOS;COUNIVERSITARIOS;891-802-019-4;Aportes y credito;BOYACÁ;TUNJA;CRA 6 #39-115 ED DE BIENESTAR UPTC;7400652;24;Servicios de credito;MANUEL ALVAREZ GARZON;gerencia@couniversitariosuptc.com;3
132;BOGOTÁ D.C.;BOGOTA, D.C.;SI;5176021766;2025-12;SI;2025-12-31;805;12/31/2025 05:00:00 PM;DICIEMBRE;2025;COOPERATIVA DE A.Y.C. DE TRABAJADORES DE SUCESORES;COOPSUCESORES LTDA;860-024-422-9;Multiactiva sin seccion de ahorro;BOGOTÁ, D.C.;BOGOTÁ, D.C.;CARRERA  67 A N. 9A-96;;24;Servicios de credito;ANGEL FABIEL MORA RUIZ;coopsucesores@coopsucesores.com;3
133;BOGOTÁ D.C.;BOGOTA, D.C.;SI;5142259660;2025-12;SI;2025-12-31;716;12/31/2025 05:00:00 PM;DICIEMBRE;2025;COOPERATIVA DE EMPLEADOS DE LA UNIVERSIDAD JORGE TADEO LOZANO LTDA;COOPTADEO;860-046-238-4;Aportes y credito;BOGOTÁ, D.C.;BOGOTÁ, D.C.;CR 4  23 48OF 302;;24;Servicios de credito;MAGDA DEICY ALARCON CERQUERA;gerencia@cooptadeo.com;3
134;BOGOTÁ D.C.;BOGOTA, D.C.;SI;5079107984;2026-06;SI;2026-06-30;4229;06/30/2026 05:00:00 PM;JUNIO;2026;COOPERATIVA MULTIACTIVA DE TRABAJADORES DEL SECTOR EDUCATIVO COLOMBIANO Y PENSIONADOS COOEDUCOL;COOEDUCOL;860-022-447-3;Multiactiva sin seccion de ahorro;BOGOTÁ, D.C.;BOGOTÁ, D.C.;CRA 15 28B-63;;99;Otras actividades;OLGA LEONOR DIAZ BELTRAN;info@cooeduco.com;3
135;BOGOTÁ D.C.;BOGOTA, D.C.;SI;5037985941;2025-12;SI;2025-12-31;357;12/31/2025 05:00:00 PM;DICIEMBRE;2025;COOPERATIVA MULTIACTIVA FAMILIAR DE LA SUPERINTENDENCIA FINANCIERA DE COLOMBIA - SUPERFINANCIERA;COOPSUPERFINANCIERA;860-021-786-0;Multiactiva sin seccion de ahorro;BOGOTÁ, D.C.;BOGOTÁ, D.C.;CALLE 7 4 49;;24;Servicios de credito;LUZ MARINA CORTES CORTES;cooperativa@superfinanciera.gov.co;3
136;BOYACÁ;SOGAMOSO;SI;4940635972;2026-06;SI;2026-06-30;6225;06/30/2026 05:00:00 PM;JUNIO;2026;COOPERATIVA ESPECIALIZADA DE EDUCACION COOTRAPAZDELRIO;COOTRAPAZDELRIO;891-855-100-0;Especializada sin seccion de ahorro;BOYACÁ;SOGAMOSO;KRA 4 1A - 21;7706878;9;Educacion;NORA OFELIZ BARACALDO RAMIREZ;liceoccampestre@gmail.com;3
137;BOGOTÁ D.C.;BOGOTA, D.C.;SI;4876559587;2025-12;SI;2025-12-31;1234;12/31/2025 05:00:00 PM;DICIEMBRE;2025;COOPERATIVA MULTIACTIVA DE TRABAJADORES EMPLEADOS Y PENSIONADOS EXXON;COOPTRAEXXON LTDA;860-016-322-7;Multiactiva sin seccion de ahorro;BOGOTÁ, D.C.;BOGOTÁ, D.C.;CALLE 93 19 B 66;2366743;24;Servicios de credito;NOHORA - QUECANO URUE??A;gerencia@cooptraexxon.com;3
138;BOYACÁ;DUITAMA;SI;4553321043;2025-12;SI;2025-12-31;7117;12/31/2025 05:00:00 PM;DICIEMBRE;2025;COOPERATIVA INDUSTRIAL DE BOYACA LTDA.;CIDEB;891-856-065-5;Multiactiva sin seccion de ahorro;BOYACÁ;DUITAMA;KM 188 AUTOPISTA BTA DTMA;7638287;99;Otras actividades;JULIA ESTHER GUZMAN ORTIZ;gerencia.cideb@gmail.com;3
139;BOYACÁ;TUNJA;SI;4461788339;2026-06;SI;2026-06-30;2299;06/30/2026 05:00:00 PM;JUNIO;2026;COOPERATIVA MULTIAC.DE EMPLEADOS DE COMFABOY;COOMECO;891-801-820-3;Multiactiva sin seccion de ahorro;BOYACÁ;TUNJA;CARRERA 10 NO 17-84;7404239;99;Otras actividades;GERARDO GARCIA BUSTOS;coomecotunja@hotmail.com;3
140;BOGOTÁ D.C.;BOGOTA, D.C.;SI;4438526552;2024-12;SI;2025-12-31;11144;12/31/2025 05:00:00 PM;DICIEMBRE;2025;COOPERATIVA MULTIACTIVA DE COMERCIANTES DE FLORES MATAS Y COMPLEMENTARIOS FLORMACOOP;FLORMACOOP;900-187-870-9;Multiactiva sin seccion de ahorro;BOGOTÁ, D.C.;BOGOTÁ, D.C.;CL 19 N 25 83;;4;Agricola;YEFER EDVERTO PULIDO MARQUEZ;flor.maco@hotmail.com;3
141;BOGOTÁ D.C.;BOGOTA, D.C.;SI;4438085150;2025-12;SI;2025-12-31;200;12/31/2025 05:00:00 PM;DICIEMBRE;2025;COOPERATIVA MULTIACTIVA CRUCIAL;COOPCRUCIAL;860-451-147-9;Multiactiva sin seccion de ahorro;BOGOTÁ, D.C.;BOGOTÁ, D.C.;AV. CRA. 68 NA? 68 B - 31;7559594;99;Otras actividades;ARLEDIS MILENA MORALES GONZALEZ;gerencia@coopcrucial.com;3
142;BOGOTÁ D.C.;BOGOTA, D.C.;SI;4418314696;2025-12;SI;2025-12-31;504;12/31/2025 05:00:00 PM;DICIEMBRE;2025;COOPERATIVA DE EMPLEADOS DEL SECTOR MINERO ENERGETICO & ASOCIADOS - COOPEMINAS -;COOPEMINAS;860-029-593-2;Especializada sin seccion de ahorro;BOGOTÁ, D.C.;BOGOTÁ, D.C.;KR 7 27 52 OF 602;2837933;24;Servicios de credito;WILLIAM HUMBERTO ROMERO RUANO;coopeminas@hotmail.com;3
143;BOGOTÁ D.C.;BOGOTA, D.C.;SI;4389399530;2025-12;SI;2025-12-31;1177;12/31/2025 05:00:00 PM;DICIEMBRE;2025;COOPERATIVA MULTIACTIVA UNION DE COMERCIANTES PLAZA 7 DE AGOSTO;COOMUCOP;800-196-955-1;Multiactiva sin seccion de ahorro;BOGOTÁ, D.C.;BOGOTÁ, D.C.;CR 25 65 43 OF 301;2507113;24;Servicios de credito;SANDRA YAZMIN SOTO;coomucop2007@yahoo.es;3
144;BOGOTÁ D.C.;BOGOTA, D.C.;SI;4286851731;2025-12;SI;2025-12-31;1231;12/31/2025 05:00:00 PM;DICIEMBRE;2025;COOPERATIVA INTEGRAL DE TRABAJADORES DEL SECTOR INDUSTRIAL Y COMERCIAL;COOPINCO;860-013-474-4;Integral sin seccion de ahorro;BOGOTÁ, D.C.;BOGOTÁ, D.C.;CRA 54 #50-07 SUR;3000237;24;Servicios de credito;ISIDRO PAREDES SOTAQUIRA;coopcoopinco@hotmail.com;3
145;BOGOTÁ D.C.;BOGOTA, D.C.;SI;4205403439;2025-12;SI;2025-12-31;11947;12/31/2025 05:00:00 PM;DICIEMBRE;2025;COOPERATIVA MULTIACTIVA DE AMIGOS SOLIDARIOS;COOPERAS;830-510-344-8;Multiactiva sin seccion de ahorro;BOGOTÁ, D.C.;BOGOTÁ, D.C.;CL 19 5 51 OFC 503;3375159;;;KAREN LIZETH QUICENO SALAZAR;cooperas@cooperas.com.co;3
146;BOGOTÁ D.C.;BOGOTA, D.C.;SI;4139901543;2025-12;SI;2025-12-31;914;12/31/2025 05:00:00 PM;DICIEMBRE;2025;COOPERATIVA MULTIACTIVA DE EMPLEADOS Y PERSONAS ADSCRITAS A LA UNIVERSIDAD COLEGIO MAYOR DE CUNDINAMARCA;UNICOOMAYORCUN;800-075-818-1;Especializada sin seccion de ahorro;BOGOTÁ, D.C.;BOGOTÁ, D.C.;CR 7 # 29 34 OF 205;7038771;24;Servicios de credito;SONIA INES BALLEN MORA;unicoomayorcun@unicolmayor.edu.co;3
147;BOYACÁ;DUITAMA;SI;4100691427;2026-06;SI;2026-06-30;2305;06/30/2026 05:00:00 PM;JUNIO;2026;COOPERATIVA MULTIACTIVA DE TRABAJADORES DE SIDERURGICA DE BOYACA;DIACOOP O.C.;891-801-078-4;Especializada sin seccion de ahorro;BOYACÁ;DUITAMA;CALLE 11 # 36-82 BARRIO LA ESPERANZA;;24;Servicios de credito;MARIA DEL CARMEN CARDOSO MORALES;diacoop@gmail.com;3
148;BOGOTÁ D.C.;BOGOTA, D.C.;SI;4011225819;2026-06;SI;2026-06-30;9614;06/30/2026 05:00:00 PM;JUNIO;2026;SOCIEDAD COOPERATIVA DE MILITARES RETIRADOS;SOCOMIR;830-136-943-6;Multiactiva sin seccion de ahorro;BOGOTÁ, D.C.;BOGOTÁ, D.C.;CRA 7 156 10 EDIFICIO KRYSTAL PISO 23 OFICINA 230;3905702;99;Otras actividades;SANDRA NATALIA COPETE ACOSTA;contador@creolibranzas.com;3
149;BOGOTÁ D.C.;BOGOTA, D.C.;SI;3983495563;2026-06;SI;2026-06-30;10420;06/30/2026 05:00:00 PM;JUNIO;2026;CIMA COOPERATIVA MULTIACTIVA;CIMA;900-107-712-1;Multiactiva sin seccion de ahorro;BOGOTÁ, D.C.;BOGOTÁ, D.C.;CR 69 A  65  28;7498703;24;Servicios de credito;JOSE RAFAEL FLOREZ MONTA?A;cimacm@gmail.com;3
150;BOGOTÁ D.C.;BOGOTA, D.C.;SI;3950581627;2025-12;SI;2025-12-31;7150;12/31/2025 05:00:00 PM;DICIEMBRE;2025;COOPERATIVA DE SERVICIOS INTEGRALES HOTELEROS;COOCTEL;830-025-868-5;Multiactiva sin seccion de ahorro;BOGOTÁ, D.C.;BOGOTÁ, D.C.;CALLE 25B 69C 80;2105899;24;Servicios de credito;YAEL LILIANA NIETO LEON;liliana.nieto@ghlhoteles.com;3
151;BOGOTÁ D.C.;BOGOTA, D.C.;SI;3876737099;2025-12;SI;2025-12-31;185;12/31/2025 05:00:00 PM;DICIEMBRE;2025;COOPERATIVA MULTIACTIVA DEL SECTOR MINERO ENERGETICO Y DE ACTIVIDADES CONEXAS Y COMPLEMENTARIAS;COOPMINERALES;830-019-923-8;Multiactiva sin seccion de ahorro;BOGOTÁ, D.C.;BOGOTÁ, D.C.;CALLE 59 N 13-84 OF 301;2551239;24;Servicios de credito;SANDRA PATRICIA DIAZ GARZON;coopminerales@coopminerales.com.co;3
152;BOGOTÁ D.C.;BOGOTA, D.C.;SI;3780223980;2025-12;SI;2025-12-31;7797;12/31/2025 05:00:00 PM;DICIEMBRE;2025;COOPERATIVA INTEGRAL PARA EL DESARROLLO SOCIAL Y FAMILIAR;COPIDESARROLLO;830-060-785-0;Multiactiva sin seccion de ahorro;BOGOTÁ, D.C.;BOGOTÁ, D.C.;CRA 8 NA? 15-80 OFICINA 302;3420674;24;Servicios de credito;ALEJANDRO HERRERA MEDINA;coopidesarollo@hotmail.com;3
153;BOGOTÁ D.C.;BOGOTA, D.C.;SI;3768247839;2025-12;SI;2025-12-31;12850;12/31/2025 05:00:00 PM;DICIEMBRE;2025;COOPERATIVA MULTIACTIVA DE DESARROLLO NACIONAL COOPDENAL;COOPDENAL;900-380-728-7;Multiactiva sin seccion de ahorro;BOGOTÁ, D.C.;BOGOTÁ, D.C.;CALLE 25 B # 69 C 80 LOCAL 105;7527437;24;Servicios de credito;Harold Beltran Cruz;cartera@coopdenal.com;3
154;BOGOTÁ D.C.;BOGOTA, D.C.;SI;3738907142;2025-12;SI;2025-12-31;6790;12/31/2025 05:00:00 PM;DICIEMBRE;2025;FINANCIAMIENTO COOPERATIVO INTEGRAL;COOFINANZAS;800-192-807-1;Multiactiva sin seccion de ahorro;BOGOTÁ, D.C.;BOGOTÁ, D.C.;KRA 8 #12 C-35 OF.404;2838538;24;Servicios de credito;ELISEO CARDENAS FRANCO;coofinanzas@hotmail.com;3
155;BOGOTÁ D.C.;BOGOTA, D.C.;SI;3722870355;2025-12;SI;2025-12-31;988;12/31/2025 05:00:00 PM;DICIEMBRE;2025;COOPERATIVA DE TRABAJADORES DE LAS EMPRESAS DEL SECTOR MANUFACTURERO RELACIONADO CON LA PRODUCCION Y DISTRIBUCION DE LA LLANTA EL CAUCHO Y EL PLASTICO;COOPILLANTAS LTDA.;860-013-780-3;Multiactiva sin seccion de ahorro;BOGOTÁ, D.C.;BOGOTÁ, D.C.;CRA 31A 25B 20;2445756;24;Servicios de credito;DORIS REINA BECERRA;gerencia@coopillantas.com;3
156;BOGOTÁ D.C.;BOGOTA, D.C.;SI;3722544368;2025-12;SI;2025-12-31;10537;12/31/2025 05:00:00 PM;DICIEMBRE;2025;COOPERATIVA DE APORTE Y CREDITO;COOCRESER;900-091-214-3;Aportes y credito;BOGOTÁ, D.C.;BOGOTÁ, D.C.;CRA 13 38 47 OF 203;6015282990;24;Servicios de credito;RODRIGO ALFONSO PADILLA MALAGON;gerencia@coocreser.coop;3
157;BOGOTÁ D.C.;BOGOTA, D.C.;SI;3711103516;2025-06;SI;2025-12-31;15987;12/31/2025 05:00:00 PM;DICIEMBRE;2025;R COOPERATIVA MULTIACTIVA DE APORTE Y CREDITO;RYR-COOP;901-455-063-5;Aportes y credito;BOGOTÁ, D.C.;BOGOTÁ, D.C.;CR 98 # 23 H # 26;;99;Otras actividades;;rrcooperativamultiactiva@gmail.com;3
158;BOGOTÁ D.C.;BOGOTA, D.C.;SI;3684543749;2025-12;SI;2025-12-31;566;12/31/2025 05:00:00 PM;DICIEMBRE;2025;COOPERATIVA NACIONAL DE DOCENTES CON SIGLA COONADOC;COONADOC;800-045-034-6;Especializada sin seccion de ahorro;BOGOTÁ, D.C.;BOGOTÁ, D.C.;CR 16 30 63;7523313;9;Educacion;ANA MERCEDES GOMEZ VELASQUEZ;coonadoc@yahoo.com;3
159;BOYACÁ;NOBSA;SI;3681699132;2025-12;SI;2025-12-31;2325;12/31/2025 05:00:00 PM;DICIEMBRE;2025;COOPERATIVA MULTIACTIVA DE  TRABAJADORES Y PENSIONADOS HOLCIM COLOMBIA;COMTRAPECIM;891-855-101-8;Multiactiva sin seccion de ahorro;BOYACÁ;NOBSA;CALLE 5A 5 43;7773058;24;Servicios de credito;LUIS ALBERTO GOMEZ CLAVIJO;cooptraceboy@hotmail.com;3
160;BOYACÁ;DUITAMA;SI;3538398829;2025-12;SI;2025-12-31;2408;12/31/2025 05:00:00 PM;DICIEMBRE;2025;COOPERATIVA MULTIACTIVA ELDORADO LTDA;COOPDORADO LTDA;891-857-901-2;Multiactiva sin seccion de ahorro;BOYACÁ;DUITAMA;CLL 2 2 17 CIUDADELA INDUSTRIAL;;24;Servicios de credito;CLAUDIA JANNETH SERRANO AGUDELO;coopdoradoltda@hotmail.com;3
161;BOGOTÁ D.C.;BOGOTA, D.C.;SI;3500323963;2025-12;SI;2025-12-31;4900;12/31/2025 05:00:00 PM;DICIEMBRE;2025;COOPERATIVA HOSPITAL SIMON BOLIVAR;COOPEHSIBO;830-077-631-1;Integral sin seccion de ahorro;BOGOTÁ, D.C.;BOGOTÁ, D.C.;CARRERA 7 165 00;;24;Servicios de credito;LUIS EDUARDO FAJARDO MATERON;evecar.8020@gmail.com;3
162;BOGOTÁ D.C.;BOGOTA, D.C.;SI;3460096169;2026-06;SI;2026-06-30;6345;06/30/2026 05:00:00 PM;JUNIO;2026;COOPERATIVA DE EMPLEADOS DE GM COLMOTORES;COOPECOL LTDA.;860-020-315-0;Integral sin seccion de ahorro;BOGOTÁ, D.C.;BOGOTÁ, D.C.;DIAG 51 BIS 60 34 SUR PISO 3;7025727;;;INGRID KATHERIN SALAMANCA ARIAS;coopecol_litda@yahoo.com;3
163;BOGOTÁ D.C.;BOGOTA, D.C.;SI;3455619871;2025-12;SI;2025-12-31;11225;12/31/2025 05:00:00 PM;DICIEMBRE;2025;ALIANZA DE SERVICIOS COOPERATIVOS;ACERCOOPI;900-142-997-1;Especializada sin seccion de ahorro;BOGOTÁ, D.C.;BOGOTÁ, D.C.;CALLE 17 # 9-21 OF 201;7465590;24;Servicios de credito;MARLIN JULIETH GUTIERREZ SALGADO;contador@asercoopi.com;3
164;BOGOTÁ D.C.;BOGOTA, D.C.;SI;3444803123;2025-12;SI;2025-12-31;119;12/31/2025 05:00:00 PM;DICIEMBRE;2025;COOPERATIVA MULTIACTIVA DE TRABAJADORES NACIONALES;COODETRANSA;860-045-529-8;Multiactiva sin seccion de ahorro;BOGOTÁ, D.C.;BOGOTÁ, D.C.;CL 25 C BIS B 96 25;2987214;99;Otras actividades;VICTOR NORBERTO PINILLA DELGADO;coodetransa2007@yahoo.com;3
165;BOGOTÁ D.C.;BOGOTA, D.C.;SI;3378774753;2026-06;SI;2026-06-30;13606;06/30/2026 05:00:00 PM;JUNIO;2026;CARGUE & DESCARGUE COOPERATIVA DE TRABAJO ASOCIADO;CARGUE & DESCARGUE CTA;900-589-056-5;Cooperativas de trabajo asociado;BOGOTÁ, D.C.;BOGOTÁ, D.C.;TRV  80 N 213 20 CASA 55 20 (MORA VERDE);;99;Otras actividades;MARIA CRISTINA ZULETA CRUZ;liquidacaioncompensacionescta@yahoo.com;3
166;BOYACÁ;SOGAMOSO;SI;3365775565;2025-12;SI;2025-12-31;2304;12/31/2025 05:00:00 PM;DICIEMBRE;2025;COOPERATIVA MULTIACTIVA DE MILITARES BOYACENSES;COMILBOY;800-089-686-7;Multiactiva sin seccion de ahorro;BOYACÁ;SOGAMOSO;CLL 16 9 45;;24;Servicios de credito;HUMBERTO SIERRA ALVARADO;comilboy@gmail.com;3
167;BOYACÁ;DUITAMA;SI;3360737489;2025-12;SI;2025-12-31;2342;12/31/2025 05:00:00 PM;DICIEMBRE;2025;COOPERATIVA MULTIACTIVA TELECOM;COOMULTELECOM;891-855-360-9;Multiactiva sin seccion de ahorro;BOYACÁ;DUITAMA;CRR 16 13 44 OFC 206;;24;Servicios de credito;JOSE ANTONIO REYES SANTOS;coomultelecom@yahoo.es;3
168;BOGOTÁ D.C.;BOGOTA, D.C.;SI;3327495451;2025-12;SI;2025-12-31;8820;12/31/2025 05:00:00 PM;DICIEMBRE;2025;COOPERATIVA NACIONAL DE CREDITOS Y SERVICIOS SOCIALES;COOPFINANCIAR;830-502-234-2;Multiactiva sin seccion de ahorro;BOGOTÁ, D.C.;BOGOTÁ, D.C.;CRA 8 NA? 15 80;3420674;24;Servicios de credito;ALEJANDRO HERRERA MEDINA;coopfinanciar@hotmail.com;3
169;BOGOTÁ D.C.;BOGOTA, D.C.;SI;3326788963;2025-12;SI;2025-12-31;1175;12/31/2025 05:00:00 PM;DICIEMBRE;2025;COOPERATIVA MULTIACTIVA COOIMPRENAL LTDA.;COOIMPRENAL;860-027-764-6;Multiactiva sin seccion de ahorro;BOGOTÁ, D.C.;BOGOTÁ, D.C.;AV CR 68 # 43 40;3244780;24;Servicios de credito;CESAR JAVIER RODRIGUEZ MARIN;cooimprenal@hotmail.com;3
170;BOGOTÁ D.C.;BOGOTA, D.C.;SI;3274573614;2026-06;SI;2026-06-30;541;06/30/2026 05:00:00 PM;JUNIO;2026;COOPERATIVA MULTIACTIVA DE LA CORPORACION AUTONOMA REGIONAL DE CUNDINAMARCA  C A R;COOPERCAR;860-037-018-2;Multiactiva sin seccion de ahorro;BOGOTÁ, D.C.;BOGOTÁ, D.C.;CALLE 17 NO. 8-49;3361438;24;Servicios de credito;ELIZABETH HERRERA MORENO;gerencia@coopercar.net;3
171;BOGOTÁ D.C.;BOGOTA, D.C.;SI;3266954844;2025-12;SI;2025-12-31;295;12/31/2025 05:00:00 PM;DICIEMBRE;2025;COOPERATIVA MULTIACTIVA LIMITADA;COOPECREDITO LTDA;860-032-064-9;Multiactiva sin seccion de ahorro;BOGOTÁ, D.C.;BOGOTÁ, D.C.;CR 7 33 29 OFC 101;2881413;24;Servicios de credito;MAURICIO ALEJANDRO PINZON LIEVANO;cartera@coopecredito.co;3
172;BOGOTÁ D.C.;BOGOTA, D.C.;SI;3225441209;2025-12;SI;2025-12-31;1262;12/31/2025 05:00:00 PM;DICIEMBRE;2025;CONFEDERACION DE COOPERATIVAS DE COLOMBIA;CONFECOOP;860-507-641-9;Organismo de representacion;BOGOTÁ, D.C.;BOGOTÁ, D.C.;CR 15 97 40  OF 601;;3;Organismos de representacion;CARLOS ERNESTO ACERO SANCHEZ;cjrobles@confecoop.coop;3
173;BOYACÁ;LA UVITA;SI;3164686510;2025-12;SI;2025-12-31;11955;12/31/2025 05:00:00 PM;DICIEMBRE;2025;COOPERATIVA DE PRODUCTORES Y COMERCIALIZADORES DE CARBON DE LA VEREDA DE CA??ITAS MUNICIPIO DE LA UVITA BOYACA;COOPROCA??ITAS;830-511-522-7;Especializada sin seccion de ahorro;BOYACÁ;LA UVITA;VDA CA??ITAS;;8;Mineria;LUIS OLIVO CACERES CHAVES;cooprocanitas@gmail.com;3
174;BOGOTÁ D.C.;BOGOTA, D.C.;SI;3140157923;2025-12;SI;2025-12-31;9793;12/31/2025 05:00:00 PM;DICIEMBRE;2025;REACTIVAR COOPERATIVA MULTIACTIVA DE APORTE Y CREDITO;PROMEDIOS CMAC;900-010-237-6;Aportes y credito;BOGOTÁ, D.C.;BOGOTÁ, D.C.;CALLE 36 #21-10;7573623;99;Otras actividades;FRANCISCO JAVIER DIAZ FAJARDO;gerencia@promedios.coop;3
175;BOGOTÁ D.C.;BOGOTA, D.C.;SI;3075072637;2025-12;SI;2025-12-31;8386;12/31/2025 05:00:00 PM;DICIEMBRE;2025;COOPERATIVA DEPARTAMENTAL CAFETERA DE CUNDINAMARCA LTDA.;COODECAFEC LTDA.;830-090-449-9;Integral sin seccion de ahorro;BOGOTÁ, D.C.;BOGOTÁ, D.C.;CRA 36 10 99;;4;Agricola;MILTON EDUARDO PEREZ;contabilidad@coodecafec.com;3
176;BOGOTÁ D.C.;BOGOTA, D.C.;SI;3069068691;2024-12;SI;2025-12-31;29;12/31/2025 05:00:00 PM;DICIEMBRE;2025;COOPERATIVA DE CREDITO EDUCACION Y SERVICIOS;COOALFA;860-090-180-2;Multiactiva sin seccion de ahorro;BOGOTÁ, D.C.;BOGOTÁ, D.C.;CALLE 110 9 25;;24;Servicios de credito;CIELO LOPEZ LOPEZ;cooalfa@hotmail.com;3
177;BOGOTÁ D.C.;BOGOTA, D.C.;SI;3066911934;2025-12;SI;2025-12-31;9758;12/31/2025 05:00:00 PM;DICIEMBRE;2025;COOPERATIVA MULTIACTIVA  MILITAR Y POLICIAL;COMIPOL;900-052-579-1;Multiactiva sin seccion de ahorro;BOGOTÁ, D.C.;BOGOTÁ, D.C.;CL 12 7 32 OF 802;;12;Consumo (comercio);MIGUEL SUAREZ CONTRERAS;recepcion@comipol.com;3
178;BOGOTÁ D.C.;BOGOTA, D.C.;SI;3036956399;2025-12;SI;2025-12-31;780;12/31/2025 05:00:00 PM;DICIEMBRE;2025;COOPERATIVA DE TRABAJADORES DE LA INDUSTRIA DE LA MADERA;MADECOOP;860-027-184-4;Aportes y credito;BOGOTÁ, D.C.;BOGOTÁ, D.C.;CR 67 A 10 56 SEGUNDO PISO;2606556;12;Consumo (comercio);MERCEDES CASTRO CONTRERAS;gerencia@madecoop.com;3
179;BOGOTÁ D.C.;BOGOTA, D.C.;SI;2946060059;2025-12;SI;2025-12-31;3768;12/31/2025 05:00:00 PM;DICIEMBRE;2025;COOPERATIVA GAVICOL COOGAVICOL;COOGAVICOL;800-250-159-6;Especializada sin seccion de ahorro;BOGOTÁ, D.C.;BOGOTÁ, D.C.;CRA 10 N 17 54;2811512;99;Otras actividades;CLAUDIA LILIANA ROA SEPULVEDA;administracion2@coopgavicol.com;3
180;BOYACÁ;SOGAMOSO;SI;2941531183;2025-12;SI;2025-12-31;2275;12/31/2025 05:00:00 PM;DICIEMBRE;2025;COOPERATIVA HOGARES DE BIENESTAR SOGAMOSO LTDA.;HOGABICOOP;826-000-831-0;Especializada sin seccion de ahorro;BOYACÁ;SOGAMOSO;CR 13 4 38;7773309;12;Consumo (comercio);TERESA ROJAS VELA;hogabicoop2006@hotmail.com;3
181;BOGOTÁ D.C.;BOGOTA, D.C.;SI;2936755000;2025-12;SI;2025-12-31;1082;12/31/2025 05:00:00 PM;DICIEMBRE;2025;COOPERATIVA MULTIACTIVA DE ARTESANIAS DE COLOMBIA;COOARTESANIAS;860-047-258-6;Multiactiva sin seccion de ahorro;BOGOTÁ, D.C.;BOGOTÁ, D.C.;CRA 2 18 A 58;2837066;1;Intermediacion financiera;JUAN VICENTE POSOS CASTRO;cooartesanias@cooartesanias.com;3
182;BOGOTÁ D.C.;BOGOTA, D.C.;SI;2915220640;2025-12;SI;2025-12-31;6640;12/31/2025 05:00:00 PM;DICIEMBRE;2025;COOGUARPENAL LTDA.;COOGUARPENAL LTDA.;860-066-736-6;Multiactiva sin seccion de ahorro;BOGOTÁ, D.C.;BOGOTÁ, D.C.;CR 5 16 14 OF 402;3362834;99;Otras actividades;HUGO ARTURO VEGA ARANGO;cooguarpenal78@hotmail.com;3
183;BOGOTÁ D.C.;BOGOTA, D.C.;SI;2890763299;2025-12;SI;2025-12-31;4108;12/31/2025 05:00:00 PM;DICIEMBRE;2025;COOPERATIVA SOLIDARIZAR;COSOLIDARIZAR;830-024-750-0;Especializada sin seccion de ahorro;BOGOTÁ, D.C.;BOGOTÁ, D.C.;CALLE 12B #8 - 39 OFICINA 301;2820879;99;Otras actividades;ALONZO EDUARDO ZULUAGA ZULUAGA;cooperativasolidarizar@gmail.com;3
184;BOGOTÁ D.C.;BOGOTA, D.C.;SI;2771735677;2025-12;SI;2025-12-31;12753;12/31/2025 05:00:00 PM;DICIEMBRE;2025;COOPERATIVA DE CONTADORES EGRESADOS DE LA UNIVERSIDAD NACIONAL DE COLOMBIA;CEUNALCOOP;900-381-414-4;Multiactiva sin seccion de ahorro;BOGOTÁ, D.C.;BOGOTÁ, D.C.;KR 7C BIS NO 141A 52;8036292;24;Servicios de credito;CARLOS ARMANDO BELTRAN RUIZ;ceunalcop@gmail.com;3
185;BOGOTÁ D.C.;BOGOTA, D.C.;SI;2740671333;2025-12;SI;2025-12-31;163;12/31/2025 05:00:00 PM;DICIEMBRE;2025;COOPERATIVA EMPLEADOS DE LA REGISTRADURIA  NAL. DEL ESTADO CIVIL;COOPEREGINAL;860-011-164-7;Multiactiva sin seccion de ahorro;BOGOTÁ, D.C.;BOGOTÁ, D.C.;CR 52 44F 56;2211200;24;Servicios de credito;ELIZABETH HOLGUIN SUAREZ;gerencia@coopereginal.com;3
186;BOGOTÁ D.C.;BOGOTA, D.C.;SI;2684167791;2026-06;SI;2026-06-30;10001;06/30/2026 05:00:00 PM;JUNIO;2026;COOPERATIVA DE EMPLEADOS DEL SISTEMA TRANSMILENIO;CORPOSISTEMA;830-142-585-7;Especializada sin seccion de ahorro;BOGOTÁ, D.C.;BOGOTÁ, D.C.;AV EL DORADO 69 76 TORRE1;2203000;99;Otras actividades;JUAN CARLOS MELO BERNAL;corposistema@transmilenio.gov.co;3
187;BOGOTÁ D.C.;BOGOTA, D.C.;SI;2679365075;2025-12;SI;2025-12-31;326;12/31/2025 05:00:00 PM;DICIEMBRE;2025;COOPERATIVA MULTIACTIVA COSALUD LTDA;COSALUD;860-032-597-2;Multiactiva sin seccion de ahorro;BOGOTÁ, D.C.;BOGOTÁ, D.C.;CRA 7A 32 83 OFICINA 101;2328141;24;Servicios de credito;JORGE ENRIQUE BELTRAN TRIANA;cosalud@cosalud.com.co;3
188;BOYACÁ;DUITAMA;SI;2668168143;2025-12;SI;2025-12-31;2319;12/31/2025 05:00:00 PM;DICIEMBRE;2025;COOPERATIVA MULTIACTIVA DUITAMENSE DE EXPENDEDORES Y GANADEROS LTDA;COOMDEXGAN LTDA;826-000-516-5;Multiactiva sin seccion de ahorro;BOYACÁ;DUITAMA;CL 14 18 39;6087618;5;Pecuaria;HERNAN ALEXANDER TAMARA CARDENAS;coomdexgan3@gmail.com;3
189;BOGOTÁ D.C.;BOGOTA, D.C.;SI;2655604051;2025-12;SI;2025-12-31;9978;12/31/2025 05:00:00 PM;DICIEMBRE;2025;COOPERATIVA MULTIACTIVA COOPSANDER;COOPSANDER;900-048-401-2;Multiactiva sin seccion de ahorro;BOGOTÁ, D.C.;BOGOTÁ, D.C.;CARRERA 13 # 32 93 TO 3 OFI 315;3401013;99;Otras actividades;WILSON LEON LESMES;direccionadministrativa@coopsanderonline.com;3
190;BOGOTÁ D.C.;BOGOTA, D.C.;SI;2627849212;2025-12;SI;2025-12-31;764;12/31/2025 05:00:00 PM;DICIEMBRE;2025;COOPERATIVA MULTIACTIVA FAMILIAR Y AMIGOS;CONFIAPIN;800-252-296-6;Multiactiva sin seccion de ahorro;BOGOTÁ, D.C.;BOGOTÁ, D.C.;CR 22 86 42  AP 101;7000825;99;Otras actividades;MARITZA PINEDA NI??O;confiapincooperativa@gmail.com;3
191;BOGOTÁ D.C.;BOGOTA, D.C.;SI;2587679497;2025-12;SI;2025-12-31;11846;12/31/2025 05:00:00 PM;DICIEMBRE;2025;COOPERATIVA MULTIACTIVA NACIONAL DE FABRICANTES DE VELAS Y VELONES;COOPFANALVELAS;900-237-749-0;Multiactiva sin seccion de ahorro;BOGOTÁ, D.C.;BOGOTÁ, D.C.;CL 24 A SUR 69 C 32;7187196;12;Consumo (comercio);YOHANNA MARLELLY AVILA TINOCO;coopfanalvelas@gmail.com;3
192;BOGOTÁ D.C.;BOGOTA, D.C.;SI;2559675043;2025-12;SI;2025-12-31;781;12/31/2025 05:00:00 PM;DICIEMBRE;2025;COOPERATIVA DEL SECTOR TECNOLOGICO DE COLOMBIA;COOPSETEC;860-027-125-1;Multiactiva sin seccion de ahorro;BOGOTÁ, D.C.;BOGOTÁ, D.C.;CRA 21 NO. 100-20 OFIC 503;2362970;24;Servicios de credito;MARIA ANA CELIA CARO PULIDO;gerencia@coopsetec.com;3
193;BOGOTÁ D.C.;BOGOTA, D.C.;SI;2559209718;2024-12;SI;2025-12-31;889;12/31/2025 05:00:00 PM;DICIEMBRE;2025;COOPERATIVA DE TRABAJADORES DE CEMENTOS CONCRETOS Y MATERIALES DE CONST.;COOPEDIA O.E.S;890-600-272-0;Aportes y credito;BOGOTÁ, D.C.;BOGOTÁ, D.C.;CR 22 69 51;;;;SIGIFREDO SOLANO TOVAR;coopedia@yoahho.com;3
194;BOGOTÁ D.C.;BOGOTA, D.C.;SI;2553603722;2025-12;SI;2025-12-31;6031;12/31/2025 05:00:00 PM;DICIEMBRE;2025;CULTURAL ANDINO S.C.;CULTURAL ANDINO S.C.;830-120-996-6;Multiactiva sin seccion de ahorro;BOGOTÁ, D.C.;BOGOTÁ, D.C.;CALLE 23 #13-80;;12;Consumo (comercio);JOSE VICENTE ROJAS MU??OZ;contable@culturalandino.co;3
195;BOYACÁ;TUNJA;SI;2541674836;2025-12;SI;2025-12-31;7787;12/31/2025 05:00:00 PM;DICIEMBRE;2025;COOPERATIVA INTEGRAL RENACER;RENACER O.C.;891-802-116-0;Aportes y credito;BOYACÁ;TUNJA;CALLE 22 N 9 27 OFC 111;7448428;24;Servicios de credito;OLGA SOFIA MORCOTE GONZALEZ;cooperativarenacertunja@gmail.com;3
196;BOGOTÁ D.C.;BOGOTA, D.C.;SI;2539763080;2025-12;SI;2025-12-31;10557;12/31/2025 05:00:00 PM;DICIEMBRE;2025;COOPERATIVA MULTIACTIVA DE PROVEEDORES Y COMERCIANTES;COOPROCO;900-032-687-1;Multiactiva sin seccion de ahorro;BOGOTÁ, D.C.;BOGOTÁ, D.C.;CR 10 16 92 OF 610;;99;Otras actividades;MARCO BENJAMIN IZQUIERDO RESTREPO;kapitalsocial@gmail.com;3
197;BOGOTÁ D.C.;BOGOTA, D.C.;SI;2514736644;2025-12;SI;2025-12-31;7;12/31/2025 05:00:00 PM;DICIEMBRE;2025;COOPERATIVA MULTIACTIVA DE DESARROLLO INTEGRAL Y SOCIAL;COOHIMAT;860-504-146-0;Multiactiva sin seccion de ahorro;BOGOTÁ, D.C.;BOGOTÁ, D.C.;CL 19 3 50 OF 2104;3365854;24;Servicios de credito;ANGEL ARMANDO GONZALEZ QUIROZ;coohimat@outloojk.com;3
198;BOYACÁ;VILLA DE LEYVA;SI;2493694023;2026-06;SI;2026-06-30;2330;06/30/2026 05:00:00 PM;JUNIO;2026;COOPERATIVA MULTIACTIVA DE LA ASOCIACION DE EXALUMNOS DEL ITINAR;COOMEXA O.C.;800-094-091-5;Multiactiva sin seccion de ahorro;BOYACÁ;VILLA DE LEYVA;CRA 9 9 61;3107632;99;Otras actividades;JOSE JAVIER VELASQUEZ MONTA?EZ;vladimircv75@gmail.com;3
199;BOGOTÁ D.C.;BOGOTA, D.C.;SI;2474920703;2025-12;SI;2025-12-31;15374;12/31/2025 05:00:00 PM;DICIEMBRE;2025;COOPERATIVA DE APORTE Y CR??DITO C.O LIFE;C.O LIFE;901-001-366-3;Especializada sin seccion de ahorro;BOGOTÁ, D.C.;BOGOTÁ, D.C.;AV CR 45 108 A 50;;24;Servicios de credito;;gerencia@scolife.com;3
200;BOGOTÁ D.C.;BOGOTA, D.C.;SI;2468050930;2025-12;SI;2025-12-31;1060;12/31/2025 05:00:00 PM;DICIEMBRE;2025;COOPERATIVA DE TRABAJADORES DE LABORATORIOS DE COSMETICOS VOGUE S.A.;COOPEVOGUE;800-105-142-1;Integral sin seccion de ahorro;BOGOTÁ, D.C.;BOGOTÁ, D.C.;DG 45 B SUR 53 52 CC MAICAO LC 2;7584763;24;Servicios de credito;SANDRA GONZALEZ SACHICA;cooperativacoopevogue@gmail.com;3
201;BOGOTÁ D.C.;BOGOTA, D.C.;SI;2415587614;2025-12;SI;2025-12-31;42;12/31/2025 05:00:00 PM;DICIEMBRE;2025;COOPEC LTDA;COOPEC LTDA.;860-512-951-7;Aportes y credito;BOGOTÁ, D.C.;BOGOTÁ, D.C.;CALLE 165 8A 50;6016684400;24;Servicios de credito;BLANCA ELSY BUSTOS SIERRA;coopec@campestre.edu.co;3
202;BOGOTÁ D.C.;BOGOTA, D.C.;SI;2415376398;2026-06;SI;2026-06-30;3965;06/30/2026 05:00:00 PM;JUNIO;2026;COOPERATIVA DE CREDITO JOYSMACOOL;JOYSMACOOL;830-012-829-1;Especializada sin seccion de ahorro;BOGOTÁ, D.C.;BOGOTÁ, D.C.;CALLE 43 # 27-17;8050472;99;Otras actividades;MARTHA CECILIA GUAZA ESCOBAR;cartera@joysmacool.com;3
203;BOGOTÁ D.C.;BOGOTA, D.C.;SI;2385874773;2025-12;SI;2025-12-31;722;12/31/2025 05:00:00 PM;DICIEMBRE;2025;COOPERATIVA MULTIAC DE SERV PARA PENSIONADOS Y RETIRADOS DE LA FUERZA PUBLICA Y DEL ESTADO LTDA;COOMANUFACTURAS LTDA;860-044-459-6;Multiactiva sin seccion de ahorro;BOGOTÁ, D.C.;BOGOTÁ, D.C.;CL 19 NO. 8-81 OF 1104;2828772;24;Servicios de credito;HERNANDO ROSERO CIFUENTES;coomanufacturasltda@yahoo.com;3
204;BOGOTÁ D.C.;BOGOTA, D.C.;SI;2382618963;2025-12;SI;2025-12-31;11588;12/31/2025 05:00:00 PM;DICIEMBRE;2025;COOPERATIVA MULTIACTIVA PRO DESARROLLO SOSTENIBLE COMULPRODES;COMULPRODES;830-039-084-9;Multiactiva sin seccion de ahorro;BOGOTÁ, D.C.;BOGOTÁ, D.C.;CALLE 18 77 51;6224021;99;Otras actividades;FABIOLA ABRIL MARTINEZ;cooperativarapiaseos@yahoo.es;3
205;BOGOTÁ D.C.;BOGOTA, D.C.;SI;2377392215;2026-06;SI;2026-06-30;2;06/30/2026 05:00:00 PM;JUNIO;2026;COOPERATIVA MULTIACTIVA DE EMPLEADOS DE BANCOS ENTIDADES FINANCIERAS Y EMPRESAS COLOMBIANAS;COOMEBEF;891-500-074-3;Multiactiva sin seccion de ahorro;BOGOTÁ, D.C.;BOGOTÁ, D.C.;CRA 14 47 39 OFICINA 01;;99;Otras actividades;FERNANDO CIFUENTES BARRERA;coomebef@hotmail.com;3
206;BOGOTÁ D.C.;BOGOTA, D.C.;SI;2335264717;2025-12;SI;2025-12-31;11769;12/31/2025 05:00:00 PM;DICIEMBRE;2025;COOPERATIVA MULTIACTIVA DE CREDITO Y SERVICIOS;COOOMULTIANDES;900-221-254-7;Multiactiva sin seccion de ahorro;BOGOTÁ, D.C.;BOGOTÁ, D.C.;CR 13 32 93 TO 3 OF 701;6940714;99;Otras actividades;NESTOR LEONEL DUARTE RINCON;gerencia@coomultiandes.com;3
207;BOGOTÁ D.C.;BOGOTA, D.C.;SI;2277591371;2025-12;SI;2025-12-31;1197;12/31/2025 05:00:00 PM;DICIEMBRE;2025;COOPERATIVA DE LA UNIVERSIDAD CENTRAL;COOPUCENTRAL;860-403-823-5;Multiactiva sin seccion de ahorro;BOGOTÁ, D.C.;BOGOTÁ, D.C.;CR 5 21 38;;24;Servicios de credito;JOSE ORLANDO RUIZ JASBON;gerencia@coopucentral.com;3
208;BOGOTÁ D.C.;BOGOTA, D.C.;SI;2252419699;2025-12;SI;2025-12-31;1205;12/31/2025 05:00:00 PM;DICIEMBRE;2025;COOPERATIVA DE TRABAJO ASOCIADO PARA SERVICIOS EDUCATIVOS;COOPTASED;800-222-102-8;Cooperativas de trabajo asociado;BOGOTÁ, D.C.;BOGOTÁ, D.C.;CALLE 128B 20 80;8807140;9;Educacion;JOSE LUIS MOLINA DURAN;larevalo@ccsj.edu.co;3
209;BOGOTÁ D.C.;BOGOTA, D.C.;SI;2233562599;2025-12;SI;2025-12-31;141;12/31/2025 05:00:00 PM;DICIEMBRE;2025;COOPERATIVA NAVAL LTDA;COONAVAL;860-029-806-6;Integral sin seccion de ahorro;BOGOTÁ, D.C.;BOGOTÁ, D.C.;AC 53 # 57-57;2215274;24;Servicios de credito;GERMAN QUIROGA;coonaval@outlook.com;3
210;BOGOTÁ D.C.;BOGOTA, D.C.;SI;2206752152;2025-12;SI;2025-12-31;901;12/31/2025 05:00:00 PM;DICIEMBRE;2025;CONVERGENTES COOPERATIVA MULTIACTIVA;CONVERGENTES;830-015-137-7;Multiactiva sin seccion de ahorro;BOGOTÁ, D.C.;BOGOTÁ, D.C.;CR 51 96 23 OF 304;6317724;24;Servicios de credito;JAIME ENRIQUE VARGAS NAVARRO;convergentes@colnodo.apc.org;3
211;BOGOTÁ D.C.;BOGOTA, D.C.;SI;2174791268;2025-12;SI;2025-12-31;9294;12/31/2025 05:00:00 PM;DICIEMBRE;2025;COOPERATIVA GRANCOLOMBIANA DE SERVICIOS NACIONALES;COOGRANCOLOMBIANA;830-127-664-8;Aportes y credito;BOGOTÁ, D.C.;BOGOTÁ, D.C.;CRA 7 N. 17-51 OF 1006;;24;Servicios de credito;CESAR AUGUSTO LEON PALACIOS;coograncolombiana@gmail.com;3
212;BOGOTÁ D.C.;BOGOTA, D.C.;SI;2153944237;2025-12;SI;2025-12-31;12241;12/31/2025 05:00:00 PM;DICIEMBRE;2025;COOPERATIVA MULTIACTIVA DE SERVICIOS PROACTIVOS;COMULSER;830-510-956-5;Multiactiva sin seccion de ahorro;BOGOTÁ, D.C.;BOGOTÁ, D.C.;AVDA CALLE 100 # 60 04 OF 304;7157914;99;Otras actividades;LUIS GUILLERMO GRACIA ARIAS;comulser@gmail.com;3
213;BOGOTÁ D.C.;BOGOTA, D.C.;SI;2131489510;2026-06;SI;2026-06-30;9675;06/30/2026 05:00:00 PM;JUNIO;2026;COOPERATIVA DE APORTE Y CREDITO COOPNOGAL;COOPNOGAL;900-059-523-1;Especializada sin seccion de ahorro;BOGOTÁ, D.C.;BOGOTÁ, D.C.;CALLE 69?14A-48;3267700;99;Otras actividades;ESPERANZA MOLINA;coopnogal@clubelnogal.com;3
214;BOYACÁ;SOGAMOSO;SI;2117917244;2025-12;SI;2025-12-31;2415;12/31/2025 05:00:00 PM;DICIEMBRE;2025;COOPERATIVA INTEGRAL CARBONIFERA BOYACENSE LTDA.;COINCARBOY LTDA;891-856-289-8;Integral sin seccion de ahorro;BOYACÁ;SOGAMOSO;DG 59 5 18;3123514;8;Mineria;SAMUEL MEDINA RINCON;coincarboyltda@gmail.com;3
215;BOYACÁ;TIBASOSA;SI;2105260160;2025-12;SI;2025-12-31;9323;12/31/2025 05:00:00 PM;DICIEMBRE;2025;COOPERATIVA INTEGRAL AGROGANADERA DE BOYACA;COBINAGA;826-003-807-7;Integral sin seccion de ahorro;BOYACÁ;TIBASOSA;SECTOR VUELTA EL ZORRO CLAN USOCHICAMOCHA;3203015763;12;Consumo (comercio);HECTOR MANUEL AILLON ROJAS;notificaciones@cobinaga.com.co;3
216;BOGOTÁ D.C.;BOGOTA, D.C.;SI;2086973831;2025-12;SI;2025-12-31;307;12/31/2025 05:00:00 PM;DICIEMBRE;2025;SOCIEDAD COOPERATIVA COOPIDRED;COOPIDRED;860-532-908-5;Multiactiva sin seccion de ahorro;BOGOTÁ, D.C.;BOGOTÁ, D.C.;CL 63 57A 06;;24;Servicios de credito;WILSON MONTA?EZ RODRIGUEZ;coopidred@gmail.com;3
217;BOGOTÁ D.C.;BOGOTA, D.C.;SI;2079858480;2025-12;SI;2025-12-31;143;12/31/2025 05:00:00 PM;DICIEMBRE;2025;COOPERATIVA MULTIACTIVA DE SERVICIOS COOPETRASAM;COOPETRASAM;860-022-384-8;Multiactiva sin seccion de ahorro;BOGOTÁ, D.C.;BOGOTÁ, D.C.;CRA 8 0 29 SUR;;24;Servicios de credito;MARIA ANGELICA PEDREROS CARDENAS;gerencia.coopetrasam@gmail.com;3
218;BOGOTÁ D.C.;BOGOTA, D.C.;SI;2072816163;2025-12;SI;2025-12-31;7943;12/31/2025 05:00:00 PM;DICIEMBRE;2025;COOPERATIVA MULTIACTIVA COOPFUR LTDA;COOPFUR LTDA;830-104-913-8;Multiactiva sin seccion de ahorro;BOGOTÁ, D.C.;BOGOTÁ, D.C.;CALLE 72 12 65 OFICINA 502;7441991;24;Servicios de credito;DIANA ALEXANDRA MELO MEDINA;coopfurltda@coopfur.com;3
219;BOGOTÁ D.C.;BOGOTA, D.C.;SI;2071003309;2025-12;SI;2025-12-31;279;12/31/2025 05:00:00 PM;DICIEMBRE;2025;COOPERATIVA EXTERNADISTAS DE COLOMBIA;COOPEXCOL LTDA;860-037-381-1;Multiactiva sin seccion de ahorro;BOGOTÁ, D.C.;BOGOTÁ, D.C.;CR 1 12 43 APTO104;2826060;99;Otras actividades;MARTHA CRISTELLY GONZALEZ SOLER;coopexcol@uexternando.edu.co;3
220;BOGOTÁ D.C.;BOGOTA, D.C.;SI;2063418976;2025-12;SI;2025-12-31;13087;12/31/2025 05:00:00 PM;DICIEMBRE;2025;COOPERATIVA ESPERANZA Y AMISTAD DE BOSA;CEAB;830-008-009-3;Multiactiva sin seccion de ahorro;BOGOTÁ, D.C.;BOGOTÁ, D.C.;CRA 76 NO 57 96;;99;Otras actividades;MARIA CRISTINA RIVERA;cooperativaceab@gmail.com;3
221;BOGOTÁ D.C.;BOGOTA, D.C.;SI;2030456813;2025-12;SI;2025-12-31;741;12/31/2025 05:00:00 PM;DICIEMBRE;2025;COOPKENNEDY;COOPKENNEDY;860-026-344-1;Multiactiva sin seccion de ahorro;BOGOTÁ, D.C.;BOGOTÁ, D.C.;CLLE 26 S 73B 37;2656210;24;Servicios de credito;PATRICIA PENAGOS CHAVES;coopkennedy@hotmail.com;3
222;BOGOTÁ D.C.;BOGOTA, D.C.;SI;2010280621;2025-12;SI;2025-12-31;13213;12/31/2025 05:00:00 PM;DICIEMBRE;2025;COOPERATIVA NACIONAL DE FOMENTO Y CREDITO SOCIAL;FONCREDISOCIAL;900-441-442-9;Multiactiva sin seccion de ahorro;BOGOTÁ, D.C.;BOGOTÁ, D.C.;CLL 57 7-11 OF 402;2355041;24;Servicios de credito;NELSON SALOMON SIERRA TORRES;focredisocial@hotmail.com;3
223;BOGOTÁ D.C.;BOGOTA, D.C.;SI;2008496198;2025-12;SI;2025-12-31;502;12/31/2025 05:00:00 PM;DICIEMBRE;2025;COOPERATIVA COOPEXBAN LIMITADA;COOPEXBAN;860-035-543-9;Multiactiva sin seccion de ahorro;BOGOTÁ, D.C.;BOGOTÁ, D.C.;AV CL 19 # 7 - 48 OF 1501;;99;Otras actividades;ELIAS BONELL PE??A;coopexban@outlook.com;3
224;BOGOTÁ D.C.;BOGOTA, D.C.;SI;1984009215;2026-06;SI;2026-06-30;15467;06/30/2026 05:00:00 PM;JUNIO;2026;COOPERATIVA DE APORTE Y CREDITO CREDISEGURIDAD;CREDI SEGURIDAD;901-194-561-0;Multiactiva sin seccion de ahorro;BOGOTÁ, D.C.;BOGOTÁ, D.C.;CL 19 3 A 37 OF 203;3313434;99;Otras actividades;;crediseguridad@gmail.com;3
225;BOYACÁ;SOGAMOSO;SI;1950862872;2025-12;SI;2025-12-31;2399;12/31/2025 05:00:00 PM;DICIEMBRE;2025;COOPERATIVA MINERA BOYACENSE LTDA.;COOMBOY LTDA.;891-800-332-6;Integral sin seccion de ahorro;BOYACÁ;SOGAMOSO;CALLE 14 9 54 OF 205;7702300;8;Mineria;MARIA OLGA DIAZ DE PUENTES;coomboy@hotmail.com;3
226;BOGOTÁ D.C.;BOGOTA, D.C.;SI;1950274799;2025-12;SI;2025-12-31;698;12/31/2025 05:00:00 PM;DICIEMBRE;2025;COOPERATIVA MILITAR MONSERRATE  LTDA.;COOMONSERRATE LTDA.;860-080-621-6;Multiactiva sin seccion de ahorro;BOGOTÁ, D.C.;BOGOTÁ, D.C.;CALLE 109 14B 60 OF 502;;99;Otras actividades;ALVARO BAEZ HERNANDEZ;coomilmon@gmail.com;3
227;BOGOTÁ D.C.;BOGOTA, D.C.;SI;1878752294;2025-12;SI;2025-12-31;12181;12/31/2025 05:00:00 PM;DICIEMBRE;2025;COOPERATIVA MULTIACTIVA DE SERVICIOS EMPRESARIALES S.C.;COOPEMPRESARIAL;900-270-550-1;Multiactiva sin seccion de ahorro;BOGOTÁ, D.C.;BOGOTÁ, D.C.;CARRERA 5 N 16 14 OFICINA 408 INTERIOR 1;6013345;24;Servicios de credito;YENY MILENA CONTRERAS CAICEDO;gerencia@coopempresarial.org.co;3
228;BOGOTÁ D.C.;BOGOTA, D.C.;SI;1865269725;2026-06;SI;2026-06-30;40;06/30/2026 05:00:00 PM;JUNIO;2026;COOPERATIVA EDITORIAL MAGISTERIO;COOPERATIVA MAGISTERIO;800-019-370-6;Cooperativas de trabajo asociado;BOGOTÁ, D.C.;BOGOTÁ, D.C.;CL 99 # 49 - 78 OFC 202;;9;Educacion;ALFREDO AYARZA BASTIDAS;buzoncontabilidad@magisterio.com.co;3
229;BOGOTÁ D.C.;BOGOTA, D.C.;SI;1846417521;2025-12;SI;2025-12-31;12426;12/31/2025 05:00:00 PM;DICIEMBRE;2025;COOPERATIVA MULTIACTIVA IGMARCOOP;IGMARCOOP;900-276-720-4;Multiactiva sin seccion de ahorro;BOGOTÁ, D.C.;BOGOTÁ, D.C.;CR 8 16 51 OF 104;3904667;12;Consumo (comercio);NADIA CAROLINA MONOSALVA;igmarcoop@gmail.com;3
230;BOGOTÁ D.C.;BOGOTA, D.C.;SI;1827461441;2025-12;SI;2025-12-31;8388;12/31/2025 05:00:00 PM;DICIEMBRE;2025;COOPERATIVA MULTIACTIVA COOPDISA;COOPDISA;830-087-665-2;Multiactiva sin seccion de ahorro;BOGOTÁ, D.C.;BOGOTÁ, D.C.;CARRERA 32 NO. 12-81;;24;Servicios de credito;ARCESIO MARIN CHICA;sdscoopdisa@saludcapital.gov.co;3
231;BOGOTÁ D.C.;BOGOTA, D.C.;SI;1820256516;2025-12;SI;2025-12-31;12499;12/31/2025 05:00:00 PM;DICIEMBRE;2025;COOPERATIVA MULTIACTIVA DE CONSUMO Y COMERCIALIZACION DEL TOLIMA;COOMERCATOL;809-007-259-7;Multiactiva sin seccion de ahorro;BOGOTÁ, D.C.;BOGOTÁ, D.C.;CRA 7 12B 84 OF 602;4766182;24;Servicios de credito;ROSALBA RODRIGUEZ ORTIZ;hola@coomercatol.com;3
232;BOGOTÁ D.C.;BOGOTA, D.C.;SI;1818937878;2024-12;SI;2025-12-31;13470;12/31/2025 05:00:00 PM;DICIEMBRE;2025;FEDERACION NACIONAL DE COOPERATIVAS DE AHORRO Y CREDITO Y FINANCIERAS DE COLOMBIA;FECOLFIN;900-530-602-2;Otras organizaciones;BOGOTÁ, D.C.;BOGOTÁ, D.C.;CARRERA 11 73-53 PISO 2;2177753;99;Otras actividades;ENRIQUE DE JESUS VALDERRAMA JARAMILLO;gerencia@fecolfin.coop;3
233;BOGOTÁ D.C.;BOGOTA, D.C.;SI;1804938362;2025-06;SI;2025-12-31;5941;12/31/2025 05:00:00 PM;DICIEMBRE;2025;COOPERATIVA MULTIACTIVA DE SERVICIOS Y SUMINISTROS;COOPIDEB;830-114-293-2;Multiactiva sin seccion de ahorro;BOGOTÁ, D.C.;BOGOTÁ, D.C.;TV 29 NO 37 21;3684391;24;Servicios de credito;PULIDO CARMEN ELSY MARTINEZ DE;coopideb@hotmail.com;3
234;BOGOTÁ D.C.;BOGOTA, D.C.;SI;1803731931;2025-12;SI;2025-12-31;9981;12/31/2025 05:00:00 PM;DICIEMBRE;2025;PRECOPERATIVA DE TRABAJO ASOCIADO SERVICIOS PROFESIONALES DE TELEVISION;SEPTV;830-144-988-0;Cooperativas de trabajo asociado;BOGOTÁ, D.C.;BOGOTÁ, D.C.;AV. CL 26 N. 85D-55 L.144;7579683;99;Otras actividades;CESAR DARIO GOMEZ CRISTANCHO;contabilidadseptv@septv.co;3
235;BOGOTÁ D.C.;BOGOTA, D.C.;SI;1771151795;2025-12;SI;2025-12-31;13725;12/31/2025 05:00:00 PM;DICIEMBRE;2025;COOPERATIVA MULTIACTIVA DE SERVICIOS INTEGRALES;COOMULSERPOL;900-613-252-5;Integral sin seccion de ahorro;BOGOTÁ, D.C.;BOGOTÁ, D.C.;CRA 7 12B 84 OF 1005 ED EL FERRO;4756182;24;Servicios de credito;ROSALBA RODRIGUEZ ORTIZ;hola@coomulserpol.com;3
236;BOGOTÁ D.C.;BOGOTA, D.C.;SI;1765775684;2025-12;SI;2025-12-31;3885;12/31/2025 05:00:00 PM;DICIEMBRE;2025;COOPERATIVA DE EMPLEADOS DEL MINISTERIO DEL INTERIOR;COOPMININTERIOR;860-039-825-9;Multiactiva sin seccion de ahorro;BOGOTÁ, D.C.;BOGOTÁ, D.C.;CRA 8 12B 31;2727400;24;Servicios de credito;JUAN CARLOS ARRIETA SANCHEZ;coopmininterior@gmail.com;3
237;BOGOTÁ D.C.;BOGOTA, D.C.;SI;1751348409;2026-06;SI;2026-06-30;453;06/30/2026 05:00:00 PM;JUNIO;2026;COOPERATIVA MULTIACTIVA MIQUELINA LTDA.;COOMIQUELINA;800-152-819-9;Multiactiva sin seccion de ahorro;BOGOTÁ, D.C.;BOGOTÁ, D.C.;CARRERA 8A 27B 29 SUR;;99;Otras actividades;MARIA ROSAURA PATI?O PAVA;coomiquelina@gmail.com;3
238;BOGOTÁ D.C.;BOGOTA, D.C.;SI;1706788008;2025-12;SI;2025-12-31;10542;12/31/2025 05:00:00 PM;DICIEMBRE;2025;COOPERATIVA MULTIACTIVA DE SERVICIOS INTEGRALES SURAMERICANA;COOPSURAMERICANA;900-092-777-2;Multiactiva sin seccion de ahorro;BOGOTÁ, D.C.;BOGOTÁ, D.C.;CRA 9 17 24;2833277;99;Otras actividades;ROMULO RESTREPO ATENCIO;coopsuramericana@gmail.com;3
239;BOGOTÁ D.C.;BOGOTA, D.C.;SI;1699891427;2025-12;SI;2025-12-31;9680;12/31/2025 05:00:00 PM;DICIEMBRE;2025;COOPERATIVA MULTIACTIVA DE FABRICANTES;COOPITEX;900-037-358-6;Multiactiva sin seccion de ahorro;BOGOTÁ, D.C.;BOGOTÁ, D.C.;CR 7 17 01 OF 9015;2433474;24;Servicios de credito;CARLOS ANTONIO PARIAS CAICEDO;coopitex@coopitex.com;3
240;BOGOTÁ D.C.;BOGOTA, D.C.;SI;1685896177;2026-06;SI;2026-06-30;599;06/30/2026 05:00:00 PM;JUNIO;2026;COOPERATIVA MULTIACTIVA  DEL BARRIO LOS ALAMOS;COALAMOS;860-040-518-4;Multiactiva sin seccion de ahorro;BOGOTÁ, D.C.;BOGOTÁ, D.C.;CL 66A 97A 15;2760025;9;Educacion;ANA MARIA CALDERON;contabilidad@coalamos.com;3
241;BOGOTÁ D.C.;BOGOTA, D.C.;SI;1674017652;2025-12;SI;2025-12-31;798;12/31/2025 05:00:00 PM;DICIEMBRE;2025;COOPERATIVA DE TRABAJADORES DE LA CLINICA NUEVA DE BTA LTDA;COOPNUEVA;800-077-025-7;Especializada sin seccion de ahorro;BOGOTÁ, D.C.;BOGOTÁ, D.C.;TRANSVERSAL 19 BIS 45D14;6018053;22;Salud;JOSE ALIRIO PULIDO CORTES;coopnueva@gmail.com;3
242;BOGOTÁ D.C.;BOGOTA, D.C.;SI;1638091328;2025-12;SI;2025-12-31;296;12/31/2025 05:00:00 PM;DICIEMBRE;2025;COOPERATIVA GRUPO ESPECIAL DE CONSUMO Y AHORRO LTDA;COOGECAR LTDA;860-526-487-1;Multiactiva sin seccion de ahorro;BOGOTÁ, D.C.;BOGOTÁ, D.C.;CRA 7 33 29 LC 11;2855596;24;Servicios de credito;JUVENCIO FRANCO DE LOS RIOS HERRERA;cartera@coogecar.co;3
243;BOGOTÁ D.C.;BOGOTA, D.C.;SI;1554318289;2025-12;SI;2025-12-31;1008;12/31/2025 05:00:00 PM;DICIEMBRE;2025;COOPERATIVA DE TRABAJADORES DE EXXONMOBIL DE COLOMBIA S A;CODEMODECO;800-172-888-2;Especializada sin seccion de ahorro;BOGOTÁ, D.C.;BOGOTÁ, D.C.;CALLE 19 N 4-74;6910605;99;Otras actividades;GILBERTO ESTUPI#AN PRADA;gerencia@codemodeco.com.co;3
244;BOGOTÁ D.C.;BOGOTA, D.C.;SI;1537541607;2025-12;SI;2025-12-31;10453;12/31/2025 05:00:00 PM;DICIEMBRE;2025;COOPERATIVA MULTIACTIVA DE SERVICIOS A COLOMBIANOS;COOPESRCOL;900-070-554-2;Multiactiva sin seccion de ahorro;BOGOTÁ, D.C.;BOGOTÁ, D.C.;CL 17  8 90 OF 202;2832450;24;Servicios de credito;ISAIAS BOTERO CARDENAS;admin@cooperativacoopsercol.com;3
245;BOYACÁ;SAMACA;SI;1527243730;2025-12;SI;2025-12-31;12475;12/31/2025 05:00:00 PM;DICIEMBRE;2025;COOPERATIVA DE AMIGOS CONDUCTORES Y MECANICOS DE SAMACA;AMICOMSA O.C;900-260-433-5;Especializada sin seccion de ahorro;BOYACÁ;SAMACÁ;CALLE 9 N 3 70;;24;Servicios de credito;JAIME CASTIBLANCO ATARA;gerencia@amicomsa.com.co;3
246;BOYACÁ;PUERTO BOYACA;SI;1494618520;2026-06;SI;2026-06-30;16012;06/30/2026 05:00:00 PM;JUNIO;2026;COOPERATIVA AGROINDUSTRIAL RIO GRANDE;RIO GRANDE;901-599-041-1;Multiactiva sin seccion de ahorro;BOYACÁ;PUERTO BOYACÁ;CR 1 8 34 - CHAMBACU;3209860;4;Agricola;;gerencia.riogrande2022@gmail.com;3
247;BOGOTÁ D.C.;BOGOTA, D.C.;SI;1483626787;2025-12;SI;2025-12-31;703;12/31/2025 05:00:00 PM;DICIEMBRE;2025;DACREDITOS SOCIEDAD COOPERATIVA LTDA;DACREDITOS S.C. LTA;800-039-869-4;Integral sin seccion de ahorro;BOGOTÁ, D.C.;BOGOTÁ, D.C.;CALLE 17 8 90 OF 201;3426254;24;Servicios de credito;SANDRA PATRICIA LINEROS FONTAL;dacreditos@hotmail.com;3
248;BOYACÁ;TUNJA;SI;1480826218;2025-12;SI;2025-12-31;12535;12/31/2025 05:00:00 PM;DICIEMBRE;2025;COOPERATIVA MULTIACTIVA DE EGRESADOS DE LA UNIVERSIDAD PEDAGOGICA Y TECNOLOGICA DE COLOMBIA;COEGRESADOS UPTC;900-048-840-2;Multiactiva sin seccion de ahorro;BOYACÁ;TUNJA;AVENIDA CENTRAL DEL NORTE 39 115 ED RA PISO 2;;24;Servicios de credito;SONIA LEONOR CASTRO QUIROGA;coegresadosuptc@gmail.com;3
249;BOGOTÁ D.C.;BOGOTA, D.C.;SI;1476412883;2025-12;SI;2025-12-31;9977;12/31/2025 05:00:00 PM;DICIEMBRE;2025;COOPERATIVA MULTIACTIVA SE SERVICIOS PARA ACTIVOS PENSIONADOS;COOMULTISER;830-146-965-0;Multiactiva sin seccion de ahorro;BOGOTÁ, D.C.;BOGOTÁ, D.C.;CR 8 16 79 OFI 308;4813392;24;Servicios de credito;JAIME BONILLA BERNAL;info@coomultiser.org;3
250;BOGOTÁ D.C.;BOGOTA, D.C.;SI;1452740264;2025-12;SI;2025-12-31;4184;12/31/2025 05:00:00 PM;DICIEMBRE;2025;COOPERATIVA DE EXFUNCIONARIOS DE IBM;COODEXI;800-143-072-6;Multiactiva sin seccion de ahorro;BOGOTÁ, D.C.;BOGOTÁ, D.C.;AV CALLE 100 NO 60-04 OFICINA 609;6135158;99;Otras actividades;GLADYS MONROY GUERRERO;coodexi1@gmail.com;3
251;BOGOTÁ D.C.;BOGOTA, D.C.;SI;1452096056;2025-12;SI;2025-12-31;12756;12/31/2025 05:00:00 PM;DICIEMBRE;2025;COOPERATIVA MULTIACTIVA COINTEMCO;COINTEMCO;900-372-978-8;Multiactiva sin seccion de ahorro;BOGOTÁ, D.C.;BOGOTÁ, D.C.;AVDA CALLE 100 # 60 04 OF 305;7157414;99;Otras actividades;JESICA ALEXANDRA HERNADEZ CAMACHO;cointemco@gmail.com;3
252;BOGOTÁ D.C.;BOGOTA, D.C.;SI;1399856586;2025-12;SI;2025-12-31;81;12/31/2025 05:00:00 PM;DICIEMBRE;2025;COOPERATIVA ESPECIALIZADA DE EDUCACION SAN LEONARDO DE TIMIZA LTDA.;COLEGIO COOPERATIVO;860-044-301-1;Multiactiva sin seccion de ahorro;BOGOTÁ, D.C.;BOGOTÁ, D.C.;CRA 72 M 40F 18  S;4514875;9;Educacion;RAMON LEE GARCIA;gerentecooptimiza@gmail.com;3
253;BOGOTÁ D.C.;BOGOTA, D.C.;SI;1390674263;2025-12;SI;2025-12-31;4265;12/31/2025 05:00:00 PM;DICIEMBRE;2025;COOPERATIVA INTEGRAL DE ARENEROS SAN JUAN BOSCO;;860-009-358-2;Integral sin seccion de ahorro;BOGOTÁ, D.C.;BOGOTÁ, D.C.;AK 7 170B 14;6711015;24;Servicios de credito;ANDRES URREGO CARDENAS;coopesanjunbosco@hotmail.com;3
254;BOGOTÁ D.C.;BOGOTA, D.C.;SI;1375536000;2025-12;SI;2025-12-31;8911;12/31/2025 05:00:00 PM;DICIEMBRE;2025;COOPERATIVA MULTIACTIVA DE SISTEMAS INTELIGENTES Y SERVICIOS ESTRATEGICOS;COOPSISE;830-505-899-3;Multiactiva sin seccion de ahorro;BOGOTÁ, D.C.;BOGOTÁ, D.C.;CALLE 97 18A-18 OF. 402;7559747;99;Otras actividades;JAIME CACERES TINJACA;coopsise44@gmail.com;3
255;BOYACÁ;SAMACA;SI;1353621806;2025-12;SI;2025-12-31;2313;12/31/2025 05:00:00 PM;DICIEMBRE;2025;COOPERATIVA CARBONERA DE SAMACA;COOPCARBON LTDA.;800-150-717-7;Especializada sin seccion de ahorro;BOYACÁ;SAMACÁ;CARRERA 2A N 2 76;;8;Mineria;LUZ ESTRELLA MOLINA BUITRAGO;coopcarbon@gmail.com;3
256;BOGOTÁ D.C.;BOGOTA, D.C.;SI;1334520354;2025-12;SI;2025-12-31;622;12/31/2025 05:00:00 PM;DICIEMBRE;2025;COOPERATIVA DE APORTES Y CREDITO TEQUENDAMA LTDA;COOPTEQUENDAMA;860-015-979-0;Multiactiva sin seccion de ahorro;BOGOTÁ, D.C.;BOGOTÁ, D.C.;CRA 7 NO 27-52 OFC 204;2843779;1;Intermediacion financiera;LEIDY JOHANA ACHURY CALDERON;cartera_cooptequendama@hotmail.com;3
257;BOGOTÁ D.C.;BOGOTA, D.C.;SI;1312279481;2025-12;SI;2025-12-31;20030;12/31/2025 05:00:00 PM;DICIEMBRE;2025;COOPERATIVA MULTIACTIVA PARA LA IGUALDAD;;901-937-534-1;Aportes y credito;BOGOTÁ, D.C.;BOGOTÁ, D.C.;AV KRA 68 BIS SUR 1 22;3102149272;;;;gerencia.igualcoop@gmail.com;3
258;BOGOTÁ D.C.;BOGOTA, D.C.;SI;1301844994;2025-12;SI;2025-12-31;6045;12/31/2025 05:00:00 PM;DICIEMBRE;2025;COOPERATIVA DE TRABAJO ASOCIADO DE DOMICILIARIOS;DOMENCOOP;830-077-787-1;Cooperativas de trabajo asociado;BOGOTÁ, D.C.;BOGOTÁ, D.C.;CL 74 27 15;2409190;10;Vivienda;ALVARO MORALES ROA;contabilidad@domencoop.com.co;3
259;BOGOTÁ D.C.;BOGOTA, D.C.;SI;1282895066;2025-12;SI;2025-12-31;918;12/31/2025 05:00:00 PM;DICIEMBRE;2025;COOPERATIVA MULTIACTIVA DEL SECTOR EL??CTRICO;COOMTREC LTDA;860-518-621-9;Multiactiva sin seccion de ahorro;BOGOTÁ, D.C.;BOGOTÁ, D.C.;CARRERA  10  23 -66  LOCAL 218;;24;Servicios de credito;NASLY DEL CARMEN ALBA BORRE;coomtrec@gmail.com;3
260;BOGOTÁ D.C.;BOGOTA, D.C.;SI;1280901830;2025-12;SI;2025-12-31;13104;12/31/2025 05:00:00 PM;DICIEMBRE;2025;COOPERATIVA MULTIACTIVA COOPCELL;COOPCELL;900-456-256-0;Multiactiva sin seccion de ahorro;BOGOTÁ, D.C.;BOGOTÁ, D.C.;CLL 54 A BIS 16 09 OF 401;2485287;24;Servicios de credito;PEDRO JOSE BERNAL NIETO;carteracoopcell@hotmail.com;3
261;BOGOTÁ D.C.;BOGOTA, D.C.;SI;1273451197;2026-06;SI;2026-06-30;12483;06/30/2026 05:00:00 PM;JUNIO;2026;COOPERATIVA DE TRABAJO ASOCIADO LEGISMED;LEGISMED;813-003-184-1;Cooperativas de trabajo asociado;BOGOTÁ, D.C.;BOGOTÁ, D.C.;CALLE 110 NO 9-25 OFICINA 804;4660309;99;Otras actividades;JOSE BALTAZAR ESPINOSA OROZCO;auxiliarcontable@coolegismed.com;3
262;BOGOTÁ D.C.;BOGOTA, D.C.;SI;1272384169;2026-06;SI;2026-06-30;12685;06/30/2026 05:00:00 PM;JUNIO;2026;COOPERATIVA SOCIAL MULTIACTIVA;COAVANZAR;900-395-213-1;Multiactiva sin seccion de ahorro;BOGOTÁ, D.C.;BOGOTÁ, D.C.;CARRERA 9 N 16-20 OFICINA 410;6014824913;1;Intermediacion financiera;MARY LUZ BAUTISTA BARRETO;csm.coavanzar@hotmail.com;3
263;BOGOTÁ D.C.;BOGOTA, D.C.;SI;1260353911;2025-12;SI;2025-12-31;578;12/31/2025 05:00:00 PM;DICIEMBRE;2025;COOPERATIVA MULTIACTIVA DE PRODUCCION Y VENTA DEL VESTIDO;COOVESTIDO;860-024-492-4;Multiactiva sin seccion de ahorro;BOGOTÁ, D.C.;BOGOTÁ, D.C.;AV JIMENEZ 8 A 44 OF 305;2430424;24;Servicios de credito;AURA ROSARIO BARRAGAN GONZALEZ;coovestido@coovestido.com;3
264;BOGOTÁ D.C.;BOGOTA, D.C.;SI;1246911797;2025-12;SI;2025-12-31;13189;12/31/2025 05:00:00 PM;DICIEMBRE;2025;COOPERATIVA MULTIACTIVA PARA EL AVANCE DE PENSIONADOS DE COLOMBIA;COOMULTIAVANCE;900-418-214-1;Multiactiva sin seccion de ahorro;BOGOTÁ, D.C.;BOGOTÁ, D.C.;CARRERA 8 N 16 79 OFICINA 504;;24;Servicios de credito;MARIA YOLANDA BONILLA BERNAL;gerencia@coomultiavance.org;3
265;BOGOTÁ D.C.;BOGOTA, D.C.;SI;1246009911;2025-12;SI;2025-12-31;5289;12/31/2025 05:00:00 PM;DICIEMBRE;2025;COOPERATIVA MULTIACTIVA COOPERACTIVA;COOPERACTIVA;805-020-264-3;Multiactiva sin seccion de ahorro;BOGOTÁ, D.C.;BOGOTÁ, D.C.;CR 51 A 4 22;;24;Servicios de credito;DIANA MIREYA AYURE BORJA;gerencia.cooperactivaactiva@gmail.com;3
266;BOGOTÁ D.C.;BOGOTA, D.C.;SI;1234682089;2025-12;SI;2025-12-31;11010;12/31/2025 05:00:00 PM;DICIEMBRE;2025;COOPERATIVA DE TRABAJADORES DEL GRUPO CORPORATIVO SCARE;CORPORATIVO-S;830-513-137-3;Especializada sin seccion de ahorro;BOGOTÁ, D.C.;BOGOTÁ, D.C.;CR 15A # 120 - 74;6196077;24;Servicios de credito;FREDY ARNULFO FONSECA GARZON;gerentecorporativos@scare.org.co;3
267;BOGOTÁ D.C.;BOGOTA, D.C.;SI;1231979256;2025-12;SI;2025-12-31;3558;12/31/2025 05:00:00 PM;DICIEMBRE;2025;COOPERATIVA NACIONAL DE SERVICIOS ALFAQUIN;COOALFAQUIN;830-003-547-1;Especializada sin seccion de ahorro;BOGOTÁ, D.C.;BOGOTÁ, D.C.;CRA 99 N 20B 34;;99;Otras actividades;LUIS CARLOS GAVIRIA JARAMILLO;administracion2@cooalfaquin.com;3
268;BOYACÁ;DUITAMA;SI;1211450931;2025-12;SI;2025-12-31;2297;12/31/2025 05:00:00 PM;DICIEMBRE;2025;CARBOPAZ LTDA;CARBOPAZ G.E.S;826-000-094-9;Integral sin seccion de ahorro;BOYACÁ;DUITAMA;AVENIDA 3 N 9 44;;8;Mineria;OMAR PUERTO VARGAS;carbopazges@gmail.com;3
269;BOGOTÁ D.C.;BOGOTA, D.C.;SI;1209814296;2025-12;SI;2025-12-31;12252;12/31/2025 05:00:00 PM;DICIEMBRE;2025;COOPERATIVA MULTIACTIVA DE ASOCIADOS SOLIDARIOS;COASOL;900-273-763-7;Multiactiva sin seccion de ahorro;BOGOTÁ, D.C.;BOGOTÁ, D.C.;CLL 57 13 27 OF 303;7946426;24;Servicios de credito;SANDRA LEIDIS BERNAL YEPES;coasol29@gmail.com;3
270;BOGOTÁ D.C.;BOGOTA, D.C.;SI;1175987209;2025-12;SI;2025-12-31;264;12/31/2025 05:00:00 PM;DICIEMBRE;2025;COOPERATIVA DE EMPLEADOS DEL COLEGIO NICOLAS ESGUERRA Y DEMAS EMPLEADOS DE LA EDUCACION OFICIAL DEL DISTRITO CAPITAL;CEINE;860-076-363-5;Especializada sin seccion de ahorro;BOGOTÁ, D.C.;BOGOTÁ, D.C.;CALLE 39 A 16 45;;24;Servicios de credito;MARIA NURY BARRERO DE REINA;gerencia@ceine.org;3
271;BOGOTÁ D.C.;BOGOTA, D.C.;SI;1164377918;2025-12;SI;2025-12-31;303;12/31/2025 05:00:00 PM;DICIEMBRE;2025;COOPERATIVA MULTIACTIVA DE SOMBREROS COLUMBUS LTDA;COOPCOLUMBUS LTDA;860-024-620-0;Multiactiva sin seccion de ahorro;BOGOTÁ, D.C.;BOGOTÁ, D.C.;CARRERA 28 # 10 - 40 LOCAL 129;3609066;12;Consumo (comercio);DUBER JOSE CEPEDA SANTAMARIA;coopcolumbus@hotmail.com;3
272;BOGOTÁ D.C.;BOGOTA, D.C.;SI;1142472953;2026-06;SI;2026-06-30;3689;06/30/2026 05:00:00 PM;JUNIO;2026;COOPERATIVA  DE DISTRIBUCIONES JCH LTDA;COODISTRIBUCIONES;800-202-433-5;Aportes y credito;BOGOTÁ, D.C.;BOGOTÁ, D.C.;CALLE 43 # 27-17;8050472;99;Otras actividades;JUAN CARLOS HUASA ESCOBAR;cartera@coodistribucioes.com;3
273;BOGOTÁ D.C.;BOGOTA, D.C.;SI;1142472819;2025-12;SI;2025-12-31;649;12/31/2025 05:00:00 PM;DICIEMBRE;2025;COOPERATIVA MULTIACTIVA JOSE MA.GUTIERREZ DE CAVIEDES Y SILVA LT;JOMAGUCOOP;800-214-449-4;Multiactiva sin seccion de ahorro;BOGOTÁ, D.C.;BOGOTÁ, D.C.;ACARRERA 24 48-53;;24;Servicios de credito;HUGO ARMANDO RMIREZ ISAZA;jomgucoop@yahoo.com;3
274;BOGOTÁ D.C.;BOGOTA, D.C.;SI;1135809189;2025-12;SI;2025-12-31;12779;12/31/2025 05:00:00 PM;DICIEMBRE;2025;COOPERATIVA MULTIACTIVA DYNASTY KIN;DYNASTY KIN;900-388-878-1;Multiactiva sin seccion de ahorro;BOGOTÁ, D.C.;BOGOTÁ, D.C.;CR 8 # 16-51;;12;Consumo (comercio);MARGARITA YOPASA;dynasty.kin@gmail.com;3
275;BOGOTÁ D.C.;BOGOTA, D.C.;SI;1131269480;2025-12;SI;2025-12-31;1246;12/31/2025 05:00:00 PM;DICIEMBRE;2025;COOPERATIVA DE EMPLEADOS DE LA CAJA NACIONAL DE PREVISION SOCIAL.;CAJANALCOOP;860-042-290-1;Especializada sin seccion de ahorro;BOGOTÁ, D.C.;BOGOTÁ, D.C.;CR 59 44 38;;99;Otras actividades;NOHORA LUCIA BALLEN DE AMAYA;cajanalcoopltda@hotmail.om;3
276;BOYACÁ;TUNJA;SI;1118452971;2026-06;SI;2026-06-30;2366;06/30/2026 05:00:00 PM;JUNIO;2026;TRABAJADORES ASOCIADOS COOPERATIVA LTDA;GESCOOP O.C.;891-800-710-7;Aportes y credito;BOYACÁ;TUNJA;CRA 8 N 20-77;6087410200;99;Otras actividades;YOLANDA BERNAL MOLANO;gescoop75@hotmail.com;3
277;BOGOTÁ D.C.;BOGOTA, D.C.;SI;1115150154;2025-12;SI;2025-12-31;2003;12/31/2025 05:00:00 PM;DICIEMBRE;2025;COOPERATIVA DE EMPLEADOS DE ALMACENES TIA S A COOEMTRATIA;COOEMTRATIA;860-030-740-0;Multiactiva sin seccion de ahorro;BOGOTÁ, D.C.;BOGOTÁ, D.C.;CALLE 10 NO 10-30 OF 402;2839157;99;Otras actividades;LUZ MARY GONZALEZ;cooemtratia6060@yahoo.es;3
278;BOGOTÁ D.C.;BOGOTA, D.C.;SI;1112439188;2025-12;SI;2025-12-31;1245;12/31/2025 05:00:00 PM;DICIEMBRE;2025;COOPERATIVA MULTIACTIVA DE TRABAJADORES DE DIDACOL S. A.;COOPRACO LTDA;860-504-099-2;Multiactiva sin seccion de ahorro;BOGOTÁ, D.C.;BOGOTÁ, D.C.;CARRERA 70 # 99 A - 00;4238300;99;Otras actividades;DORA ISABEL CASTIBLANCO AREVALO;gerenciacoopracoltda@gmail.com;3
279;BOGOTÁ D.C.;BOGOTA, D.C.;SI;1105345210;2025-12;SI;2025-12-31;8748;12/31/2025 05:00:00 PM;DICIEMBRE;2025;COOPERATIVA MULTIACTIVA FILIALCOOP;FILIALCOOP;830-501-633-3;Multiactiva sin seccion de ahorro;BOGOTÁ, D.C.;BOGOTÁ, D.C.;CARRERA 9 17-24 OFICINA 302;7942126;24;Servicios de credito;ANGELO GIOVANY VILLAMIL GONZALEZ;info@filialcoop.com;3
280;BOGOTÁ D.C.;BOGOTA, D.C.;SI;1099045180;2025-12;SI;2025-12-31;1263;12/31/2025 05:00:00 PM;DICIEMBRE;2025;COOPERATIVA MULTIACTIVA DE SUBOFICIALES DE LAS FF.MM EN RETIRO;COOPSUBMIR LTDA;860-451-231-1;Multiactiva sin seccion de ahorro;BOGOTÁ, D.C.;BOGOTÁ, D.C.;CL 44 B 53 44;4107424;24;Servicios de credito;WILLIAM HERNANDO ROZO MU??OZ;coopsubmir@yahoo.es;3
281;BOGOTÁ D.C.;BOGOTA, D.C.;SI;1091994252;2025-12;SI;2025-12-31;15135;12/31/2025 05:00:00 PM;DICIEMBRE;2025;COOPERATIVA AMERICAN VETERINARIA;COAMEVET;900-321-521-8;Especializada sin seccion de ahorro;BOGOTÁ, D.C.;BOGOTÁ, D.C.;CL 24D 40 28;2444685;99;Otras actividades;YOLANDA ELISA ARIZA BARRERA;coamevet@amervet.com;3
282;BOGOTÁ D.C.;BOGOTA, D.C.;SI;1084153755;2026-06;SI;2026-06-30;1242;06/30/2026 05:00:00 PM;JUNIO;2026;COOPERATIVA DE MARINOS DE COLOMBIA;COUNIMAR;860-044-950-1;Integral sin seccion de ahorro;BOGOTÁ, D.C.;BOGOTÁ, D.C.;Avenida Calle 19 Nro.9-01 Piso 4;5607708;99;Otras actividades;CARLOS ARTURO FERRIN CASTILLO;counimar@yahoo.com;3
283;BOGOTÁ D.C.;BOGOTA, D.C.;SI;1071432174;2025-12;SI;2025-12-31;11808;12/31/2025 05:00:00 PM;DICIEMBRE;2025;COOPERATIVA MULTIACTIVA COOPCOLOR ELECTRONICS;COOPCOLOR;900-210-266-8;Especializada sin seccion de ahorro;BOGOTÁ, D.C.;BOGOTÁ, D.C.;CALLE 16 9-37;2848598;24;Servicios de credito;FLOR MARIA RIVERA;riveraflor21@hotmail.com;3
284;BOGOTÁ D.C.;BOGOTA, D.C.;SI;992402416;2025-12;SI;2025-12-31;5513;12/31/2025 05:00:00 PM;DICIEMBRE;2025;COPERATIVA MULTIACTIVA DE CONFECCIONISTAS;COOPCONFEC;830-108-384-1;Multiactiva sin seccion de ahorro;BOGOTÁ, D.C.;BOGOTÁ, D.C.;TRANSVERSAL 59 104B 86 OFICINA 402;7943459;24;Servicios de credito;JUAN GUILLERMO CASTA??O GOMEZ;info@coopconfec.com;3
285;BOGOTÁ D.C.;BOGOTA, D.C.;SI;989851780;2025-12;SI;2025-12-31;800;12/31/2025 05:00:00 PM;DICIEMBRE;2025;COOPERATIVA ESPECIALIZADA EN COMERCIO Y CREDITO;COOPECRET;800-115-565-6;Especializada sin seccion de ahorro;BOGOTÁ, D.C.;BOGOTÁ, D.C.;avenica carrera 15 No 112-03 interior 7 local 6;6013689170;99;Otras actividades;DIEGO ALBERTO ROCHA PULIDO;info@coopecret.com.co;3
286;BOYACÁ;PAZ DE RIO;SI;987772806;2025-12;SI;2025-12-31;6253;12/31/2025 05:00:00 PM;DICIEMBRE;2025;COOPERATIVA PRODUCTORES CARBON PROVINCIA VALDERRAMA;COOPROVAL;800-145-904-8;Especializada sin seccion de ahorro;BOYACÁ;PAZ DE RÍO;KM 6 VIA PAZ DE RIO;;8;Mineria;LEOPOLDO SANCHEZ ESTUPI??AN;cooproval800@gmail.com;3
287;BOYACÁ;VILLA DE LEYVA;SI;985306549;2026-06;SI;2026-06-30;7487;06/30/2026 05:00:00 PM;JUNIO;2026;COOPERATIVA DE TRABAJADORES DEL SECTOR TURISTICO;COOTRADUR;891-801-934-4;Especializada de ahorro y credito;BOYACÁ;VILLA DE LEYVA;CARRERA 3 N 12 88;;24;Servicios de credito;JULIO EDILSON BARRAGAN MOLINA;cootradurltda@gmail.com;3
288;BOGOTÁ D.C.;BOGOTA, D.C.;SI;978216726;2025-12;SI;2025-12-31;7147;12/31/2025 05:00:00 PM;DICIEMBRE;2025;COOPERATIVA MULTIACTIVA COOPHOGAR;COOPHOGAR;830-025-917-8;Multiactiva sin seccion de ahorro;BOGOTÁ, D.C.;BOGOTÁ, D.C.;CARRERA 68 NO.80-16;;12;Consumo (comercio);JOSE ISMAEL MAHECHA CIFUENTES;info@coophogar.com;3
289;BOGOTÁ D.C.;BOGOTA, D.C.;SI;953722177;2025-12;SI;2025-12-31;1267;12/31/2025 05:00:00 PM;DICIEMBRE;2025;COOPERATIVA CORFAS DE CREDITO SOLIDARIO;CONSOLIDAR;800-156-185-6;Especializada sin seccion de ahorro;BOGOTÁ, D.C.;BOGOTÁ, D.C.;CALLE 54 10-81;;24;Servicios de credito;CLAUDIA MARIA JARAMILLO ARDILA;cconsolidar@outlook.com;3
290;BOGOTÁ D.C.;BOGOTA, D.C.;SI;950543874;2025-12;SI;2025-12-31;6417;12/31/2025 05:00:00 PM;DICIEMBRE;2025;COOPERATIVA DE OFICIALES DE LA MARINA MERCANTE COLOMBIANA LTDA;COOMMEC LTDA;860-528-739-1;Multiactiva sin seccion de ahorro;BOGOTÁ, D.C.;BOGOTÁ, D.C.;CALLE 27 A 33 17;3003182;99;Otras actividades;ROBERTO URREGO MORENO;coommecc@hotmail.com;3
291;BOGOTÁ D.C.;BOGOTA, D.C.;SI;931671727;2025-12;SI;2025-12-31;11432;12/31/2025 05:00:00 PM;DICIEMBRE;2025;COOPERATIVA MULTIACTIVA BIENES Y SERVICIOS (CONVABISER);CONVABISER;830-103-478-0;Multiactiva sin seccion de ahorro;BOGOTÁ, D.C.;BOGOTÁ, D.C.;CRA 34 A 27 A 53 SUR;;99;Otras actividades;ALBA DIELA TEJADA TORRES;multiactivaconvabiser@gmail.com;3
292;BOGOTÁ D.C.;BOGOTA, D.C.;SI;922136231;2025-12;SI;2025-12-31;6998;12/31/2025 05:00:00 PM;DICIEMBRE;2025;COOPERATIVA MULTIACTIVA DEL BARRIO RIONEGRO;COOMULBRIN  LTDA;860-041-739-1;Multiactiva sin seccion de ahorro;BOGOTÁ, D.C.;BOGOTÁ, D.C.;CL 94B 60 15;;12;Consumo (comercio);JOSE LAUREANO VALBUENA CAMARGO;coomulbrinltda@hotmail.com;3
293;BOGOTÁ D.C.;BOGOTA, D.C.;SI;918720309;2025-12;SI;2025-12-31;44;12/31/2025 05:00:00 PM;DICIEMBRE;2025;COOTRASANDINOS LTDA;COOTRANSANDINOS LTDA;860-513-471-8;Multiactiva sin seccion de ahorro;BOGOTÁ, D.C.;BOGOTÁ, D.C.;CARRERA 24 C 54 40 SUR INT 5 APTO 503;8142825;99;Otras actividades;LUZ JACQUELINE ACOSTA LEON;administracion@cootrasandinos.com.co;3
294;BOGOTÁ D.C.;BOGOTA, D.C.;SI;900987683;2025-12;SI;2025-12-31;13472;12/31/2025 05:00:00 PM;DICIEMBRE;2025;COOPERATIVA MULTIACTIVA LATINOAMERICANA DE SERVICIOS ESPECIALES;COOPSESAN;900-365-562-9;Integral sin seccion de ahorro;BOGOTÁ, D.C.;BOGOTÁ, D.C.;CL 12 B 2 43 SUR;3335339;24;Servicios de credito;MARTHA LEONOR MORA GAMEZ;cooperativacoopsesan@gmail.com;3
295;BOGOTÁ D.C.;BOGOTA, D.C.;SI;896561995;2025-12;SI;2025-12-31;177;12/31/2025 05:00:00 PM;DICIEMBRE;2025;COOPERATIVA DE CREDITO DEL FUTURO;FUTURCOOP;860-028-682-5;Especializada sin seccion de ahorro;BOGOTÁ, D.C.;BOGOTÁ, D.C.;AV CL 23 32A 51;3203468;24;Servicios de credito;DORA INES GALEANO URBANO;gerencia@futurcoop.com;3
296;BOYACÁ;DUITAMA;SI;868567634;2025-12;SI;2025-12-31;2378;12/31/2025 05:00:00 PM;DICIEMBRE;2025;COOPERATIVA DE DISTRIBUIDORES DE BOYACA;COOMULDISBOY;891-801-403-5;Multiactiva sin seccion de ahorro;BOYACÁ;DUITAMA;CRA 30 20 53;7602702;99;Otras actividades;HIRIALET ORFIDIA BERMUDEZ CORDOBA;coomuldisboy@yahoo.com.co;3
297;BOGOTÁ D.C.;BOGOTA, D.C.;SI;867748585;2025-12;SI;2025-12-31;269;12/31/2025 05:00:00 PM;DICIEMBRE;2025;COOPERATIVA DE TRABAJADORES DE AUTOMERCANTIL LTDA;COOP-MERBENZ;860-053-923-0;Multiactiva sin seccion de ahorro;BOGOTÁ, D.C.;BOGOTÁ, D.C.;CARRERA 7 120 20;5187474;99;Otras actividades;MARIA CONSUELO PE??UELA RAMIREZ;cooperativadco@divemotor.co;3
298;BOGOTÁ D.C.;BOGOTA, D.C.;SI;857799735;2025-12;SI;2025-12-31;3563;12/31/2025 05:00:00 PM;DICIEMBRE;2025;COOPERATIVA MULTIACTIVA SEGURO PORVENIR;COOPORVENIR;800-191-197-2;Multiactiva sin seccion de ahorro;BOGOTÁ, D.C.;BOGOTÁ, D.C.;CRA 10 16 -39;2836397;24;Servicios de credito;RAMIRO ORTIZ ARIAS;cooporvenir@hotmail.com;3
299;BOGOTÁ D.C.;BOGOTA, D.C.;SI;852657862;2026-06;SI;2026-06-30;13190;06/30/2026 05:00:00 PM;JUNIO;2026;COOPERATIVA MULTIACTIVA LEGAL-DENT;LEGAL-DENT;900-424-689-9;Multiactiva sin seccion de ahorro;BOGOTÁ, D.C.;BOGOTÁ, D.C.;DG 53 C 23 44 OF 201;7293295;99;Otras actividades;DAVID LEONARDO SIERRA TORRES;coop.legaldent@gmail.com;3
300;BOGOTÁ D.C.;BOGOTA, D.C.;SI;851520472;2025-12;SI;2025-12-31;5995;12/31/2025 05:00:00 PM;DICIEMBRE;2025;UNION FAMILIAR COOPERATIVA DE CREDITO Y SUMINISTROS;UNIFACOOP;830-110-513-1;Aportes y credito;BOGOTÁ, D.C.;BOGOTÁ, D.C.;CRA 24 39B 25 OFICINA 202;6016453633;12;Consumo (comercio);ELISABETH VEGA RINCON;gerencia@unifacoop.com;3
301;BOGOTÁ D.C.;BOGOTA, D.C.;SI;820956173;2025-12;SI;2025-12-31;832;12/31/2025 05:00:00 PM;DICIEMBRE;2025;COOPERATIVA CLUB LOS ARRAYANES;COOPESA;860-039-597-4;Multiactiva sin seccion de ahorro;BOGOTÁ, D.C.;BOGOTÁ, D.C.;AUTOPISTA NORTE;6760070;99;Otras actividades;ROSA AMPARO MILLAN NOSSA;cooparrayanes@yahoo.com;3
302;BOGOTÁ D.C.;BOGOTA, D.C.;SI;812655657;2025-12;SI;2025-12-31;945;12/31/2025 05:00:00 PM;DICIEMBRE;2025;COOPERATIVA DE MICROEMPRESARIOS POLICIA NACIONAL;COOMIPONAL;800-198-963-1;Multiactiva sin seccion de ahorro;BOGOTÁ, D.C.;BOGOTÁ, D.C.;CL 12B N 6 53 OF 401;6013522001;24;Servicios de credito;ALBERTINO GUTIERREZ GONZALEZ;cooperativacoomiponal@hotmail.com;3
303;BOGOTÁ D.C.;BOGOTA, D.C.;SI;808817941;2025-12;SI;2025-12-31;719;12/31/2025 05:00:00 PM;DICIEMBRE;2025;COOPERATIVA QBE SEGUROS;QBE SEGUROS;860-014-558-9;Especializada sin seccion de ahorro;BOGOTÁ, D.C.;BOGOTÁ, D.C.;CARRERA 15  73-35;5415799;24;Servicios de credito;GLORIA STELLA REYES;asociadocoopcentralymedios@gmail.com;3
304;BOYACÁ;PAZ DE RIO;SI;800179660;2026-06;SI;2026-06-30;2441;06/30/2026 05:00:00 PM;JUNIO;2026;COOPERATIVA COMERCIALIDORA BOYACENSE DE CARBONES;CBC;826-000-494-1;Multiactiva sin seccion de ahorro;BOYACÁ;PAZ DE RÍO;CRA 2 7 12;3143312;12;Consumo (comercio);MARIA FERNANDA CELY GOMEZ;xmacf@hotmail.com;3
305;BOYACÁ;VENTAQUEMADA;SI;798370062;2026-06;SI;2026-06-30;12287;06/30/2026 05:00:00 PM;JUNIO;2026;COOPERATIVA BOYACENSE INTEGRAL DE LACTEOS DE VENTAQUEMADA;COBILAC;900-124-927-1;Integral sin seccion de ahorro;BOYACÁ;VENTAQUEMADA;CRA 4  3 41;3133963;12;Consumo (comercio);SALVADOR AREVALO;xmacf@hotmail.com;3
306;BOYACÁ;SOGAMOSO;SI;794267578;2025-12;SI;2025-12-31;2381;12/31/2025 05:00:00 PM;DICIEMBRE;2025;COOPERATIVA DE SERVICIOS Y AYUDA MUTUA AGROPECUARIA;COOPSAMA LTDA.;891-856-349-1;Multiactiva sin seccion de ahorro;BOYACÁ;SOGAMOSO;CARRERA 11 CON CALLE 15 OFICINA 208;;99;Otras actividades;ALFREDO ENRIQUE ORJUELA SANTAMARIA;gerenciacoopsama@gmail.com;3
307;BOGOTÁ D.C.;BOGOTA, D.C.;SI;792416900;2025-12;SI;2025-12-31;493;12/31/2025 05:00:00 PM;DICIEMBRE;2025;COOPERATIVA MULTIACTIVA FAMILIAR COOFAM;COOFAM;800-089-052-8;Multiactiva sin seccion de ahorro;BOGOTÁ, D.C.;BOGOTÁ, D.C.;CR 21 40 91 OF 302;2322813;24;Servicios de credito;Marco Aurelio Due??as Daza;cooperativa@coofam.com.co;3
308;BOGOTÁ D.C.;BOGOTA, D.C.;SI;787455048;2025-12;SI;2025-12-31;507;12/31/2025 05:00:00 PM;DICIEMBRE;2025;COOPERATIVA EMPLEADOS JUNTA DE DEPORTES DE BOGOTA;COOPEJUDEBO LTDA;800-013-453-1;Multiactiva sin seccion de ahorro;BOGOTÁ, D.C.;BOGOTÁ, D.C.;CALLE 63 59A-06;;24;Servicios de credito;ALFONSO SANCHEZ RUIZ;amsanchezruiz@hotmail.com;3
309;BOGOTÁ D.C.;BOGOTA, D.C.;SI;786505602;2026-06;SI;2026-06-30;10858;06/30/2026 05:00:00 PM;JUNIO;2026;COOPERATIVA DE CREDITO LIZETH;COOLIZETH;900-071-050-7;Especializada sin seccion de ahorro;BOGOTÁ, D.C.;BOGOTÁ, D.C.;CRA 7 N? 17-01 OFICINA 216;2866158;99;Otras actividades;MIREYA SARMIENTO RODRIGUEZ;info@coolizeth.com;3
310;BOGOTÁ D.C.;BOGOTA, D.C.;SI;770641000;2025-12;SI;2025-12-31;12826;12/31/2025 05:00:00 PM;DICIEMBRE;2025;COOPERATIVA MULTIACTIVA CREDISURCOOP LTDA;CREDISURCOOP;900-341-311-3;Multiactiva sin seccion de ahorro;BOGOTÁ, D.C.;BOGOTÁ, D.C.;CLL 57 13 74 OF 106;3450421;24;Servicios de credito;WILLIAM JAVIER BERNAL YEPES;credisurcoop@gmail.com;3
311;BOGOTÁ D.C.;BOGOTA, D.C.;SI;769634087;2025-12;SI;2025-12-31;484;12/31/2025 05:00:00 PM;DICIEMBRE;2025;COOPERATIVA DE AHORRO, CREDITO Y SERVICIOS ESPECIALES COOPINCODEMAR;COOPINCODEMAR LTDA;860-025-934-2;Multiactiva sin seccion de ahorro;BOGOTÁ, D.C.;BOGOTÁ, D.C.;CL 44 SUR 32 25;;99;Otras actividades;FABIO SANCHEZ ALFONSO;coopincodemar@gmail.com;3
312;BOGOTÁ D.C.;BOGOTA, D.C.;SI;757804206;2025-12;SI;2025-12-31;4226;12/31/2025 05:00:00 PM;DICIEMBRE;2025;COOPERATIVA DE TRABAJADORES DE INDUSEL;COOPINDUSEL;860-073-099-1;Multiactiva sin seccion de ahorro;BOGOTÁ, D.C.;BOGOTÁ, D.C.;AUTOPISTA AC 57R SUR 67 59;7245151;24;Servicios de credito;SUSANA MOLANO JIMENEZ;coopindusel@hotmail.com;3
313;BOGOTÁ D.C.;BOGOTA, D.C.;SI;748026172;2026-06;SI;2026-06-30;4153;06/30/2026 05:00:00 PM;JUNIO;2026;COOPERATIVA MULTIACTIVA EL PORVENIR;PORVECOOP LTDA;800-149-994-9;Multiactiva sin seccion de ahorro;BOGOTÁ, D.C.;BOGOTÁ, D.C.;CALLE 11 NO. 10-11;;99;Otras actividades;ALVARO LEON DIMAS;porvecoop@hotmail.com;3
314;BOGOTÁ D.C.;BOGOTA, D.C.;SI;742677530;2026-06;SI;2026-06-30;8927;06/30/2026 05:00:00 PM;JUNIO;2026;COOPERATIVA DE CREDITO PREFINANZA LTDA;COOPREFINANZA;830-140-099-1;Especializada sin seccion de ahorro;BOGOTÁ, D.C.;BOGOTÁ, D.C.;CL 2 B 32 C 23;2771177;99;Otras actividades;JAIME FERNANDO ROJAS GONZALEZ;cooprefinanza@hotmail.com;3
315;BOGOTÁ D.C.;BOGOTA, D.C.;SI;739280708;2025-12;SI;2025-12-31;588;12/31/2025 05:00:00 PM;DICIEMBRE;2025;COOPERATIVA MULTIACTIVA DEL SISTEMA NACIONAL DEL DEPORTE;COOPNALDEPORTES;860-033-036-7;Multiactiva sin seccion de ahorro;BOGOTÁ, D.C.;BOGOTÁ, D.C.;AVDA. 68 NO. 55 65;4377100;99;Otras actividades;LIGIA ISABEL ESTUPI??AN A;cooperativa@coopnaldeporte.com;3
316;BOGOTÁ D.C.;BOGOTA, D.C.;SI;732209025;2026-06;SI;2026-06-30;10193;06/30/2026 05:00:00 PM;JUNIO;2026;COOPERATIVA DE APORTES Y CREDITO;COOPCALIDAD;830-504-250-1;Integral sin seccion de ahorro;BOGOTÁ, D.C.;BOGOTÁ, D.C.;CRA 6 11-87 OF  802;;24;Servicios de credito;FREDY FABIAN MEJIA ROCHA;coopcalidad_1@hotmail.com;3
317;BOGOTÁ D.C.;BOGOTA, D.C.;SI;731818443;2025-12;SI;2025-12-31;161;12/31/2025 05:00:00 PM;DICIEMBRE;2025;COOPERATIVA EMPLEADOS HOSPITAL SAN JOSE LTDA;COOPHSJ;860-031-632-8;Especializada sin seccion de ahorro;BOGOTÁ, D.C.;BOGOTÁ, D.C.;CLL 16 NO 4 25 OFC 401;6598064;24;Servicios de credito;LUIS FERNANDO PE??A GALEANO;coopempleadoshsj@gmail.com;3
318;BOGOTÁ D.C.;BOGOTA, D.C.;SI;730933128;2025-12;SI;2025-12-31;10572;12/31/2025 05:00:00 PM;DICIEMBRE;2025;COOPERATIVA MULTIACTIVA CHILISERVIMOS;CHILICOOP;900-044-856-1;Multiactiva sin seccion de ahorro;BOGOTÁ, D.C.;BOGOTÁ, D.C.;CRA 9 17 70 OF 203;2865602;24;Servicios de credito;CLAUDIA LENIS LENIS;chilicoop@gmail.com;3
319;BOGOTÁ D.C.;BOGOTA, D.C.;SI;729333818;2025-12;SI;2025-12-31;5375;12/31/2025 05:00:00 PM;DICIEMBRE;2025;COOPERATIVA MULTIACTIVA VERSATIL LTDA;COOVERSATIL LTDA;830-101-203-3;Multiactiva sin seccion de ahorro;BOGOTÁ, D.C.;BOGOTÁ, D.C.;CALLE 17 NO. 8-49 OF 312-313;2844794;99;Otras actividades;WILLIAM FERNANDO LOZANO ROMERO;genrencia@cooversatil.com.co;3
320;BOGOTÁ D.C.;BOGOTA, D.C.;SI;719816530;2025-12;SI;2025-12-31;5372;12/31/2025 05:00:00 PM;DICIEMBRE;2025;COOPERATIVA MULTIACTIVA NACIONAL DE SERVICIOS;COOPNALSERVI;830-101-034-5;Multiactiva sin seccion de ahorro;BOGOTÁ, D.C.;BOGOTÁ, D.C.;CALLE 17 N 10 -16 OF 707;6016755653;99;Otras actividades;YADY GABRIELA BAUTISTA RUIZ;cartera@coopnalservi.com;3
321;BOYACÁ;GAMEZA;SI;704819965;2026-06;SI;2026-06-30;2344;06/30/2026 05:00:00 PM;JUNIO;2026;COOPERATIVA DE PRODUCTORES DE CARBON DE LA PROVINCIA DE SUGAMUXI  LTDA;COPROCARBON SUGAMUXI LTDA;891-856-421-4;Integral sin seccion de ahorro;BOYACÁ;GÁMEZA;GAMEZA CENTRO;;8;Mineria;MARCELINO PARRA RINCON;cooprosugamuxi@yahoo.es;3
322;BOGOTÁ D.C.;BOGOTA, D.C.;SI;703452009;2025-12;SI;2025-12-31;15480;12/31/2025 05:00:00 PM;DICIEMBRE;2025;COOPERATIVA MULTIACTIVA CELTEC;COOPCELTEC;901-092-504-2;Multiactiva sin seccion de ahorro;BOGOTÁ, D.C.;BOGOTÁ, D.C.;AV CALLE 8 SUR 36-26;;12;Consumo (comercio);;ventasceltec@gmail.com;3
323;BOGOTÁ D.C.;BOGOTA, D.C.;SI;698612333;2025-12;SI;2025-12-31;485;12/31/2025 05:00:00 PM;DICIEMBRE;2025;COOPERATIVA MULTIACTIVA DE EXTRABAJADORES DE ARTECTO LTDA;COOMEXAR;800-178-637-8;Multiactiva sin seccion de ahorro;BOGOTÁ, D.C.;BOGOTÁ, D.C.;CR 52 B 38 A 14;;99;Otras actividades;LUIS ERNESTO ORTEGA;coomexarltda@hotmail.com;3
324;BOYACÁ;TUNJA;SI;696153758;2024-12;SI;2025-12-31;2335;12/31/2025 05:00:00 PM;DICIEMBRE;2025;COOPERATIVA MULTIACTIVA DE MILITARES EN RETIRO LTDA;COOMULMILITAR;891-801-346-3;Multiactiva sin seccion de ahorro;BOYACÁ;TUNJA;CRA 9 17   81;7401578;99;Otras actividades;LUIS MARIA JIMENEZ JIMENEZ;coopmil06@yahoo.es;3
325;BOGOTÁ D.C.;BOGOTA, D.C.;SI;682331442;2026-06;SI;2026-06-30;15425;06/30/2026 05:00:00 PM;JUNIO;2026;COOPERATIVA DE TRABAJO ASOCIADO PROYECCION PROFESIONAL;PROYECCION PROFESIONAL;901-090-741-2;Cooperativas de trabajo asociado;BOGOTÁ, D.C.;BOGOTÁ, D.C.;CL 74 20 C 4 P 6;4838491;99;Otras actividades;;facturacionelectronica@ctapp.com.co;3
326;BOGOTÁ D.C.;BOGOTA, D.C.;SI;675335270;2024-12;SI;2025-12-31;11915;12/31/2025 05:00:00 PM;DICIEMBRE;2025;COOPERATIVA DE SERVICIOS PARA EL DESARROLLO INTEGRAL;COOINTEGRAL;900-187-792-2;Multiactiva sin seccion de ahorro;BOGOTÁ, D.C.;BOGOTÁ, D.C.;CRA 78D 40 10;2649146;99;Otras actividades;LILIANA TOLEDO HEREDIA;admin@coointegral.com;3
327;BOGOTÁ D.C.;BOGOTA, D.C.;SI;671428176;2025-12;SI;2025-12-31;770;12/31/2025 05:00:00 PM;DICIEMBRE;2025;COOPERATIVA MULTIACTIVA DE COMERCIANTES GRAN SAN;COOMULGRANS;830-021-797-2;Aportes y credito;BOGOTÁ, D.C.;BOGOTÁ, D.C.;CL 10 NO 9A - 28;4028012;1;Intermediacion financiera;MARIA DEL CARMEN ALVAREZ;coomulgrans@outlook.es;3
328;BOGOTÁ D.C.;BOGOTA, D.C.;SI;662048729;2025-12;SI;2025-12-31;15086;12/31/2025 05:00:00 PM;DICIEMBRE;2025;COOPERATIVA MULTIACTIVA DE APORTE Y CREDITO COOMFUTURO;COOM-FUTURO;900-834-984-6;Multiactiva sin seccion de ahorro;BOGOTÁ, D.C.;BOGOTÁ, D.C.;CALLE 65C 84-21;;1;Intermediacion financiera;ANGELICA MARIA CARDENAS AREVALO;coomfuturo@gmail.com;3
329;BOGOTÁ D.C.;BOGOTA, D.C.;SI;646447524;2025-12;SI;2025-12-31;289;12/31/2025 05:00:00 PM;DICIEMBRE;2025;CENTRAL DE INTEGRACION Y CAPACITACION COOPERATIVA;CINCOP;860-516-999-8;18;BOGOTÁ, D.C.;BOGOTÁ, D.C.;CR 7 32 29 OF 2004;2839213;;;SALOMON SOTELO CASTIBLANCO;tesoreria@cincop.com.co;3
330;BOGOTÁ D.C.;BOGOTA, D.C.;SI;643952662;2025-12;SI;2025-12-31;4776;12/31/2025 05:00:00 PM;DICIEMBRE;2025;FEDERACION NACIONAL DE COOPERATIVAS DEL SECTOR EDUCATIVO COLOMBIANO;FENSECOOP;830-103-142-1;Organismo de representacion;BOGOTÁ, D.C.;BOGOTÁ, D.C.;CARRERA 16 39 62;3783714;3;Organismos de representacion;NESTOR GERARDO GONZALES GONZALES;fensecoop@gmail.com;3
331;BOGOTÁ D.C.;BOGOTA, D.C.;SI;643351900;2025-12;SI;2025-12-31;5177;12/31/2025 05:00:00 PM;DICIEMBRE;2025;COOPERATIVA MULTIACTIVA DE PRODUCCION Y PRESTACION DE SERVICIOS INTEGRACION SIGLO XXI;COOPINSI;830-105-533-7;Multiactiva sin seccion de ahorro;BOGOTÁ, D.C.;BOGOTÁ, D.C.;CL 36 SUR 51 B 09;;12;Consumo (comercio);ROQUE MIGUEL RODRIGUEZ RODRIGUEZ;coopinsi@hotmail.com;3
332;BOGOTÁ D.C.;BOGOTA, D.C.;SI;643331459;2024-12;SI;2025-12-31;528;12/31/2025 05:00:00 PM;DICIEMBRE;2025;COOPERATIVA MULTIACTIVA NACIONAL DE SERVICIOS COONALSER;COONALSER;800-108-924-8;Multiactiva sin seccion de ahorro;BOGOTÁ, D.C.;BOGOTÁ, D.C.;CALLE 12B 6 82  OFICINA 202;2864806;12;Consumo (comercio);LUZ MARLEN VARGAS;coonalser@hotmail.com;3
333;BOGOTÁ D.C.;BOGOTA, D.C.;SI;623390019;2025-12;SI;2025-12-31;6274;12/31/2025 05:00:00 PM;DICIEMBRE;2025;FUNDACION DE SERVICIOS COOPERATIVOS DE AUDITORIAS Y REVISORIA FISCAL;FUNSERVICOOP;830-043-690-8;Otras organizaciones;BOGOTÁ, D.C.;BOGOTÁ, D.C.;CR 7 32 29 OF 2004;2839213;99;Otras actividades;CONSTANZA RUTH RODRIGUEZ LARROTA;john.garzon@funservicoop.com;3
334;BOGOTÁ D.C.;BOGOTA, D.C.;SI;613454539;2025-12;SI;2025-12-31;3668;12/31/2025 05:00:00 PM;DICIEMBRE;2025;COOPERATIVA DE ASOCIADOS MENTSALUD;MENTSALUD;860-051-799-4;Integral sin seccion de ahorro;BOGOTÁ, D.C.;BOGOTÁ, D.C.;CL 70 81 08;2522948;24;Servicios de credito;MARIA EUGENIA VARGAS AGUIRRE;cooperativamentsalud@gmail.com;3
335;BOGOTÁ D.C.;BOGOTA, D.C.;SI;594809183;2025-12;SI;2025-12-31;15594;12/31/2025 05:00:00 PM;DICIEMBRE;2025;COOPERATIVA MULTIACTIVA DE LA UNION;COOMULTIUNION;901-261-404-1;Multiactiva sin seccion de ahorro;BOGOTÁ, D.C.;BOGOTÁ, D.C.;CARRERA 13 A #38 - 39;8056153;24;Servicios de credito;;gestioncomercial@coomultiunion.com;3
336;BOYACÁ;TUNJA;SI;594800914;2026-06;SI;2026-06-30;9878;06/30/2026 05:00:00 PM;JUNIO;2026;COOPERATIVA PARA BOYACA;COOPERAR;830-505-595-1;Especializada sin seccion de ahorro;BOYACÁ;TUNJA;CR 7 A 76 A 31 BRR MANANTIAL DEL NORTE;;24;Servicios de credito;LILIANA GERALDINNE ARIAS ARIAS;cooperarboyaca2004@hotmail.com;3
337;BOGOTÁ D.C.;BOGOTA, D.C.;SI;592107158;2025-12;SI;2025-12-31;128;12/31/2025 05:00:00 PM;DICIEMBRE;2025;SOCIEDAD COOPERATIVA AMIGOS DE PESCA BOYACA LTDA;COOPESBOY LTDA;860-514-692-3;Multiactiva sin seccion de ahorro;BOGOTÁ, D.C.;BOGOTÁ, D.C.;CR 70 65A 71 IFC 410;4302918;99;Otras actividades;CARLOS EDUARDO CASTILLO GONZALEZ;coopesboy@yahoo.com;3
338;BOGOTÁ D.C.;BOGOTA, D.C.;SI;592031840;2025-12;SI;2025-12-31;857;12/31/2025 05:00:00 PM;DICIEMBRE;2025;COOPERATIVA MULTIACTIVA DE SERVICIOS PROFESIONALES;COOPINTEGRAL;860-515-906-9;Aportes y credito;BOGOTÁ, D.C.;BOGOTÁ, D.C.;AV CR 30 26 87 LOCAL 2;2683175;99;Otras actividades;MARTHA DOLORES ZAMBRANO NOSSA;cooperativacoopintegral@gmail.com;3
339;BOGOTÁ D.C.;BOGOTA, D.C.;SI;587467044;2025-12;SI;2025-12-31;13135;12/31/2025 05:00:00 PM;DICIEMBRE;2025;COOPERATIVA MULTIACTIVA COPANEM;COPANEM;900-452-983-9;Multiactiva sin seccion de ahorro;BOGOTÁ, D.C.;BOGOTÁ, D.C.;CR 9 A 60 91 0F 402;2112626;22;Salud;OCTAVIO JESUS CARRASCAL NAVARRO;copanem@hormail.com;3
340;BOGOTÁ D.C.;BOGOTA, D.C.;SI;583902326;2024-12;SI;2025-12-31;5342;12/31/2025 05:00:00 PM;DICIEMBRE;2025;COOPERATIVA COLOMBIANA MULTIACTIVA DE SERVICIOS LTDA;COLMILCOOP LTDA;830-089-882-3;Multiactiva sin seccion de ahorro;BOGOTÁ, D.C.;BOGOTÁ, D.C.;CRA 28 11-67 OF 620;2490248;24;Servicios de credito;JUAN DE LA CRUZ RODRIGUEZ PINEDA;colmilcoop4@hotmai.com;3
341;BOGOTÁ D.C.;BOGOTA, D.C.;SI;581644041;2025-12;SI;2025-12-31;12518;12/31/2025 05:00:00 PM;DICIEMBRE;2025;COOPERATIVA MULTIACTIVA BICENTENARIO;COOBICENTENARIO;900-042-082-9;Multiactiva sin seccion de ahorro;BOGOTÁ, D.C.;BOGOTÁ, D.C.;Cra. 6 #116-71;7166905;24;Servicios de credito;ERWIN RUBIANO RUBIANO RAMIREZ;coobicentenario10@gmail.com;3
342;BOGOTÁ D.C.;BOGOTA, D.C.;SI;578533372;2025-12;SI;2025-12-31;636;12/31/2025 05:00:00 PM;DICIEMBRE;2025;COOPERATIVA MULTIACTIVA DE LA UNIVERSIDAD LIBRE LIMITADA;LIBREAHORRO LTDA.;860-047-177-8;Multiactiva sin seccion de ahorro;BOGOTÁ, D.C.;BOGOTÁ, D.C.;CR 26A 39 54;2443033;24;Servicios de credito;LUIS FERNANDO USECHE JIMENEZ;unilibrecoopltda@yahoo.es;3
343;BOGOTÁ D.C.;BOGOTA, D.C.;SI;575570527;2025-12;SI;2025-12-31;893;12/31/2025 05:00:00 PM;DICIEMBRE;2025;COOPERATIVA COOTRAPOSTALES;COOTRAPOSTALES;860-051-850-2;Aportes y credito;BOGOTÁ, D.C.;BOGOTÁ, D.C.;KR 8 # 15 80;3414807;24;Servicios de credito;PABLO ENRIQUE AMAYA GOMEZ;cootrapostales@hotmail.com;3
344;BOGOTÁ D.C.;BOGOTA, D.C.;SI;573258061;2025-12;SI;2025-12-31;327;12/31/2025 05:00:00 PM;DICIEMBRE;2025;COOPERATIVA MULTIACTIVA COPICALDAS;COOPICALDAS;830-043-283-3;Multiactiva sin seccion de ahorro;BOGOTÁ, D.C.;BOGOTÁ, D.C.;KR 13 13 17 OF 309;2833229;12;Consumo (comercio);JOSE ABACUT CARDONA ATEHORTUA;coopicaldas@coopicaldas.com;3
345;BOGOTÁ D.C.;BOGOTA, D.C.;SI;568063389;2025-12;SI;2025-12-31;13436;12/31/2025 05:00:00 PM;DICIEMBRE;2025;COOPERATIVA DE FAMILIARES Y AMIGOS DE VENECIA;COFAVE;900-476-305-9;Aportes y credito;BOGOTÁ, D.C.;BOGOTÁ, D.C.;KR 68G 39A 46 SUR;;99;Otras actividades;LUZ MARINA ORTIZ GARCIA;cofave2015@gmail.com;3
346;BOGOTÁ D.C.;BOGOTA, D.C.;SI;565959524;2025-06;SI;2025-12-31;9037;12/31/2025 05:00:00 PM;DICIEMBRE;2025;COOPERATIVA DE TRABAJO ASOCIADO POR EL FUTURO DE COLOMBIA ASFUCOL;ASFUCOL;830-117-796-9;Cooperativas de trabajo asociado;BOGOTÁ, D.C.;BOGOTÁ, D.C.;DIAG 53C 25 36;7006417;99;Otras actividades;MARIA YATE SEGURA;asfucol@gmail.com;3
347;BOGOTÁ D.C.;BOGOTA, D.C.;SI;558720204;2025-12;SI;2025-12-31;1052;12/31/2025 05:00:00 PM;DICIEMBRE;2025;COOPERATIVA DE EMPLEADOS DE LA FRAGATA;COOPFRAGATA LTDA;860-527-397-1;Multiactiva sin seccion de ahorro;BOGOTÁ, D.C.;BOGOTÁ, D.C.;CARRERA 6 33 06;;99;Otras actividades;HECTOR JULIO LOPEZ ROBLES;coopfragata1@gmail.com;3
348;BOGOTÁ D.C.;BOGOTA, D.C.;SI;558509153;2025-12;SI;2025-12-31;11801;12/31/2025 05:00:00 PM;DICIEMBRE;2025;PROMOTORA COOPERATIVA DE PROYECTOS AMBIENTALES E INDUSTRIALES ECOOP;ECOOP;900-256-897-3;Especializada sin seccion de ahorro;BOGOTÁ, D.C.;BOGOTÁ, D.C.;CL 64 7 39;3175158273;6;Silvicultura;FERNANDO RODRIGUEZ PINZON;contabilidad@cooperacionverde.com.co;3
349;BOGOTÁ D.C.;BOGOTA, D.C.;SI;548620655;2025-12;SI;2025-12-31;7800;12/31/2025 05:00:00 PM;DICIEMBRE;2025;SOCIEDAD COOPERATIVA NACIONAL DE PENSIONADOS;SONALPEN;830-071-896-7;Multiactiva sin seccion de ahorro;BOGOTÁ, D.C.;BOGOTÁ, D.C.;CRA 9 14 36 OF 405;3348927;24;Servicios de credito;EDGAR EDUARDO GONZALEZ CARRILLO;sonalpen2003@yahoo.com;3
350;BOGOTÁ D.C.;BOGOTA, D.C.;SI;542101592;2025-12;SI;2025-12-31;319;12/31/2025 05:00:00 PM;DICIEMBRE;2025;COOPERATIVA DE PENSIONADOS DEL IDU Y/O ENTIDADES DISTR.;COPIDU;830-020-831-0;Multiactiva sin seccion de ahorro;BOGOTÁ, D.C.;BOGOTÁ, D.C.;CARRERA 3 N 12 C 42;2113715;24;Servicios de credito;LUIS EFRAIN GAMBA CUBILLOS;gerencia@coopidu.com;3
351;BOGOTÁ D.C.;BOGOTA, D.C.;SI;530553866;2025-12;SI;2025-12-31;12880;12/31/2025 05:00:00 PM;DICIEMBRE;2025;SERVICRECER COOPERATIVA MULTIACTIVA;SERVICRECER;900-355-985-8;Multiactiva sin seccion de ahorro;BOGOTÁ, D.C.;BOGOTÁ, D.C.;AK 24 39B - 25 OFICINA 503;2851094;12;Consumo (comercio);FLORALBA LEONOR MENDEZ MORENO;gerencia@servicrecer.com.co;3
352;BOGOTÁ D.C.;BOGOTA, D.C.;SI;529797159;2025-12;SI;2025-12-31;6340;12/31/2025 05:00:00 PM;DICIEMBRE;2025;COOPERATIVA CENTRAL DE PRODUCCION Y DISTRIBUCION LTDA;COCENPRO LTDA;860-050-778-5;Integral sin seccion de ahorro;BOGOTÁ, D.C.;BOGOTÁ, D.C.;CRA 8 NO. 16-51 OFC 503;2833151;12;Consumo (comercio);JAIME ALBERTO GALVIS DIAZ;creditos@coocenpro.com;3
353;BOGOTÁ D.C.;BOGOTA, D.C.;SI;517183616;2024-12;SI;2025-12-31;13487;12/31/2025 05:00:00 PM;DICIEMBRE;2025;ASISTENCIA EN FINANZAS Y SERVICIOS COOPERATIVA;SERFICOOP;900-465-915-4;Multiactiva sin seccion de ahorro;BOGOTÁ, D.C.;BOGOTÁ, D.C.;CR 78 A 33 A 74 SUR BRR KENNEDY;2432392;99;Otras actividades;ALVARO HERNAN ROA ROJAS;cartera@serficoop.com;3
354;BOGOTÁ D.C.;BOGOTA, D.C.;SI;508643051;2025-12;SI;2025-12-31;313;12/31/2025 05:00:00 PM;DICIEMBRE;2025;COOPERATIVA MULTIACTIVA GRAN COLOMBIA;COOMUCOL LTDA;860-404-362-6;Multiactiva sin seccion de ahorro;BOGOTÁ, D.C.;BOGOTÁ, D.C.;CALLE 19B #33-86;2682321;99;Otras actividades;LIDA JANET AGUDELO BERNAL;lidaja02@gmail.com;3
355;BOGOTÁ D.C.;BOGOTA, D.C.;SI;508432957;2026-06;SI;2026-06-30;75;06/30/2026 05:00:00 PM;JUNIO;2026;COOPERATIVA MULTIACTIVA NACIONAL DE SERVICIOS;COOPNALPROGRESO;860-066-796-8;Multiactiva sin seccion de ahorro;BOGOTÁ, D.C.;BOGOTÁ, D.C.;CRA 5 16 14 OFC 702;;24;Servicios de credito;YEY ESTRELLA CALDERON GARZON;coopnalprogresoger@gmail.com;3
356;BOYACÁ;TUNJA;SI;504599133;2025-12;SI;2025-12-31;2355;12/31/2025 05:00:00 PM;DICIEMBRE;2025;COOPERATIVA INTEGRAL DE PROFESORES Y EMPLEADOS DEL SECTOR EDUCATIVO DE;COOMPES;891-800-584-5;Integral sin seccion de ahorro;BOYACÁ;TUNJA;CR 10 15 74 PA;7426077;99;Otras actividades;CARLOS JULIO CASTRO ESPINOSA;coompes@yahoo.es;3
357;BOGOTÁ D.C.;BOGOTA, D.C.;SI;504528566;2026-06;SI;2026-06-30;5789;06/30/2026 05:00:00 PM;JUNIO;2026;PRECOOPERATIVA DE TRABAJO ASOCIADO GEP;GEP;830-101-368-1;Cooperativas de trabajo asociado;BOGOTÁ, D.C.;BOGOTÁ, D.C.;CRA 46 N? 13-56;5090900;99;Otras actividades;CARLOS ALBERTO SANCHEZ VELASQUEZ;gerencia@gepcta.com;3
358;BOGOTÁ D.C.;BOGOTA, D.C.;SI;501629368;2025-12;SI;2025-12-31;15393;12/31/2025 05:00:00 PM;DICIEMBRE;2025;COOPERATIVA COOPATRIA;COOPATRIA;901-012-171-1;Multiactiva sin seccion de ahorro;BOGOTÁ, D.C.;BOGOTÁ, D.C.;AV CALLE 19 5 30;4214450;99;Otras actividades;;coopatria.info@gmail.com;3
359;BOGOTÁ D.C.;BOGOTA, D.C.;SI;485015151;2025-12;SI;2025-12-31;104;12/31/2025 05:00:00 PM;DICIEMBRE;2025;ADMINISTRACION COOPERATIVA DE HOSPITALES Y MUNICIPIOS DE CUNDINAMARCA;COODEMCUN LTDA;830-016-820-4;Administraciones publicas cooperativas;BOGOTÁ, D.C.;BOGOTÁ, D.C.;CLL 19 4 74  OF 1404;2839262;12;Consumo (comercio);ANDRES MAURICIO GONZALEZ CAYCEDO;aydatere27@gmail.com;1
360;BOYACÁ;MIRAFLORES;SI;484503149;2025-12;SI;2025-12-31;2357;12/31/2025 05:00:00 PM;DICIEMBRE;2025;COOPERATIVA DE TRABAJO ASOCIADO LOS VALIENTES;LOS VALIENTES CTA;800-014-397-1;Cooperativas de trabajo asociado;BOYACÁ;MIRAFLORES;VEREDA PUEBLO Y CAJON MIRAFLORES;;16;Obras publicas;NESTOR JESUS MARTINEZ VARGAS;losvalientescta@gmail.com;3
361;BOGOTÁ D.C.;BOGOTA, D.C.;SI;474441978;2025-12;SI;2025-12-31;11217;12/31/2025 05:00:00 PM;DICIEMBRE;2025;COOPERATIVA DE TRABAJO ASOCIADO CARPINCOOP;CARPINCOOP;830-095-757-5;Cooperativas de trabajo asociado;BOGOTÁ, D.C.;BOGOTÁ, D.C.;CL 12B 33 88;2472189;12;Consumo (comercio);HENRY ALEXANDER MORA GUTIERREZ;carpinteria@panamericana.com.co;3
362;BOGOTÁ D.C.;BOGOTA, D.C.;SI;464038534;2025-12;SI;2025-12-31;1194;12/31/2025 05:00:00 PM;DICIEMBRE;2025;COOPERATIVA MULTIACTIVA UNION DE COMERCIANTES PLAZA LAS FERIAS;COOPMULFERIAS;800-193-000-1;Multiactiva sin seccion de ahorro;BOGOTÁ, D.C.;BOGOTÁ, D.C.;AV KRA 69 Q 74 71;6012408219;99;Otras actividades;JOSE YESID CARO CALVERA;coopmulferias@hotmail.com;3
363;BOGOTÁ D.C.;BOGOTA, D.C.;SI;462765403;2025-12;SI;2025-12-31;15872;12/31/2025 05:00:00 PM;DICIEMBRE;2025;COOPERATIVA MULTIACTIVA DE EGRESADOS DE LA COMUNIDAD FRANCISCANA;COEFRA;901-457-840-0;Instituciones auxiliares especializadas;BOGOTÁ, D.C.;BOGOTÁ, D.C.;CR 13 A 89 38 OF 328;2575386;9;Educacion;;coefra.org@gmail.com;3
364;BOYACÁ;MONIQUIRA;SI;456827887;2025-12;SI;2025-12-31;2435;12/31/2025 05:00:00 PM;DICIEMBRE;2025;COOPERATIVA INTEGRDA DE CREDITO Y DESARROLLO CREDICOOP;CREDICOOP;800-175-739-7;Integral sin seccion de ahorro;BOYACÁ;MONIQUIRÁ;CR 6 14 29 BRR PORTALES DEL RIO;;24;Servicios de credito;BENJAMIN DE JESUS PEDROZA ARIAS;credicoopmoniquira@gmail.com;3
365;BOGOTÁ D.C.;BOGOTA, D.C.;SI;455820906;2024-12;SI;2025-12-31;6679;12/31/2025 05:00:00 PM;DICIEMBRE;2025;COOPERATIVA MULTIACTIVA DE CREDITOS Y SERVICIOS LTDA;COOCREDIL LTDA;830-055-099-6;Multiactiva sin seccion de ahorro;BOGOTÁ, D.C.;BOGOTÁ, D.C.;CRA 28 11-67;2017948;24;Servicios de credito;LILIANA RODRIGUEZ PINEDA;coocredil4@hotmail.com;3
366;BOGOTÁ D.C.;BOGOTA, D.C.;SI;450184584;2025-12;SI;2025-12-31;13206;12/31/2025 05:00:00 PM;DICIEMBRE;2025;COOPERATIVA MULTIACTIVA DE CREDITOS Y SERVICIOS COOPUNION;COOPUNION;900-405-821-4;Multiactiva sin seccion de ahorro;BOGOTÁ, D.C.;BOGOTÁ, D.C.;AV CLL 26 68 C 25;;24;Servicios de credito;JUAN PABLO SANCHEZ JARAMILLO;gerencia@coopunion.com.co;3
367;BOGOTÁ D.C.;BOGOTA, D.C.;SI;442694230;2025-12;SI;2025-12-31;16029;12/31/2025 05:00:00 PM;DICIEMBRE;2025;COOPERATIVA MULTIACTIVA PARA ACTIVOS Y PENSIONADOS DEL MINISTERIO DE DEFENSA NACIONAL;ORMOQ;901-582-638-3;Multiactiva sin seccion de ahorro;BOGOTÁ, D.C.;BOGOTÁ, D.C.;CLL 17 # 8 - 90  OFC 304;3521995;12;Consumo (comercio);;creditos@cooperactivamultiactiva.com.co;3
368;BOGOTÁ D.C.;BOGOTA, D.C.;SI;442648996;2025-12;SI;2025-12-31;345;12/31/2025 05:00:00 PM;DICIEMBRE;2025;COOPERATIVA DE AMIGOS EL REMANSO LTDA.;COOPREMANSO;800-183-283-4;Administraciones publicas cooperativas;BOGOTÁ, D.C.;BOGOTÁ, D.C.;CRA 37 16 41;;99;Otras actividades;ANTONIO ROA TORRES;coopremanso@hotmail.com;3
369;BOYACÁ;AQUITANIA;SI;438311144;2025-06;SI;2025-12-31;3995;12/31/2025 05:00:00 PM;DICIEMBRE;2025;COOPERATIVA DE TRABAJO ASOCIADO LA LIBERTAD;;800-014-469-3;Cooperativas de trabajo asociado;BOYACÁ;AQUITANIA;VEREDA TOQULLA;7754261;99;Otras actividades;JULIO EMIRO PRECIADO CHAPARRO;mlpm1965@hotmail.com;3
370;BOGOTÁ D.C.;BOGOTA, D.C.;SI;428495437;2025-12;SI;2025-12-31;8250;12/31/2025 05:00:00 PM;DICIEMBRE;2025;COOPERATIVA MULTIACTIVA NACIONAL COOMUNAL LTDA;COOMUNAL LTDA;830-086-463-7;Multiactiva sin seccion de ahorro;BOGOTÁ, D.C.;BOGOTÁ, D.C.;CR 13 61 65 OF 220;3482718;99;Otras actividades;GLORIA RODRIGUEZ CHAVEZ;coomunal_ltda@hotmail.com;3
371;BOGOTÁ D.C.;BOGOTA, D.C.;SI;426664661;2025-12;SI;2025-12-31;260;12/31/2025 05:00:00 PM;DICIEMBRE;2025;COOPERATIVA MULTIACTIVA DE VENTAS Y SERVICIOS;COOMVENSER;860-014-347-1;Multiactiva con ahorro y credito;BOGOTÁ, D.C.;BOGOTÁ, D.C.;CRA 72 # 7F -  21;;99;Otras actividades;AMANDA VELASQUEZ PATIAYO;coomvenser@hotmail.com;3
372;BOGOTÁ D.C.;BOGOTA, D.C.;SI;424387759;2025-12;SI;2025-12-31;1200;12/31/2025 05:00:00 PM;DICIEMBRE;2025;COOPERATIVA VECINOS DE MANDALAY LIMITADA.;COOVEMANDALAY LTDA;860-536-314-9;Aportes y credito;BOGOTÁ, D.C.;BOGOTÁ, D.C.;AV CRA 58 134 57 T3 INT1 APTO604;3880087;24;Servicios de credito;CARMENZA HERRERA DE LANDINEZ;espinzon212@gmail.com;3
373;BOGOTÁ D.C.;BOGOTA, D.C.;SI;414274589;2025-12;SI;2025-12-31;10509;12/31/2025 05:00:00 PM;DICIEMBRE;2025;COOPERATIVA MULTIACTIVA AGROPECUARIA COMERCIAL Y ARTESANAL LTDA;ATCA COOPERATIVA MULTIACTIVA LTDA;900-109-883-1;Multiactiva sin seccion de ahorro;BOGOTÁ, D.C.;BOGOTÁ, D.C.;CR 25 51.42 P 2;;99;Otras actividades;LUIS OMAR MOYA MALDONADO;coopatcaltda@hotmail.com;3
374;BOYACÁ;TIPACOQUE;SI;407742767;2025-12;SI;2025-12-31;2444;12/31/2025 05:00:00 PM;DICIEMBRE;2025;COOPERATIVA DE TRABAJO ASOCIADO DE TIPACOQUE;COOTRASOTIPA;800-193-690-1;Cooperativas de trabajo asociado;BOYACÁ;TIPACOQUE;TIPACOQUE CENTRO;;16;Obras publicas;RIGOBERTO ROJAS CASTRO;tipacoquecta@gmail.com;3
375;BOGOTÁ D.C.;BOGOTA, D.C.;SI;404691077;2025-12;SI;2025-12-31;350;12/31/2025 05:00:00 PM;DICIEMBRE;2025;COOPERATIVA MULTIACTIVA FAMILIAR PARA EL DESARROLLO;COOPFADER;800-233-673-9;Multiactiva sin seccion de ahorro;BOGOTÁ, D.C.;BOGOTÁ, D.C.;CR 27 24A 12;;99;Otras actividades;AYDEE RODRIGUEZ SOTO;coopfader2@yahoo.com;3
376;BOGOTÁ D.C.;BOGOTA, D.C.;SI;393733490;2025-12;SI;2025-12-31;12522;12/31/2025 05:00:00 PM;DICIEMBRE;2025;TECNOCOOP;AV 15  119A 43  OF 204;900-062-427-1;Multiactiva sin seccion de ahorro;BOGOTÁ, D.C.;BOGOTÁ, D.C.;AV 15 N 119 43 OFC 206;2142329;12;Consumo (comercio);FERNANDO VITA SUAREZ;gerencia.tecnocoop@gmail.com;3
377;BOGOTÁ D.C.;BOGOTA, D.C.;SI;390706351;2026-06;SI;2026-06-30;16480;06/30/2026 05:00:00 PM;JUNIO;2026;COOPERATIVA MULTIACTIVA DE APORTE Y CREDITO CREDISAN+;CREDISAN+;901-695-964-5;Aportes y credito;BOGOTÁ, D.C.;BOGOTÁ, D.C.;Calle 150 16 56 Local 2009;3150555837;99;Otras actividades;;contabilidad@biv.com.co;3
378;BOGOTÁ D.C.;BOGOTA, D.C.;SI;387341707;2025-12;SI;2025-12-31;11989;12/31/2025 05:00:00 PM;DICIEMBRE;2025;GERMINANDO SOCIEDAD COOPERATIVA;GSC;900-108-731-6;Multiactiva sin seccion de ahorro;BOGOTÁ, D.C.;BOGOTÁ, D.C.;CRA 4 60 A 60 AP 509;6090016;99;Otras actividades;IVAN ALEJANDRO FONSECA RINCON;germinandosc@gmail.com;3
379;BOGOTÁ D.C.;BOGOTA, D.C.;SI;386921779;2025-12;SI;2025-12-31;897;12/31/2025 05:00:00 PM;DICIEMBRE;2025;COOPERATIVA INTEGRAL DE TRABAJADORES CLUB LOS LAGARTOS LTDA.;COOTRALAG LTDA.;860-040-188-7;Especializada sin seccion de ahorro;BOGOTÁ, D.C.;BOGOTÁ, D.C.;CLL 116 # 72A - 80;;2;Servicios de ahorro y credito;SANDRA MIREYA RAMIREZ GARCIA;cootralag@gmail.com;3
380;BOGOTÁ D.C.;BOGOTA, D.C.;SI;386699281;2025-12;SI;2025-12-31;8166;12/31/2025 05:00:00 PM;DICIEMBRE;2025;FEDERACION COLOMBIANA COOPERATIVAS DE PRODUCTORES DE LECHE;FEDECOOLECHE;860-061-503-4;Otras organizaciones;BOGOTÁ, D.C.;BOGOTÁ, D.C.;CALLE 121 #7-30;6207291;4;Agricola;REINALDO VASQUEZ ARROYABE;fedeco@fedecooleche.com.co;3
381;BOGOTÁ D.C.;BOGOTA, D.C.;SI;383349795;2025-12;SI;2025-12-31;16000;12/31/2025 05:00:00 PM;DICIEMBRE;2025;FUTURO YA COOPERATIVA;FUTURO YA;901-520-861-4;Aportes y credito;BOGOTÁ, D.C.;BOGOTÁ, D.C.;CARRERA 64 100-29 OFICINA 302;8823376;24;Servicios de credito;;gerencia@futuroyacooperativa.com;3
382;BOYACÁ;SOGAMOSO;SI;380958451;2025-12;SI;2025-12-31;2350;12/31/2025 05:00:00 PM;DICIEMBRE;2025;COOPERATIVA COENSALUD LTDA;COENSALUD LTDA;800-068-796-9;Multiactiva sin seccion de ahorro;BOYACÁ;SOGAMOSO;CARRERA 12 12 28 OFICNA 209;;24;Servicios de credito;BLANCA CECILIA ESTUPI??AN DE HURTADO;coensalud@hotmail.com;3
383;BOGOTÁ D.C.;BOGOTA, D.C.;SI;380379435;2025-12;SI;2025-12-31;13665;12/31/2025 05:00:00 PM;DICIEMBRE;2025;COOPERATIVA MULTIACTIVA BOYACENCSE;COOPASBOY;860-450-958-0;Multiactiva sin seccion de ahorro;BOGOTÁ, D.C.;BOGOTÁ, D.C.;CALLE 71BSUR NO. 80I-57;;24;Servicios de credito;JOSE MAURICIO SUAREZ SEGURA;cooperativamultiactiva@gmail.com;3
384;BOGOTÁ D.C.;BOGOTA, D.C.;SI;380177050;2025-12;SI;2025-12-31;12372;12/31/2025 05:00:00 PM;DICIEMBRE;2025;COOPERATIVA MULTIACTIVA GRUPO FUTURO;GRUPO FUTURO;900-299-783-7;Multiactiva sin seccion de ahorro;BOGOTÁ, D.C.;BOGOTÁ, D.C.;CL 39 C SUR 34 D 34;;24;Servicios de credito;CLAUDIA GUTIERREZ LOMBANA;grupofuturo20@gmail.com;3
385;BOYACÁ;BOAVITA;SI;378940239;2026-06;SI;2026-06-30;3881;06/30/2026 05:00:00 PM;JUNIO;2026;COOPERATIVA INTEGRAL TRABAJADORES DE EDUCACION BOAVITA LTDA;COOINTREBO LTDA;800-086-541-4;Especializada sin seccion de ahorro;BOYACÁ;BOAVITA;PALACIO MUNICIPAL CENTRO;3102388;9;Educacion;CESAR AUGUSTO GARCIA;vladimircv75@gmail.com;3
386;BOGOTÁ D.C.;BOGOTA, D.C.;SI;374221489;2025-12;SI;2025-12-31;13348;12/31/2025 05:00:00 PM;DICIEMBRE;2025;COOPERATIVA DE PROMOCION INTEGRAL FUMDIR;FUMDIRCOOP;900-490-629-8;Integral sin seccion de ahorro;BOGOTÁ, D.C.;BOGOTÁ, D.C.;CR 90 149-73;5366655;99;Otras actividades;LINO HURTADO BOLIVAR;cfumdircoop@gmail.com;3
387;BOGOTÁ D.C.;BOGOTA, D.C.;SI;372352517;2025-12;SI;2025-12-31;15801;12/31/2025 05:00:00 PM;DICIEMBRE;2025;COOPERATIVA MULTIACTIVA DE VISIONARIOS INCOOPBA;INCOOPBA;901-457-424-1;Multiactiva sin seccion de ahorro;BOGOTÁ, D.C.;BOGOTÁ, D.C.;CLL 97 # 70C 6-9;;99;Otras actividades;;gerencia.incoopba@gmail.com;3
388;BOGOTÁ D.C.;BOGOTA, D.C.;SI;367487737;2026-06;SI;2026-06-30;8831;06/30/2026 05:00:00 PM;JUNIO;2026;COOPERATIVA INTEGRAL AMERICANA LTDA;COOINTERAMERICANA;830-130-947-8;Especializada sin seccion de ahorro;BOGOTÁ, D.C.;BOGOTÁ, D.C.;KRA 13 A 89 38 OFIC 211;8002141;99;Otras actividades;LUZ DARY BEJARANO CORTES;coointeramericana2018@gmail.com;3
389;BOGOTÁ D.C.;BOGOTA, D.C.;SI;365344159;2026-06;SI;2026-06-30;4246;06/30/2026 05:00:00 PM;JUNIO;2026;COOPERATIVA BOGOTANA DE REPRESENTACIONES COOBOGOTANA;COOBOGOTANA;800-220-382-4;Especializada sin seccion de ahorro;BOGOTÁ, D.C.;BOGOTÁ, D.C.;AVENIDA JIMENEZ # 8 A - 44 OFICINA 814;2432048;99;Otras actividades;JULIO ALBERTO SERRANO MORA;coopebogotana@hotmail.com;3
390;BOGOTÁ D.C.;BOGOTA, D.C.;SI;364893927;2025-12;SI;2025-12-31;11505;12/31/2025 05:00:00 PM;DICIEMBRE;2025;COPERATIVA DE PERSONAS CON DISCAPACIDAD;COOFIDES;900-179-937-1;Multiactiva sin seccion de ahorro;BOGOTÁ, D.C.;BOGOTÁ, D.C.;CALLE 24 B 74 A 36;;99;Otras actividades;JOSE DARIO PEDROZA GONZALEZ;coofides@gmail.com;3
391;BOGOTÁ D.C.;BOGOTA, D.C.;SI;364071534;2025-12;SI;2025-12-31;422;12/31/2025 05:00:00 PM;DICIEMBRE;2025;COOPERATIVA DE TRABAJO ASOCIADO ESTIBADORES DE VENECIA;COESTIVEN CTA.;830-020-507-9;Cooperativas de trabajo asociado;BOGOTÁ, D.C.;BOGOTÁ, D.C.;DG 49 SUR 57 A 95;;99;Otras actividades;ALEXANDER LOAIZA;coopcoestivencta@gmail.com;3
392;BOGOTÁ D.C.;BOGOTA, D.C.;SI;359738302;2025-12;SI;2025-12-31;861;12/31/2025 05:00:00 PM;DICIEMBRE;2025;COOPERATIVA MULTIACTIVA SOCIAL Y DE SERVICIOS LTDA;COOPSERVI LTDA;800-245-455-1;Cooperativas de trabajo asociado;BOGOTÁ, D.C.;BOGOTÁ, D.C.;CL 17 NO. 10-16 OF 602;2863024;24;Servicios de credito;LUIS ALEJANDRO MONDRAGON HERRERA;coopserviltda@yahoo.com;3
393;BOGOTÁ D.C.;BOGOTA, D.C.;SI;358152741;2025-12;SI;2025-12-31;5350;12/31/2025 05:00:00 PM;DICIEMBRE;2025;COOPERATIVA MULTIACTIVA DE SERVICIOS SOCIALES Y DE CREDITO;COOPMULSERVICIOS;830-094-424-3;Multiactiva sin seccion de ahorro;BOGOTÁ, D.C.;BOGOTÁ, D.C.;CL 39 SUR 53 21 OF 201;4000834;24;Servicios de credito;CARLOS ORLANDO GARCIA RODRIGUEZ;coopmulservicios@hotmail.com;3
394;BOGOTÁ D.C.;BOGOTA, D.C.;SI;354921022;2025-12;SI;2025-12-31;12001;12/31/2025 05:00:00 PM;DICIEMBRE;2025;COOPERATIVA MULTIACTIVA DE PROGRESO Y DESARROLLOOL PARA PERSONAL ACTIVO PENSIONADO Y RETIRADO DE LA FUERZA PUBLICA Y DEL ESTADO;COOPRODESAR;900-240-404-6;Especializada sin seccion de ahorro;BOGOTÁ, D.C.;BOGOTÁ, D.C.;CL 19 NO 8-81 OFC 702;2430126;12;Consumo (comercio);MAGNOLIA ANDREA ROBAYO ROMERO;cooprodesar@gmail.com;3
395;BOYACÁ;TUNJA;SI;353037319;2025-12;SI;2025-12-31;15216;12/31/2025 05:00:00 PM;DICIEMBRE;2025;COOPERATIVA MULTIACTIVA COONFIANZA OC;COONFIANZA OC;900-933-661-7;Multiactiva sin seccion de ahorro;BOYACÁ;TUNJA;CALLE 5 3 18;;24;Servicios de credito;DAVID CAMILO GAONA AVILA;coonfianzaoc@hotmail.com;3
396;BOGOTÁ D.C.;BOGOTA, D.C.;SI;351929438;2025-12;SI;2025-12-31;730;12/31/2025 05:00:00 PM;DICIEMBRE;2025;COOPERATIVA DE TRABAJADORES Y  EXTRABAJADORES DE CONSORCIO METALURGICO NAL  LTDA;COTRACOLMENA;860-014-267-0;Multiactiva sin seccion de ahorro;BOGOTÁ, D.C.;BOGOTÁ, D.C.;KR 52 C 49 30 SUR;2303669;24;Servicios de credito;JEREMIAS ORDO??EZ ORTIZ;cootracolmena@gmail.com;3
397;BOGOTÁ D.C.;BOGOTA, D.C.;SI;351313013;2025-12;SI;2025-12-31;9040;12/31/2025 05:00:00 PM;DICIEMBRE;2025;COOPERATIVA MULTIACTIVA NACIONAL COMUNITARIA;COOPFAMI;830-143-496-4;Multiactiva sin seccion de ahorro;BOGOTÁ, D.C.;BOGOTÁ, D.C.;CR 13 NO 32 93 TO 3 OF 506;6758353;24;Servicios de credito;MARIA EUGENIA MATEUS SANDOVAL;coopfami@hotmail.com;3
398;BOGOTÁ D.C.;BOGOTA, D.C.;SI;346035482;2025-12;SI;2025-12-31;11561;12/31/2025 05:00:00 PM;DICIEMBRE;2025;COOPERATIVA MULTIACTIVA SOLIDARIA DE COLOMBIA;COOMUSOL;900-144-042-2;Multiactiva sin seccion de ahorro;BOGOTÁ, D.C.;BOGOTÁ, D.C.;CRA 8  16 - 21 OF  402;2831569;99;Otras actividades;JORGE ENRIQUE MONTA??A CRUZ;coomusolcolombia@hotmail.com;3
399;BOYACÁ;COMBITA;SI;339240158;2025-12;SI;2025-12-31;2329;12/31/2025 05:00:00 PM;DICIEMBRE;2025;COOPERATIVA DE TRABAJO ASOCIADO LOS FUNDADORES;LOS FUNDADORES CTA;891-801-864-7;Cooperativas de trabajo asociado;BOYACÁ;CÓMBITA;VEREDA SAN ISIDRO COMBITA;;16;Obras publicas;VICTOR MANUEL FONSECA SANCHEZ;losfundadorescta@gmail.com;3
400;BOGOTÁ D.C.;BOGOTA, D.C.;SI;337354138;2025-12;SI;2025-12-31;5368;12/31/2025 05:00:00 PM;DICIEMBRE;2025;COOPERATIVA DE CREDITOS Y SERVICIOS SANDIEGO LTDA;COOPSANDIEGO LTDA;830-100-748-0;Integral sin seccion de ahorro;BOGOTÁ, D.C.;BOGOTÁ, D.C.;CALLE 59 NO. 13 -52;2354701;12;Consumo (comercio);PEDRO PANQUEVA MOGOLLON;coopsandiego@hotmail.com;3
401;BOYACÁ;SANTA ROSA DE VITERBO;SI;333728692;2025-12;SI;2025-12-31;2437;12/31/2025 05:00:00 PM;DICIEMBRE;2025;COOPERATIVA EL PROGRESO;N;891-801-863-1;Cooperativas de trabajo asociado;BOYACÁ;SANTA ROSA DE VITERBO;VEREDA EL PORTACHUELO SANTA ROSA DE VITERBO;;19;Aseo mantenimiento y reciclaje;GABRIEL COLMENARES CARDENAS;elprogresocta@gmail.com;3
402;BOGOTÁ D.C.;BOGOTA, D.C.;SI;333470869;2025-12;SI;2025-12-31;4911;12/31/2025 05:00:00 PM;DICIEMBRE;2025;COOPERATIVA DE PADRES DE FAMILIA Y VINCULADOS CON EL COLEGIO SANTAMARIA;COOPSANTAMARIA;830-110-628-8;Especializada sin seccion de ahorro;BOGOTÁ, D.C.;BOGOTÁ, D.C.;CRA 11 185 B 17;;99;Otras actividades;MONICA TATIANA MOYA ROBAYO;coopsantamaria@csm.edu.co;3
403;BOGOTÁ D.C.;BOGOTA, D.C.;SI;332802530;2025-12;SI;2025-12-31;452;12/31/2025 05:00:00 PM;DICIEMBRE;2025;COOPERATIVA DE DISTRIBUCION DE PRODUCTOS FAMILIARES;COODISFAM LTDA;860-055-885-8;Especializada sin seccion de ahorro;BOGOTÁ, D.C.;BOGOTÁ, D.C.;CALL 17 8 49 OFICINA 410 411;2814347;24;Servicios de credito;MIGUEL ANTONIO REY GONZALEZ;coodisfam@hotmail.com;3
404;BOYACÁ;PUERTO BOYACA;SI;329168713;2025-12;SI;2025-12-31;8808;12/31/2025 05:00:00 PM;DICIEMBRE;2025;COOPERATIVA DE TRABAJO ASOCIADO LA PAZ LIMITADA;COOTRAPAZ CTA;800-181-658-3;Cooperativas de trabajo asociado;BOYACÁ;PUERTO BOYACÁ;VDA LA BALASTERA;;19;Aseo mantenimiento y reciclaje;OMAR BERNAL GONZALES;cooperativalapaz2017@gmail.com;3
405;BOGOTÁ D.C.;BOGOTA, D.C.;SI;326935912;2025-12;SI;2025-12-31;8201;12/31/2025 05:00:00 PM;DICIEMBRE;2025;COONTROL COOPERATIVA FAMILIAR;COONTROL;830-024-841-2;Especializada sin seccion de ahorro;BOGOTÁ, D.C.;BOGOTÁ, D.C.;CL 137 B 57 A 34;6016178;99;Otras actividades;JOSE MIGUEL ROJAS CRUZ;coontrolcooperativa@hotmail.com;3
406;BOYACÁ;CHIQUINQUIRA;SI;326642681;2025-12;SI;2025-12-31;6878;12/31/2025 05:00:00 PM;DICIEMBRE;2025;COOPERATIVA DE TRABAJO ASOCIADO LA ESMERALDA;LA ESMERALDA CTA;820-001-579-1;Cooperativas de trabajo asociado;BOYACÁ;CHIQUINQUIRÁ;CR 5 14 59 CHIQUINQUIRA;;16;Obras publicas;EDGAR JULIO ROCHA RONCANCIO;esmeraldacta@gmail.com;3
407;BOGOTÁ D.C.;BOGOTA, D.C.;SI;324079102;2025-12;SI;2025-12-31;9192;12/31/2025 05:00:00 PM;DICIEMBRE;2025;COOPERATIVA DE ASESORIA JURIDICA Y DE SEGURIDAD POR INTERNET;CODENET LTDA;830-133-303-9;Multiactiva sin seccion de ahorro;BOGOTÁ, D.C.;BOGOTÁ, D.C.;CALLE 95 15 47 OF 405;3129398;99;Otras actividades;ESPERANZA CHARRY ABRIL;atencionalcliente@codenet.com.co;3
408;BOGOTÁ D.C.;BOGOTA, D.C.;SI;323884766;2025-12;SI;2025-12-31;13153;12/31/2025 05:00:00 PM;DICIEMBRE;2025;COOPERATIVA MULTIACTIVA DE SOLIDARIDAD Y SERVICIOS SOCIALES;COOPSOLISERV SC;900-409-303-9;Multiactiva sin seccion de ahorro;BOGOTÁ, D.C.;BOGOTÁ, D.C.;CL 44 67 A 55 PI 2;2229475;99;Otras actividades;CLARIBEL CUBILLOS MANCIPE;coopsoli_contabilidad@hotmail.com;3
409;BOGOTÁ D.C.;BOGOTA, D.C.;SI;320550143;2025-12;SI;2025-12-31;3794;12/31/2025 05:00:00 PM;DICIEMBRE;2025;COOPERATIVA MULTIACTIVA REDIL;REDIL;830-018-692-7;Multiactiva sin seccion de ahorro;BOGOTÁ, D.C.;BOGOTÁ, D.C.;CRA 14A N 102 - 12;;24;Servicios de credito;CAMILO ALFREDO OSSA OROZCO;gerencia@cooperativaredil.com;2
410;BOGOTÁ D.C.;BOGOTA, D.C.;SI;317238665;2025-12;SI;2025-12-31;1127;12/31/2025 05:00:00 PM;DICIEMBRE;2025;COOPERATIVA NACIONAL DE PENSIONADOS EMPLEADOS PETROLEROS Y AFINES LTDA;COOANDEPETROL;860-071-889-4;Multiactiva sin seccion de ahorro;BOGOTÁ, D.C.;BOGOTÁ, D.C.;KR 10  18 -44 PISO 4;9401009;24;Servicios de credito;MAGALLY MARIA TAPIAS CARRASCAL;cooandepetrol@hotmail.com;3
411;BOGOTÁ D.C.;BOGOTA, D.C.;SI;314955855;2025-12;SI;2025-12-31;1114;12/31/2025 05:00:00 PM;DICIEMBRE;2025;SOCIEDAD COOPERATIVA LA CONFIANZA LTDA;COOPCONFIANZA;800-014-892-6;Multiactiva sin seccion de ahorro;BOGOTÁ, D.C.;BOGOTÁ, D.C.;CRA 5 ESTE  28 28 SUR;5992900;24;Servicios de credito;EDISON MAURICIO DIAZ RAMIREZ;coopconfianzaltda@gmail.com;3
412;BOGOTÁ D.C.;BOGOTA, D.C.;SI;305736148;2025-12;SI;2025-12-31;3783;12/31/2025 05:00:00 PM;DICIEMBRE;2025;COOPERATIVA DE INGENIEROS ELECTRICISTAS;COINGEL;830-002-113-4;Cooperativas de trabajo asociado;BOGOTÁ, D.C.;BOGOTÁ, D.C.;CALLE 49A 27A 24;4340971;13;Industria;HECTOR IVAN ARDILA DIAZ;coingel@gmail.com;3
413;BOGOTÁ D.C.;BOGOTA, D.C.;SI;304714530;2026-06;SI;2026-06-30;15295;06/30/2026 05:00:00 PM;JUNIO;2026;COOPERATIVA MULTIACTIVA MENTES DIFERENTES;COOPMENTE;900-679-836-1;Multiactiva sin seccion de ahorro;BOGOTÁ, D.C.;BOGOTÁ, D.C.;TRV 27A 53B-84;8053250;99;Otras actividades;;coopmente@gmail.com;3
414;BOGOTÁ D.C.;BOGOTA, D.C.;SI;303694657;2025-12;SI;2025-12-31;3887;12/31/2025 05:00:00 PM;DICIEMBRE;2025;COOPERATIVA MULTIACTIVA GAITAN FERIAS;GAFE;860-042-478-7;Multiactiva con ahorro y credito;BOGOTÁ, D.C.;BOGOTÁ, D.C.;CRA 69B 74B-24;;20;Inmobiliarias y de alquiler;JORGE ARTURO GONZALEZ RIA??O;coopgafe@hotmail.com;3
415;BOYACÁ;CIENEGA;SI;288317041;2025-12;SI;2025-12-31;3691;12/31/2025 05:00:00 PM;DICIEMBRE;2025;PRECOOPERATIVA UNIGASPAIS LTDA;UNIGAS PAIS;820-002-796-8;Cooperativas de trabajo asociado;BOYACÁ;CIÉNEGA;VDA CEBADAL;;16;Obras publicas;GABRIEL COLMENARES CARDENAS;progresocta@gmail.com;3
416;BOGOTÁ D.C.;BOGOTA, D.C.;SI;288097500;2026-06;SI;2026-06-30;15591;06/30/2026 05:00:00 PM;JUNIO;2026;COOPERATIVA MULTIACTIVA CURSO DE OFICIALES CENTENARIO DEL HIMNO NACIONAL;CODEHIN;900-601-451-2;Aportes y credito;BOGOTÁ, D.C.;BOGOTÁ, D.C.;CRA 72A #51-72;;;;;centenariodelhimno@gmail.com;2
417;BOYACÁ;TUNJA;SI;279945130;2025-12;SI;2025-12-31;12476;12/31/2025 05:00:00 PM;DICIEMBRE;2025;ORGANIZACION COOPERATIVA COOPACTIVA;COOPACTIVA;900-301-150-3;Especializada sin seccion de ahorro;BOYACÁ;TUNJA;CRA 3E 11 20;;24;Servicios de credito;JESUS MARIA OCHOA DIAZ;gerente.coopactiva@veolia.com;3
418;BOYACÁ;OTANCHE;SI;278347147;2025-12;SI;2025-12-31;7352;12/31/2025 05:00:00 PM;DICIEMBRE;2025;COOPERATIVA DE TRABAJO ASOCIADO EL LAUREL;COOTRALAUREL;820-002-515-5;Cooperativas de trabajo asociado;BOYACÁ;OTANCHE;VDA LAUREL U OASIS;;19;Aseo mantenimiento y reciclaje;RAUL LANCHEROS OSORIO;rubendarioavila83@gmail.com;3
419;BOGOTÁ D.C.;BOGOTA, D.C.;SI;278346509;2025-12;SI;2025-12-31;13798;12/31/2025 05:00:00 PM;DICIEMBRE;2025;UNI??N COOPERATIVA DE INNOVADORES;WECOOP;900-761-949-3;Multiactiva sin seccion de ahorro;BOGOTÁ, D.C.;BOGOTÁ, D.C.;CR 59 44 38;;24;Servicios de credito;GUSTAVO HERNANDEZ DIAZ;josfer08@yahoo.es;3
420;BOYACÁ;SOGAMOSO;SI;277439211;2025-12;SI;2025-12-31;2264;12/31/2025 05:00:00 PM;DICIEMBRE;2025;COOPERATIVA DE TRABAJO ASOCIADO LOS CONQUISTADORES;LOS CONQUISTADORES CTA;800-182-017-7;Cooperativas de trabajo asociado;BOYACÁ;SOGAMOSO;VEREDA EL CRUCERO SOGAMOSO;;16;Obras publicas;LUIS FRANCISCO AGUIRRE ALARCON;conquistadorescta@gmail.com;3
421;BOGOTÁ D.C.;BOGOTA, D.C.;SI;275776333;2025-12;SI;2025-12-31;7899;12/31/2025 05:00:00 PM;DICIEMBRE;2025;PRECOOPERATIVA DE TRABAJO ASOCIADO DE PRODUCTIVIDAD Y DESARROLLO;PRODES;830-101-205-8;Cooperativas de trabajo asociado;BOGOTÁ, D.C.;BOGOTÁ, D.C.;CRA 46 13 56;5190900;99;Otras actividades;GUSTAVO MONTA??EZ NI??O;georgear82@hotmail.com;3
422;BOYACÁ;SABOYA;SI;271005920;2025-12;SI;2025-12-31;10880;12/31/2025 05:00:00 PM;DICIEMBRE;2025;COOPERATIVA DE TRABAJO ASOCIADO LA ESPERANZA;LA ESPERANZA CTA;820-004-748-3;Cooperativas de trabajo asociado;BOYACÁ;SABOYÁ;SABOYA CENTRO;;16;Obras publicas;GERMAN RAMIRO QUIROGA FAJARDO;laesperanzasaboya@gmail.com;3
423;BOGOTÁ D.C.;BOGOTA, D.C.;SI;263351498;2025-12;SI;2025-12-31;8289;12/31/2025 05:00:00 PM;DICIEMBRE;2025;SERVICIOS COOPERATIVOS MULTIACTIVOS LTDA;MULSERCOOP LTDA;830-092-006-9;Multiactiva sin seccion de ahorro;BOGOTÁ, D.C.;BOGOTÁ, D.C.;AC 19 8-81 OF 1104;2841613;24;Servicios de credito;HERNANDO ROSERO;mulsercoopltda@hotmail.com;3
424;BOGOTÁ D.C.;BOGOTA, D.C.;SI;263058253;2025-12;SI;2025-12-31;11733;12/31/2025 05:00:00 PM;DICIEMBRE;2025;COOPERATIVA MULTIACTIVA DE SERVICIOCOSTA MAR;COOPMAR;900-241-611-9;Especializada sin seccion de ahorro;BOGOTÁ, D.C.;BOGOTÁ, D.C.;CRA 37 1 F 63;;24;Servicios de credito;CARLOS PEREZ;ventascoopmar@gmail.com;3
425;BOGOTÁ D.C.;BOGOTA, D.C.;SI;261174454;2025-12;SI;2025-12-31;13378;12/31/2025 05:00:00 PM;DICIEMBRE;2025;COOPERATIVA DE SERVIICOS AL SUBSECTOR PANELERO;PANELCOOP;900-300-022-4;Especializada sin seccion de ahorro;BOGOTÁ, D.C.;BOGOTÁ, D.C.;CR 49B  91 48;6222066;24;Servicios de credito;JUAN MANUEL LASSO CARDOSO;panelcoop@gmail.com;3
426;BOYACÁ;SABOYA;SI;260523293;2025-12;SI;2025-12-31;10881;12/31/2025 05:00:00 PM;DICIEMBRE;2025;COOPERATIVA DE TRABAJO ASOCIADO NUEVO HORIZONTE;NUEVO HORIZONTE SABOYA CTA;820-004-847-4;Cooperativas de trabajo asociado;BOYACÁ;SABOYÁ;CL 7 9 36 SABOYA;;16;Obras publicas;OLIVERIO GARCIA ZAMBRANO;nuevohorizontesaboyacta@gmail.com;3
427;BOGOTÁ D.C.;BOGOTA, D.C.;SI;259155305;2026-06;SI;2026-06-30;227;06/30/2026 05:00:00 PM;JUNIO;2026;COOPERATIVA MULTIACTIVA ACRELLANO  LTDA.;ACRELLANO;860-043-945-1;Multiactiva sin seccion de ahorro;BOGOTÁ, D.C.;BOGOTÁ, D.C.;cl 121 47 22;5193135;99;Otras actividades;JOAQUIN OVIDIO COY SUAREZ;coop.acrellano@gmail.com;3
428;BOGOTÁ D.C.;BOGOTA, D.C.;SI;251319680;2025-12;SI;2025-12-31;5972;12/31/2025 05:00:00 PM;DICIEMBRE;2025;COLOMBIANA DE SERVICIOS SOCIEDAD COOPERATIVA;COLSERVICOOP S.C.;830-129-677-2;Integral sin seccion de ahorro;BOGOTÁ, D.C.;BOGOTÁ, D.C.;CARRERA 9 # 17 - 24 OF 804;2846874;24;Servicios de credito;SANDRA PATRICIA LINEROS FONTAL;cartera@colservicoop.org.co;3
429;BOGOTÁ D.C.;BOGOTA, D.C.;SI;250543206;2025-12;SI;2025-12-31;15510;12/31/2025 05:00:00 PM;DICIEMBRE;2025;COOPERATIVA MULTIACTIVA FAMILIAMA;COOPFAMILIAMA;900-960-917-1;Multiactiva sin seccion de ahorro;BOGOTÁ, D.C.;BOGOTÁ, D.C.;CALLE 39 F BIS SUR 34 D 70;;24;Servicios de credito;;coopfamiliama@hotmail.com;3
430;BOYACÁ;PAIPA;SI;250257774;2024-06;SI;2025-12-31;2292;12/31/2025 05:00:00 PM;DICIEMBRE;2025;COOPERATIVA MULTIACTIVA TRABAJADORES HOSPITAL PAIPA;N;800-255-080-6;Multiactiva sin seccion de ahorro;BOYACÁ;PAIPA;CR 20  21  28  LC 108;;99;Otras actividades;JORGE HURTADO VELANDIA;coomulthopa@gmail.com;3
431;BOGOTÁ D.C.;BOGOTA, D.C.;SI;243185287;2025-12;SI;2025-12-31;15169;12/31/2025 05:00:00 PM;DICIEMBRE;2025;COOPERATIVA DE TRABAJO ASOCIADO SSOGROUP;SSOGROUP;900-873-567-4;Cooperativas de trabajo asociado;BOGOTÁ, D.C.;BOGOTÁ, D.C.;CR 114A NO 77D - 20 INT 2 APTO 604;8137106;99;Otras actividades;CARLOS HERNANDO QUITIAN ARIAS;carlos.quitian@ssogroup.com.co;3
432;BOGOTÁ D.C.;BOGOTA, D.C.;SI;240822739;2025-12;SI;2025-12-31;15636;12/31/2025 05:00:00 PM;DICIEMBRE;2025;COOPERATIVA MULTIACTIVA CREAR ABOGADOS;CREARABOGADOS;901-347-538-9;Multiactiva sin seccion de ahorro;BOGOTÁ, D.C.;BOGOTÁ, D.C.;CALLE 17 10 11 P 10 OF 1000;;99;Otras actividades;;crearabogadoscoop@gmail.com;3
433;BOGOTÁ D.C.;BOGOTA, D.C.;SI;238247338;2026-06;SI;2026-06-30;1034;06/30/2026 05:00:00 PM;JUNIO;2026;COOPERATIVA MULTIAC. DE PROFESORES DEL COLEGIO NAL JOSE MARIA OBANDO;COOPROBANAL;860-450-122-0;Multiactiva sin seccion de ahorro;BOGOTÁ, D.C.;BOGOTÁ, D.C.;CRA 15 28B-63;8088444;24;Servicios de credito;WILFREDO HERNEY AGUILAR BALANTA;cooprobanal@gmail.com;3
434;BOGOTÁ D.C.;BOGOTA, D.C.;SI;235462322;2025-12;SI;2025-12-31;9718;12/31/2025 05:00:00 PM;DICIEMBRE;2025;COOPERATIVA MULTIACTIVA DE INVERSIONES;COOPINVERSIONES;900-044-818-1;Multiactiva sin seccion de ahorro;BOGOTÁ, D.C.;BOGOTÁ, D.C.;CALLE 17 # 8 - 90 OF 501A;2845112;24;Servicios de credito;MARIO FERNANDO BARAHONA DELGADO;coopinversiones@yahoo.es;3
435;BOGOTÁ D.C.;BOGOTA, D.C.;SI;231178552;2025-12;SI;2025-12-31;643;12/31/2025 05:00:00 PM;DICIEMBRE;2025;COPERATIVA NACIONAL DE CREDITO LIMITADA;COONALDECAR;800-039-179-0;Multiactiva sin seccion de ahorro;BOGOTÁ, D.C.;BOGOTÁ, D.C.;CALLE 17 8-54 LC 108;6013424612;24;Servicios de credito;JUAN DE JESUS ORTIZ SEGURA;coonaldecar@yahoo.es;3
436;BOGOTÁ D.C.;BOGOTA, D.C.;SI;227633096;2025-12;SI;2025-12-31;13740;12/31/2025 05:00:00 PM;DICIEMBRE;2025;COOPERATIVA MULTIACTIVA DE VIUDAS Y HUERFANOS DE LAS FUERZAS MILITARES Y POLICIA  NACIONAL;COOPVIHUNAL;900-693-578-2;Multiactiva sin seccion de ahorro;BOGOTÁ, D.C.;BOGOTÁ, D.C.;CRA 78 8 A 15 OF 401;4033443;24;Servicios de credito;MARIA CAROLINA MORALES LONDO??O;info@coopvihunal.com;3
437;BOGOTÁ D.C.;BOGOTA, D.C.;SI;227544507;2025-12;SI;2025-12-31;10068;12/31/2025 05:00:00 PM;DICIEMBRE;2025;COOPERATIVA MULTIACTIVA DEL BIENESTAR SOCIAL;BIENESCOOP;900-039-024-0;Multiactiva sin seccion de ahorro;BOGOTÁ, D.C.;BOGOTÁ, D.C.;CARRERA 10 # 15 - 39 OF 802;3376839;24;Servicios de credito;YASMIN PIEDAD GUARNIZO;gerencia@bienescoop.com.co;3
438;BOGOTÁ D.C.;BOGOTA, D.C.;SI;223873031;2025-09;SI;2025-09-30;8890;09/30/2025 05:00:00 PM;SEPTIEMBRE;2025;COOPERATIVA MULTIACTIVA DE ACTIVOS Y FINANZAS;COOAFIN;830-509-988-9;Multiactiva sin seccion de ahorro;BOGOTÁ, D.C.;BOGOTÁ, D.C.;CARRERA 7 70 A 21 OFICINA 40;3488888;99;Otras actividades;GILBERTO BUITRAGO BAHAMON;notificaciones@cooafin.com;1
439;BOGOTÁ D.C.;BOGOTA, D.C.;SI;223652849;2025-12;SI;2025-12-31;9326;12/31/2025 05:00:00 PM;DICIEMBRE;2025;COOPERATIVA MULTIACTIVA CRECER;COORECER;830-136-771-6;Multiactiva sin seccion de ahorro;BOGOTÁ, D.C.;BOGOTÁ, D.C.;AV JIMENEZ 9 43;;24;Servicios de credito;JAVIER ERNESTO VILLAMIL NI??O;coocrecer@yaho.com.mx;3
440;BOGOTÁ D.C.;BOGOTA, D.C.;SI;217342688;2025-12;SI;2025-12-31;5875;12/31/2025 05:00:00 PM;DICIEMBRE;2025;SERVICIOS COOPERATIVOS DE COLOMBIA;COSERCOOP;830-126-116-9;Multiactiva sin seccion de ahorro;BOGOTÁ, D.C.;BOGOTÁ, D.C.;TV 60 115 58 TO B OF 202 ED CENTRO ILARCO;;24;Servicios de credito;MARIA STELLA CLAVIJO GALLEGO;cosercoopcooperativa2003@gmail.com;3
441;BOGOTÁ D.C.;BOGOTA, D.C.;SI;216443235;2025-12;SI;2025-12-31;8883;12/31/2025 05:00:00 PM;DICIEMBRE;2025;COOPERATIVA EL SENTIDO DE LAS PALABRAS;COOPSENTIDO;830-132-834-3;Multiactiva sin seccion de ahorro;BOGOTÁ, D.C.;BOGOTÁ, D.C.;CR 68 C 22B 71;;99;Otras actividades;ALBA MARIA PE??A MU??OZ;coopsentido@hotmail.com;3
442;BOYACÁ;TUNJA;SI;213624835;2025-12;SI;2025-12-31;16497;12/31/2025 05:00:00 PM;DICIEMBRE;2025;ORGANIZACION COOPERATIVA LACTEA Y AGROINDUSTRIAL DE BOYACA;COOPSUMERCE;901-607-714-5;Especializada sin seccion de ahorro;BOYACÁ;TUNJA;VEREDA TRAS DEL ALTO;;5;Pecuaria;;cooperativasegundonivelboyaca@gmail.com;3
443;BOGOTÁ D.C.;BOGOTA, D.C.;SI;208106170;2025-12;SI;2025-12-31;9725;12/31/2025 05:00:00 PM;DICIEMBRE;2025;COOPERATIVA MULTIACTIVA DE SERVICIOS COMPLEMENTARIOS;COOPSERCOM LTDA;900-026-075-1;Multiactiva con ahorro y credito;BOGOTÁ, D.C.;BOGOTÁ, D.C.;TEUSAQUILLO CL 34 16 09;3419500;14;Servicios funerarios;MARIA ELISA MENDEZ DE MARTINEZ;contabilidad@jardinesdelrenacer.co;3
444;BOGOTÁ D.C.;BOGOTA, D.C.;SI;206894229;2025-12;SI;2025-12-31;11206;12/31/2025 05:00:00 PM;DICIEMBRE;2025;COOPERATIVA MULTIACTIVA DE SERVICIOS FAMILIARES;COOMULSERFAM;900-151-713-5;Multiactiva sin seccion de ahorro;BOGOTÁ, D.C.;BOGOTÁ, D.C.;CRA 9 17 24;2861174;24;Servicios de credito;WILLIAM PARRA;coopmulserfam@hotmail.com;3
445;BOGOTÁ D.C.;BOGOTA, D.C.;SI;206192018;2025-12;SI;2025-12-31;15047;12/31/2025 05:00:00 PM;DICIEMBRE;2025;COOPERATIVA MULTIACTIVA GRUPO FE Y CONFIANZA;COOPFECON;900-780-244-0;Multiactiva sin seccion de ahorro;BOGOTÁ, D.C.;BOGOTÁ, D.C.;DIAGONAL 22C # 29A-47;2889514;24;Servicios de credito;CLAUDIA GUTIERREZ LOMBANA;coopfecon@gmail.com;3
446;BOYACÁ;CHITA;SI;199703873;2025-12;SI;2025-12-31;13490;12/31/2025 05:00:00 PM;DICIEMBRE;2025;COOPERATIVA DE TRABJO ASOCIADO DE CHITA;CHITA CTA;900-496-322-1;Cooperativas de trabajo asociado;BOYACÁ;CHITA;VEREDA EL EMPALME CHITA;;16;Obras publicas;JOSE MIGUEL MELGAREJO GONZALEZ;chita.cta2014@gmail.com;3
447;BOGOTÁ D.C.;BOGOTA, D.C.;SI;191999939;2025-12;SI;2025-12-31;558;12/31/2025 05:00:00 PM;DICIEMBRE;2025;COOPERATIVA ECOLOGICA Y AMBIENTAL COOPENSICAR;COOPENSICAR;800-176-848-6;Aportes y credito;BOGOTÁ, D.C.;BOGOTÁ, D.C.;CARRERA 8 NO. 11-39 OFC.617;3343159;99;Otras actividades;NUBIA CORTES PAEZ;coopensicar@yahoo.com;3
448;BOGOTÁ D.C.;BOGOTA, D.C.;SI;175674073;2025-12;SI;2025-12-31;559;12/31/2025 05:00:00 PM;DICIEMBRE;2025;COOPERATIVA MULTIACTIVA DE LOS TRABAJADORES DE CARBOQUIMICA S.A.;CARBOCOOP;860-519-268-6;Multiactiva sin seccion de ahorro;BOGOTÁ, D.C.;BOGOTÁ, D.C.;AC. 24 #51-40;7755211;13;Industria;ANA FORERO MURCIA;carbocoop1965@gmail.com;3
449;BOGOTÁ D.C.;BOGOTA, D.C.;SI;175036510;2025-12;SI;2025-12-31;16069;12/31/2025 05:00:00 PM;DICIEMBRE;2025;DINAMICA SU COOPERATIVA ALIADA;C.F.J. CONSTRUYENDO UN FUTURO JUNTOS;901-624-055-1;Multiactiva sin seccion de ahorro;BOGOTÁ, D.C.;BOGOTÁ, D.C.;CL 66 105 34;;99;Otras actividades;;dinamicacfj.2022@gmail.com;3
450;BOGOTÁ D.C.;BOGOTA, D.C.;SI;173663228;2025-12;SI;2025-12-31;355;12/31/2025 05:00:00 PM;DICIEMBRE;2025;COOPERATIVA MULTIACTIVA EL FUNDADOR;COOPFUNDADOR LTDA;830-037-223-7;Multiactiva sin seccion de ahorro;BOGOTÁ, D.C.;BOGOTÁ, D.C.;CRA 9 12B-12;6013411217;99;Otras actividades;ELSY MORENO BLANDON;coopfundadorlimitada@hotmail.com;3
451;BOGOTÁ D.C.;BOGOTA, D.C.;SI;171845878;2025-12;SI;2025-12-31;9674;12/31/2025 05:00:00 PM;DICIEMBRE;2025;COOPERATIVA MULTIACTIVA RELICOOP;RELICOOP;830-138-186-6;Multiactiva sin seccion de ahorro;BOGOTÁ, D.C.;BOGOTÁ, D.C.;AV. JIMENEZ # 5 16 OFC 302;3413497;99;Otras actividades;YALDY LEONOR OSPINA PE??A;gerencia@relicoop.net;3
452;BOGOTÁ D.C.;BOGOTA, D.C.;SI;167276098;2025-12;SI;2025-12-31;12454;12/31/2025 05:00:00 PM;DICIEMBRE;2025;COOPERATIVA DE CRECIMIENTO Y SERVICIOS;COOPCRESIENDO;900-275-632-1;Multiactiva sin seccion de ahorro;BOGOTÁ, D.C.;BOGOTÁ, D.C.;CRA 70 22 28 L 115;3002803;24;Servicios de credito;MAIKOL BARRAGAN AVILA;coopcresiendo@hotmail.com;3
453;BOGOTÁ D.C.;BOGOTA, D.C.;SI;163114358;2025-12;SI;2025-12-31;11150;12/31/2025 05:00:00 PM;DICIEMBRE;2025;COOPERATIVA MULTIACTIVA DE SERVICIOS AFIANZAR;COAFIANZAR;900-138-640-2;Multiactiva sin seccion de ahorro;BOGOTÁ, D.C.;BOGOTÁ, D.C.;CRA 9 16 79 OF 101;;24;Servicios de credito;JUAN CARLOS CALVO PINZON;informacion@copcoafi.com;3
454;BOYACÁ;PAZ DE RIO;SI;161589806;2025-12;SI;2025-12-31;7954;12/31/2025 05:00:00 PM;DICIEMBRE;2025;COOPERATIVA MULTIACTIVA DE CARBONES LAS LEONAS;CARBOLEONAS;826-003-565-1;Multiactiva sin seccion de ahorro;BOYACÁ;PAZ DE RÍO;CL 10 4 03;;8;Mineria;CARLOS ROBERTO TIBADUIZA NI??O;carboleonas@hotmail.com;3
455;BOGOTÁ D.C.;BOGOTA, D.C.;SI;160332669;2025-12;SI;2025-12-31;9648;12/31/2025 05:00:00 PM;DICIEMBRE;2025;COOPERATIVA DE TRABAJO ASOCIADO ASESORAMOS Y SERVIMOS;ASERCOOP;900-019-394-5;Cooperativas de trabajo asociado;BOGOTÁ, D.C.;BOGOTÁ, D.C.;CRA 15 80 36 OF 501;2564559;99;Otras actividades;PEDRO ANTONIO RODRIGUEZ RODRIGUEZ;asercoop@yahoo.com;3
456;BOGOTÁ D.C.;BOGOTA, D.C.;SI;158241702;2025-12;SI;2025-12-31;12370;12/31/2025 05:00:00 PM;DICIEMBRE;2025;COOPERATIVA MULTIACTIVA DE SOLIDARIDAD INTEGRAL A.C.;COOPSOLIDAR A.C.;900-252-841-3;Multiactiva sin seccion de ahorro;BOGOTÁ, D.C.;BOGOTÁ, D.C.;CL 44 67 A 55 PI 1;3015390;99;Otras actividades;DIEGO CARDONA TAPIAS;coopsoli_contabilidad@hotmail.com;3
457;BOGOTÁ D.C.;BOGOTA, D.C.;SI;155311546;2025-12;SI;2025-12-31;4574;12/31/2025 05:00:00 PM;DICIEMBRE;2025;COOPERATIVA MULTIACTIVA COPSEFAM LTDA;COPSEFAM;830-075-372-8;Multiactiva sin seccion de ahorro;BOGOTÁ, D.C.;BOGOTÁ, D.C.;CRA 9 17 24 OF 403;;24;Servicios de credito;JUAN CARLOS CALVO PINZON;copsefamltda@copcoafi.com;3
458;BOGOTÁ D.C.;BOGOTA, D.C.;SI;141813105;2025-12;SI;2025-12-31;9811;12/31/2025 05:00:00 PM;DICIEMBRE;2025;COOPERATIVA MULTIACTIVA DE HERIDOS EN COMBATE DEL MINISTERIO DE DEFENSA NACIONAL;COOPHECODEF;830-501-994-7;Multiactiva sin seccion de ahorro;BOGOTÁ, D.C.;BOGOTÁ, D.C.;CL 39 SUR 53 21 OF 201;4000834;24;Servicios de credito;MILTON GARCIA NAVARRO;coophecodef@hotmail.com;3
459;BOGOTÁ D.C.;BOGOTA, D.C.;SI;132793781;2025-12;SI;2025-12-31;13192;12/31/2025 05:00:00 PM;DICIEMBRE;2025;COOPERATIVA MULTIACTIVA INTEGRAL DE SERVICIOS Y FINANZAS;COOPIFINANZAS;900-471-178-7;Multiactiva sin seccion de ahorro;BOGOTÁ, D.C.;BOGOTÁ, D.C.;CALLE 17 N 10 16 OFI 703A;4326966;24;Servicios de credito;NUBIA CARVAJAL MELLIZO;coopifinanzas@gmail.com;3
460;BOGOTÁ D.C.;BOGOTA, D.C.;SI;132554834;2026-06;SI;2026-06-30;4252;06/30/2026 05:00:00 PM;JUNIO;2026;COOPERATIVA MULTIACTIVA DEL DEPARTAMENTO ADMINISTRATIVO DE PLANEACION DISTRITAL;COODEPLAND;800-086-758-5;Multiactiva sin seccion de ahorro;BOGOTÁ, D.C.;BOGOTÁ, D.C.;CARRERA 39 C SUR # 30-39 OFICINA 102;;24;Servicios de credito;EDILFONSO MAHECHA MAHECHA;coodepland@gmail.com;3
461;BOGOTÁ D.C.;BOGOTA, D.C.;SI;130532405;2025-12;SI;2025-12-31;5331;12/31/2025 05:00:00 PM;DICIEMBRE;2025;COOPERATIVA DEL PODER JUDICIAL;LEXCOOP;830-058-134-1;Aportes y credito;BOGOTÁ, D.C.;BOGOTÁ, D.C.;CR 10 14 56 OF 510;3344266;99;Otras actividades;EVARISTO SANCHEZ ALBARRACIN;lexcoop06@hotmail.com;3
462;BOGOTÁ D.C.;BOGOTA, D.C.;SI;129898799;2025-12;SI;2025-12-31;9612;12/31/2025 05:00:00 PM;DICIEMBRE;2025;COOPERATIVA DE ASESORIAS COEMRCIALES EN CREDITOS Y COBRANZAS COOFINACREDITO;COOFINACREDITO;830-142-091-0;Multiactiva sin seccion de ahorro;BOGOTÁ, D.C.;BOGOTÁ, D.C.;CRA 13 60-86 OF 309;3476778;24;Servicios de credito;JULIAN DIAZ MONCADA;finacred@hotmail.com;3
463;BOGOTÁ D.C.;BOGOTA, D.C.;SI;127670529;2025-12;SI;2025-12-31;15457;12/31/2025 05:00:00 PM;DICIEMBRE;2025;COOPERATIVA MULTIACTIVA DE SERVICIOS INTEGRALES FUNERAL HOME;FUNERAL HOME;901-208-403-8;Multiactiva sin seccion de ahorro;BOGOTÁ, D.C.;BOGOTÁ, D.C.;CL 44 67 A 55 PI 3;3015390;14;Servicios funerarios;;cooposoli_contabilidad@hotmail.com;3
464;BOGOTÁ D.C.;BOGOTA, D.C.;SI;125155746;2025-12;SI;2025-12-31;6339;12/31/2025 05:00:00 PM;DICIEMBRE;2025;COOPERATIVA COLOMBIANA DE SERVICIOS LTDA;COOCOLSER;860-404-221-6;Integral sin seccion de ahorro;BOGOTÁ, D.C.;BOGOTÁ, D.C.;CARRERA 8 # 16-51 OF.405;2835327;24;Servicios de credito;LUIS HERNANDO DIAZ RODRIGUEZ;coocolser@hotmail.com;3
465;BOGOTÁ D.C.;BOGOTA, D.C.;SI;124360013;2025-12;SI;2025-12-31;9562;12/31/2025 05:00:00 PM;DICIEMBRE;2025;COOPERATIVA DE TRABAJO ASOCIADO DE TEXTILES;COOPTEXTIL;830-120-149-4;Cooperativas de trabajo asociado;BOGOTÁ, D.C.;BOGOTÁ, D.C.;AV CL 63 74B-42 BG19;7040261;99;Otras actividades;MARIELA ROMERO LEON;cooptextilgerencia@gmaill.com;3
466;BOGOTÁ D.C.;BOGOTA, D.C.;SI;119287303;2025-12;SI;2025-12-31;13132;12/31/2025 05:00:00 PM;DICIEMBRE;2025;COOPERATIVA MULTIACTIVA DE PENSIONADOS;CHECOOP;900-451-503-2;Multiactiva sin seccion de ahorro;BOGOTÁ, D.C.;BOGOTÁ, D.C.;CRA 13 32 51 T6 OF 608;2328030;99;Otras actividades;DIDIER ALEJANDRO MEJIA SABOGAL;checoopltd@checoop.com;3
467;BOGOTÁ D.C.;BOGOTA, D.C.;SI;116326773;2025-12;SI;2025-12-31;12542;12/31/2025 05:00:00 PM;DICIEMBRE;2025;COOPERATIVA MULTIACTIVA NACIONAL DE BIENES Y SERVICIOS;COOPFENAL;900-271-208-1;Multiactiva sin seccion de ahorro;BOGOTÁ, D.C.;BOGOTÁ, D.C.;CALLE 84 15 24 OFICINA 410;7033491;99;Otras actividades;MARIELA INSUASTI SANCHEZ;coopfenal@gmail.com;3
468;BOGOTÁ D.C.;BOGOTA, D.C.;SI;110828143;2025-12;SI;2025-12-31;1275;12/31/2025 05:00:00 PM;DICIEMBRE;2025;COOPERATIVA PANAMERICANA DE CREDITO Y SERVICIOS LTDA;COOPACRESERVI;830-002-110-2;Multiactiva sin seccion de ahorro;BOGOTÁ, D.C.;BOGOTÁ, D.C.;CALLE 110N 8-25;2167831;24;Servicios de credito;JAIME RESTREPO OROZCO;coopacreservi@hotmail.com;3
469;BOGOTÁ D.C.;BOGOTA, D.C.;SI;109225199;2024-06;SI;2025-12-31;267;12/31/2025 05:00:00 PM;DICIEMBRE;2025;COOPERATIVA MULTIACTIVA DE PERSONAL DOCENTE ADMINISTRATIVO Y DE SERVIC;COODECODIF LTDA.;800-129-993-6;Multiactiva sin seccion de ahorro;BOGOTÁ, D.C.;BOGOTÁ, D.C.;CRA 106 25 77;;24;Servicios de credito;;jpolobarranco@gmail.com;3
470;BOGOTÁ D.C.;BOGOTA, D.C.;SI;108641964;2025-12;SI;2025-12-31;1182;12/31/2025 05:00:00 PM;DICIEMBRE;2025;COOPERATIVA MULTIACTIVA DE MILITARES EN RET Y CIV PENS DE LAS FFMM LTD;COOPEMILCI LTDA;860-510-115-7;Multiactiva sin seccion de ahorro;BOGOTÁ, D.C.;BOGOTÁ, D.C.;CALLE 57 # 7 # 11 OFICINA 702;6018047307;99;Otras actividades;LUIS ENRIQUE CASTELLANOS CABRERA;coopemilci@hotmail.com;3
471;BOGOTÁ D.C.;BOGOTA, D.C.;SI;105277480;2025-12;SI;2025-12-31;80;12/31/2025 05:00:00 PM;DICIEMBRE;2025;SOCIEDAD COOPERATIVA DE EMPLEADOS DE OFICINAS PARTICULARES;COOPEFIPAR;860-035-438-3;Especializada sin seccion de ahorro;BOGOTÁ, D.C.;BOGOTÁ, D.C.;CR 13 63 39 OF 504 A;7032870;24;Servicios de credito;ANDREA RODRIGUEZ SANCHEZ;ysramirezc04@gmail.com;3
472;BOYACÁ;TUNJA;SI;103565000;2025-12;SI;2025-12-31;20019;12/31/2025 05:00:00 PM;DICIEMBRE;2025;COOPERATIVA DE APORTE Y CREDITO CONTAR OC;;901-939-919-2;Especializada sin seccion de ahorro;BOYACÁ;TUNJA;CL 48 A 1 48 ESTE URB LIRIO REAL;;1;Intermediacion financiera;;contarcoop@gmail.com;3
473;BOYACÁ;COMBITA;SI;101575449;2026-06;SI;2026-06-30;15560;06/30/2026 05:00:00 PM;JUNIO;2026;COOPERATIVA MULTIACTIVA AGROPECUARIA DE COMBITA;COAGROACTIVA;900-263-346-6;Multiactiva sin seccion de ahorro;BOYACÁ;CÓMBITA;VEREDA SAN MARTIN;;4;Agricola;;coagroactiva@gmail.com;3
474;BOGOTÁ D.C.;BOGOTA, D.C.;SI;100767785;2026-06;SI;2026-06-30;13757;06/30/2026 05:00:00 PM;JUNIO;2026;COOPERATIVA MULTIACTIVA DE LOS AFILIADOS A LA NUEVA ASOCIACION DE PENSIONADOS DE LA CONTRALORIA  GENERAL DE LA REPUBLICA  Y FONDO DE BIENESTAR SOCIAL;COOPNAPECON;900-546-135-4;Multiactiva sin seccion de ahorro;BOGOTÁ, D.C.;BOGOTÁ, D.C.;CL 17 8 90 OF 603;3422966;24;Servicios de credito;Gustavo Antonio Moreno Moreno;coopnapecon2014@gmail.com;3
475;BOGOTÁ D.C.;BOGOTA, D.C.;SI;96913385;2025-12;SI;2025-12-31;15663;12/31/2025 05:00:00 PM;DICIEMBRE;2025;BORDADOS DOTACIONES COLOMBIA COOPERTAIVA DE TRABAJO ASOCIADO;;901-357-819-6;Cooperativas de trabajo asociado;BOGOTÁ, D.C.;BOGOTÁ, D.C.;CL 59 N 13 44;5410094;13;Industria;;tesoreriacta@yahoo.com;3
476;BOGOTÁ D.C.;BOGOTA, D.C.;SI;96559552;2025-12;SI;2025-12-31;12305;12/31/2025 05:00:00 PM;DICIEMBRE;2025;ASISTENCIA FAMILIAR COOPERATIVA;ASFAMICOOP;900-267-427-2;Multiactiva sin seccion de ahorro;BOGOTÁ, D.C.;BOGOTÁ, D.C.;CRA 7 17 01 OFC 735;;99;Otras actividades;YOHANNA MARCELA SOLAQUE AGUILAR;infoasfamicoop@gmail.com;3
477;BOGOTÁ D.C.;BOGOTA, D.C.;SI;96390982;2025-12;SI;2025-12-31;16571;12/31/2025 05:00:00 PM;DICIEMBRE;2025;COOPERATIVA SOCIAL COLVENCOOP;COLVENCOOP;901-769-815-5;Aportes y credito;BOGOTÁ, D.C.;BOGOTÁ, D.C.;CALLE 98 A 68D-35;;99;Otras actividades;;colvencoop2024@gmail.com;3
478;BOYACÁ;SUSACON;SI;95694085;2025-12;SI;2025-12-31;3534;12/31/2025 05:00:00 PM;DICIEMBRE;2025;COOPERATIVA DE TABAJO ASOCIADO TRABAJAMOS;TRABAJAMOS CTA;800-134-876-2;Cooperativas de trabajo asociado;BOYACÁ;SUSACÓN;SUSACON BOYACA. CENTRO;;16;Obras publicas;ROBERTO FIGUEREDO SANDOVAL;trabajamoscta@gmail.com;3
479;BOGOTÁ D.C.;BOGOTA, D.C.;SI;95054645;2025-12;SI;2025-12-31;15253;12/31/2025 05:00:00 PM;DICIEMBRE;2025;CONSULTORES LEGALES COOPERATIVOS COOPERATIVA DE TRABAJO ASOCIADO;C L C CTA;900-948-020-1;Cooperativas de trabajo asociado;BOGOTÁ, D.C.;BOGOTÁ, D.C.;CRA 7 N 17 - 01 OF 732;;99;Otras actividades;SERGIO ENRIQUE P??REZ SARMIENTO;sperez@clcorp.com.co;3
480;BOYACÁ;PAIPA;SI;93519210;2025-12;SI;2025-12-31;13790;12/31/2025 05:00:00 PM;DICIEMBRE;2025;COOPERATIVA INTEGRAL DE PALERMO PAIPA;COOINPAL;800-116-949-5;Multiactiva sin seccion de ahorro;BOYACÁ;PAIPA;PALERMO CENTRO;;4;Agricola;JOSE JOAQUIN GUTIERREZ TAMAYO;cooinpalpalermo@gmail.com;3
481;BOGOTÁ D.C.;BOGOTA, D.C.;SI;85488601;2025-12;SI;2025-12-31;3695;12/31/2025 05:00:00 PM;DICIEMBRE;2025;COOPERATIVA MULTIACTIVA NUEVA SOCIEDAD LTDA;COONUEVA LTDA;800-105-359-2;Multiactiva sin seccion de ahorro;BOGOTÁ, D.C.;BOGOTÁ, D.C.;TRANSVERSAL 52 BIS 1B 86;7671549;2;Servicios de ahorro y credito;PIEDAD DE MONROY TORRES;coonueva@hotmail.com;3
482;BOGOTÁ D.C.;BOGOTA, D.C.;SI;84952881;2026-06;SI;2026-06-30;12653;06/30/2026 05:00:00 PM;JUNIO;2026;COOPERATIVA MULTIACTIVA DE GRANDES DISTRIBUIDORES;COODEGRAND LTDA;900-357-862-1;Multiactiva sin seccion de ahorro;BOGOTÁ, D.C.;BOGOTÁ, D.C.;CRA 39 C NO 30-39 UR OFICINA 102;;12;Consumo (comercio);EDILFONSO MAHECHA MAHECHA;coodegrand@gmail.com;3
483;BOGOTÁ D.C.;BOGOTA, D.C.;SI;81918671;2025-12;SI;2025-12-31;1104;12/31/2025 05:00:00 PM;DICIEMBRE;2025;COOPERATIVA DE TECNICOS CIVILES Y PERSONAL DE LAS FF.MM.;COOPEFAC;860-525-422-9;Multiactiva sin seccion de ahorro;BOGOTÁ, D.C.;BOGOTÁ, D.C.;CALLE 19 4 74 OFIC 903;2826050;24;Servicios de credito;NATALIA PARRA MADRID;coopefac@yahoo.com;3
484;BOGOTÁ D.C.;BOGOTA, D.C.;SI;80000000;2025-12;SI;2025-12-31;15993;12/31/2025 05:00:00 PM;DICIEMBRE;2025;COOPERATIVA MULTIACTIVA DEL TOLIMA;COOCREDITOL;900-525-759-1;Multiactiva sin seccion de ahorro;BOGOTÁ, D.C.;BOGOTÁ, D.C.;CARRERA 7 # 34-61;3183475543;99;Otras actividades;;coocreditol5750@gmail.com;3
485;BOGOTÁ D.C.;BOGOTA, D.C.;SI;79774721;2026-06;SI;2026-06-30;7931;06/30/2026 05:00:00 PM;JUNIO;2026;PRECOOPERATIVA DE TRABAJO ASOCIADO VINCULOS EMPRESARIALES;VEMP CTA;830-122-300-1;Cooperativas de trabajo asociado;BOGOTÁ, D.C.;BOGOTÁ, D.C.;CRA 46 - 13 - 56;5190900;99;Otras actividades;CONCEPCION RAMOS RODRIGUEZ;gerenciavempcta@gmail.com;3
486;BOYACÁ;SAN LUIS DE GACENO;SI;79032522;2025-12;SI;2025-12-31;9462;12/31/2025 05:00:00 PM;DICIEMBRE;2025;COOPERATIVA DE TRABAJO ASOCIADO UPIA;COOPTAUPIA;820-003-033-1;Cooperativas de trabajo asociado;BOYACÁ;SAN LUIS DE GACENO;VEREDA LA FRONTERA SAN LUIS DE GACENO;;16;Obras publicas;OVIDIO ONER MORENO LESMES;upiacta@gmail.com;3
487;BOGOTÁ D.C.;BOGOTA, D.C.;SI;78854708;2026-06;SI;2026-06-30;132;06/30/2026 05:00:00 PM;JUNIO;2026;COOPERATIVA MULTIACTIVA UNION DE COMERCIANTES PLAZA TRINIDAD GALAN;COOPTRINIDAD;800-202-801-2;Multiactiva sin seccion de ahorro;BOGOTÁ, D.C.;BOGOTÁ, D.C.;CR 60 4 B  24;5630951;99;Otras actividades;HUGO ROJAS FIGUEROA;cooptrinidadplaza@gmail.com;3
488;BOGOTÁ D.C.;BOGOTA, D.C.;SI;73778044;2025-12;SI;2025-12-31;9806;12/31/2025 05:00:00 PM;DICIEMBRE;2025;DINAMIZAR SOLUCIONES ASOCIACION COOPERATIVA;DINAMIZAR SOLUCIONES;830-146-621-2;Multiactiva sin seccion de ahorro;BOGOTÁ, D.C.;BOGOTÁ, D.C.;KRA 30 75 61 OFC 503;;9;Educacion;ARMANDO ALFARO VALERO;dinamizarsoluciones@yahoo.com.mx;3
489;BOGOTÁ D.C.;BOGOTA, D.C.;SI;72005343;2025-12;SI;2025-12-31;12328;12/31/2025 05:00:00 PM;DICIEMBRE;2025;COOPERATIVA MULTIACTIVA DE CREDITOS SOCIALES;COOPCREDISOCIALES;900-163-378-2;Multiactiva sin seccion de ahorro;BOGOTÁ, D.C.;BOGOTÁ, D.C.;CRA 13 NO. 37-48;3406508;99;Otras actividades;DORA RINCON RODRIGUEZ;coopcredisociales@hotmail.com;3
490;BOGOTÁ D.C.;BOGOTA, D.C.;SI;71240931;2025-12;SI;2025-12-31;140;12/31/2025 05:00:00 PM;DICIEMBRE;2025;COOPERATIVA MULTIACTIVA ANDINA DE VENDEDORES;COANDIVE;860-050-507-6;Multiactiva sin seccion de ahorro;BOGOTÁ, D.C.;BOGOTÁ, D.C.;CALLE 19 4 - 74 OFICINA 903;2826050;24;Servicios de credito;MARIA MARINA MADRID RESTREPO;coandive@yahoo.com;3
491;BOGOTÁ D.C.;BOGOTA, D.C.;SI;70649876;2025-12;SI;2025-12-31;15352;12/31/2025 05:00:00 PM;DICIEMBRE;2025;COOPERATIVA MULTIACTIVA COLOMBIANA DE BIENES Y SERVICIO;COOPMULTICOL;900-572-075-0;Multiactiva sin seccion de ahorro;BOGOTÁ, D.C.;BOGOTÁ, D.C.;CALLE 17 8-49 OFICINA 304;2814701;24;Servicios de credito;;coopmulticol13@hotmail.com;3
492;BOGOTÁ D.C.;BOGOTA, D.C.;SI;70033789;2025-12;SI;2025-12-31;15440;12/31/2025 05:00:00 PM;DICIEMBRE;2025;SOLUCIONES LABORALES INTEGRADAS COOPERATIVA DE TRABAJO ASOCIADO;SOLUCIOENES LABORARALES INTEGRADAS;901-192-056-3;Cooperativas de trabajo asociado;BOGOTÁ, D.C.;BOGOTÁ, D.C.;CRA 7 N O 17-01 OF 732;;99;Otras actividades;;dorab.rozo@lsc.com.co;3
493;BOYACÁ;TUNJA;SI;69238976;2025-12;SI;2025-12-31;2282;12/31/2025 05:00:00 PM;DICIEMBRE;2025;COOPERATIVA INTEGRAL LOS PATRIOTAS;COOPSAN;800-193-807-6;Multiactiva sin seccion de ahorro;BOYACÁ;TUNJA;CR 7 16 50;;24;Servicios de credito;ANA ELIZABETH RUIZ ALBA;bicentenariooc@gmail.com;3
494;BOGOTÁ D.C.;BOGOTA, D.C.;SI;69063153;2025-12;SI;2025-12-31;7885;12/31/2025 05:00:00 PM;DICIEMBRE;2025;COOPERATIVA MULTIACTIVA NACIONAL LTDA;COOPSERVIS LTDA;830-043-739-1;Multiactiva sin seccion de ahorro;BOGOTÁ, D.C.;BOGOTÁ, D.C.;CL 19  5 51;4620503;24;Servicios de credito;SEBASTIAN ANDRES RIOS;coopservisltda@hotmail.com;3
495;BOGOTÁ D.C.;BOGOTA, D.C.;SI;63161102;2025-12;SI;2025-12-31;13105;12/31/2025 05:00:00 PM;DICIEMBRE;2025;COOPERATIVA MULTIACTIVA DE SERVICIOS PRESTADOS PARA EL FUTURO;COOPMULTIPREST;900-427-101-4;Multiactiva sin seccion de ahorro;BOGOTÁ, D.C.;BOGOTÁ, D.C.;AV. JIMEENEZ 5-16;;99;Otras actividades;JOSE HELI RODRIGUEZ RODRIGUEZ;coopmultiprest11@hotmail.com;3
496;BOGOTÁ D.C.;BOGOTA, D.C.;SI;61844673;2025-12;SI;2025-12-31;1142;12/31/2025 05:00:00 PM;DICIEMBRE;2025;COOPERATIVA SOCIAL MULTIACTIVA LTDA;COOPSOMUL LTDA;800-101-027-4;Multiactiva sin seccion de ahorro;BOGOTÁ, D.C.;BOGOTÁ, D.C.;CRA 70 22 30;;24;Servicios de credito;LUIS ENRIQUE CASTELLANOS CABRERA;coopsomul@hotmail.com;3
497;BOGOTÁ D.C.;BOGOTA, D.C.;SI;56905160;2026-06;SI;2026-06-30;5284;06/30/2026 05:00:00 PM;JUNIO;2026;COOPERATIVA MULTIACTIVA CONSTRUCTORA DE TEJIDO SOCIAL;COTSOCIAL;800-219-453-7;Aportes y credito;BOGOTÁ, D.C.;BOGOTÁ, D.C.;CALLE 65 SUR # 79 C 04;;99;Otras actividades;PEDRO GUZMAN CASTA?EDA SANCHEZ;cotsocial100@gmail.com;3
498;BOGOTÁ D.C.;BOGOTA, D.C.;SI;55677686;2026-06;SI;2026-06-30;5152;06/30/2026 05:00:00 PM;JUNIO;2026;COOPERATIVA DE AHORRO Y COMERCIZLIZACION PLANETA LTDA;COACOPLA;860-527-031-1;Especializada sin seccion de ahorro;BOGOTÁ, D.C.;BOGOTÁ, D.C.;CALLE 73 NO 7 - 60;6079997;99;Otras actividades;MYRIAM PATRICIA CRIALES RODRIGUEZ;jcamargo@planeta.com.co;3
499;BOGOTÁ D.C.;BOGOTA, D.C.;SI;49783367;2025-12;SI;2025-12-31;9855;12/31/2025 05:00:00 PM;DICIEMBRE;2025;COOPERATIVA DE TRABAJO ASOCIADO EN CONSULTORIA Y GESTION EMPRESARIAL;C&G ENTIDAD COOPERATIVA;830-144-771-1;Cooperativas de trabajo asociado;BOGOTÁ, D.C.;BOGOTÁ, D.C.;AV CALLE 24 82-57 PISO 1;;99;Otras actividades;HOMERO RUIZ GAITAN;cygcooperativa@gmail.com;3
500;BOGOTÁ D.C.;BOGOTA, D.C.;SI;47815871;2025-12;SI;2025-12-31;16258;12/31/2025 05:00:00 PM;DICIEMBRE;2025;COOPERATIVA ARD CONSULTORIA ASOCIADOS;;901-701-774-9;Cooperativas de trabajo asociado;BOGOTÁ, D.C.;BOGOTÁ, D.C.;CRA 13A 28 38;;99;Otras actividades;;cooperativaardconsultoriaasoci@gmail.com;3
501;BOGOTÁ D.C.;BOGOTA, D.C.;SI;42804512;2026-06;SI;2026-06-30;5424;06/30/2026 05:00:00 PM;JUNIO;2026;PRECOOPERATIVA DE CONSULTORIA PROFESIONAL;CONSULTORES.COOP;830-106-853-3;Precooperativas;BOGOTÁ, D.C.;BOGOTÁ, D.C.;CL 59 SUR  66 54;6018186118;99;Otras actividades;JORGE PARDO HOYOS;consultorescoop1@hotmail.com;3
502;BOGOTÁ D.C.;BOGOTA, D.C.;SI;41038871;2025-12;SI;2025-12-31;20048;12/31/2025 05:00:00 PM;DICIEMBRE;2025;COOPERATIVA J.C ASISTIR;;901-828-027-1;Cooperativas de trabajo asociado;BOGOTÁ, D.C.;BOGOTÁ, D.C.;CALLE 51 # 71 39;3105480410;;;;cooperativaj.casistir@gmail.com;3
503;BOGOTÁ D.C.;BOGOTA, D.C.;SI;41021041;2025-12;SI;2025-12-31;55;12/31/2025 05:00:00 PM;DICIEMBRE;2025;COOPERATIVA MULTIACTIVA DE MERCADEO, CREDITO ASOCIADO COOMERCA;COOMERCA;860-022-074-1;Multiactiva sin seccion de ahorro;BOGOTÁ, D.C.;BOGOTÁ, D.C.;CRA 46 22B-20;6013009;24;Servicios de credito;ALFREDO PEREZ SILVA;gerencia@credicomerca.com;3
504;BOGOTÁ D.C.;BOGOTA, D.C.;SI;39775209;2025-12;SI;2025-12-31;5431;12/31/2025 05:00:00 PM;DICIEMBRE;2025;ORGANIZACION COOPERATIVA COLOMBIANA DE CULTURA  COLCULTURA O.C;COLCULTURA O.C.;830-110-827-7;Multiactiva sin seccion de ahorro;BOGOTÁ, D.C.;BOGOTÁ, D.C.;CR 33A 27-10;;24;Servicios de credito;NESTOR RAMOSA SANCHEZ;colcultura@hotmail.com;3
505;BOGOTÁ D.C.;BOGOTA, D.C.;SI;39403108;2022-12;SI;2025-12-31;16227;12/31/2025 05:00:00 PM;DICIEMBRE;2025;COOPERATIVA CONEXION HUMANITARIA;COOPCONEX;901-616-863-2;Aportes y credito;BOGOTÁ, D.C.;BOGOTÁ, D.C.;CRA 23 # 73 - 19 P 3;7460909;99;Otras actividades;;coopconex@gmail.com;3
506;BOGOTÁ D.C.;BOGOTA, D.C.;SI;36708218;2025-12;SI;2025-12-31;11963;12/31/2025 05:00:00 PM;DICIEMBRE;2025;COOPERATIVA MULTIACTIVA DE UNION LIMITADA;COOPEUNIDOS;900-077-710-7;Multiactiva sin seccion de ahorro;BOGOTÁ, D.C.;BOGOTÁ, D.C.;AV CALLE 19 10 08 OFC 502;2821687;12;Consumo (comercio);MARY RAMIREZ GARZON;coopeunido@coopeunidos.com;3
507;BOGOTÁ D.C.;BOGOTA, D.C.;SI;35696691;2026-06;SI;2026-06-30;1016;06/30/2026 05:00:00 PM;JUNIO;2026;COOPERATIVA DE TRABAJO ASOCIADO DE REVISORES FISCALES COOPERATIV. Y AUDITORES;COOP-RECOR AUDITORES;830-030-473-1;Cooperativas de trabajo asociado;BOGOTÁ, D.C.;BOGOTÁ, D.C.;CARRERA 84 NO. 103B-77;3103439;99;Otras actividades;FRANCISCO JAVIER MONTA?A GARCIA;cooprecor@gmail.com;3
508;BOGOTÁ D.C.;BOGOTA, D.C.;SI;34313116;2025-12;SI;2025-12-31;13336;12/31/2025 05:00:00 PM;DICIEMBRE;2025;COOPERATIVA MULTIACTIVA PARA EL FOMENTO Y DESARROLLO CREDITICIO;COOMULCREDES;900-483-638-5;Multiactiva sin seccion de ahorro;BOGOTÁ, D.C.;BOGOTÁ, D.C.;AV. JIMENEZ 5-16 OFC. 202 B;;99;Otras actividades;DORA FORERO BELTRAN;fomulcredes@hotmail.com;3
509;BOGOTÁ D.C.;BOGOTA, D.C.;SI;33239764;2026-06;SI;2026-06-30;13611;06/30/2026 05:00:00 PM;JUNIO;2026;COOPERATIVA DE TRABAJO ASOCIADO AVANCE CORPORATIVO;AVANCE CORPORATIVO CTA;900-628-871-1;Cooperativas de trabajo asociado;BOGOTÁ, D.C.;BOGOTÁ, D.C.;CRA 7 NRO 17 01;3521679;11;Transporte;VILMA SOLEDAD BUITRAGO ALARCON;sandra.auditoria@hotmail.com;3
510;BOGOTÁ D.C.;BOGOTA, D.C.;SI;32954324;2025-12;SI;2025-12-31;7966;12/31/2025 05:00:00 PM;DICIEMBRE;2025;SERVICIOS FINANCIEROS INTEGRALES COOPERATIVOS;SERFINCOOP;830-120-318-2;Multiactiva sin seccion de ahorro;BOGOTÁ, D.C.;BOGOTÁ, D.C.;CRA 54 A#167 A-41 T1-802;5749868;99;Otras actividades;GERMAN BAQUERO ALBORNOZ;serfincoop@yahoo.es;3
511;BOGOTÁ D.C.;BOGOTA, D.C.;SI;31162121;2025-12;SI;2025-12-31;20044;12/31/2025 05:00:00 PM;DICIEMBRE;2025;COOPERATIVA MULTIACTIVA DE APORTE Y CREDITO DE TRABAJADORES DE SOFWARE COTRASOFT;;901-897-192-3;Multiactiva sin seccion de ahorro;BOGOTÁ, D.C.;BOGOTÁ, D.C.;CL 22 B NO. 54 21 TO 3 AP 601;3505404629;1;Intermediacion financiera;;COTRASOFT@GMAIL.COM;3
512;BOGOTÁ D.C.;BOGOTA, D.C.;SI;25312343;2025-12;SI;2025-12-31;1145;12/31/2025 05:00:00 PM;DICIEMBRE;2025;COOPERATIVA DE CONTADORES PUBLICOS;CONTAP;860-076-498-0;Cooperativas de trabajo asociado;BOGOTÁ, D.C.;BOGOTÁ, D.C.;CLL 164 16C 15;6729858;99;Otras actividades;GABRIEL GARCIA DEVIA;contap.cta@gmail.com;3
513;BOGOTÁ D.C.;BOGOTA, D.C.;SI;24213477;2025-12;SI;2025-12-31;13439;12/31/2025 05:00:00 PM;DICIEMBRE;2025;COOPERATIVA MULTIACTIVA WINARR;COOPWINARR;900-316-384-5;Multiactiva sin seccion de ahorro;BOGOTÁ, D.C.;BOGOTÁ, D.C.;CL 57A 35 26 OF 102;;24;Servicios de credito;CLAUDIA PATRIACIA CASTA??O DIAZ;cooperativawinarr@gmail.com;3
514;BOGOTÁ D.C.;BOGOTA, D.C.;SI;24140936;2025-12;SI;2025-12-31;12711;12/31/2025 05:00:00 PM;DICIEMBRE;2025;COOPERATIVA MULTIACTIVA PARA EL PROGRESO;COMULPRO;900-344-613-6;Multiactiva sin seccion de ahorro;BOGOTÁ, D.C.;BOGOTÁ, D.C.;DG 5F 45-51;4735980;24;Servicios de credito;PILAR REYES CASTILLO;comulpro2010@hotmail.com;3
515;BOGOTÁ D.C.;BOGOTA, D.C.;SI;23463568;2025-12;SI;2025-12-31;11140;12/31/2025 05:00:00 PM;DICIEMBRE;2025;COOPERATIVA MULTIACTIVA  DE CREDITO PRODUCTOS  Y SERVICIOS;COMULCRECEER;900-174-470-1;Multiactiva sin seccion de ahorro;BOGOTÁ, D.C.;BOGOTÁ, D.C.;CARRERA 7 17-01 OFICINA 735;7942107;24;Servicios de credito;MARIO ALBEIRO GIRALDO CUARTAS;comulcrecer@hotmail.com;3
516;BOGOTÁ D.C.;BOGOTA, D.C.;SI;22409821;2025-12;SI;2025-12-31;16475;12/31/2025 05:00:00 PM;DICIEMBRE;2025;COOPERATIVA APORTANDO FUTURO;COAFUTURO;901-772-909-1;Aportes y credito;BOGOTÁ, D.C.;BOGOTÁ, D.C.;CLL 144 # 7-31;;99;Otras actividades;;aportandofuturo@gmail.com;3
517;BOGOTÁ D.C.;BOGOTA, D.C.;SI;20618154;2025-12;SI;2025-12-31;16604;12/31/2025 05:00:00 PM;DICIEMBRE;2025;COOPERATIVA A LIFE SOLUTIONS;COOP A LIFE;901-858-321-0;Cooperativas de trabajo asociado;BOGOTÁ, D.C.;BOGOTÁ, D.C.;CALLE 13 # 32 93 T3 OF 816;;99;Otras actividades;;coopalife@gmail.com;3
518;BOGOTÁ D.C.;BOGOTA, D.C.;SI;20268286;2025-12;SI;2025-12-31;5504;12/31/2025 05:00:00 PM;DICIEMBRE;2025;COOPERATIVA DE TRABAJO ASOCIADO DE SERVICIOS HOTELEROS;SERVICOOCTEL T. A..;830-098-694-3;Cooperativas de trabajo asociado;BOGOTÁ, D.C.;BOGOTÁ, D.C.;Calle 25B 69C 80;2105899;17;Hoteles, restaurantes, bares y similares;YAEL LILIANA NIETO LEON;liliana.nieto@ghlhoteles.com;3
519;BOGOTÁ D.C.;BOGOTA, D.C.;SI;18236511;2026-06;SI;2026-06-30;12694;06/30/2026 05:00:00 PM;JUNIO;2026;COOPERATIVA INTEGRAL COOPEVOLUCION;COOPEVOLUCION;900-361-121-6;Instituciones auxiliares especializadas;BOGOTÁ, D.C.;BOGOTÁ, D.C.;CL 26 69 63 OF 211;4271470;24;Servicios de credito;ALFONSO PEREA LUNA;info@coopcredifacil.com;3
520;BOGOTÁ D.C.;BOGOTA, D.C.;SI;16000000;2025-06;SI;2025-12-31;10382;12/31/2025 05:00:00 PM;DICIEMBRE;2025;COOPERATIVA DE TRABAJO ASOCIADO COMPECOOP;COMPECOOP;900-121-813-5;Cooperativas de trabajo asociado;BOGOTÁ, D.C.;BOGOTÁ, D.C.;CALLE 23 A BIS # 85 A 25 OF 411;9314954;19;Aseo mantenimiento y reciclaje;EDUARDO CUSGUEN OLARTE;compecoop2006@gmail.com;3
521;BOGOTÁ D.C.;BOGOTA, D.C.;SI;15429200;2025-12;SI;2025-12-31;20023;12/31/2025 05:00:00 PM;DICIEMBRE;2025;COOPERATIVA MULTIACTIVA COOPERANDOX;;902-003-703-5;Aportes y credito;BOGOTÁ, D.C.;BOGOTÁ, D.C.;Cr 8 No. 16-88 Ofc 707;3106878964;;;;Cooperandox33@gmail.com;3
522;BOGOTÁ D.C.;BOGOTA, D.C.;SI;12321747;2025-12;SI;2025-12-31;10385;12/31/2025 05:00:00 PM;DICIEMBRE;2025;COOPERATIVA MULTIACTIVA COOPYMEX;COOPYMEX;900-078-604-9;Multiactiva sin seccion de ahorro;BOGOTÁ, D.C.;BOGOTÁ, D.C.;CALLE 22K # 104 29;;99;Otras actividades;LIZETH VICTORIA MANCERA HURTADO;lmancera@dinissan.com.co;3
523;BOGOTÁ D.C.;BOGOTA, D.C.;SI;10992965;2025-12;SI;2025-12-31;13423;12/31/2025 05:00:00 PM;DICIEMBRE;2025;COOPERATIVA MULTIACTIVA DE SERVICIOS INTEGRALES PORVENIR;COOPORVENIR S C;900-477-554-0;Multiactiva sin seccion de ahorro;BOGOTÁ, D.C.;BOGOTÁ, D.C.;CARRERA 7 12B 65;;99;Otras actividades;LUZ ASTRID GUTIERREZ SANCHEZ;cooporvenir@hotmail.es;3
524;BOGOTÁ D.C.;BOGOTA, D.C.;SI;10000000;2025-12;SI;2025-12-31;16314;12/31/2025 05:00:00 PM;DICIEMBRE;2025;COOPERATIVA DE TRABAJO ASOCIADO DE SERVICIOS MULTPLES CTA;COOSERMUL;900-994-470-8;Cooperativas de trabajo asociado;BOGOTÁ, D.C.;BOGOTÁ, D.C.;CRA. 97 # 42 F - 28 SUR;4008509;23;Vigilancia y seguridad;;coosermulcta@gmail.com;3
525;BOGOTÁ D.C.;BOGOTA, D.C.;SI;10000000;2025-12;SI;2025-12-31;16580;12/31/2025 05:00:00 PM;DICIEMBRE;2025;COOPERATIVA MULTIACTIVA MONCAR-MONCAR ML;MONCAR ML;901-868-907-9;Multiactiva sin seccion de ahorro;BOGOTÁ, D.C.;BOGOTÁ, D.C.;CRA53 103B 42;2017272;1;Intermediacion financiera;;juridica@montescardenas.com;3
526;BOGOTÁ D.C.;BOGOTA, D.C.;SI;8805625;2025-12;SI;2025-12-31;5288;12/31/2025 05:00:00 PM;DICIEMBRE;2025;COOPERATIVA DE CREDITO COOPEVAL;COOPEVAL;805-013-497-3;Multiactiva sin seccion de ahorro;BOGOTÁ, D.C.;BOGOTÁ, D.C.;CRA 7 17 01 OFC 735;;99;Otras actividades;ALFREDO ALFONSO SOLAQUE SANCHEZ;infocoopeval@gmail.com;3
527;BOGOTÁ D.C.;BOGOTA, D.C.;SI;8276330;2025-12;SI;2025-12-31;16476;12/31/2025 05:00:00 PM;DICIEMBRE;2025;COOPERATIVA COOGNITY;COOGNITY;901-723-769-6;Multiactiva sin seccion de ahorro;BOGOTÁ, D.C.;BOGOTÁ, D.C.;CL 64A 57 23 T9 APTO 1201;;99;Otras actividades;;gerencia@coognity.com.co;3
528;BOGOTÁ D.C.;BOGOTA, D.C.;SI;6150000;2025-12;SI;2025-12-31;10454;12/31/2025 05:00:00 PM;DICIEMBRE;2025;COOPERATIVA MULTIACTIVA DE SOLUCIONES DE VIDA;COOPSOLVIDA;900-070-316-6;Multiactiva sin seccion de ahorro;BOGOTÁ, D.C.;BOGOTÁ, D.C.;CALLE 12B 8 23 OF323;8058659;99;Otras actividades;NUBIA FORERO FONSECA;coopsol404@gmail.com;3
529;BOGOTÁ D.C.;BOGOTA, D.C.;SI;4611942;2026-06;SI;2026-06-30;13646;06/30/2026 05:00:00 PM;JUNIO;2026;CONSTRUYENDO COOPERATIVA DE TRABAJO ASOCIADO;CONSTRUYENDO CTA;900-452-258-7;Cooperativas de trabajo asociado;BOGOTÁ, D.C.;BOGOTÁ, D.C.;CRA 7 NRO 17 - 01;3521679;11;Transporte;VILMA SOLEDAD BUITRAGO ALARCON;sandra.auditoria@hotmail.com;3
530;BOGOTÁ D.C.;BOGOTA, D.C.;SI;3000000;2025-12;SI;2025-12-31;15292;12/31/2025 05:00:00 PM;DICIEMBRE;2025;COOPERATIVA MULTIACTIVA SERVICE;COOPMULTISERVICE;901-043-568-4;Multiactiva sin seccion de ahorro;BOGOTÁ, D.C.;BOGOTÁ, D.C.;CARRERA 16 A N 185 - 76;;24;Servicios de credito;;contabilidadaux8@gmail.com;3
531;BOGOTÁ D.C.;BOGOTA, D.C.;SI;2174849;2025-12;SI;2025-12-31;12496;12/31/2025 05:00:00 PM;DICIEMBRE;2025;COOPERATIVA MULTIACTIVA PROGRESO FAMILIAR;COOPROFAMI;900-263-834-9;Multiactiva sin seccion de ahorro;BOGOTÁ, D.C.;BOGOTÁ, D.C.;CR 10 16 92 OF 201;2823241;99;Otras actividades;RAMIRO GONZALEZ GUTIERREZ;cooprofami@gmail.com;3
532;BOGOTÁ D.C.;BOGOTA, D.C.;SI;1473161;2025-12;SI;2025-12-31;11917;12/31/2025 05:00:00 PM;DICIEMBRE;2025;COOPERATIVA MULTIACTIVA POR UN MEJOR MA??ANA PARA LOS NI??OS HUERFANOS DE LA FUERZA PUBLICA;SURGIR PARA EL FUTURO ENTIDAD COOPERATIVA;900-244-836-2;Multiactiva sin seccion de ahorro;BOGOTÁ, D.C.;BOGOTÁ, D.C.;CALLE 52 A # 9-86;2101044;99;Otras actividades;LIDA TAFUR OSPINA;informacion@surgirparaelfuturo.com;3
533;BOGOTÁ D.C.;BOGOTA, D.C.;SI;1347623;2026-06;SI;2026-06-30;9735;06/30/2026 05:00:00 PM;JUNIO;2026;COOPERATIVA DE TRABAJO ASOCIADO LABOREMOS CTA.;LABOREMOS CTA;830-108-817-7;Cooperativas de trabajo asociado;BOGOTÁ, D.C.;BOGOTÁ, D.C.;CRA 66 N 23A-42 INT 5 OF 304;3158364;99;Otras actividades;MARIA LUZ RONDON;laboremoscta@hotmail.com;3
534;BOGOTÁ D.C.;BOGOTA, D.C.;SI;1169685;2025-12;SI;2025-12-31;6037;12/31/2025 05:00:00 PM;DICIEMBRE;2025;COOPERATIVA DE TRABAJO ASOCIADO SERVICOPAVA;SERVICOPAVA;830-122-276-0;Cooperativas de trabajo asociado;BOGOTÁ, D.C.;BOGOTÁ, D.C.;CALLE 19 4 74;2873215;99;Otras actividades;IVAN RATKOVICH CARDENAS;contabilidad@coopava.com.co;1
535;BOGOTÁ D.C.;BOGOTA, D.C.;SI;572000;2025-12;SI;2025-12-31;11521;12/31/2025 05:00:00 PM;DICIEMBRE;2025;COOPERATIVA DE CREDITO ALIANZA OPORTUNIDADES;COOPORTUNIDADES;900-147-361-0;Especializada sin seccion de ahorro;BOGOTÁ, D.C.;BOGOTÁ, D.C.;CL 100 8 A 37 OF 307;2183968;99;Otras actividades;IVAN ANDRES MAYORGA JAIMES;csanclemente@changeamericas.com;3
536;BOGOTÁ D.C.;BOGOTA, D.C.;SI;374879;2025-12;SI;2025-12-31;6049;12/31/2025 05:00:00 PM;DICIEMBRE;2025;COOPERATIVA MULTIACTIVA NUEVO MILENIO LTDA;COOPMILENIO LTDA;830-057-729-7;Multiactiva sin seccion de ahorro;BOGOTÁ, D.C.;BOGOTÁ, D.C.;CRA 10 16 92 OF 201;2823241;99;Otras actividades;NOEL RAMIREZ SALAZAR;coopmilenio@gmail.com;3
537;BOGOTÁ D.C.;BOGOTA, D.C.;SI;1000;2025-12;SI;2025-12-31;12466;12/31/2025 05:00:00 PM;DICIEMBRE;2025;COOPERATIVA DE APORTES Y CREDITO COOPMEDAS;COOPMEDAS;900-270-651-7;Especializada sin seccion de ahorro;BOGOTÁ, D.C.;BOGOTÁ, D.C.;CR 36 25A 59;;24;Servicios de credito;MARIA CLAUDIA LOPEZ LASPRILLA;josfer08@yahoo.es;3
538;BOGOTÁ D.C.;BOGOTA, D.C.;SI;2;2025-12;SI;2025-12-31;12263;12/31/2025 05:00:00 PM;DICIEMBRE;2025;COOPERATIVA MULTIACTIVA DE ASOCIADOS;COOPIASOCIADOS;900-294-155-9;Multiactiva sin seccion de ahorro;BOGOTÁ, D.C.;BOGOTÁ, D.C.;CALLE 17 8-93 OFICINA 602 603;3413238;24;Servicios de credito;JOSE OSCAR CARDONA GALVIS;coopiasociados@coopiasociados.com;3
539;BOGOTÁ D.C.;BOGOTA, D.C.;SI;2;2026-06;SI;2026-06-30;5997;06/30/2026 05:00:00 PM;JUNIO;2026;COOPERATIVA MULTIACTIVA DE SERVICIOS LTDA;MULTIFIN;830-111-874-8;Especializada sin seccion de ahorro;BOGOTÁ, D.C.;BOGOTÁ, D.C.;DG 47A SUR 53 46;7468757;99;Otras actividades;FELIX PRIETO CAMELO;cooperativamultifin@gmail.com;3
540;BOGOTÁ D.C.;BOGOTA, D.C.;SI;1;2025-12;SI;2025-12-31;12656;12/31/2025 05:00:00 PM;DICIEMBRE;2025;ALIANZA MULTIACTIVA DE SERVICIOS;SERVIALIANZA COOPERATIVA;900-360-085-4;Multiactiva sin seccion de ahorro;BOGOTÁ, D.C.;BOGOTÁ, D.C.;CARRERA 8 N 11 39 OF 620;7946611;99;Otras actividades;SARA GUEVARA DE ROPERO;servialianzacooperativa@gmail.com;3
541;BOGOTÁ D.C.;BOGOTA, D.C.;SI;1;2025-12;SI;2025-12-31;5560;12/31/2025 05:00:00 PM;DICIEMBRE;2025;COOPERATIVA DE TRABAJO ASOCIADO SERVICIOS & NEGOCIOS EMPRESARIALES;S&NCO;830-093-847-0;Cooperativas de trabajo asociado;BOGOTÁ, D.C.;BOGOTÁ, D.C.;CL 73 8 13 P7;3136717;99;Otras actividades;JUAN JOSE VELOZA CORREDOR;comercioexterior.sinco@cafedecolombia.com;3
542;BOGOTÁ D.C.;BOGOTA, D.C.;SI;1;2025-12;SI;2025-12-31;13131;12/31/2025 05:00:00 PM;DICIEMBRE;2025;COOPERATIVA MULTIACTIVA COOPCAVAL;COOPCAVAL;900-420-641-8;Multiactiva sin seccion de ahorro;BOGOTÁ, D.C.;BOGOTÁ, D.C.;CALLE 12B N 8 34;;99;Otras actividades;GUSTAVO ANDRES VALENCIA FORERO;coopcavalcooperativa@gmail.com;3
543;BOGOTÁ D.C.;BOGOTA, D.C.;SI;1;2025-12;SI;2025-12-31;12930;12/31/2025 05:00:00 PM;DICIEMBRE;2025;COOPERATIVA MULTIACTIVA NACIONAL DE BIENES Y SERVICIOS LOS HEROES;COOPHEROES;900-209-910-1;Multiactiva sin seccion de ahorro;BOGOTÁ, D.C.;BOGOTÁ, D.C.;CARRERA 15 84 24 OFICINA 411;7033540;99;Otras actividades;MARIELA INSUASTI SANCHEZ;coopheroes@gmail.com;3
544;BOGOTÁ D.C.;BOGOTA, D.C.;SI;1;2025-12;SI;2025-12-31;9631;12/31/2025 05:00:00 PM;DICIEMBRE;2025;COOPERATIVA NACIONAL SOLIDARIA;COONALSOL;900-030-002-8;Multiactiva sin seccion de ahorro;BOGOTÁ, D.C.;BOGOTÁ, D.C.;CALLE 19 N  658;3102800;99;Otras actividades;NUBIA FORERO FONSECA;coonasol@yahoo.com;3
545;BOGOTÁ D.C.;BOGOTA, D.C.;SI;;;NO;2023-11-30;1271;11/30/2023 05:00:00 PM;NOVIEMBRE;2023;COOLEVER ENTIDAD COOPERATIVA;COOLEVER;860-508-859-1;Especializada de ahorro y credito;BOGOTÁ, D.C.;BOGOTÁ, D.C.;CLL 50 27-26;4851818;1;Intermediacion financiera;RAFAEL LARA MAYORGA;contador@corveica.org;1
546;BOGOTÁ D.C.;BOGOTA, D.C.;SI;;;NO;2019-11-30;969;11/30/2019 05:00:00 PM;NOVIEMBRE;2019;COOPERATIVA DE AHORRO Y CREDITO INEM  KENNEDY LTDA.;COPINKE;860-044-194-1;Especializada de ahorro y credito;BOGOTÁ, D.C.;BOGOTÁ, D.C.;AV CALLE 24 N. 75 -72;;1;Intermediacion financiera;JORGE ALFONSO SASTOQUE POVEDA;contador@copinke.com;1
547;BOGOTÁ D.C.;BOGOTA, D.C.;SI;;;NO;2021-12-31;686;12/31/2021 05:00:00 PM;DICIEMBRE;2021;COOPERATIVA DE EMPLEADOS EXXONMOBIL DE COLOMBIA;COOPEXXONMOBIL;860-021-849-6;Multiactiva con ahorro y credito;BOGOTÁ, D.C.;BOGOTÁ, D.C.;CL 90 18-53;7562118;1;Intermediacion financiera;LUZ ELENA RUBIO BURGOS;gerencia@coopexmo.com;1
548;BOYACÁ;TUNJA;SI;;;NO;2020-11-30;2331;11/30/2020 05:00:00 PM;NOVIEMBRE;2020;COOPERATIVA DE SERVICIOS DE BOYACA;COOSERVICIOS O.C.;891-801-122-0;Especializada de ahorro y credito;BOYACÁ;TUNJA;CARRERA 10   17   57;7406889;1;Intermediacion financiera;ANDRES ORDO?EZ PLATA;informacion@cooservicios.com.co;1
549;BOGOTÁ D.C.;BOGOTA, D.C.;SI;;;NO;2022-03-31;7046;03/31/2022 05:00:00 PM;MARZO;2022;COOPERATIVA MULTIACTIVA DE FABRICANTES DE EQUIPOS Y ARTEFECTOS PARA GAS NATURAL;COMULTIGAS;830-027-130-8;Multiactiva sin seccion de ahorro;BOGOTÁ, D.C.;BOGOTÁ, D.C.;CLL 19 #4-20 OF 801;;99;Otras actividades;LUIS ANTONIO ROJAS NIEVES;infocomultigas@gmail.com;1
550;BOGOTÁ D.C.;BOGOTA, D.C.;SI;;;NO;2023-03-31;6789;03/31/2023 05:00:00 PM;MARZO;2023;UNION DE PROFESIONALES PARA LA CULTURA Y LA RECREACION, U.P.C.R., ASOCIACION COOPERATIVA;UPCR;830-027-779-7;Multiactiva sin seccion de ahorro;BOGOTÁ, D.C.;BOGOTÁ, D.C.;TV 26B 40A 77;;99;Otras actividades;ANDRES ORDO?EZ PLATA;??ndresordoezplata@yahoo.com;1
551;BOGOTÁ D.C.;BOGOTA, D.C.;SI;;;NO;2025-06-30;12322;06/30/2025 05:00:00 PM;JUNIO;2025;ASOCIADOS DEL GREMIO M??DICO COOPERATIVA DE TRABAJO ASOCIADO;AGMSALUD CTA;900-267-502-7;Cooperativas de trabajo asociado;BOGOTÁ, D.C.;BOGOTÁ, D.C.;CALLE 32 A 19 35;7423242;22;Salud;ELKIN ENRIQUE MONTOYA PERALTA;agmsaludcta.contab01@gmail.com;2
552;BOGOTÁ D.C.;BOGOTA, D.C.;SI;;;NO;2017-12-31;11482;12/31/2017 05:00:00 PM;DICIEMBRE;2017;ASOCIAR COOPERATIVA DE TRABAJO ASOCIADO Y DE SERVICIOS;ASOCIAR CTA;900-079-448-0;Cooperativas de trabajo asociado;BOGOTÁ, D.C.;BOGOTÁ, D.C.;Diagonal 53D 21-17;2118246;99;Otras actividades;MAURICIO GONZALEZ AMADOR;maurogonzalez79@hotmail.com;2
553;BOGOTÁ D.C.;BOGOTA, D.C.;SI;;;NO;2021-12-31;5390;12/31/2021 05:00:00 PM;DICIEMBRE;2021;CLAVE INTEGRAL CTA;CLAVE INTEGRAL CTA;830-120-309-6;Cooperativas de trabajo asociado;BOGOTÁ, D.C.;BOGOTÁ, D.C.;CL 23D 101 41;4101214;99;Otras actividades;HEIDI CRISTINA MAHECHA FORERO;scuellar@claveintegral.com;2
554;BOGOTÁ D.C.;BOGOTA, D.C.;SI;;;NO;2017-06-30;5164;06/30/2017 05:00:00 PM;JUNIO;2017;COOPERATIVA INTEGRAL DE TRABAJO ASOCIADO;INTEGRAL;811-026-720-1;Cooperativas de trabajo asociado;BOGOTÁ, D.C.;BOGOTÁ, D.C.;Calle 138 10A 53 Oficina 105;2580011;22;Salud;MARTHA ALEYDA AVILA;cooperativaenliquidacion@coopintegrar.com.co;2
555;BOGOTÁ D.C.;BOGOTA, D.C.;SI;;;NO;2025-06-30;340;06/30/2025 05:00:00 PM;JUNIO;2025;COOPERATIVA MULTIACTIVA DE EMPLEADOS DE LA CONTRALORIA GENERAL DE LA REPUBLICA;CONTRAGER;860-021-530-2;Multiactiva sin seccion de ahorro;BOGOTÁ, D.C.;BOGOTÁ, D.C.;CR 9 NO. 17-24 OF 405;3521616;99;Otras actividades;JOSE MARIA RAMIREZ JIMENEZ;legaljosem@yahoo.es;2
556;BOGOTÁ D.C.;BOGOTA, D.C.;SI;;;NO;2017-12-31;9625;12/31/2017 05:00:00 PM;DICIEMBRE;2017;COOPERATIVA MULTIACTIVA DE SERVICIOS COMUNERA;COOPMULCOM;900-059-883-6;Multiactiva sin seccion de ahorro;BOGOTÁ, D.C.;BOGOTÁ, D.C.;Carrera 9 Nro.17-48 Oficina 506;2437767;99;Otras actividades;LINA CONSTANZA TORRES;gerencia@coopmulcom.com;2
557;BOGOTÁ D.C.;BOGOTA, D.C.;SI;;;NO;2023-06-30;13331;06/30/2023 05:00:00 PM;JUNIO;2023;COOPERATIVA MULTIACTIVA  DE SERVICIOS COOPSOLUCION;COOPSOLUCION;900-528-997-1;Multiactiva sin seccion de ahorro;BOGOTÁ, D.C.;BOGOTÁ, D.C.;CRA 13 N 61-65 LOCAL212;4329723;99;Otras actividades;JOSE WILLIAM VALENCIA PE?A;coopsolucionenliquidacion2022@gmail.com;2
558;BOGOTÁ D.C.;BOGOTA, D.C.;SI;;;NO;2018-12-31;7735;12/31/2018 05:00:00 PM;DICIEMBRE;2018;COOPERATIVA SERVIACTIVA;SERVIACTIVA;830-073-512-3;Cooperativas de trabajo asociado;BOGOTÁ, D.C.;BOGOTÁ, D.C.;CALLE 103 N 45 A 14;2560529;99;Otras actividades;MIGUEL ALEXANDER SAENZ HERRERA;jfcamachom@serviactiva.co;2
559;BOGOTÁ D.C.;BOGOTA, D.C.;SI;;;NO;2018-06-30;11407;06/30/2018 05:00:00 PM;JUNIO;2018;EL CEDRO COOPERATIVA MULTIACTIVA;EL CEDRO;900-136-193-2;Multiactiva sin seccion de ahorro;BOGOTÁ, D.C.;BOGOTÁ, D.C.;CRA 7 16 36;3366838;24;Servicios de credito;FEDERICO CARLOS DIAZ LOPEZ;coop@elcedrocooperativa.com;2
560;BOGOTÁ D.C.;BOGOTA, D.C.;SI;;;NO;2023-12-31;1033;12/31/2023 05:00:00 PM;DICIEMBRE;2023;ENTIDAD COOPERATIVA SOLIDARIA DE SALUD;ECOOPSOS;832-000-760-8;Especializada sin seccion de ahorro;BOGOTÁ, D.C.;BOGOTÁ, D.C.;CALLE 35 6-64;;99;Otras actividades;;ecoopsosesscoop@gmail.com;2
561;BOGOTÁ D.C.;BOGOTA, D.C.;SI;;;NO;2022-12-31;16133;12/31/2022 05:00:00 PM;DICIEMBRE;2022;2 BANK COOPERATIVA MULTIACTIVA;2 BANK;901-627-820-3;Multiactiva sin seccion de ahorro;BOGOTÁ, D.C.;BOGOTÁ, D.C.;CARRERA 66 NO 79A 82 INT 1 APTO 102;7674646;99;Otras actividades;JAVIER RICARDO AGUDELO ALV AGUDELO ALVARADO;gerencia@othinktechnologies.co;3
562;BOGOTÁ D.C.;BOGOTA, D.C.;SI;;;NO;2021-12-31;8855;12/31/2021 05:00:00 PM;DICIEMBRE;2021;A COOPERATIVA DE TRABAJO ASOCIADO CTA CUYAA  ES FUNDADORES CTA EN LIQUIDACION;FUNDADORES CTA;830-135-660-2;Cooperativas de trabajo asociado;BOGOTÁ, D.C.;BOGOTÁ, D.C.;DG 47 A SUR 53 47;2305441;99;Otras actividades;JOHN WILLIAM CARDENAS ROMERO;fundadorescta@outlook.com;3
563;BOGOTÁ D.C.;BOGOTA, D.C.;SI;;;NO;2024-12-31;8449;12/31/2024 12:00:00 AM;DICIEMBRE;2024;ADMINISTRADORES PROF. DE P.H. SOCIEDAD COOPERATIVA DE TRABAJO ASOCIADO;;830-085-224-9;Cooperativas de trabajo asociado;BOGOTÁ, D.C.;BOGOTÁ, D.C.;CALLE 114 # 11 A - 40;3000139;99;Otras actividades;GLORIA ESPERANZA VARGAS VENEGAS;apservicioalcliente@gmail.com;3
564;BOGOTÁ D.C.;BOGOTA, D.C.;SI;;;NO;2022-12-31;12904;12/31/2022 05:00:00 PM;DICIEMBRE;2022;ADRIATICA COOPERATIVA MULTIACTIVA;COOPA;900-402-749-8;Multiactiva sin seccion de ahorro;BOGOTÁ, D.C.;BOGOTÁ, D.C.;CALLE 124 45 15;6166807;24;Servicios de credito;HENRY VELASQUEZ TORRES;adriatica@adriaticacm.com;3
565;BOGOTÁ D.C.;BOGOTA, D.C.;SI;;;NO;2017-12-31;12878;12/31/2017 05:00:00 PM;DICIEMBRE;2017;ALIANZA COOPERATIVA DE SERVICIOS;ALICOOP;900-340-419-5;Multiactiva sin seccion de ahorro;BOGOTÁ, D.C.;BOGOTÁ, D.C.;Carrera 9 17 24 0F 702;8207924;24;Servicios de credito;OSCAR GIRALDO CUARTAS;alicoopservicios@gmail.com;3
566;BOGOTÁ D.C.;BOGOTA, D.C.;SI;;;NO;2017-12-31;9720;12/31/2017 05:00:00 PM;DICIEMBRE;2017;ALIANZA ESTRATEGICA COOPERATIVA DE SERVICIOS Y PRODUCTOS;COOP VIDA;900-048-507-4;Multiactiva sin seccion de ahorro;BOGOTÁ, D.C.;BOGOTÁ, D.C.;Calle 81 NO.19A 38;6106343;99;Otras actividades;AURORA MEJIA GUERRERO;vidacoop2009@gmail.com;3
567;BOGOTÁ D.C.;BOGOTA, D.C.;SI;;;NO;2019-12-31;10938;12/31/2019 05:00:00 PM;DICIEMBRE;2019;ASESORIAS INTEGRALES EN PROYECTOS PRODUCTIVIDAD Y CONSTRUCCION COOPERATIVA GRUPO A P C;GRUPO APC;900-091-878-3;Administraciones publicas cooperativas;BOGOTÁ, D.C.;BOGOTÁ, D.C.;CRA 10 97 13;;99;Otras actividades;EDWIN SOSA ESPNOSA;info@grupo-apc.com.co;3
568;BOGOTÁ D.C.;BOGOTA, D.C.;SI;;;NO;2025-06-30;9702;06/30/2025 05:00:00 PM;JUNIO;2025;ASOCIACION COLOMBIANA DE COOPERATIVAS DE VIGILANCIA PRIVADA;ASCOOVIP;830-089-833-2;Otras organizaciones;BOGOTÁ, D.C.;BOGOTÁ, D.C.;CRA 3 18 55 T B OF 203;3343101;99;Otras actividades;JOSE RAFAEL FLOREZ MONTA?A;ascoovip@yahoo.com;3
569;BOGOTÁ D.C.;BOGOTA, D.C.;SI;;;NO;2021-12-31;8970;12/31/2021 05:00:00 PM;DICIEMBRE;2021;ASOCIACION COOPERATIVA DE SERVICIOS PARA SERVIDORES DEL ESTADO LTDA;ACOSSERES LTDA;830-142-174-3;Especializada sin seccion de ahorro;BOGOTÁ, D.C.;BOGOTÁ, D.C.;CRA 10 NO 18 36 OFC 605;3367639;24;Servicios de credito;EDUAR ALEXANDER REINA RONDON;acosseresltda@hotmail.com;3
570;BOGOTÁ D.C.;BOGOTA, D.C.;SI;;;NO;2023-06-30;12391;06/30/2023 05:00:00 PM;JUNIO;2023;AUXILIOS COOPERATIVOS;;900-274-763-1;Cooperativas de trabajo asociado;BOGOTÁ, D.C.;BOGOTÁ, D.C.;CL 18 8 92 OF 602;3426749;24;Servicios de credito;MAGNOLIA ANDREA ROBAYO ROMERO;auxilioscooperrativos@gmail.com;3
571;BOGOTÁ D.C.;BOGOTA, D.C.;SI;;;NO;2024-06-30;13518;06/30/2024 12:00:00 AM;JUNIO;2024;BIENESTAR COOPERATIVO COLOMBIANO;COBICOOP;900-480-924-3;Multiactiva sin seccion de ahorro;BOGOTÁ, D.C.;BOGOTÁ, D.C.;CRA 6 A N 14 44;;24;Servicios de credito;MARIA TERESA JIMENEZ PAEZ;cobicoopcooperativa@hotmail.com;3
572;BOGOTÁ D.C.;BOGOTA, D.C.;SI;;;NO;2019-06-30;15315;06/30/2019 05:00:00 PM;JUNIO;2019;BORDOCOL PCTA;BORDOCOL PCTA;900-843-417-1;Cooperativas de trabajo asociado;BOGOTÁ, D.C.;BOGOTÁ, D.C.;CL 59 N 13 44;5404584;99;Otras actividades;LINA MARIA ROJAS ZULETA;liquidacioncompensacionescta@yahoo.com;3
573;BOGOTÁ D.C.;BOGOTA, D.C.;SI;;;NO;2021-12-31;7861;12/31/2021 05:00:00 PM;DICIEMBRE;2021;CCOOPERATIVA DE FOMENTO Y DESARROLLO MILENARIO;FOMDEMILCOOP;830-066-167-6;Integral sin seccion de ahorro;BOGOTÁ, D.C.;BOGOTÁ, D.C.;TV 59 N| 104B-86 OF 202;7443991;99;Otras actividades;CARLOS ENRIQUE DUARTE CADAVID;contabilidad@confincoop.com;3
574;BOGOTÁ D.C.;BOGOTA, D.C.;SI;;;NO;2024-06-30;7859;06/30/2024 12:00:00 AM;JUNIO;2024;CCOPERATIVA MULTIACTIVA DE ASISTENCIA LTDA.;COASISTIR LTDA.;830-072-337-6;Multiactiva sin seccion de ahorro;BOGOTÁ, D.C.;BOGOTÁ, D.C.;CR 27 A 66 80;2251016;99;Otras actividades;DIANA MARITZA ROZO PINZON;contabilidad@coasistir.com;3
575;BOGOTÁ D.C.;BOGOTA, D.C.;SI;;;NO;2024-12-31;3700;12/31/2024 12:00:00 AM;DICIEMBRE;2024;CENTRAL COOPERATIVA MUEBLES VERSALLES;CENTRACOOVER;800-164-410-2;Especializada sin seccion de ahorro;BOGOTÁ, D.C.;BOGOTÁ, D.C.;KRA 13 A 89 38 OFFIC 211;8002141;99;Otras actividades;ADA  JAKELINE BORDA TORRES;centracoover@yahoo.es;3
576;BOGOTÁ D.C.;BOGOTA, D.C.;SI;;;NO;2021-06-30;13478;06/30/2021 05:00:00 PM;JUNIO;2021;CENTRO DE INVESTIGACION Y EDUCACION COOPERATIVAS CIEC;;900-477-463-9;Instituciones auxiliares especializadas;BOGOTÁ, D.C.;BOGOTÁ, D.C.;CALLE 45 A N 28 62;7602953;9;Educacion;JAIME POMA;myineth@hotmail.com;3
577;BOYACÁ;SOGAMOSO;SI;;;NO;2021-12-31;11582;12/31/2021 05:00:00 PM;DICIEMBRE;2021;CENTRO INDUSTRIAL COOPERATIVO ALFARERO DE SOGAMOSO;CICOALSOG;826-002-292-1;Especializada sin seccion de ahorro;BOYACÁ;SOGAMOSO;KM 3 VIA SOGAMOSO MORCA VEREDA OMBACHITA;7718134;8;Mineria;LUIS ALBERTO GUAYACAN;coalfarerossogamoso@hotmail.com;3
578;BOGOTÁ D.C.;BOGOTA, D.C.;SI;;;NO;2023-12-31;15118;12/31/2023 05:00:00 PM;DICIEMBRE;2023;COMETA GLOBAL COOPERATIVA MULTIACTIVA;COMETA GLOBAL;900-534-917-5;Cooperativas de trabajo asociado;BOGOTÁ, D.C.;BOGOTÁ, D.C.;CL 25 B 37 A 26;;99;Otras actividades;Gerardo C?!rdenas;thoyen_ro@hotmail.com;3
579;BOGOTÁ D.C.;BOGOTA, D.C.;SI;;;NO;2017-12-31;11269;12/31/2017 05:00:00 PM;DICIEMBRE;2017;CONSORCIO  EMPRESARIAL  COLOMBIANO  CTA;COEMCOL CTA;830-147-179-2;Cooperativas de trabajo asociado;BOGOTÁ, D.C.;BOGOTÁ, D.C.;CR 11 # 65-61 OF 301;2498977;99;Otras actividades;GUSTAVO ORTEGA ORTEGA;coemcol_cta@yahoo.es;3
580;BOGOTÁ D.C.;BOGOTA, D.C.;SI;;;NO;2021-12-31;13806;12/31/2021 05:00:00 PM;DICIEMBRE;2021;CONSORCIO FINANCIERO COOPERATIVO;CONFINCOOP;900-736-139-9;Multiactiva sin seccion de ahorro;BOGOTÁ, D.C.;BOGOTÁ, D.C.;TV 59 NA? 104B-86 OF 202;7443991;99;Otras actividades;CARLOS ENRIQUE DUARTE CADAVID;contabilidad@confincoop.com;3
581;BOGOTÁ D.C.;BOGOTA, D.C.;SI;;;NO;2019-12-31;646;12/31/2019 05:00:00 PM;DICIEMBRE;2019;COOADEEDAC COOPERATIVA MULTIACTIVA;COOACU#A;800-249-655-6;Multiactiva sin seccion de ahorro;BOGOTÁ, D.C.;BOGOTÁ, D.C.;CALLE 10 10 50;2835959;99;Otras actividades;JUAN CARLOS AGUAS FUENTES;olga.oliveros@hotmail.com;3
582;BOGOTÁ D.C.;BOGOTA, D.C.;SI;;;NO;2024-12-31;6060;12/31/2024 12:00:00 AM;DICIEMBRE;2024;COOPERATIVA ABIERTA DE APORTE Y CREDITO;COOPFILIGRANA;830-071-807-1;Multiactiva sin seccion de ahorro;BOGOTÁ, D.C.;BOGOTÁ, D.C.;AV CARACAS 47 28;;99;Otras actividades;DIANA ALEJANDRA RODRIGUEZ CARDOZO;gerenciacoopfiligrana@gmail.com;3
583;BOYACÁ;VENTAQUEMADA;SI;;;NO;2022-12-31;16079;12/31/2022 05:00:00 PM;DICIEMBRE;2022;COOPERATIVA AGRICOLA LA VICTORIOSA;LA VICTORIOSA OC;901-648-266-2;Especializada sin seccion de ahorro;BOYACÁ;VENTAQUEMADA;CLL 4 4 31;;4;Agricola;;lavictoriosaoc@gmail.com;3
584;BOYACÁ;PAIPA;SI;;;NO;2023-06-30;2388;06/30/2023 05:00:00 PM;JUNIO;2023;COOPERATIVA AGROMINERA MULTIACTIVA DE PAIPA LTDA;COOAGROMIN;891-801-659-3;Multiactiva sin seccion de ahorro;BOYACÁ;PAIPA;CALLE 21 NO. 23 - 28;7850657;8;Mineria;YOLMAN GREGORIO PEDRAZA ALFONSO;mineros2000@hotmail.com;3
585;BOGOTÁ D.C.;BOGOTA, D.C.;SI;;;SI;2025-12-31;3976;12/31/2025 05:00:00 PM;DICIEMBRE;2025;COOPERATIVA ARTESANAL DE COLOMBIA LTDA;COOPACOL LTDA;800-071-924-6;Especializada sin seccion de ahorro;BOGOTÁ, D.C.;BOGOTÁ, D.C.;Calle 16 Nro.9-55/59;2842045;99;Otras actividades;;coopacol.artesanal@gmail.com;3
586;BOGOTÁ D.C.;BOGOTA, D.C.;SI;;;NO;2022-12-31;6400;12/31/2022 05:00:00 PM;DICIEMBRE;2022;COOPERATIVA ASISTENCIA COOPERATIVA LIMITADA;ASISCOOP LTDA;830-060-544-2;Multiactiva sin seccion de ahorro;BOGOTÁ, D.C.;BOGOTÁ, D.C.;CALLE 31 13A 51 OF 221;;99;Otras actividades;MARTHA CECILIA CUARTAS ECHAVARRIA;representantelegal@asiscoop.com;3
587;BOGOTÁ D.C.;BOGOTA, D.C.;SI;;;NO;2023-06-30;9041;06/30/2023 05:00:00 PM;JUNIO;2023;COOPERATIVA ASISTIR PROTECCION EXEQUIAL;COOPASISTIR;830-144-902-8;Especializada sin seccion de ahorro;BOGOTÁ, D.C.;BOGOTÁ, D.C.;CRA 45 NO. 45-71 OF. 103;2558041;14;Servicios funerarios;GLORIA INES GONZALEZ RAMIREZ;gladystcg@hotmail.com;3
588;BOYACÁ;PAIPA;SI;;;NO;2022-06-30;5754;06/30/2022 05:00:00 PM;JUNIO;2022;COOPERATIVA ASOCIATIVA DE TRABAJO ACOSERVICIOS O.C.;ACOSERVICIOS;826-002-934-1;Cooperativas de trabajo asociado;BOYACÁ;PAIPA;CRA 21 25 09 OF 304;;99;Otras actividades;MARIA ODILIA MATEUS;odimateus@hotmail.com;3
589;BOGOTÁ D.C.;BOGOTA, D.C.;SI;;;NO;2017-12-31;13551;12/31/2017 05:00:00 PM;DICIEMBRE;2017;COOPERATIVA COLOMBIANA DE PENSIONADOS;COOPCOLPEN;900-467-672-9;Multiactiva sin seccion de ahorro;BOGOTÁ, D.C.;BOGOTÁ, D.C.;Calle 28Nro.13 A -24 Oficina 510;3001970;99;Otras actividades;JUAN GABRIEL LUGO ALTUZARRA;creditos@coopcolpen.com;3
590;BOGOTÁ D.C.;BOGOTA, D.C.;SI;;;NO;2023-06-30;3525;06/30/2023 05:00:00 PM;JUNIO;2023;COOPERATIVA COLOMBO ANDINA;COOLOMBOANDINA;860-077-663-4;Multiactiva sin seccion de ahorro;BOGOTÁ, D.C.;BOGOTÁ, D.C.;CRA 97 N. 24 15;;99;Otras actividades;ANA DOLORES GOMEZ SEGURA;coarrosanltda@hotmail.com;3
591;BOGOTÁ D.C.;BOGOTA, D.C.;SI;;;NO;2023-07-31;16622;07/31/2023 05:00:00 PM;JULIO;2023;COOPERATIVA CONDUCTORES COLOMBIA 5.5;C.C.5.5;901-734-042-8;;BOGOTÁ, D.C.;BOGOTÁ, D.C.;CALLE 54 A SUR # 22 - 05;;99;Otras actividades;;conductorescolombia2@gmail.com;3
592;BOGOTÁ D.C.;BOGOTA, D.C.;SI;;;NO;2020-06-30;4582;06/30/2020 05:00:00 PM;JUNIO;2020;COOPERATIVA COOCREDIMEL LTDA.;COOCREDIMEL LTDA.;800-145-339-6;Multiactiva sin seccion de ahorro;BOGOTÁ, D.C.;BOGOTÁ, D.C.;AV JIMENEZ NO 9 - 14 OF 405;3208225;24;Servicios de credito;HERNAN MELO RODRIGUEZ;cocredimelltda@hotmail.com;3
593;BOGOTÁ D.C.;BOGOTA, D.C.;SI;;;NO;2023-06-30;15552;06/30/2023 05:00:00 PM;JUNIO;2023;COOPERATIVA COOPROGRESA;COOPROGRESA;901-257-995-5;Especializada sin seccion de ahorro;BOGOTÁ, D.C.;BOGOTÁ, D.C.;CARRRA 70 # 1 33;;24;Servicios de credito;MARIA NANCY MATEUS ARIZA;cooprogresacol@gmail.com;3
594;BOGOTÁ D.C.;BOGOTA, D.C.;SI;;;NO;2024-12-31;6200;12/31/2024 12:00:00 AM;DICIEMBRE;2024;COOPERATIVA COPEVISA;COPEVISA;800-221-152-1;Multiactiva sin seccion de ahorro;BOGOTÁ, D.C.;BOGOTÁ, D.C.;CRA 4 185-B 05;6015265;13;Industria;NIDIA CRISTINA SUAREZ LOPEZ;copevisa@gmail.com;3
595;BOGOTÁ D.C.;BOGOTA, D.C.;SI;;;NO;2024-12-31;7905;12/31/2024 12:00:00 AM;DICIEMBRE;2024;COOPERATIVA DE AEROVIAS AEROCOOP LTDA;AEROCOOP LTDA;830-054-884-7;Multiactiva sin seccion de ahorro;BOGOTÁ, D.C.;BOGOTÁ, D.C.;CLL 57 7-11 OF 402;2355041;24;Servicios de credito;JOSE MAURICIO ALVAREZ TORRES;aerocoop.procesos@gmail.com;3
596;BOGOTÁ D.C.;BOGOTA, D.C.;SI;;;NO;2020-12-31;3515;12/31/2020 05:00:00 PM;DICIEMBRE;2020;COOPERATIVA DE AHORRO Y CREDITO COOSELANDIA LTDA.;COOSELANDIA;800-198-299-7;Especializada sin seccion de ahorro;BOGOTÁ, D.C.;BOGOTÁ, D.C.;AV 26 # 43 81;3350104;99;Otras actividades;MARIA HELENA GIL;cooselandia@gmail.com;3
597;BOGOTÁ D.C.;BOGOTA, D.C.;SI;;;NO;2017-06-30;3688;06/30/2017 05:00:00 PM;JUNIO;2017;COOPERATIVA DE AHORRO Y CREDITO EL PRGRESO DEL FUTURO.;COOPROGRESO;800-192-573-3;Especializada sin seccion de ahorro;BOGOTÁ, D.C.;BOGOTÁ, D.C.;Calle 2 B 32 C 23;2016537;24;Servicios de credito;JORGE A JIMENEZ BARBON;elprogresodelfutu@hotmail.com;3
598;BOGOTÁ D.C.;BOGOTA, D.C.;SI;;;NO;2024-12-31;1041;12/31/2024 12:00:00 AM;DICIEMBRE;2024;COOPERATIVA DE APORTACIONES Y PRESTAMOS DE LOS PENSIONADOS DE ECOPETROL LTDA;CAPPEN LTDA;860-517-252-1;Especializada sin seccion de ahorro;BOGOTÁ, D.C.;BOGOTÁ, D.C.;CALLE 38 8 12;6047141;24;Servicios de credito;ELSA MARIA CENTENO CARDENAS;cappenltda@gmail.com;3
599;BOGOTÁ D.C.;BOGOTA, D.C.;SI;;;NO;2022-06-30;15761;06/30/2022 05:00:00 PM;JUNIO;2022;COOPERATIVA DE APORTE Y CREDITO;COOPTRIBUIR ABC;901-437-422-1;Cooperativas de trabajo asociado;BOGOTÁ, D.C.;BOGOTÁ, D.C.;CRA. 80D 7B-83;;99;Otras actividades;;gerenciacooptribuir@gmail.com;3
600;BOGOTÁ D.C.;BOGOTA, D.C.;SI;;;NO;2021-12-31;15038;12/31/2021 05:00:00 PM;DICIEMBRE;2021;COOPERATIVA DE APORTE Y CREDITO DE LOS ASOCIADOS A CONESAD;COOCRES;900-444-271-1;Integral sin seccion de ahorro;BOGOTÁ, D.C.;BOGOTÁ, D.C.;CALLE 23B BIS NO. 80B - 62;7531028;99;Otras actividades;ROSA MARIA CARO DAZA;rosamaria.caro@conesad.com.co;3
601;BOGOTÁ D.C.;BOGOTA, D.C.;SI;;;NO;2024-12-31;10550;12/31/2024 12:00:00 AM;DICIEMBRE;2024;COOPERATIVA DE APORTE Y CREDITO PRISMA;COOPRISMA;900-118-248-2;Multiactiva sin seccion de ahorro;BOGOTÁ, D.C.;BOGOTÁ, D.C.;CALLE 13 NO. 8 A - 30 OFICINA 1001;2820489;99;Otras actividades;OFELIA PILAR TIBAQUIRA MONTERO;coo.prisma@hotmail.com;3
602;BOGOTÁ D.C.;BOGOTA, D.C.;SI;;;NO;2022-12-31;15054;12/31/2022 05:00:00 PM;DICIEMBRE;2022;COOPERATIVA DE APORTE Y CREDITO SUMA;CREDISUMA;900-786-300-2;Especializada sin seccion de ahorro;BOGOTÁ, D.C.;BOGOTÁ, D.C.;CR 54B 128-39 IN1OF402 BL3;5330578;24;Servicios de credito;GABRIEL MAYORGA LOZADA;cartera@credisuma.co;3
603;BOGOTÁ D.C.;BOGOTA, D.C.;SI;;;NO;2021-12-31;12318;12/31/2021 05:00:00 PM;DICIEMBRE;2021;COOPERATIVA DE APORTES Y CREDITO CREDIPROGRESO;CREDIPROGRESO S.C.;900-272-104-9;Especializada sin seccion de ahorro;BOGOTÁ, D.C.;BOGOTÁ, D.C.;CRA 14A 101 11 OF 202;;24;Servicios de credito;HERNANDO ENRIQUE GOMEZ DIAZ;crediprogresoenliquidacion@hotmail.com;3
604;BOGOTÁ D.C.;BOGOTA, D.C.;SI;;;NO;2019-12-31;6751;12/31/2019 05:00:00 PM;DICIEMBRE;2019;COOPERATIVA DE APORTES Y CREDITO DE PENSIONADOS DEL SECTOR ESTATAL LTDA;PRODUZCAMOS;800-058-503-5;Administraciones publicas cooperativas;BOGOTÁ, D.C.;BOGOTÁ, D.C.;CALLE 44 57-12;2225560;99;Otras actividades;PACO JOSE ALVAREZ PUERTO;produzcamos@aspencajanal.com.co;3
605;BOGOTÁ D.C.;BOGOTA, D.C.;SI;;;NO;2023-12-31;15898;12/31/2023 05:00:00 PM;DICIEMBRE;2023;COOPERATIVA DE ASOCIACION DE SOLDADOS PROFESIONALES ACTIVOS Y EN USO DE BUEN RETIRO DEL EJERCITO NACIONAL;ASOOPROMIL;901-440-538-6;Cooperativas de trabajo asociado;BOGOTÁ, D.C.;BOGOTÁ, D.C.;CR 97  C   56   G   BIS   41;;99;Otras actividades;;vidalsalgado748@gmail.com;3
606;BOGOTÁ D.C.;BOGOTA, D.C.;SI;;;NO;2021-12-31;10900;12/31/2021 05:00:00 PM;DICIEMBRE;2021;COOPERATIVA DE AYUDA SOLIDARIA;COAYSOL LTDA;830-145-108-0;Multiactiva sin seccion de ahorro;BOGOTÁ, D.C.;BOGOTÁ, D.C.;CRA13 35 -43 OF 1002;3152767;12;Consumo (comercio);CLARIBEL MANCIPE CUBILLOS;marybric19@gmail.com;3
607;BOGOTÁ D.C.;BOGOTA, D.C.;SI;;;NO;2018-12-31;5645;12/31/2018 05:00:00 PM;DICIEMBRE;2018;COOPERATIVA DE COMERCIO AGROINDUSTRIAL;COOBURSATIL LTDA.;830-098-369-4;Especializada sin seccion de ahorro;BOGOTÁ, D.C.;BOGOTÁ, D.C.;CALLE 121 7 30 OF 402;6379596;99;Otras actividades;REINALDO VASQUEZ ARROYAVE;administracion@cooperativabursatil.com;3
608;BOGOTÁ D.C.;BOGOTA, D.C.;SI;;;NO;2024-06-30;4471;06/30/2024 12:00:00 AM;JUNIO;2024;COOPERATIVA DE CREDITO CENTRACOP;CENTRACOP;830-070-015-0;Integral sin seccion de ahorro;BOGOTÁ, D.C.;BOGOTÁ, D.C.;CALLE  17  9 21   702;;12;Consumo (comercio);LIBARDO RAMIREZ CORREDOR;gerencia@centracop.com;3
609;BOGOTÁ D.C.;BOGOTA, D.C.;SI;;;NO;2024-12-31;993;12/31/2024 12:00:00 AM;DICIEMBRE;2024;COOPERATIVA DE CREDITO DE PENSIONADOS DEL IDEMA;COOPENSIDEMA;860-403-961-3;Especializada sin seccion de ahorro;BOGOTÁ, D.C.;BOGOTÁ, D.C.;CRR 15 N 54 40;6408220;99;Otras actividades;RAFAEL VICENTE LEON CASTRO;recepcion@coopensidema.com;3
610;BOGOTÁ D.C.;BOGOTA, D.C.;SI;;;NO;2020-12-31;3701;12/31/2020 05:00:00 PM;DICIEMBRE;2020;COOPERATIVA DE CREDITO EL CASTILLO;COOCASTILLO;800-109-520-0;Multiactiva sin seccion de ahorro;BOGOTÁ, D.C.;BOGOTÁ, D.C.;AV KR 40 24 31 PISO 2;4884728;24;Servicios de credito;SANDRA JESSELA MENDOZA CASTILLO;coocastillo@hotmail.es;3
611;BOGOTÁ D.C.;BOGOTA, D.C.;SI;;;NO;2024-06-30;3508;06/30/2024 12:00:00 AM;JUNIO;2024;COOPERATIVA DE CREDITO SANTANDER LTDA COARROSAN;COARROSAN;800-132-196-3;Integral sin seccion de ahorro;BOGOTÁ, D.C.;BOGOTÁ, D.C.;CARRERA 97 24 15 INTERIOR 1 -301;;99;Otras actividades;ORLANDO SUAREZ PINZON;coarrosanltda@hotmail.com;3
612;BOGOTÁ D.C.;BOGOTA, D.C.;SI;;;NO;2020-06-30;12398;06/30/2020 05:00:00 PM;JUNIO;2020;COOPERATIVA DE CREDITO Y FOMENTO EMPRESARIAL;COEMPRESAR;900-301-949-0;Multiactiva sin seccion de ahorro;BOGOTÁ, D.C.;BOGOTÁ, D.C.;CALE 127  7   51;7469511;99;Otras actividades;YUDY ALEJANDRA GOMEZ DIAZ;contador@coempresar.com;3
613;BOGOTÁ D.C.;BOGOTA, D.C.;SI;;;NO;2024-12-31;13125;12/31/2024 12:00:00 AM;DICIEMBRE;2024;COOPERATIVA DE CREDITO Y SERVICIO ALPIN  ALPINCOOP;ALPINCOOP;900-423-224-3;Multiactiva sin seccion de ahorro;BOGOTÁ, D.C.;BOGOTÁ, D.C.;CALLE 99 # 49-38;;24;Servicios de credito;DAISSY  ADRIANA PINZON BERNAL;alpincoop2011@hotmail.com;3
614;BOGOTÁ D.C.;BOGOTA, D.C.;SI;;;NO;2020-12-31;787;12/31/2020 05:00:00 PM;DICIEMBRE;2020;COOPERATIVA DE CREDITO Y SERVICIOS MARINOS DE COLOMBIA LTDA;COOCREDIMAR;800-162-528-3;Especializada sin seccion de ahorro;BOGOTÁ, D.C.;BOGOTÁ, D.C.;CALLE 17 8 49 OF 409;2861018;99;Otras actividades;JUDITH CARO MORENO;coocredimar@hotmail.com;3
615;BOGOTÁ D.C.;BOGOTA, D.C.;SI;;;NO;2018-12-31;3516;12/31/2018 05:00:00 PM;DICIEMBRE;2018;COOPERATIVA DE CREDITOS COOBETTY LTDA.;COOBETTY;800-188-159-1;Especializada sin seccion de ahorro;BOGOTÁ, D.C.;BOGOTÁ, D.C.;CALLE 17 NO7 -60 OFICINA 217;3345490;99;Otras actividades;LUIS HERNANDO PINZON FIGUEROA;coobettyltda@yahoo.com;3
616;BOGOTÁ D.C.;BOGOTA, D.C.;SI;;;NO;2017-12-31;11448;12/31/2017 05:00:00 PM;DICIEMBRE;2017;COOPERATIVA DE CREDITOS Y SERVICIOS EL DORADO;DORACOOP;900-077-081-2;Multiactiva sin seccion de ahorro;BOGOTÁ, D.C.;BOGOTÁ, D.C.;Avenida JIMENEZNro.9 14 Oficina 303;3369090;24;Servicios de credito;LUIS ALBERTO RINCON;novedades@doracoop.org;3
617;BOGOTÁ D.C.;BOGOTA, D.C.;SI;;;NO;2022-12-31;12824;12/31/2022 05:00:00 PM;DICIEMBRE;2022;COOPERATIVA DE CREDITOS Y SERVICIOS NACIONALES;COOPSERVICREDINAL;900-394-593-0;Especializada sin seccion de ahorro;BOGOTÁ, D.C.;BOGOTÁ, D.C.;CALLE 15 3 74 OF 204;;24;Servicios de credito;JEIMMY VIVIANA SERRATO MONTA?A;coopservicredinal@gmail.com;3
618;BOGOTÁ D.C.;BOGOTA, D.C.;SI;;;NO;2023-12-31;526;12/31/2023 05:00:00 PM;DICIEMBRE;2023;COOPERATIVA DE DICTRIBUCIONES GENERALES LTDA;COODIGEN LTDA;860-522-637-1;Multiactiva sin seccion de ahorro;BOGOTÁ, D.C.;BOGOTÁ, D.C.;AV CALLE 127 NO 71-46;6248103;24;Servicios de credito;JOSE FERNANDO PARRA OLAYA;coodigenltda@gmail.com;3
619;BOGOTÁ D.C.;BOGOTA, D.C.;SI;;;NO;2024-12-31;4254;12/31/2024 12:00:00 AM;DICIEMBRE;2024;COOPERATIVA DE  EDUCACION Y DE OTROS SERVICIOS DEL NOROCCIDENTE DE  SANTAFE DE BOGOTA D.C.;COOEDUNOR;860-028-481-1;Especializada sin seccion de ahorro;BOGOTÁ, D.C.;BOGOTÁ, D.C.;AV CALLE 80 78 88;;9;Educacion;FABIAN CORRALES ORTIZ;gerencia@cooedunor.edu.com;3
620;BOGOTÁ D.C.;BOGOTA, D.C.;SI;;;NO;2023-12-31;16009;12/31/2023 05:00:00 PM;DICIEMBRE;2023;COOPERATIVA DE EMPLEADOS;IMEXSOL;901-015-520-2;Aportes y credito;BOGOTÁ, D.C.;BOGOTÁ, D.C.;CR 30 15 30;;12;Consumo (comercio);;luis.torres@solmaq.com;3
621;BOGOTÁ D.C.;BOGOTA, D.C.;SI;;;NO;2024-12-31;5391;12/31/2024 12:00:00 AM;DICIEMBRE;2024;COOPERATIVA DE EMPLEADOS DE AUTO STOK;COOPSTOK;830-114-863-0;Multiactiva sin seccion de ahorro;BOGOTÁ, D.C.;BOGOTÁ, D.C.;AV DE LA CONSTITUCION #98- 74;;24;Servicios de credito;YANET SANCHEZ AGUIRRE;coopstok@yahoo.com;3
622;BOGOTÁ D.C.;BOGOTA, D.C.;SI;;;NO;2018-06-30;1199;06/30/2018 05:00:00 PM;JUNIO;2018;COOPERATIVA DE EMPLEADOS DE COOPSERFUN Y CORFUNCOOP LTDA;COOPEOLIVOS;800-244-804-4;Multiactiva sin seccion de ahorro;BOGOTÁ, D.C.;BOGOTÁ, D.C.;CR 15 SUR 14 32;3001631;99;Otras actividades;GLORIA STELLA SILVA DE NI?O;gerencia@masolidaria.com.co;3
623;BOGOTÁ D.C.;BOGOTA, D.C.;SI;;;NO;2022-12-31;1031;12/31/2022 05:00:00 PM;DICIEMBRE;2022;COOPERATIVA DE EMPLEADOS DE CREDITODOS LTDA.;COOCREDITODOS;800-179-350-4;Especializada sin seccion de ahorro;BOGOTÁ, D.C.;BOGOTÁ, D.C.;CL 7 8 09 OF 302;3361458;12;Consumo (comercio);LUZ MARLEN LINCE GOMEZ;coocreditodos@hotmail.com;3
624;BOGOTÁ D.C.;BOGOTA, D.C.;SI;;;NO;2023-12-31;819;12/31/2023 05:00:00 PM;DICIEMBRE;2023;COOPERATIVA DE EMPLEADOS DE EDIC. INT. ZAMORA LTDA;COOPEDINZA;800-187-162-1;Multiactiva sin seccion de ahorro;BOGOTÁ, D.C.;BOGOTÁ, D.C.;CALLE 35 19 21;2888900;99;Otras actividades;FRANCISCO JAVIER DE ELORZA AJAMIL;coopedinza@gmail.com;3
625;BOGOTÁ D.C.;BOGOTA, D.C.;SI;;;NO;2024-06-30;7225;06/30/2024 12:00:00 AM;JUNIO;2024;COOPERATIVA DE EMPLEADOS DE ELECTRODOMESTICOS SANCHEZ;COOELECTROSAN;800-218-874-1;Especializada sin seccion de ahorro;BOGOTÁ, D.C.;BOGOTÁ, D.C.;CL 6C #72C-65 INT 6 OF 204;4628658;12;Consumo (comercio);CLAUDIA PATRICIA SANCHEZ BERNAL;cooelectrosan@hotmail.com;3
626;BOGOTÁ D.C.;BOGOTA, D.C.;SI;;;NO;2022-12-31;3785;12/31/2022 05:00:00 PM;DICIEMBRE;2022;COOPERATIVA DE EMPLEADOS DEL COMERCIO;COOPECOMERCIO;860-075-368-7;Especializada sin seccion de ahorro;BOGOTÁ, D.C.;BOGOTÁ, D.C.;CL 17 8 09 OF 301;2812337;12;Consumo (comercio);LUZ MARLEN LINCE GOMEZ;coopecomercio1@hotmail.com;3
627;BOYACÁ;RAMIRIQUI;SI;;;NO;2019-12-31;2368;12/31/2019 05:00:00 PM;DICIEMBRE;2019;COOPERATIVA DE EMPLEADOS DEL HOSPITAL SAN VICENTE DE RAMIRIQUI;N;800-245-650-1;Multiactiva sin seccion de ahorro;BOYACÁ;RAMIRIQUÍ;CL 7  3 45;7327546;99;Otras actividades;MARIA ANTONIA BOHORQUEZ PARRA;jmarcelaecheverria@gmail.com;3
628;BOGOTÁ D.C.;BOGOTA, D.C.;SI;;;NO;2020-12-31;7250;12/31/2020 05:00:00 PM;DICIEMBRE;2020;COOPERATIVA DE EMPLEADOS TERMINAL BOGOTA COPROPIEDAD;COOPTERMINAL;830-059-128-1;Integral sin seccion de ahorro;BOGOTÁ, D.C.;BOGOTÁ, D.C.;DG 23 69 11 OF2 202;4862174;24;Servicios de credito;ANAIS ANGELICA DIAZ PUIN;coopterminal_1999@hotmail.com;3
629;BOGOTÁ D.C.;BOGOTA, D.C.;SI;;;NO;2018-12-31;71;12/31/2018 05:00:00 PM;DICIEMBRE;2018;COOPERATIVA DE EMPLEADOS Y PENSIONADOS DE BOMBEROS OFICIALES DE BOGOTA;COOPEBOB;800-105-401-4;Multiactiva sin seccion de ahorro;BOGOTÁ, D.C.;BOGOTÁ, D.C.;CR 25 73 67;3224163;99;Otras actividades;JOSE HELQUIN LARA LOPEZ;gerencia@coopebob.co;3
630;BOGOTÁ D.C.;BOGOTA, D.C.;SI;;;NO;2020-12-31;11514;12/31/2020 05:00:00 PM;DICIEMBRE;2020;COOPERATIVA DE FOMENTO DE LA CONSTRUCCION Y DEL PLASTICO;CFC;900-143-134-7;Multiactiva sin seccion de ahorro;BOGOTÁ, D.C.;BOGOTÁ, D.C.;CRA 128 NO. 15 B 35;;12;Consumo (comercio);GUSTAVO ADOLFO RODRIGUEZ PUERTAS;aliciajoya@cfcfee.com;3
631;BOGOTÁ D.C.;BOGOTA, D.C.;SI;;;NO;2024-06-30;9807;06/30/2024 12:00:00 AM;JUNIO;2024;COOPERATIVA DE GESTION SOCIAL;COOPERATIVAGS;900-041-258-3;Integral sin seccion de ahorro;BOGOTÁ, D.C.;BOGOTÁ, D.C.;CR 45 103 65;;24;Servicios de credito;MARTIN ANDRES ARCINIEGAS HERNANDEZ;tatiana.quintero@focunti.com;3
632;BOGOTÁ D.C.;BOGOTA, D.C.;SI;;;NO;2019-06-30;13177;06/30/2019 05:00:00 PM;JUNIO;2019;COOPERATIVA DE GESTIONES Y PROCURACIONES;COGESPROCU;900-389-714-5;Especializada sin seccion de ahorro;BOGOTÁ, D.C.;BOGOTÁ, D.C.;CR 17 106 11;2142125;99;Otras actividades;INTERMEDIOS RVQ SAS;servicaudo@hotmail.com;3
633;BOGOTÁ D.C.;BOGOTA, D.C.;SI;;;NO;2024-06-30;16160;06/30/2024 12:00:00 AM;JUNIO;2024;COOPERATIVA DE INDUSTRIALES DE COLOMBIA BIO;COOPINDUSTRIALES DE COLOMBIA BIO;901-656-849-1;Multiactiva sin seccion de ahorro;BOGOTÁ, D.C.;BOGOTÁ, D.C.;CRA 29 6 54;7127458;99;Otras actividades;LUIS FERNANDO ROJAS GONZALEZ;tesoreria.copinducol@gmail.com;3
634;BOGOTÁ D.C.;BOGOTA, D.C.;SI;;;NO;2022-12-31;13266;12/31/2022 05:00:00 PM;DICIEMBRE;2022;COOPERATIVA DE LA ASOCIACION NACIONAL DE PENSIONADOS OFICIALES;COOASONALPENOF;900-039-010-8;Especializada sin seccion de ahorro;BOGOTÁ, D.C.;BOGOTÁ, D.C.;CR 17 39 B 22;;99;Otras actividades;LUZ MARY RODRIGUEZ FINO;cooasonalpenof@hotmail.com;3
635;BOGOTÁ D.C.;BOGOTA, D.C.;SI;;;NO;2023-12-31;16645;12/31/2023 05:00:00 PM;DICIEMBRE;2023;COOPERATIVA DE LA UNIVERSIDDA DISTRITAL FJC;COUD;901-690-370-8;Aportes y credito;BOGOTÁ, D.C.;BOGOTÁ, D.C.;CL 13 NO. 31 75;;24;Servicios de credito;;cooperativacoud@udistrital.edu.co;3
636;BOGOTÁ D.C.;BOGOTA, D.C.;SI;;;NO;2024-12-31;910;12/31/2024 12:00:00 AM;DICIEMBRE;2024;COOPERATIVA DE LOS EMPLEADOS Y TRABAJADORES DEL SECTOR PUBLICO Y PRIVADO;FADETEX;830-022-491-9;Especializada sin seccion de ahorro;BOGOTÁ, D.C.;BOGOTÁ, D.C.;CLL 18 3 06 P 4;3365150;24;Servicios de credito;NOHORA PATRICIA CAYCEDO BERRIO;fadetexgerencia@gmail.com;3
637;BOGOTÁ D.C.;BOGOTA, D.C.;SI;;;NO;2017-12-31;961;12/31/2017 05:00:00 PM;DICIEMBRE;2017;COOPERATIVA DE LOS TRABAJADORES DE TEXTILES MIRATEX;COOTRATEXMIR;860-070-165-6;Especializada sin seccion de ahorro;BOGOTÁ, D.C.;BOGOTÁ, D.C.;Diagonal 5D 44 25;2611201;99;Otras actividades;LUIS ALBERTO GARCIA RUIZ;cootratexmir1@yahoo.es;3
638;BOGOTÁ D.C.;BOGOTA, D.C.;SI;;;NO;2017-12-31;15025;12/31/2017 05:00:00 PM;DICIEMBRE;2017;COOPERATIVA DE MERCADEO DE COMERCIANTES Y ADJUDICATARIOS PLAZA DE MERACADO CARLOS E RESTREPO;COOMERCOPR;830-050-845-1;Multiactiva sin seccion de ahorro;BOGOTÁ, D.C.;BOGOTÁ, D.C.;Carrera 19 18 Nro.51 53 SUR MD 325 PM Barrio RESTREPO;3618460;24;Servicios de credito;PEDRO JULIO FLOREZ;comercopr@outlook.es;3
639;BOGOTÁ D.C.;BOGOTA, D.C.;SI;;;NO;2019-12-31;4909;12/31/2019 05:00:00 PM;DICIEMBRE;2019;COOPERATIVA DE MERCADEO DEL SUR ORIENTE DE BOGOTA LTDA.;COOPMERSUR;860-531-547-5;Multiactiva sin seccion de ahorro;BOGOTÁ, D.C.;BOGOTÁ, D.C.;CALLE 42A SUR NO 3C ESTE 92;;99;Otras actividades;LUIS ENRIQUE BAUTISTA GOMEZ;coopmercosurlavictoria@gmail.com;3
640;BOGOTÁ D.C.;BOGOTA, D.C.;SI;;;NO;2017-12-31;12769;12/31/2017 05:00:00 PM;DICIEMBRE;2017;COOPERATIVA DE MICROCREDITO;COOPMICROCREDITO;900-280-987-9;Especializada sin seccion de ahorro;BOGOTÁ, D.C.;BOGOTÁ, D.C.;CALLE 71  10  68  PISO 3;7458920;99;Otras actividades;RICARDO GOMEZ SANCHEZ;juridico@coopmicrocredito.com;3
641;BOYACÁ;TUNJA;SI;;;NO;2021-06-30;15582;06/30/2021 05:00:00 PM;JUNIO;2021;COOPERATIVA DE MUJERES CAFETERAS DE BOYACA SUMERCE;COOMUCABOY SUMERCE;900-891-910-4;Cooperativas de trabajo asociado;BOYACÁ;TUNJA;CL 6C SUR 5B 17 BRR SAN FRANCISCO;;4;Agricola;Florinda Rodriguez Rojas;coomucaboysumerce@gmail.com;3
642;BOGOTÁ D.C.;BOGOTA, D.C.;SI;;;NO;2024-12-31;682;12/31/2024 12:00:00 AM;DICIEMBRE;2024;COOPERATIVA DE PENSIONADOS RETIRADOS Y PERSONAL ACTIVO DE LA POLICIA NACIONAL LIMITADA SIGLA COPEN.;COPEN;860-016-697-3;Multiactiva sin seccion de ahorro;BOGOTÁ, D.C.;BOGOTÁ, D.C.;CRA 10 14 56 OF 411;3340016;17;Hoteles, restaurantes, bares y similares;FREIDY DARIO SEGURA RIVERA;coopenponal@hotmail.com;3
643;BOGOTÁ D.C.;BOGOTA, D.C.;SI;;;NO;2024-12-31;16087;12/31/2024 12:00:00 AM;DICIEMBRE;2024;COOPERATIVA DE PORTADORES DE LIBROS CRISTIANOS LTDA;CORPOCRISTO;800-246-443-8;Integral sin seccion de ahorro;BOGOTÁ, D.C.;BOGOTÁ, D.C.;CRA 28 78 93 PISO 2;;12;Consumo (comercio);CARLOS PALMA REYES;corpocri@yahoo.com;3
644;BOGOTÁ D.C.;BOGOTA, D.C.;SI;;;NO;2017-12-31;2088;12/31/2017 05:00:00 PM;DICIEMBRE;2017;COOPERATIVA DE PROCURACIONES Y AYUDAS;COPRO;830-097-109-1;Especializada sin seccion de ahorro;BOGOTÁ, D.C.;BOGOTÁ, D.C.;CRA 6 N 12C -48 OF 303;2135082;99;Otras actividades;LILIANA PE??A GARCES;cooperativacorrecaudo@gmail.com;3
645;BOGOTÁ D.C.;BOGOTA, D.C.;SI;;;NO;2019-06-30;1265;06/30/2019 05:00:00 PM;JUNIO;2019;COOPERATIVA DE PROFESIONALES ESPECIALIZADOS;PRISBI LTDA;800-159-927-8;Multiactiva sin seccion de ahorro;BOGOTÁ, D.C.;BOGOTÁ, D.C.;CR 21 40 23;2320946;99;Otras actividades;Nancy Gracia Angarita;prisbi@hotmail.com;3
646;BOYACÁ;GARAGOA;SI;;;NO;2024-12-31;10945;12/31/2024 12:00:00 AM;DICIEMBRE;2024;COOPERATIVA DE SERVICIO Y TRABAJO ASOCIADO;COOPSEGA;830-515-004-1;Cooperativas de trabajo asociado;BOYACÁ;GARAGOA;CAL],E I I I2 4A;;99;Otras actividades;MARIA ELENA RAMIREZ CRUZ;elenacoop@yahoo.es;3
647;BOGOTÁ D.C.;BOGOTA, D.C.;SI;;;NO;2024-12-31;9730;12/31/2024 12:00:00 AM;DICIEMBRE;2024;COOPERATIVA DE SERVICIOS INTEGRALES;COOPSERVINTE;900-015-935-1;Multiactiva sin seccion de ahorro;BOGOTÁ, D.C.;BOGOTÁ, D.C.;CALLE 19 5 51;3420201;99;Otras actividades;GABRIEL VICENTE DURAN ORDO?EZ;coopsevinte@yahoo.com;3
648;BOGOTÁ D.C.;BOGOTA, D.C.;SI;;;NO;2021-12-31;261;12/31/2021 05:00:00 PM;DICIEMBRE;2021;COOPERATIVA DE SERVICIOS PARA LA COMUNIDAD CUYA SIGLA ES COOPSERVINCO;COOPSERVINCO;830-004-500-0;Integral sin seccion de ahorro;BOGOTÁ, D.C.;BOGOTÁ, D.C.;TV 59 NA? 104B-86 OF 202;7443991;99;Otras actividades;CARLOS ENRIQUE DUARTE CADAVID;contabilidad@confincoop.com.co;3
649;BOGOTÁ D.C.;BOGOTA, D.C.;SI;;;NO;2024-12-31;12720;12/31/2024 12:00:00 AM;DICIEMBRE;2024;COOPERATIVA DE SERVICIOS Y VALORES;COOPSERVAL;900-395-993-8;Multiactiva sin seccion de ahorro;BOGOTÁ, D.C.;BOGOTÁ, D.C.;CL 116 70D 06 OF 406;5236564;24;Servicios de credito;MARIA STELLA CLAVIJO GALLEGO;cooperativacoopserval@gmail.com;3
650;BOGOTÁ D.C.;BOGOTA, D.C.;SI;;;NO;2024-12-31;15896;12/31/2024 12:00:00 AM;DICIEMBRE;2024;COOPERATIVA DE SERVIDORES JURIDICOS LTDA;COOPSERVINET LTDA;900-704-779-5;Multiactiva sin seccion de ahorro;BOGOTÁ, D.C.;BOGOTÁ, D.C.;CALLE 19 NO 6-68 PISO 9;2830270;99;Otras actividades;ESPERANZA RODRIGUEZ MONTOYA;coopservinet@hotmail.com;3
651;BOGOTÁ D.C.;BOGOTA, D.C.;SI;;;NO;2024-12-31;963;12/31/2024 12:00:00 AM;DICIEMBRE;2024;COOPERATIVA DE SUBOFICIALES COOLEGUIZAMO;COOLEGUIZAMO;860-037-351-0;Multiactiva sin seccion de ahorro;BOGOTÁ, D.C.;BOGOTÁ, D.C.;CRA 16A 30 33;3002219;24;Servicios de credito;CARLOS SIMON APARICIO LOPEZ;gerencia@cooleguizamo.com;3
652;BOYACÁ;SABOYA;SI;;;NO;2020-12-31;7467;12/31/2020 05:00:00 PM;DICIEMBRE;2020;COOPERATIVA DE TABAJO ASOCIADO LOS CASIQUES;LOS CACIQUES CTA;800-152-157-1;Cooperativas de trabajo asociado;BOYACÁ;SABOYÁ;CLL 7 # 9 - 36;7255272;99;Otras actividades;JUAN PABLO RODRIGUEZ;loscasiquescta@gmail.com;3
653;BOGOTÁ D.C.;BOGOTA, D.C.;SI;;;NO;2024-06-30;847;06/30/2024 12:00:00 AM;JUNIO;2024;COOPERATIVA DE TRABAJADORES DE ARTECMA LTDA;COARTECMA;860-533-912-1;Multiactiva sin seccion de ahorro;BOGOTÁ, D.C.;BOGOTÁ, D.C.;CL 12 44 13;5616598;99;Otras actividades;ANA YAMILE RODRIGUEZ GUASCA;coartecma@gmail.com;3
654;BOYACÁ;SOGAMOSO;SI;;;NO;2021-12-31;2318;12/31/2021 05:00:00 PM;DICIEMBRE;2021;COOPERATIVA DE TRABAJADORES DE COSERVICIOS, COOTRACOSERVICIOS LTDA.;COOTRACOSERVICIOS LTDA.;800-204-324-1;Especializada sin seccion de ahorro;BOYACÁ;SOGAMOSO;CARRERA 11 15 10;7702110;24;Servicios de credito;PEDRO NEL GONZALEZ COLMENARES;ccardozomesa@yahoo.com;3
655;BOGOTÁ D.C.;BOGOTA, D.C.;SI;;;NO;2024-12-31;468;12/31/2024 12:00:00 AM;DICIEMBRE;2024;COOPERATIVA DE TRABAJADORES DE IND. KORES S.A.   COOTRAKORES LTDA.;COOTRAKORES LTDA;860-048-979-2;Especializada sin seccion de ahorro;BOGOTÁ, D.C.;BOGOTÁ, D.C.;CL 20C 42 60 INT 1;2086270;99;Otras actividades;OLGA BEATRIZ LEON CASTILLO;cootrakoresltda@gmail.com;3
656;BOGOTÁ D.C.;BOGOTA, D.C.;SI;;;NO;2024-12-31;841;12/31/2024 12:00:00 AM;DICIEMBRE;2024;COOPERATIVA DE TRABAJADORES DE LA FUNDACION ABOOD SHAIO;COOPTRASHAIO LTDA;800-137-366-1;Multiactiva sin seccion de ahorro;BOGOTÁ, D.C.;BOGOTÁ, D.C.;CL 102 A  70 B 36;6243254;24;Servicios de credito;DIANA PATRICIA TINOCO SERNA;cooptrashaio70d36@gmail.com;3
657;BOGOTÁ D.C.;BOGOTA, D.C.;SI;;;NO;2019-06-30;840;06/30/2019 05:00:00 PM;JUNIO;2019;COOPERATIVA DE TRABAJADORES DE LA UNIVERSIDAD INCCA DE COLOMBIA;COOUNINCCA;860-514-986-3;Multiactiva sin seccion de ahorro;BOGOTÁ, D.C.;BOGOTÁ, D.C.;KR 13 23 81;3360553;24;Servicios de credito;FABIO MORENO RUIZ;coounincca_2006@yahoo.es;3
658;BOGOTÁ D.C.;BOGOTA, D.C.;SI;;;NO;2017-06-30;1252;06/30/2017 05:00:00 PM;JUNIO;2017;COOPERATIVA DE TRABAJADORES DE PROFICOL S.A.;COOTRAPROF;860-518-407-9;Multiactiva sin seccion de ahorro;BOGOTÁ, D.C.;BOGOTÁ, D.C.;CR 77 H 65 J 31 SUR BOSA;7758547;99;Otras actividades;CARLOS IGNACIO CEDIEL MATEUS;cootraprof@hotmail.com;3
659;BOGOTÁ D.C.;BOGOTA, D.C.;SI;;;NO;2017-12-31;12420;12/31/2017 05:00:00 PM;DICIEMBRE;2017;COOPERATIVA DE TRABAJADORES DE SHER;COOPSHER;900-339-344-1;Especializada sin seccion de ahorro;BOGOTÁ, D.C.;BOGOTÁ, D.C.;KRA 30 11 17 OF 202;2014202;99;Otras actividades;GUILLERMO GUZMAN TOVAR;ana.paez@shersa.com;3
660;BOGOTÁ D.C.;BOGOTA, D.C.;SI;;;NO;2023-12-31;202;12/31/2023 05:00:00 PM;DICIEMBRE;2023;COOPERATIVA DE TRABAJADORES DEL COUNTRY CLUB LTDA;COOP-COUNTRY;860-016-091-0;Especializada sin seccion de ahorro;BOGOTÁ, D.C.;BOGOTÁ, D.C.;CLL 127 C C 15-02;3887594;24;Servicios de credito;EDGAR GONZALO MACHUCA DELGADO;coopcountryclub@gmail.com;3
661;BOGOTÁ D.C.;BOGOTA, D.C.;SI;;;NO;2017-12-31;11240;12/31/2017 05:00:00 PM;DICIEMBRE;2017;COOPERATIVA DE TRABAJO ASOCIADO ANDINA PRODUCTORA DE SERVICIOS DE COMUNICACION CTA;ANDICO CTA;900-172-195-1;Cooperativas de trabajo asociado;BOGOTÁ, D.C.;BOGOTÁ, D.C.;CARRERA 13 NUMERO 38 47;7470226;99;Otras actividades;MARIO ALEJANDRO VALDERRAMA VIVAS;andinaservicioscta@hotmail.com;3
662;BOGOTÁ D.C.;BOGOTA, D.C.;SI;;;NO;2023-12-31;10773;12/31/2023 05:00:00 PM;DICIEMBRE;2023;COOPERATIVA DE TRABAJO ASOCIADO CONVENIOS INTEGRALES;COIN;900-060-534-2;Cooperativas de trabajo asociado;BOGOTÁ, D.C.;BOGOTÁ, D.C.;CALLE 14 NO 6-76;;99;Otras actividades;JOHN FABIO CAMACHO ACU??A;jupacontador@gmail.com;3
663;BOYACÁ;VENTAQUEMADA;SI;;;NO;2023-06-30;2445;06/30/2023 05:00:00 PM;JUNIO;2023;COOPERATIVA DE TRABAJO ASOCIADO CORRECAMINOS LTDA;CORRECAMINOS LTDA;800-016-989-0;Cooperativas de trabajo asociado;BOYACÁ;VENTAQUEMADA;VDA SUPATA;;19;Aseo mantenimiento y reciclaje;JOSE MIGUEL ALDANA NIAMPIRA;correcaminoscta10@gmail.com;3
664;BOGOTÁ D.C.;BOGOTA, D.C.;SI;;;NO;2017-12-31;12807;12/31/2017 05:00:00 PM;DICIEMBRE;2017;COOPERATIVA DE TRABAJO ASOCIADO CRECIMIENTO HUMANO;CRECIMIENTO HUMANO;900-394-840-5;Cooperativas de trabajo asociado;BOGOTÁ, D.C.;BOGOTÁ, D.C.;CARRERA 14 N 75-77 OFICINA 604;7557340;99;Otras actividades;GUTIERREZ MARY  BELEN CORONADO DE;gestioncontable@operacionestrategica.com;3
665;BOYACÁ;CUBARA;SI;;;NO;2024-12-31;8996;12/31/2024 12:00:00 AM;DICIEMBRE;2024;COOPERATIVA DE TRABAJO ASOCIADO CUBARA BOYACA;COOTRASCUB CTA;826-003-402-8;Cooperativas de trabajo asociado;BOYACÁ;CUBARÁ;PR 121+300 VEREDA ROYOTA;;16;Obras publicas;ELGAR GAMBOA JAIMES;cootrascub@yahoo.es;3
666;BOYACÁ;TUNJA;SI;;;NO;2017-06-30;10065;06/30/2017 05:00:00 PM;JUNIO;2017;COOPERATIVA DE TRABAJO ASOCIADO DE MEDICOS INTERNISTAS INTERCOOP CTA;INTERCOOP CTA;830-512-811-5;Cooperativas de trabajo asociado;BOYACÁ;TUNJA;Transversal 11 30-61/81;7425155;22;Salud;JAVIER ALFONSO BLANCO LEGUIZAMON;oficinaman@hotmail.com;3
667;BOGOTÁ D.C.;BOGOTA, D.C.;SI;;;NO;2017-12-31;10629;12/31/2017 05:00:00 PM;DICIEMBRE;2017;COOPERATIVA DE TRABAJO ASOCIADO DE SERVICIOS;CAFEXPO;900-020-849-6;Cooperativas de trabajo asociado;BOGOTÁ, D.C.;BOGOTÁ, D.C.;CL 45 6 58 APARTAMENTO 608 PORTAL DE LA;;99;Otras actividades;SANDRA CECILIA HOYOS HERNANDEZ;cafexpo@gmail.com;3
668;BOGOTÁ D.C.;BOGOTA, D.C.;SI;;;NO;2018-06-30;13054;06/30/2018 05:00:00 PM;JUNIO;2018;COOPERATIVA DE TRABAJO ASOCIADO DE SERVICIOS Y GESTIONES EMPRESARIALES;COOSEGEM CTA;900-136-698-1;Cooperativas de trabajo asociado;BOGOTÁ, D.C.;BOGOTÁ, D.C.;CRA 80 K 63 26 SUR;5970581;99;Otras actividades;LUIS ALBERTO GUTIERREZ MU?OZ;coosegemcta10@hotmail.com;3
669;BOGOTÁ D.C.;BOGOTA, D.C.;SI;;;NO;2017-12-31;7969;12/31/2017 05:00:00 PM;DICIEMBRE;2017;COOPERATIVA DE TRABAJO ASOCIADO ENLACE C.T.A.;ENLACE C.T.A.;830-124-528-0;Cooperativas de trabajo asociado;BOGOTÁ, D.C.;BOGOTÁ, D.C.;CRA56 Nro.2B 82;4661596;99;Otras actividades;CARMEN CECILIA DURAN DE PIRANEQUE;enlace@hotmail.com;3
670;BOYACÁ;OTANCHE;SI;;;NO;2020-12-31;2364;12/31/2020 05:00:00 PM;DICIEMBRE;2020;COOPERATIVA DE TRABAJO ASOCIADO LOS MUZOS;N;800-184-162-6;Cooperativas de trabajo asociado;BOYACÁ;OTANCHE;VDA BUENOS AIRES;3112292;19;Aseo mantenimiento y reciclaje;EDGAR ALFONSO BENITEZ CASTILLO;cooplosmuzos18@gmail.com;3
671;BOYACÁ;GUATEQUE;SI;;;NO;2024-12-31;4126;12/31/2024 12:00:00 AM;DICIEMBRE;2024;COOPERATIVA DE TRABAJO ASOCIADO LOS VALLETENZANOS;LOS VALLETENZANOS;800-049-750-1;Cooperativas de trabajo asociado;BOYACÁ;GUATEQUE;VEREDA EL SALITRE SOMONDOCO;;16;Obras publicas;JOSE ISMAEL FULA MOLINA;losvalletenzanoscta@gmail.com;3
672;BOGOTÁ D.C.;BOGOTA, D.C.;SI;;;NO;2025-06-30;8775;06/30/2025 05:00:00 PM;JUNIO;2025;COOPERATIVA DE TRABAJO ASOCIADO MANTENIMIENTO INTEGRAL M.I.;MICTA;834-001-722-1;Multiactiva sin seccion de ahorro;BOGOTÁ, D.C.;BOGOTÁ, D.C.;CL 71 11 10;2456345;99;Otras actividades;NESTOR GERARDO VASQUEZ GARZON;gerencia@mantenimientointegral.com.co;3
673;BOYACÁ;DUITAMA;SI;;;NO;2017-12-31;13085;12/31/2017 05:00:00 PM;DICIEMBRE;2017;COOPERATIVA DE TRABAJO ASOCIADO MAXIPORTERIAS Y ASEO CTA;MAXIPORTERIAS & ASEO CTA;900-364-450-8;Cooperativas de trabajo asociado;BOYACÁ;DUITAMA;Carrera 35 20 09;7611972;23;Vigilancia y seguridad;YESID SARMIENTO SANTOS;maxiporterias.yess@gmail.com;3
674;BOYACÁ;TIPACOQUE;SI;;;NO;2017-06-30;11580;06/30/2017 05:00:00 PM;JUNIO;2017;COOPERATIVA DE TRABAJO ASOCIADO NUEVO AMANECER;NUEVO AMANECER C.A.T.;826-003-444-7;Cooperativas de trabajo asociado;BOYACÁ;TIPACOQUE;CENTRO TIPACOQUE;7889086;16;Obras publicas;EDINSON ROJAS TORRES;nuevoamanecerbj345@hotmail.com;3
675;BOGOTÁ D.C.;BOGOTA, D.C.;SI;;;NO;2021-06-30;868;06/30/2021 05:00:00 PM;JUNIO;2021;COOPERATIVA DE TRABAJO ASOCIADO PARA LA PRODUCCION DE ARTES GRAFICAS;GRAFICOOP CTA;800-083-885-9;Cooperativas de trabajo asociado;BOGOTÁ, D.C.;BOGOTÁ, D.C.;CR 69I 71-76;3453265;99;Otras actividades;JENNY RUBIELA RODRIGUEZ ALBARRACIN;gerenciagraficoop@gmail.com;3
676;BOGOTÁ D.C.;BOGOTA, D.C.;SI;;;NO;2021-12-31;12004;12/31/2021 05:00:00 PM;DICIEMBRE;2021;COOPERATIVA DE TRABAJO ASOCIADO POR EL DESARROLLO Y PROGRESO LABORAL CTA;COLABORO CTA;830-121-660-1;Cooperativas de trabajo asociado;BOGOTÁ, D.C.;BOGOTÁ, D.C.;CRA 7 156 68 P21 OF 2104;8053755;99;Otras actividades;CLARA INES PRADA;gerenciacolaboro@hotmail.com;3
677;BOGOTÁ D.C.;BOGOTA, D.C.;SI;;;NO;2020-12-31;7544;12/31/2020 05:00:00 PM;DICIEMBRE;2020;COOPERATIVA DE TRABAJO ASOCIADO REACTIVAR;REACTIVAR;830-073-838-9;Cooperativas de trabajo asociado;BOGOTÁ, D.C.;BOGOTÁ, D.C.;CALLE 7 90 76 CS 194;1111111;99;Otras actividades;YOLANDA PRIETO ROSAS;reactivar_finanzas@hotmail.com111;3
678;BOGOTÁ D.C.;BOGOTA, D.C.;SI;;;NO;2023-12-31;12255;12/31/2023 05:00:00 PM;DICIEMBRE;2023;COOPERATIVA DE TRABAJO ASOCIADO SERVICIOS Y SERVICIOS CTA;SERVICIOS Y SERVICIOS CTA;900-271-946-9;Cooperativas de trabajo asociado;BOGOTÁ, D.C.;BOGOTÁ, D.C.;CL 22 B 68 C 41;;19;Aseo mantenimiento y reciclaje;ANGELICA TATIANA POLANCO ROJAS;serviciosyservicioscta@gmail.com;3
679;BOGOTÁ D.C.;BOGOTA, D.C.;SI;;;NO;2019-06-30;13670;06/30/2019 05:00:00 PM;JUNIO;2019;COOPERATIVA DE TRABAJO ASOCIADO SERVIMOX;SERVIMOX;900-666-786-3;Cooperativas de trabajo asociado;BOGOTÁ, D.C.;BOGOTÁ, D.C.;CALLE 106 19 30 INTERIOR 2;2135082;99;Otras actividades;MANUEL MAURICIO ZULUAGA TORRES;ctaservimox@gmail.com;3
680;BOGOTÁ D.C.;BOGOTA, D.C.;SI;;;NO;2024-12-31;9867;12/31/2024 12:00:00 AM;DICIEMBRE;2024;COOPERATIVA DE TRABAJO ASOCIADO SOLUCIONES DE AUDIO Y VIDEO SAVI;SAVI AUDIO Y VIDEO;830-126-649-2;Cooperativas de trabajo asociado;BOGOTÁ, D.C.;BOGOTÁ, D.C.;TV 19 BIS 46 18;3010201;99;Otras actividades;JENNY JOHANA PULIDO QUIROGA;administracion@savi.com.co;3
681;BOGOTÁ D.C.;BOGOTA, D.C.;SI;;;NO;2018-06-30;15265;06/30/2018 05:00:00 PM;JUNIO;2018;COOPERATIVA DE TRABAJO ASOCIADO TREBALL;TREBALL CTA;901-009-667-1;Cooperativas de trabajo asociado;BOGOTÁ, D.C.;BOGOTÁ, D.C.;CALLE 127 47 58;5103402;99;Otras actividades;IVONNE BRICE?O NARANJO;treballcta@gmail.com;3
682;BOGOTÁ D.C.;BOGOTA, D.C.;SI;;;NO;2021-12-31;407;12/31/2021 05:00:00 PM;DICIEMBRE;2021;COOPERATIVA DE TRABAJO ASOCIADO UNIDADES DE SERVICIOS ESPECIALES;UNISERVICE;830-024-281-8;Cooperativas de trabajo asociado;BOGOTÁ, D.C.;BOGOTÁ, D.C.;DG 5H 47 93;;13;Industria;LUZ MARITZA MOLINA RAMIREZ;coopuniservice@hotmail.com;3
683;BOGOTÁ D.C.;BOGOTA, D.C.;SI;;;NO;2021-06-30;8934;06/30/2021 05:00:00 PM;JUNIO;2021;COOPERATIVA DE TRABAJO ASOCIADO VISION SOLIDARIA;VIS0;830-101-038-4;Cooperativas de trabajo asociado;BOGOTÁ, D.C.;BOGOTÁ, D.C.;CARRERA 47 A # 114-19;6010651;99;Otras actividades;OLGA ESCOBAR DE SANCHEZ;dentistacolombia@yahoo.com;3
684;BOGOTÁ D.C.;BOGOTA, D.C.;SI;;;NO;2017-12-31;12037;12/31/2017 05:00:00 PM;DICIEMBRE;2017;COOPERATIVA DE TRABAJO COTRABAJEMOX;COTRABAJEMOX;830-138-505-2;Cooperativas de trabajo asociado;BOGOTÁ, D.C.;BOGOTÁ, D.C.;CRA 17 N 106-11;6608739;99;Otras actividades;ALBERTO PE??A PARRA;cotrabajemox@gmail.com;3
685;BOYACÁ;TUNJA;SI;;;NO;2017-06-30;9757;06/30/2017 05:00:00 PM;JUNIO;2017;COOPERATIVA DE TRABAJO PROFESIONAL ASOCIADO DE CIRUJANOS GENERALES;CIRUJANOS DE BOYACA C.T.A.;900-005-835-0;Cooperativas de trabajo asociado;BOYACÁ;TUNJA;Avenida 1RA 33-40;7443716;22;Salud;LUIS JOSE GOMEZ MELENDEZ;gloglo63@hotmail.com;3
686;BOGOTÁ D.C.;BOGOTA, D.C.;SI;;;NO;2024-06-30;569;06/30/2024 12:00:00 AM;JUNIO;2024;COOPERATIVA DEL BARRIO PUERTA DE TEJA;COOMAC LTDA.;800-049-463-0;Multiactiva sin seccion de ahorro;BOGOTÁ, D.C.;BOGOTÁ, D.C.;CRA 96 A 25G 26;2985870;24;Servicios de credito;SAUL MONTES SUAREZ;coomac-@hotmail.com;3
687;BOGOTÁ D.C.;BOGOTA, D.C.;SI;;;NO;2024-12-31;482;12/31/2024 12:00:00 AM;DICIEMBRE;2024;COOPERATIVA DEL SECTOR GR??FICO;COOPGRAPHICS;800-138-238-1;Multiactiva sin seccion de ahorro;BOGOTÁ, D.C.;BOGOTÁ, D.C.;CL 17 41 34;;24;Servicios de credito;DEICY TOLEDO MENDEZ;gerencia@coopgraphics.com;3
688;BOGOTÁ D.C.;BOGOTA, D.C.;SI;;;NO;2021-12-31;823;12/31/2021 05:00:00 PM;DICIEMBRE;2021;COOPERATIVA ESPECIALIZADA DE EDUCACION MA. AUXILIADORA;NINGUNA;860-048-296-0;Especializada sin seccion de ahorro;BOGOTÁ, D.C.;BOGOTÁ, D.C.;CRA 15 28B-63;2456748;9;Educacion;OLGA LEONOR DIAZ BELTRAN;olgadiazb@hotmail.com;3
689;BOGOTÁ D.C.;BOGOTA, D.C.;SI;;;NO;2024-12-31;1010;12/31/2024 12:00:00 AM;DICIEMBRE;2024;COOPERATIVA ESPECIALIZADA DE EDUCACION UNION SOCIAL LTDA.;;860-032-807-4;Especializada sin seccion de ahorro;BOGOTÁ, D.C.;BOGOTÁ, D.C.;CL 96 12 65;3142966;9;Educacion;GILMA DORYS OLAYA DE ROMERO;gdoe1308@hotmail.com;3
690;BOGOTÁ D.C.;BOGOTA, D.C.;SI;;;NO;2023-12-31;1017;12/31/2023 05:00:00 PM;DICIEMBRE;2023;COOPERATIVA FILARMONICA;COOPFILARMONICA;800-078-560-0;Especializada sin seccion de ahorro;BOGOTÁ, D.C.;BOGOTÁ, D.C.;CALLE 30 NO. 16-38;;99;Otras actividades;JOSE FRANCISCO ARROYO SANABRIA;coopfilarmonica@gmail.com;3
691;BOGOTÁ D.C.;BOGOTA, D.C.;SI;;;NO;2023-06-30;1214;06/30/2023 05:00:00 PM;JUNIO;2023;COOPERATIVA FUNCIONARIOS MINMINAS ENTIDADES ADSCRITAS;COOMINER LTDA;800-016-936-0;Multiactiva sin seccion de ahorro;BOGOTÁ, D.C.;BOGOTÁ, D.C.;AV EL DORADO CAN ED MINISTERIO DE MINAS Y ENERGIA;3245262;99;Otras actividades;ROBERTO LEAL SARMIENTO;daponte@minminas.gov.co;3
692;BOYACÁ;DUITAMA;SI;;;NO;2020-06-30;2420;06/30/2020 05:00:00 PM;JUNIO;2020;COOPERATIVA INDUSTRIAL DE ALIMENTOS CONCENTRADOS LTDA.;COOPINALCO LTDA;891-855-340-1;Especializada sin seccion de ahorro;BOYACÁ;DUITAMA;CIUDADELA INDUSTRIAL;7638182;4;Agricola;GLADYS NU?EZ DIAZ;coopinalcoltda@gmail.com;3
693;BOGOTÁ D.C.;BOGOTA, D.C.;SI;;;NO;2023-06-30;352;06/30/2023 05:00:00 PM;JUNIO;2023;COOPERATIVA INDUSTRIAL Y MERCADEO INTEGRAL DE COLOMBIA LTDA.;COINDUCOL LTDA;860-503-702-1;Multiactiva sin seccion de ahorro;BOGOTÁ, D.C.;BOGOTÁ, D.C.;CR 9 NO. 17-75 PISO 2;2827318;24;Servicios de credito;JOSE ORLANDO GUERRERO CORREDOR;cartera@coinducol.com;3
694;BOGOTÁ D.C.;BOGOTA, D.C.;SI;;;NO;2023-06-30;1170;06/30/2023 05:00:00 PM;JUNIO;2023;COOPERATIVA INTEGRAL BONANZA;COOBONANZA;860-055-383-2;Multiactiva sin seccion de ahorro;BOGOTÁ, D.C.;BOGOTÁ, D.C.;CL 17 10 16 OF 704;;99;Otras actividades;DIEGO FERNANDO RAMIREZ GAITAN;gerencia@coobonanza.com;3
695;BOGOTÁ D.C.;BOGOTA, D.C.;SI;;;NO;2017-12-31;7050;12/31/2017 05:00:00 PM;DICIEMBRE;2017;COOPERATIVA INTEGRAL DE CURTIDORES LTDA;COOPICUR LTDA;860-033-712-8;Integral sin seccion de ahorro;BOGOTÁ, D.C.;BOGOTÁ, D.C.;Calle 59 SUR 18 B 07;5877828;12;Consumo (comercio);GLORIA AMPARO SILVA;coopicur_ltda@hotmail.com;3
696;BOYACÁ;CHIQUINQUIRA;SI;;;NO;2025-06-30;3744;06/30/2025 05:00:00 PM;JUNIO;2025;COOPERATIVA INTEGRAL DE PRODUCCION Y COMERCIALIZACION LOS COMUNEROS;COOPROCOM LTDA.;891-801-887-6;Multiactiva sin seccion de ahorro;BOYACÁ;CHIQUINQUIRÁ;KRA 9 N 10 07;;4;Agricola;EDITH RUBIELA CIFUENTES DURAN;cooprocom891@hotmail.com;3
697;BOGOTÁ D.C.;BOGOTA, D.C.;SI;;;NO;2023-12-31;5885;12/31/2023 05:00:00 PM;DICIEMBRE;2023;COOPERATIVA INTEGRAL DE PROFESIONALES COINAP LIMITADA;COINAP LIMITADA;860-046-943-9;Integral sin seccion de ahorro;BOGOTÁ, D.C.;BOGOTÁ, D.C.;TV 93 # 22 D 35;;9;Educacion;ALVARO MANUEL MURCIA MURCIA;amurciam2@gmail.com;3
698;BOGOTÁ D.C.;BOGOTA, D.C.;SI;;;NO;2017-12-31;15502;12/31/2017 05:00:00 PM;DICIEMBRE;2017;COOPERATIVA INTERNACIONAL MULTIACTIVA Y DE CALIDAD DE VIDA;COINCO365EXITOSOS;900-679-786-1;Integral sin seccion de ahorro;BOGOTÁ, D.C.;BOGOTÁ, D.C.;CR 25 66 44;3788300;99;Otras actividades;CARLOS ELIECER JARAMILLO;elierja@gmail.com;3
699;BOYACÁ;TUNJA;SI;;;NO;2017-12-31;8997;12/31/2017 05:00:00 PM;DICIEMBRE;2017;COOPERATIVA INTREGRAL DE PLANES Y SERVICIOS EXEQUIALES LA EQUIDAD SOCIAL;COEPSE LTDA;820-005-507-1;Integral sin seccion de ahorro;BOYACÁ;TUNJA;CALLE 4 NO 11 - 18;7430913;14;Servicios funerarios;LUZ MIREYA PINTO LADINO;coepseltda@hotmail.com;3
700;BOGOTÁ D.C.;BOGOTA, D.C.;SI;;;NO;2020-12-31;4256;12/31/2020 05:00:00 PM;DICIEMBRE;2020;COOPERATIVA LA VALVANERA;NO;860-029-641-8;Multiactiva sin seccion de ahorro;BOGOTÁ, D.C.;BOGOTÁ, D.C.;CALLE 17 SUR N 21 A-83 PISO 3;2390147;4;Agricola;LUZ STELLA ANGEL MELENDEZ;joenmopri@hotamil.com;3
701;BOGOTÁ D.C.;BOGOTA, D.C.;SI;;;NO;2022-12-31;28;12/31/2022 05:00:00 PM;DICIEMBRE;2022;COOPERATIVA MICROEMPRESARIAL DE COLOMBIA LIMITADA;CEMCOL LTDA.;800-057-745-6;Multiactiva sin seccion de ahorro;BOGOTÁ, D.C.;BOGOTÁ, D.C.;CALLE 44A N. 53-95;2222078;99;Otras actividades;JORGE ENRIQUE RAMIREZ ARAUJO;gerencia@cemcol.com.co;3
702;BOGOTÁ D.C.;BOGOTA, D.C.;SI;;;NO;2023-06-30;6753;06/30/2023 05:00:00 PM;JUNIO;2023;COOPERATIVA MULTIACTIVA - NEXOS;COOPERATIVA NEXOS;830-063-735-6;Multiactiva sin seccion de ahorro;BOGOTÁ, D.C.;BOGOTÁ, D.C.;CL68 12 65;7423531;99;Otras actividades;JANNIS PAOLA ALVARADO TAPIA;convenio.nexos@ejerxa.com;3
703;BOYACÁ;SABOYA;SI;;;NO;2024-12-31;16613;12/31/2024 12:00:00 AM;DICIEMBRE;2024;COOPERATIVA MULTIACTIVA  AGROPECUARIA Y LECHERA DE SABOYA;COLESAB;901-851-568-0;Multiactiva sin seccion de ahorro;BOYACÁ;SABOYÁ;KM 1 VIA  SABOYA - TELECOM;;5;Pecuaria;FAVIAN ARMANDO MONROY LAITON;colesab2024@gmail.com;3
704;BOGOTÁ D.C.;BOGOTA, D.C.;SI;;;NO;2019-06-30;13184;06/30/2019 05:00:00 PM;JUNIO;2019;COOPERATIVA MULTIACTIVA ALIANZA PENSIONAL DE COLOMBIA;COOPPENSIONES.COL;900-408-749-5;Multiactiva sin seccion de ahorro;BOGOTÁ, D.C.;BOGOTÁ, D.C.;CR 74 35C SUR 06 BRR;4540750;99;Otras actividades;RENE ALEXANDER MATEUS LEON;cooppesionescol@hotmail.com;3
705;BOGOTÁ D.C.;BOGOTA, D.C.;SI;;;NO;2018-12-31;12583;12/31/2018 05:00:00 PM;DICIEMBRE;2018;COOPERATIVA MULTIACTIVA AMIGOS SOLIDARIOS;COOPMAS;900-336-647-2;Especializada sin seccion de ahorro;BOGOTÁ, D.C.;BOGOTÁ, D.C.;DG 46 SUR NO.52C 62;2384825;99;Otras actividades;OSWALD RIVERA PULIDO;coopmas10@yahoo.com;3
706;BOGOTÁ D.C.;BOGOTA, D.C.;SI;;;NO;2018-06-30;13407;06/30/2018 05:00:00 PM;JUNIO;2018;COOPERATIVA MULTIACTIVA ASESORIAS Y GESTIONES EMPRESARIALES;A&G EMPRESARIALES;900-458-701-6;Multiactiva sin seccion de ahorro;BOGOTÁ, D.C.;BOGOTÁ, D.C.;KR 9 A 17 55 SUR PI 2;7046446;99;Otras actividades;CARLOS AUGUSTO MELLAO ROBAYO;aygempresariales@hotmail.com;3
707;BOYACÁ;DUITAMA;SI;;;NO;2023-12-31;2361;12/31/2023 05:00:00 PM;DICIEMBRE;2023;COOPERATIVA MULTIACTIVA AVANCEMOS;COOPEDUCAR DUITAMA;891-855-359-0;Multiactiva sin seccion de ahorro;BOYACÁ;DUITAMA;CR 35 1 292;7605892;99;Otras actividades;JOHANA MARGARITA SANABRIA BECERRA;coavancemos1009@gmail.com;3
708;BOGOTÁ D.C.;BOGOTA, D.C.;SI;;;NO;2024-12-31;16095;12/31/2024 12:00:00 AM;DICIEMBRE;2024;COOPERATIVA MULTIACTIVA AVANZAR EMPRENDIENDO;COOPAVANZAR;901-583-145-9;Aportes y credito;BOGOTÁ, D.C.;BOGOTÁ, D.C.;CL 84 C BIS SUR 80 M 10;3206288;99;Otras actividades;Jose Esteban Mendoza Espinosa;ecoopavanzar@gmail.com;3
709;BOGOTÁ D.C.;BOGOTA, D.C.;SI;;;NO;2021-06-30;15694;06/30/2021 05:00:00 PM;JUNIO;2021;COOPERATIVA MULTIACTIVA BC-BNC;COBANALCA;901-335-517-2;Multiactiva sin seccion de ahorro;BOGOTÁ, D.C.;BOGOTÁ, D.C.;CR 65 167 18 CA 41;6704703;99;Otras actividades;LUS ALFONSO NIETO FERNANDEZ;cobalaca@gmail.com;3
710;BOGOTÁ D.C.;BOGOTA, D.C.;SI;;;NO;2023-12-31;5508;12/31/2023 05:00:00 PM;DICIEMBRE;2023;COOPERATIVA MULTIACTIVA CAMICR??DITOS LTDA.;COOPCAMICR??DITOS;830-101-939-5;Multiactiva sin seccion de ahorro;BOGOTÁ, D.C.;BOGOTÁ, D.C.;CARRERA 13 63-90 OF 409 COSMOS 64;;24;Servicios de credito;MARIA HELENA BARRETO NAVAS;coopcamicreditosltda@gmail.com;3
711;BOYACÁ;SANTA ROSA DE VITERBO;SI;;;NO;2019-06-30;15163;06/30/2019 05:00:00 PM;JUNIO;2019;COOPERATIVA MULTIACTIVA CASILDA ZAFRA;COOMULCAZAF;900-596-140-5;Multiactiva sin seccion de ahorro;BOYACÁ;SANTA ROSA DE VITERBO;CL 13 6 11;7861656;9;Educacion;LYDA MAYERLY VILLAMIL VILLAMIL;marisol.contable18@gmail.com;3
712;BOGOTÁ D.C.;BOGOTA, D.C.;SI;;;NO;2023-12-31;13409;12/31/2023 05:00:00 PM;DICIEMBRE;2023;COOPERATIVA MULTIACTIVA CIENCIA DIAGNOSTICO Y TRATAMIENTO EN SALUD;CDT SALUD;900-465-616-7;Multiactiva sin seccion de ahorro;BOGOTÁ, D.C.;BOGOTÁ, D.C.;KR 9A 17 55 SUR PI 2;7046446;22;Salud;TERESA DEL PILAR SAENZ MALDONADO;cdt-salud@hotmail.com;3
713;BOGOTÁ D.C.;BOGOTA, D.C.;SI;;;NO;2022-06-30;15420;06/30/2022 05:00:00 PM;JUNIO;2022;COOPERATIVA MULTIACTIVA COAPCENPROSI;COAPCENPROSI;900-739-003-1;Multiactiva sin seccion de ahorro;BOGOTÁ, D.C.;BOGOTÁ, D.C.;CALLE 25D # 74B-04;9278909;24;Servicios de credito;;gerencia@coapcenprosi.com;3
714;BOGOTÁ D.C.;BOGOTA, D.C.;SI;;;NO;2024-06-30;13155;06/30/2024 12:00:00 AM;JUNIO;2024;COOPERATIVA MULTIACTIVA COMPULIBRANZA;COMPULIBRANZA;900-408-267-7;Multiactiva sin seccion de ahorro;BOGOTÁ, D.C.;BOGOTÁ, D.C.;CALLE 6 94;;99;Otras actividades;JHON JAIRIO CASTA?EDA GIL;castasistemas@outlook.com;3
715;BOGOTÁ D.C.;BOGOTA, D.C.;SI;;;NO;2018-06-30;13143;06/30/2018 05:00:00 PM;JUNIO;2018;COOPERATIVA MULTIACTIVA COMULEMCO;COMULEMCO;900-401-575-9;Multiactiva sin seccion de ahorro;BOGOTÁ, D.C.;BOGOTÁ, D.C.;CRA 87 89 42;;24;Servicios de credito;CLAUDA PATRICIA VELASCO MONROY;comulemco@gmail.com;3
716;BOGOTÁ D.C.;BOGOTA, D.C.;SI;;;NO;2018-06-30;12879;06/30/2018 05:00:00 PM;JUNIO;2018;COOPERATIVA MULTIACTIVA COMULTELCO;COMULTELCO;900-390-623-5;Multiactiva sin seccion de ahorro;BOGOTÁ, D.C.;BOGOTÁ, D.C.;CRA 54 44 A 05;6008542;24;Servicios de credito;MONICA MARCELA VASQUEZ CATA?O;comultelco@hotmail.com;3
717;BOGOTÁ D.C.;BOGOTA, D.C.;SI;;;NO;2025-06-30;15301;06/30/2025 05:00:00 PM;JUNIO;2025;COOPERATIVA MULTIACTIVA COMUNITARIA DE SERVICIOS INTEGRALES;MULTIPLUS;901-043-477-2;Multiactiva sin seccion de ahorro;BOGOTÁ, D.C.;BOGOTÁ, D.C.;CR 71 B 54 38;7498662;99;Otras actividades;ERIKA MARIA TORRES FLORES;coopmultiplus@gmail.com;3
718;BOGOTÁ D.C.;BOGOTA, D.C.;SI;;;NO;2023-12-31;15975;12/31/2023 05:00:00 PM;DICIEMBRE;2023;COOPERATIVA MULTIACTIVA CONFICRECER;CONFICECER;901-548-987-5;Multiactiva sin seccion de ahorro;BOGOTÁ, D.C.;BOGOTÁ, D.C.;CARRERA 46 20 C 01;;99;Otras actividades;;conficrecercoopertiva@gamial.com;3
719;BOGOTÁ D.C.;BOGOTA, D.C.;SI;;;NO;2023-12-31;16129;12/31/2023 05:00:00 PM;DICIEMBRE;2023;COOPERATIVA MULTIACTIVA CONSTRUVIDA;CONSTRUVIDA CMA;901-605-492-6;Multiactiva sin seccion de ahorro;BOGOTÁ, D.C.;BOGOTÁ, D.C.;CALLE 27A # 2 -12;;99;Otras actividades;;cmaconstruvida@gmail.com;3
720;BOGOTÁ D.C.;BOGOTA, D.C.;SI;;;NO;2017-12-31;9771;12/31/2017 05:00:00 PM;DICIEMBRE;2017;COOPERATIVA MULTIACTIVA CONTROL COOPERATIVO;CONTROL COOPERATIVO;830-134-778-8;Multiactiva sin seccion de ahorro;BOGOTÁ, D.C.;BOGOTÁ, D.C.;CALLE 33 6B 24;2877300;99;Otras actividades;LUIS ALBERTO YAZO CORONADO;financiera@grupocoltempora.com;3
721;BOGOTÁ D.C.;BOGOTA, D.C.;SI;;;NO;2022-06-30;13743;06/30/2022 05:00:00 PM;JUNIO;2022;COOPERATIVA MULTIACTIVA COOFINANCIAMOS LTDA;COOFINANCIAMOS LTDA;900-673-507-4;Multiactiva sin seccion de ahorro;BOGOTÁ, D.C.;BOGOTÁ, D.C.;CR 13 97 76 OF  205;6945859;99;Otras actividades;MONICA MARIA OSPINA JARAMILLO;coofinanciamosltda@hotmail.com;3
722;BOGOTÁ D.C.;BOGOTA, D.C.;SI;;;NO;2021-12-31;16043;12/31/2021 05:00:00 PM;DICIEMBRE;2021;COOPERATIVA MULTIACTIVA COOFINANCIEROS;COOFINANCIEROS;900-848-670-1;Multiactiva sin seccion de ahorro;BOGOTÁ, D.C.;BOGOTÁ, D.C.;CALLE 17 SUR NO. 14 - 10 PISO 2;;99;Otras actividades;;maritzaescobar@gmail.com;3
723;BOYACÁ;TUNUNGUA;SI;;;NO;2022-06-30;15573;06/30/2022 05:00:00 PM;JUNIO;2022;COOPERATIVA MULTIACTIVA COOFRUTUN DE PRODUCCION COMERCIALIZACION Y TRANSFORMACION AGROPECUARIA;COOFRUTUN;901-262-447-0;Especializada sin seccion de ahorro;BOYACÁ;TUNUNGUÁ;CR 3 3 19 BRR CENTRO;;4;Agricola;EDILBERTO COMBITA;cooperativismocoofrutun@gmail.com;3
724;BOGOTÁ D.C.;BOGOTA, D.C.;SI;;;NO;2025-06-30;15746;06/30/2025 05:00:00 PM;JUNIO;2025;COOPERATIVA MULTIACTIVA COOMIPEZ;COOMIPEZ;900-939-453-9;Multiactiva sin seccion de ahorro;BOGOTÁ, D.C.;BOGOTÁ, D.C.;AV LAS AMERICAS 75 - 22;;99;Otras actividades;MARCO FIDEL GONZALEZ MORALES;coomipez@gmail.com;3
725;BOGOTÁ D.C.;BOGOTA, D.C.;SI;;;NO;2020-12-31;11644;12/31/2020 05:00:00 PM;DICIEMBRE;2020;COOPERATIVA MULTIACTIVA COONALFA;COONALFA;900-143-645-9;Multiactiva sin seccion de ahorro;BOGOTÁ, D.C.;BOGOTÁ, D.C.;AV CR 45 100 34 OFC 701;7469549;24;Servicios de credito;WALTER PERDOMO ALVAREZ;liquidacioncoonalfa@gmail.com;3
726;BOGOTÁ D.C.;BOGOTA, D.C.;SI;;;NO;2017-12-31;12758;12/31/2017 05:00:00 PM;DICIEMBRE;2017;COOPERATIVA MULTIACTIVA COOP-RODEO;COOP-RODEO;900-363-997-1;Multiactiva sin seccion de ahorro;BOGOTÁ, D.C.;BOGOTÁ, D.C.;CARRERA 59D 131A-25;5180888;12;Consumo (comercio);YANEIRA LOZANO ROJAS;cooprodeo@hotmail.com;3
727;BOGOTÁ D.C.;BOGOTA, D.C.;SI;;;NO;2021-12-31;13224;12/31/2021 05:00:00 PM;DICIEMBRE;2021;COOPERATIVA MULTIACTIVA COOPVALORES;COOPVALORES;900-484-859-0;Multiactiva sin seccion de ahorro;BOGOTÁ, D.C.;BOGOTÁ, D.C.;CR 13 9 -85 OF 604;7946490;24;Servicios de credito;ANGELA ROCIO SANCHEZ ALARCON;gerencia@coopvalores.com.co;3
728;BOGOTÁ D.C.;BOGOTA, D.C.;SI;;;NO;2024-12-31;4260;12/31/2024 12:00:00 AM;DICIEMBRE;2024;COOPERATIVA MULTIACTIVA COPROYECCION;COPROYECCION;860-066-279-1;Multiactiva sin seccion de ahorro;BOGOTÁ, D.C.;BOGOTÁ, D.C.;CARRERA 10 NO. 15-39 OFC 704;3426871;99;Otras actividades;CARMEN BLANCO SANDOVAL;carmen.blanco@coproyeccion.com.co;3
729;BOGOTÁ D.C.;BOGOTA, D.C.;SI;;;NO;2021-12-31;9774;12/31/2021 05:00:00 PM;DICIEMBRE;2021;COOPERATIVA MULTIACTIVA COSOLUCIONES;COSOLUCIONES;900-020-407-4;Multiactiva sin seccion de ahorro;BOGOTÁ, D.C.;BOGOTÁ, D.C.;CALLE 19 4 20;;99;Otras actividades;LUIS ANTONIO ROJAS NIEVES;infocosoluciones@gmail.com;3
730;BOGOTÁ D.C.;BOGOTA, D.C.;SI;;;NO;2024-06-30;15438;06/30/2024 12:00:00 AM;JUNIO;2024;COOPERATIVA MULTIACTIVA CREAR BIENESTAR SOLUCIONES;COOPCREAR;901-036-909-3;Multiactiva sin seccion de ahorro;BOGOTÁ, D.C.;BOGOTÁ, D.C.;CR 16 NO. 56 03;4720864;99;Otras actividades;OSCAR NORBERTO BERNAL SUAREZ;gerencia@crearbienestar.com;3
731;BOGOTÁ D.C.;BOGOTA, D.C.;SI;;;NO;2017-12-31;9043;12/31/2017 05:00:00 PM;DICIEMBRE;2017;COOPERATIVA MULTIACTIVA CRECER DE COLOMBIA LIMITADA;COOPCRECER;830-503-722-1;Multiactiva sin seccion de ahorro;BOGOTÁ, D.C.;BOGOTÁ, D.C.;CR 11 A # 119 11 OF 401;6123414;24;Servicios de credito;ESPERANZA CUENCA ANDRADE;coocrecer1@gmail.com;3
732;BOGOTÁ D.C.;BOGOTA, D.C.;SI;;;NO;2022-06-30;15950;06/30/2022 05:00:00 PM;JUNIO;2022;COOPERATIVA MULTIACTIVA CREDILIBRE BOGOTA;COOPCREDILIBREBOG;901-506-194-1;Multiactiva sin seccion de ahorro;BOGOTÁ, D.C.;BOGOTÁ, D.C.;CL 16 10 28 OF 909;;99;Otras actividades;BEATRIZ PAOLA QUINTERO CHACON;ccredilibre@gmail.com;3
733;BOGOTÁ D.C.;BOGOTA, D.C.;SI;;;NO;2024-12-31;13187;12/31/2024 12:00:00 AM;DICIEMBRE;2024;COOPERATIVA MULTIACTIVA CRISMAR;COOPCRISMAR;900-443-379-1;Multiactiva sin seccion de ahorro;BOGOTÁ, D.C.;BOGOTÁ, D.C.;CALLE 12 NO.8-23;;99;Otras actividades;BETSY ADRIANA RODRIGUEZ MORALES;coopcrismarenliquidacion@gmail.com;3
734;BOGOTÁ D.C.;BOGOTA, D.C.;SI;;;NO;2021-06-30;13328;06/30/2021 05:00:00 PM;JUNIO;2021;COOPERATIVA MULTIACTIVA DE APORTE Y CREDITO PARA EL SERVICIO COMUNITARIO LTDA;GLOBALCOOP;900-519-681-1;Multiactiva sin seccion de ahorro;BOGOTÁ, D.C.;BOGOTÁ, D.C.;CL 31 N 4A BIS 12;3183511;99;Otras actividades;HILDEBRANDO GARCIA NAGLES;globalcoop.y@gmail.com;3
735;BOGOTÁ D.C.;BOGOTA, D.C.;SI;;;NO;2018-06-30;12716;06/30/2018 05:00:00 PM;JUNIO;2018;COOPERATIVA MULTIACTIVA DE APORTE Y CREDITO PARA EL SERVICIO SOCIAL LTDA.;MARCHEMOS;900-359-280-2;Cooperativas de trabajo asociado;BOGOTÁ, D.C.;BOGOTÁ, D.C.;CR 4 65 61 AP 201;3212051;24;Servicios de credito;NELSON AVENDA?O LOPERA;nelsonarcangel@hotmail.com;3
736;BOGOTÁ D.C.;BOGOTA, D.C.;SI;;;NO;2024-12-31;9633;12/31/2024 12:00:00 AM;DICIEMBRE;2024;COOPERATIVA MULTIACTIVA DE APORTES Y CREDITO;COFIPOR;900-018-226-1;Multiactiva sin seccion de ahorro;BOGOTÁ, D.C.;BOGOTÁ, D.C.;CR 57 A 44-52;;99;Otras actividades;AMPARO LOPEZ ALBA;info@cofipor.com;3
737;BOGOTÁ D.C.;BOGOTA, D.C.;SI;;;NO;2019-06-30;8694;06/30/2019 05:00:00 PM;JUNIO;2019;COOPERATIVA MULTIACTIVA DE APORTES Y CREDITO COMUNITARIA LTDA;COMULTICREDITO LTDA;830-144-488-1;Multiactiva sin seccion de ahorro;BOGOTÁ, D.C.;BOGOTÁ, D.C.;CARRERA 10 18 36 IFC.303;2830503;99;Otras actividades;AZUCENA BASTO CAICEDO;comulticredito2005@gmail.com;3
738;BOGOTÁ D.C.;BOGOTA, D.C.;SI;;;NO;2017-06-30;13117;06/30/2017 05:00:00 PM;JUNIO;2017;COOPERATIVA MULTIACTIVA DE APOYO SOLIDARIO;C.M APOSOLCOOP;900-432-160-9;Multiactiva sin seccion de ahorro;BOGOTÁ, D.C.;BOGOTÁ, D.C.;Carrera 8 12B 22;3001325;99;Otras actividades;NEIDER ESPERANZA DUARTE BERNAL;eduarte@aposolcoop.com;3
739;BOGOTÁ D.C.;BOGOTA, D.C.;SI;;;NO;2019-12-31;15661;12/31/2019 05:00:00 PM;DICIEMBRE;2019;COOPERATIVA MULTIACTIVA DE ARTISTAS DEL COMUN;COOMUNARTE;901-134-175-4;Multiactiva sin seccion de ahorro;BOGOTÁ, D.C.;BOGOTÁ, D.C.;CL 39 19 29;3228021;99;Otras actividades;Blanca Nidia Gomez Saavedra;eli12rive@gmail.com;3
740;BOGOTÁ D.C.;BOGOTA, D.C.;SI;;;NO;2023-12-31;16094;12/31/2023 05:00:00 PM;DICIEMBRE;2023;COOPERATIVA MULTIACTIVA DE ASESORIA COMERCIAL Y SERVICIOS;COOMULDISER;901-361-242-2;Aportes y credito;BOGOTÁ, D.C.;BOGOTÁ, D.C.;CALLE 85 NO 16-28 OF. 502;;99;Otras actividades;MILCIADES NOVOA BOBADILLA;coomuldiser@gmail.com;3
741;BOGOTÁ D.C.;BOGOTA, D.C.;SI;;;NO;2024-12-31;6405;12/31/2024 12:00:00 AM;DICIEMBRE;2024;COOPERATIVA MULTIACTIVA DE AYUDA MUTUA;COAYUDA LTDA;830-054-247-5;Multiactiva sin seccion de ahorro;BOGOTÁ, D.C.;BOGOTÁ, D.C.;CALLE 12B 6 58LC 203;;24;Servicios de credito;CECILIA PINZON DE MAYORGA;informacion@coayuda.com;3
742;BOGOTÁ D.C.;BOGOTA, D.C.;SI;;;NO;2024-06-30;12443;06/30/2024 12:00:00 AM;JUNIO;2024;COOPERATIVA MULTIACTIVA DE BENEFICIOS Y SERVICIOS INTEGRALES;COOMULBESER;900-315-832-9;Multiactiva sin seccion de ahorro;BOGOTÁ, D.C.;BOGOTÁ, D.C.;CRA 13 NO. 35-43 OF. 1003;;12;Consumo (comercio);MARCO TULIO HERNANDEZ SABOYA;coomulbeser@hotmail.com;3
743;BOGOTÁ D.C.;BOGOTA, D.C.;SI;;;NO;2019-12-31;15514;12/31/2019 05:00:00 PM;DICIEMBRE;2019;COOPERATIVA MULTIACTIVA DE  BIENES Y SERVICIOS INTEGRADOS;BANKCREDIT;900-926-510-4;Multiactiva sin seccion de ahorro;BOGOTÁ, D.C.;BOGOTÁ, D.C.;TRANSV 60 N 122-25 OF 201;3193923;24;Servicios de credito;OSCAR ALBERTO VILLAMIL GALVIS;lina.torres@aureusrl.com;3
744;BOGOTÁ D.C.;BOGOTA, D.C.;SI;;;NO;2020-12-31;15371;12/31/2020 05:00:00 PM;DICIEMBRE;2020;COOPERATIVA MULTIACTIVA DE BIENESTAR FUERZAS PUBLICAS;COOBIFUP;901-122-728-5;Multiactiva sin seccion de ahorro;BOGOTÁ, D.C.;BOGOTÁ, D.C.;CALLE 9A SUR 68 B 10;;24;Servicios de credito;;coobifup@gmail.com;3
745;BOYACÁ;CHIQUINQUIRA;SI;;;NO;2017-06-30;15095;06/30/2017 05:00:00 PM;JUNIO;2017;COOPERATIVA MULTIACTIVA DE CAMPESINOS EMPRENDEDORES DE BOYACA;COOCAMPO;900-645-613-8;Multiactiva sin seccion de ahorro;BOYACÁ;CHIQUINQUIRÁ;CRA 9 10 11;;4;Agricola;DIADIRA ESPERANZA RIA?O PE?A;campesinosactivos@hotmail.com;3
746;BOGOTÁ D.C.;BOGOTA, D.C.;SI;;;NO;2017-12-31;12430;12/31/2017 05:00:00 PM;DICIEMBRE;2017;COOPERATIVA MULTIACTIVA DE COLOMBIA;COOPMULCOL;900-314-084-1;Cooperativas de trabajo asociado;BOGOTÁ, D.C.;BOGOTÁ, D.C.;CLL 57 7-11 Oficina 702;3472583;24;Servicios de credito;MARIA TERESA ZARATE QUIROGA;ninguno@hotmail.com;3
747;BOGOTÁ D.C.;BOGOTA, D.C.;SI;;;NO;2024-06-30;1247;06/30/2024 12:00:00 AM;JUNIO;2024;COOPERATIVA MULTIACTIVA DE COMERCIANTES DE SAN VICTORINO;COOMERSANV;860-515-691-0;Multiactiva sin seccion de ahorro;BOGOTÁ, D.C.;BOGOTÁ, D.C.;CL 11 11 38;;12;Consumo (comercio);MARIA JUDITH CASTILLO RODRIGUEZ;gerencia@coomersanv.com;3
748;BOGOTÁ D.C.;BOGOTA, D.C.;SI;;;NO;2022-12-31;5044;12/31/2022 05:00:00 PM;DICIEMBRE;2022;COOPERATIVA MULTIACTIVA DE COMERCIANTES GALERIA - PLAZA DE MERCADO BOYACA;COMULCOBOY LTDA;800-214-026-2;Multiactiva sin seccion de ahorro;BOGOTÁ, D.C.;BOGOTÁ, D.C.;CL 68B 69 A 64;4848691;99;Otras actividades;PEDRO PALACIOS;pepepalat81@gmail.com;3
749;BOGOTÁ D.C.;BOGOTA, D.C.;SI;;;NO;2023-12-31;13772;12/31/2023 05:00:00 PM;DICIEMBRE;2023;COOPERATIVA MULTIACTIVA DE COMERCIO;COOPMULCOMERCIO;900-724-108-9;Multiactiva sin seccion de ahorro;BOGOTÁ, D.C.;BOGOTÁ, D.C.;CLL 16 4 33;;12;Consumo (comercio);CIRO ANDRES CABRALES DURAN;info@credicomercio.co;3
750;BOGOTÁ D.C.;BOGOTA, D.C.;SI;;;NO;2017-12-31;15348;12/31/2017 05:00:00 PM;DICIEMBRE;2017;COOPERATIVA MULTIACTIVA DE CONTRATISTAS Y TRABAJADORES DEL ESTADO;UNIRCOOPERATIVA;901-120-698-3;Multiactiva sin seccion de ahorro;BOGOTÁ, D.C.;BOGOTÁ, D.C.;Diagonal 23K Nro. 96 G - 50 INT 12 APT 342;5085646;99;Otras actividades;ANDRES FELIPE GIRALDO MORALES;unircooperativa@gmail.com;3
751;BOGOTÁ D.C.;BOGOTA, D.C.;SI;;;NO;2020-06-30;12281;06/30/2020 05:00:00 PM;JUNIO;2020;COOPERATIVA MULTIACTIVA DE CRECIMIENTO SOLIDARIO;COOPCRESOL;900-293-268-8;Multiactiva sin seccion de ahorro;BOGOTÁ, D.C.;BOGOTÁ, D.C.;CALLE 127 7 51;7465590;99;Otras actividades;ALBERTO NIETO JAI1E;contador@coopcresol.com;3
752;BOGOTÁ D.C.;BOGOTA, D.C.;SI;;;NO;2022-06-30;12611;06/30/2022 05:00:00 PM;JUNIO;2022;COOPERATIVA MULTIACTIVA DE CREDITO AL INSTANTE;COOMULCREDINS;900-200-601-1;Multiactiva sin seccion de ahorro;BOGOTÁ, D.C.;BOGOTÁ, D.C.;CRA 8 16 79;5605453;18;Turismo;WILSON ROLANDO HERNANDEZ LAYSECA;coomulcredins@gmail.com;3
753;BOGOTÁ D.C.;BOGOTA, D.C.;SI;;;NO;2021-12-31;15888;12/31/2021 05:00:00 PM;DICIEMBRE;2021;COOPERATIVA MULTIACTIVA DE CREDITO E INVERSION EN RED;REDINVERCOOP;900-734-874-5;Multiactiva sin seccion de ahorro;BOGOTÁ, D.C.;BOGOTÁ, D.C.;CL 45 A SUR 89 B 42;7844130;24;Servicios de credito;;redinvercoop2014@gmail.com;3
754;BOGOTÁ D.C.;BOGOTA, D.C.;SI;;;NO;2024-12-31;15532;12/31/2024 12:00:00 AM;DICIEMBRE;2024;COOPERATIVA MULTIACTIVA DE CREDITO INVERTIR;COOPINVERTIR;901-230-815-0;Multiactiva sin seccion de ahorro;BOGOTÁ, D.C.;BOGOTÁ, D.C.;CALLE 162 # 162  42;3878497;24;Servicios de credito;;coopinvertir@gmail.com;3
755;BOGOTÁ D.C.;BOGOTA, D.C.;SI;;;NO;2023-12-31;6750;12/31/2023 05:00:00 PM;DICIEMBRE;2023;COOPERATIVA MULTIACTIVA DE CREDITO Y SERVICIOS A PENSIONADOS LTDA;COOPCREDIPENSIONADOS LTDA;830-057-675-8;Multiactiva sin seccion de ahorro;BOGOTÁ, D.C.;BOGOTÁ, D.C.;CALLE 127 NO. 71 46;6248103;99;Otras actividades;ESTIBALIZ MARTINEZ LOPEZ;coopcredipensionadosltda@gmail.com;3
756;BOGOTÁ D.C.;BOGOTA, D.C.;SI;;;NO;2018-12-31;13776;12/31/2018 05:00:00 PM;DICIEMBRE;2018;COOPERATIVA MULTIACTIVA DE CREDITO Y SERVICIOS COOPEREMOS;;900-652-375-9;Multiactiva sin seccion de ahorro;BOGOTÁ, D.C.;BOGOTÁ, D.C.;CRA 55D 166 21 IN 5 AP 309;6037287;99;Otras actividades;ALVARO YAMIR SARMIENTO RODRIGUEZ;cooperativamcscooperemos@hotmail.com;3
757;BOGOTÁ D.C.;BOGOTA, D.C.;SI;;;NO;2024-06-30;9842;06/30/2024 12:00:00 AM;JUNIO;2024;COOPERATIVA MULTIACTIVA DE CREDITOS;COORPOCREDITO;900-046-969-4;Especializada sin seccion de ahorro;BOGOTÁ, D.C.;BOGOTÁ, D.C.;AV JIMENEZ 10-58 OFICINA 301;2845936;99;Otras actividades;MAGDA LILY AGUILAR FIGUEROA;coorpocredito@hotmail.com;3
758;BOGOTÁ D.C.;BOGOTA, D.C.;SI;;;NO;2024-12-31;15658;12/31/2024 12:00:00 AM;DICIEMBRE;2024;COOPERATIVA MULTIACTIVA DE DESARROLLO AGROPECUARIO E INFRAESTRUCTURA;DAINCOOP;901-120-419-5;Multiactiva sin seccion de ahorro;BOGOTÁ, D.C.;BOGOTÁ, D.C.;DG 30  14  49;;5;Pecuaria;GUSTAVO ADOLFO ROYA BLANCO;daincoop@gmail.com;3
759;BOGOTÁ D.C.;BOGOTA, D.C.;SI;;;NO;2023-12-31;9786;12/31/2023 05:00:00 PM;DICIEMBRE;2023;COOPERATIVA MULTIACTIVA DE DESARROLLO INTEGRAL;COODINTEGRAL;830-504-264-2;Multiactiva sin seccion de ahorro;BOGOTÁ, D.C.;BOGOTÁ, D.C.;CALLE 70A BIS #115B 06;3586306;99;Otras actividades;DENNYS PAOLA TAVERA PARDO;coodintegral@hotmail.com;3
760;BOGOTÁ D.C.;BOGOTA, D.C.;SI;;;NO;2020-12-31;11158;12/31/2020 05:00:00 PM;DICIEMBRE;2020;COOPERATIVA MULTIACTIVA DE DESARROLLO SOCIAL Y FOMENTO  EMPRESARIAL;COOEFECTIVA;900-079-360-1;Integral sin seccion de ahorro;BOGOTÁ, D.C.;BOGOTÁ, D.C.;CL 127 18 A 39 OF 601;6291522;99;Otras actividades;AMADO DE JESUS URREGO ACEVEDO;gfrkoni@gmail.com;3
761;BOGOTÁ D.C.;BOGOTA, D.C.;SI;;;NO;2023-06-30;16038;06/30/2023 05:00:00 PM;JUNIO;2023;COOPERATIVA MULTIACTIVA DE EGRESADOS DE UNIVERSIDAD DISTRITAL FRANCISCO JOSE DE CALDAS;CEUD;901-305-145-8;Multiactiva sin seccion de ahorro;BOGOTÁ, D.C.;BOGOTÁ, D.C.;CR 28 34 20;;24;Servicios de credito;ORLANDO BAEZ PARRA;info@ceud.com.co;3
762;BOGOTÁ D.C.;BOGOTA, D.C.;SI;;;NO;2018-12-31;8796;12/31/2018 05:00:00 PM;DICIEMBRE;2018;COOPERATIVA MULTIACTIVA DE EMPLEADOS TRABAJADORES Y PERSONAS ADSCRITAS AL FOMENTO DE LA CULTURA MUSICAL Y ARISTICA;COOPSINFONICA;830-007-735-8;Multiactiva sin seccion de ahorro;BOGOTÁ, D.C.;BOGOTÁ, D.C.;AVENIDA CARRERA 30 NO. 26 - 31;6234905;99;Otras actividades;EDGAR ESCOBAR ORTIZ;arangoangela2@gmail.com;3
763;BOYACÁ;SOGAMOSO;SI;;;NO;2023-12-31;15448;12/31/2023 05:00:00 PM;DICIEMBRE;2023;COOPERATIVA MULTIACTIVA DE EMPRENDEDORES Y AFILIADOS A  APASOP;COMDEAPASOP;900-811-174-8;Multiactiva sin seccion de ahorro;BOYACÁ;SOGAMOSO;CRA 9 N 11-46;;99;Otras actividades;ROSA MARIA MEDINA BELLO;comdeapasop@gmail.com;3
764;BOGOTÁ D.C.;BOGOTA, D.C.;SI;;;NO;2021-12-31;13081;12/31/2021 05:00:00 PM;DICIEMBRE;2021;COOPERATIVA MULTIACTIVA DE EMPRENDIMIENTO NACIONAL;EMPRENDERCOOP;900-392-009-1;Multiactiva sin seccion de ahorro;BOGOTÁ, D.C.;BOGOTÁ, D.C.;CALLE 54A 15 76;;24;Servicios de credito;PATRICIA DE JESUS ARIZA JULIO;emprendercoop2014@gmail.com;3
765;BOGOTÁ D.C.;BOGOTA, D.C.;SI;;;NO;2019-06-30;5803;06/30/2019 05:00:00 PM;JUNIO;2019;COOPERATIVA MULTIACTIVA DE EMPRESARIOS DEL PLASTICO LIMITADA;COOPNALPLASTICOS LTDA;830-033-815-9;Multiactiva sin seccion de ahorro;BOGOTÁ, D.C.;BOGOTÁ, D.C.;CALLE 16 # 20 32;5605900;12;Consumo (comercio);CARLOS ALBERTO LEON MONSERRATE;info.colombia@coopnalplasticos.com;3
766;BOYACÁ;OTANCHE;SI;;;NO;2023-06-30;16426;06/30/2023 05:00:00 PM;JUNIO;2023;COOPERATIVA MULTIACTIVA DE FAMILIAS GUARDABOSQUES REVERDECER BETANIA;COOPREVERDECER;900-115-318-6;Multiactiva sin seccion de ahorro;BOYACÁ;OTANCHE;IP BETANIA BRR CENTRO;;4;Agricola;;coopreverdecer@hotmail.com;3
767;BOGOTÁ D.C.;BOGOTA, D.C.;SI;;;NO;2018-06-30;12771;06/30/2018 05:00:00 PM;JUNIO;2018;COOPERATIVA MULTIACTIVA DE FOMENTO Y DESARROLLO COMERCIAL;COOPDESCOL;900-350-027-4;Multiactiva sin seccion de ahorro;BOGOTÁ, D.C.;BOGOTÁ, D.C.;CL 69 A BIS 87A 23;3108409;12;Consumo (comercio);DORA ALIX VELA SAAVEDRA;ccopdescol@gmail.com;3
768;BOGOTÁ D.C.;BOGOTA, D.C.;SI;;;NO;2025-06-30;16668;06/30/2025 05:00:00 PM;JUNIO;2025;COOPERATIVA MULTIACTIVA DE GESTION Y SERVICIOS;COOPMULGESER;830-034-609-2;Multiactiva sin seccion de ahorro;BOGOTÁ, D.C.;BOGOTÁ, D.C.;CL 17 6 57 P 3 OFC 311;;99;Otras actividades;KAREN PAOLA RODRIGUEZ BERNAL;servidoresgerencia@outlook.es;3
769;BOGOTÁ D.C.;BOGOTA, D.C.;SI;;;NO;2018-12-31;8343;12/31/2018 05:00:00 PM;DICIEMBRE;2018;COOPERATIVA MULTIACTIVA DE LIMITADOS FISICOS DEL MINISTERIO DE DEFENSA;COOLFISMIN;830-089-187-2;Multiactiva sin seccion de ahorro;BOGOTÁ, D.C.;BOGOTÁ, D.C.;CRA 9 N 17 24 OFC 605;;24;Servicios de credito;PASCUAL MURILLO MOSQUERA;ladyortegon@hotmail.com;3
770;BOGOTÁ D.C.;BOGOTA, D.C.;SI;;;NO;2020-12-31;13630;12/31/2020 05:00:00 PM;DICIEMBRE;2020;COOPERATIVA MULTIACTIVA DE LOS EMPLEADOS DE AFIANCOL Y EMPRESAS VINCULADAS ASOCIADAS;COOPAFIANCOL;900-681-705-1;Multiactiva sin seccion de ahorro;BOGOTÁ, D.C.;BOGOTÁ, D.C.;CLL 100 8A 37 OF 401;4954780;99;Otras actividades;DURANGO CASSAB TEDY ALEJANDRO;joisbehot@hotmail.com;3
771;BOGOTÁ D.C.;BOGOTA, D.C.;SI;;;NO;2019-12-31;1227;12/31/2019 05:00:00 PM;DICIEMBRE;2019;COOPERATIVA MULTIACTIVA DE LOS HOGARES DE COLOMBIA;COLHOGAR LTDA;860-519-421-7;Multiactiva sin seccion de ahorro;BOGOTÁ, D.C.;BOGOTÁ, D.C.;CR 25 A 27A 21;5607447;12;Consumo (comercio);MARIA  DORALBA GOMEZ OSPINA;coopcolhogar@hotmail.com;3
772;BOGOTÁ D.C.;BOGOTA, D.C.;SI;;;NO;2021-12-31;15488;12/31/2021 05:00:00 PM;DICIEMBRE;2021;COOPERATIVA MULTIACTIVA DE MEDICINA CRITICA Y ANESTESIOLOGIA;COOMCA;900-997-143-8;Cooperativas de trabajo asociado;BOGOTÁ, D.C.;BOGOTÁ, D.C.;CL 106 54 15 OF 506;3008153;22;Salud;;coomcamultiactiva@gmail.com;3
773;BOGOTÁ D.C.;BOGOTA, D.C.;SI;;;NO;2022-12-31;13329;12/31/2022 05:00:00 PM;DICIEMBRE;2022;COOPERATIVA MULTIACTIVA DE MERCADEO Y CREDITO;COOMUNION;900-518-723-6;Multiactiva sin seccion de ahorro;BOGOTÁ, D.C.;BOGOTÁ, D.C.;AV CALLE 63 # 78 - 41;;24;Servicios de credito;MIGUEL ANGEL PACHECO CLARO;coomunion.coop@gmail.com;3
774;BOGOTÁ D.C.;BOGOTA, D.C.;SI;;;NO;2024-12-31;12832;12/31/2024 12:00:00 AM;DICIEMBRE;2024;COOPERATIVA MULTIACTIVA DE MERCADOS CAMPESINOS;COOPYMERCK;830-142-259-0;Multiactiva sin seccion de ahorro;BOGOTÁ, D.C.;BOGOTÁ, D.C.;AV CRA 80 # 2 51 BOG 85 LOC 0011;2938588;12;Consumo (comercio);JOHN ALEXANDER LOZANO RIVERA;coopymerck2020@gmail.com;3
775;BOGOTÁ D.C.;BOGOTA, D.C.;SI;;;NO;2023-12-31;7799;12/31/2023 05:00:00 PM;DICIEMBRE;2023;COOPERATIVA MULTIACTIVA DE MILITARES TECNICOS EN RETIRO Y PERSONAL CIVIL LTDA;COODEMIL LTDA.;860-045-388-6;Multiactiva sin seccion de ahorro;BOGOTÁ, D.C.;BOGOTÁ, D.C.;CRA 13 N 27-00;2835178;99;Otras actividades;CESAR AUGUSTO RAMIREZ ARAUJO;info@coodemil.org;3
776;BOGOTÁ D.C.;BOGOTA, D.C.;SI;;;NO;2021-06-30;13480;06/30/2021 05:00:00 PM;JUNIO;2021;COOPERATIVA MULTIACTIVA DE PADRES DE FAMILIA INSTITUTO PEDAGOGICO NACIONAL;COOPFIN;800-221-853-6;Multiactiva sin seccion de ahorro;BOGOTÁ, D.C.;BOGOTÁ, D.C.;KR 45 12234 AP 402;6127742;12;Consumo (comercio);ELISA ACU??A TAVERA;coopfin@gmail.com;3
777;BOGOTÁ D.C.;BOGOTA, D.C.;SI;;;NO;2020-12-31;7646;12/31/2020 05:00:00 PM;DICIEMBRE;2020;COOPERATIVA MULTIACTIVA DE PENSIONADOS DEL MINISTERIO DE O.O. P.P. T TRANSPORTE;COOPENMOPT LTDA;800-199-293-8;Especializada sin seccion de ahorro;BOGOTÁ, D.C.;BOGOTÁ, D.C.;AV JIMENEZ NO. 5 - 16;7551345;99;Otras actividades;CECILIA DAVILA PARRA;coopenmopt@hotmail.com;3
778;BOGOTÁ D.C.;BOGOTA, D.C.;SI;;;NO;2017-12-31;15355;12/31/2017 05:00:00 PM;DICIEMBRE;2017;COOPERATIVA MULTIACTIVA DE PRODUCCIONES Y COMUNICACIONES;NC PRODUDCCIONES;901-138-559-7;Multiactiva sin seccion de ahorro;BOGOTÁ, D.C.;BOGOTÁ, D.C.;Carrera 19 # 32 A - 39 of 102;3508981;99;Otras actividades;Jorge Ernesto Suarez Gonzalez;ncproduccionesycomunicaciones@gmail.com;3
779;BOYACÁ;TOCA;SI;;;NO;2024-12-31;12634;12/31/2024 12:00:00 AM;DICIEMBRE;2024;COOPERATIVA MULTIACTIVA DE PRODUCTORES AGROPECUARIOS DEL MUNICIPIO DE TOCA;COOMELAC;900-152-734-4;Multiactiva sin seccion de ahorro;BOYACÁ;TOCA;CL 7 10 83;;5;Pecuaria;NELSON YECID GALAN MOLANO;coomelac-toca@hotmail.com;3
780;BOYACÁ;QUIPAMA;SI;;;NO;2019-06-30;15533;06/30/2019 05:00:00 PM;JUNIO;2019;COOPERATIVA MULTIACTIVA DE PRODUCTORES DE CACAO DE QUIPAMA;COOPROQUIPAMA;901-138-341-9;Multiactiva sin seccion de ahorro;BOYACÁ;QUÍPAMA;CARRERA  9 A 11 19;;4;Agricola;ORLANDO MORERAS ROGELES;asoquipamaboy@hotmail.com;3
781;BOGOTÁ D.C.;BOGOTA, D.C.;SI;;;NO;2024-06-30;15632;06/30/2024 12:00:00 AM;JUNIO;2024;COOPERATIVA MULTIACTIVA DE PROFESIONALES DEL COMUN;PRODELCOMUN;901-145-861-6;Multiactiva sin seccion de ahorro;BOGOTÁ, D.C.;BOGOTÁ, D.C.;CARRERA 22 69-51;;99;Otras actividades;SIGIFREDO SOLANO TOVAR;prodelcomun@gmail.com;3
782;BOGOTÁ D.C.;BOGOTA, D.C.;SI;;;NO;2022-06-30;15920;06/30/2022 05:00:00 PM;JUNIO;2022;COOPERATIVA MULTIACTIVA DE PROFESIONALES FINAEXITO COOPMULPRO;COOPMULPRO;901-491-158-9;Multiactiva sin seccion de ahorro;BOGOTÁ, D.C.;BOGOTÁ, D.C.;CL 16 NO. 10 28 ED SEG BOLIVAR;;99;Otras actividades;SANDRA MARCELA RUIZ LADINO;coopfinaexito@gmail.com;3
783;BOGOTÁ D.C.;BOGOTA, D.C.;SI;;;NO;2021-12-31;12432;12/31/2021 05:00:00 PM;DICIEMBRE;2021;COOPERATIVA MULTIACTIVA DE RECAUDOS DE COLOMBIA;COMULTCOLOMBIA;900-292-035-4;Multiactiva sin seccion de ahorro;BOGOTÁ, D.C.;BOGOTÁ, D.C.;CLL 19 # 4 20;;99;Otras actividades;LUIS ANTONIO ROJAS NIEVES;infocomultcolombia@gmail.com;3
784;BOGOTÁ D.C.;BOGOTA, D.C.;SI;;;NO;2021-12-31;12431;12/31/2021 05:00:00 PM;DICIEMBRE;2021;COOPERATIVA MULTIACTIVA DE RECAUDOSS NACIONALES DE SUS ASOCIADOS;COOPRECAUDOS;900-254-188-0;Multiactiva sin seccion de ahorro;BOGOTÁ, D.C.;BOGOTÁ, D.C.;CALLE 19 4 20;;99;Otras actividades;LUIS ANTONIO ROJAS NIEVES;cooprecaudos@gmail.com;3
785;BOGOTÁ D.C.;BOGOTA, D.C.;SI;;;NO;2023-12-31;15657;12/31/2023 05:00:00 PM;DICIEMBRE;2023;COOPERATIVA MULTIACTIVA DE RECICLADORES FONTIBON POR COLOMBIA;RAFCOL;900-350-605-1;Cooperativas de trabajo asociado;BOGOTÁ, D.C.;BOGOTÁ, D.C.;AV CALLE 22 136A 17;;19;Aseo mantenimiento y reciclaje;;cooprafcol@gmail.com;3
786;BOGOTÁ D.C.;BOGOTA, D.C.;SI;;;NO;2022-12-31;6699;12/31/2022 05:00:00 PM;DICIEMBRE;2022;COOPERATIVA MULTIACTIVA DE RETIRADOS Y PENSIONADOS DE LA FUERZA PUBLICA Y TRABAJ;COORPENTRES LTDA;830-061-163-4;Multiactiva sin seccion de ahorro;BOGOTÁ, D.C.;BOGOTÁ, D.C.;CARRERA 10 NO. 18- 36 OFC 606;2849916;99;Otras actividades;HUMBERTO LOPEZ CASTELLANOS;coorpentres@hotmail.com;3
787;BOGOTÁ D.C.;BOGOTA, D.C.;SI;;;NO;2019-06-30;13418;06/30/2019 05:00:00 PM;JUNIO;2019;COOPERATIVA MULTIACTIVA DE SERVCIOS COOPVALOR;COOPVALOR;900-548-217-9;Multiactiva sin seccion de ahorro;BOGOTÁ, D.C.;BOGOTÁ, D.C.;CRA 21 35 24 APT 101;3204516;99;Otras actividades;EDWIN ALEXANDER IBARRA ROLDAN;edalibro@hotmail.com;3
788;BOGOTÁ D.C.;BOGOTA, D.C.;SI;;;NO;2017-12-31;9190;12/31/2017 05:00:00 PM;DICIEMBRE;2017;COOPERATIVA MULTIACTIVA DE SERVICIOS;COOPIDEAS;830-095-142-6;Multiactiva sin seccion de ahorro;BOGOTÁ, D.C.;BOGOTÁ, D.C.;Calle 60 Nro.14A-43;2487437;99;Otras actividades;MARTHA LILIANA DELGADO GALVIS;coopideas2011@hotmail.com;3
789;BOGOTÁ D.C.;BOGOTA, D.C.;SI;;;NO;2023-06-30;9727;06/30/2023 05:00:00 PM;JUNIO;2023;COOPERATIVA MULTIACTIVA DE SERVICIOS;COOPSERVIMAS;900-029-717-3;Multiactiva sin seccion de ahorro;BOGOTÁ, D.C.;BOGOTÁ, D.C.;CRA 13 N 32 91 T 3;2458001;99;Otras actividades;FREDY PULIDO;coopservimas1118@hotmail.com;3
790;BOGOTÁ D.C.;BOGOTA, D.C.;SI;;;NO;2017-12-31;15270;12/31/2017 05:00:00 PM;DICIEMBRE;2017;COOPERATIVA MULTIACTIVA DE SERVICIOS CECOOP;CECOOP;900-978-311-8;Multiactiva sin seccion de ahorro;BOGOTÁ, D.C.;BOGOTÁ, D.C.;Carrera 17 33 33;6459218;99;Otras actividades;NATALIA ROZO BRAVO;gerencia@cecoop.com.co;3
791;BOGOTÁ D.C.;BOGOTA, D.C.;SI;;;NO;2018-12-31;11360;12/31/2018 05:00:00 PM;DICIEMBRE;2018;COOPERATIVA MULTIACTIVA DE SERVICIOS CON EXPERIENCIA EN CREDITO - EN LIQUIDACION;COOEXPOCREDIT - EN LIQUIDACION;900-161-180-2;Multiactiva sin seccion de ahorro;BOGOTÁ, D.C.;BOGOTÁ, D.C.;CR 11 94 A 03 P 7;7424266;24;Servicios de credito;MARTHA EUGENIA TOLOZA HERNANDEZ;info@cooexpocredit.com;3
792;BOGOTÁ D.C.;BOGOTA, D.C.;SI;;;NO;2021-12-31;13006;12/31/2021 05:00:00 PM;DICIEMBRE;2021;COOPERATIVA MULTIACTIVA DE SERVICIOS CONTINENTAL;COOPCONTINENTAL;900-356-209-5;Multiactiva sin seccion de ahorro;BOGOTÁ, D.C.;BOGOTÁ, D.C.;AV JIMENEZ 8 A 49 OF 412;7420619;99;Otras actividades;YINA PAOLA MEDINA TRUJILLO;administracion@coopcontinental.com;3
793;BOGOTÁ D.C.;BOGOTA, D.C.;SI;;;NO;2020-06-30;15750;06/30/2020 05:00:00 PM;JUNIO;2020;COOPERATIVA MULTIACTIVA DE SERVICIOS CREDITICIOS Y LEGALES;COOLEGALES;900-494-149-2;Multiactiva sin seccion de ahorro;BOGOTÁ, D.C.;BOGOTÁ, D.C.;CARRERA 20A 188A 25 OFICINA 306;;99;Otras actividades;ERWING MANUEL ARDILA DURAN;coolegales@hotmail.com;3
794;BOGOTÁ D.C.;BOGOTA, D.C.;SI;;;NO;2024-12-31;1248;12/31/2024 12:00:00 AM;DICIEMBRE;2024;COOPERATIVA MULTIACTIVA DE SERVICIOS ESPECIALES COOMULSE;COOMULSE;800-082-249-1;Multiactiva sin seccion de ahorro;BOGOTÁ, D.C.;BOGOTÁ, D.C.;CL 12B 6 58 LC 202;4650124;24;Servicios de credito;RAFAEL PINZON ARIZA;info@coomulse.com;3
795;BOGOTÁ D.C.;BOGOTA, D.C.;SI;;;NO;2019-12-31;12967;12/31/2019 05:00:00 PM;DICIEMBRE;2019;COOPERATIVA MULTIACTIVA DE SERVICIOS FAMILIARES INTEGRALES LIMITADA;SERFINCO LTDA.;900-352-597-1;Multiactiva sin seccion de ahorro;BOGOTÁ, D.C.;BOGOTÁ, D.C.;CLL 44 57 A 30;2213727;24;Servicios de credito;JHOVANY ALONSO RAMIREZ ARAUJO;serfinco2010@gmail.com;3
796;BOGOTÁ D.C.;BOGOTA, D.C.;SI;;;NO;2023-06-30;12275;06/30/2023 05:00:00 PM;JUNIO;2023;COOPERATIVA MULTIACTIVA DE SERVICIOS FINANCIEROS Y JURIDICOS;COOPERTIVA COFIJURIDICO;900-292-867-5;Multiactiva sin seccion de ahorro;BOGOTÁ, D.C.;BOGOTÁ, D.C.;CL 79 8 38;7944004;24;Servicios de credito;EDWING ROBERTO ACEVEDO GOMEZ;contabilidadconstructoranio@gmail.com;3
797;BOGOTÁ D.C.;BOGOTA, D.C.;SI;;;NO;2024-12-31;12784;12/31/2024 12:00:00 AM;DICIEMBRE;2024;COOPERATIVA MULTIACTIVA DE SERVICIOS FUTURA;FUTURA;900-372-109-4;Multiactiva sin seccion de ahorro;BOGOTÁ, D.C.;BOGOTÁ, D.C.;CL 26 A 13 97 OF 1201;2186342;24;Servicios de credito;DUVER JEYIN SOLIS YA?EZ;gerencia@coopfuturagt.com;3
798;BOGOTÁ D.C.;BOGOTA, D.C.;SI;;;NO;2017-12-31;11383;12/31/2017 05:00:00 PM;DICIEMBRE;2017;COOPERATIVA MULTIACTIVA DE SERVICIOS GENERALES;COOMULTISEG;900-132-497-8;Especializada sin seccion de ahorro;BOGOTÁ, D.C.;BOGOTÁ, D.C.;CRA 16 56 03;;99;Otras actividades;ANGEL HERNANDO OCHOA ACU?A;coomultiseg@hotmail.com;3
799;BOGOTÁ D.C.;BOGOTA, D.C.;SI;;;NO;2024-12-31;12221;12/31/2024 12:00:00 AM;DICIEMBRE;2024;COOPERATIVA MULTIACTIVA DE SERVICIOS INTEGRALES;SUPORVENIR;900-257-868-4;Multiactiva sin seccion de ahorro;BOGOTÁ, D.C.;BOGOTÁ, D.C.;CLLE 17 8 -90 OF 503;2841156;24;Servicios de credito;JUAN PABLO OCHOA DUARTE;gerenciasuporvenir@yahoo.com;3
800;BOGOTÁ D.C.;BOGOTA, D.C.;SI;;;NO;2019-06-30;12992;06/30/2019 05:00:00 PM;JUNIO;2019;COOPERATIVA MULTIACTIVA DE SERVICIOS INTEGRALES DE COLOMBIA;SERVINTCOOP DE COLOMBIA;900-394-490-0;Integral sin seccion de ahorro;BOGOTÁ, D.C.;BOGOTÁ, D.C.;KR 6 NO 12 C 48 OFC 210;4718274;24;Servicios de credito;GERTRUDIS ANITA BARRERA MESA;cooperativaservintcoop@gmail.com;3
801;BOGOTÁ D.C.;BOGOTA, D.C.;SI;;;NO;2024-12-31;15702;12/31/2024 12:00:00 AM;DICIEMBRE;2024;COOPERATIVA MULTIACTIVA DE SERVICIOS INTEGRALES NUEVO HORIZONTE;COOPHORIZONTE;900-583-017-0;Multiactiva sin seccion de ahorro;BOGOTÁ, D.C.;BOGOTÁ, D.C.;CR 47 NO. 22 77 OF 502;2694492;9;Educacion;LILIAN LINCE GOMEZ;integralcoophorizonte@gmail.com;3
802;BOGOTÁ D.C.;BOGOTA, D.C.;SI;;;NO;2021-06-30;10503;06/30/2021 05:00:00 PM;JUNIO;2021;COOPERATIVA MULTIACTIVA DE SERVICIOS INTEGRALES PARA EL FOMENTO DEL BIENESTAR DE LOS FUNCIONARIOS ACTIVOS Y PENSIONADOS DEL ESTADO;COOFINSA;900-106-073-9;Multiactiva sin seccion de ahorro;BOGOTÁ, D.C.;BOGOTÁ, D.C.;CRA 15 NO. 100-69;2841613;24;Servicios de credito;MIGUEL ANGEL VARGAS CAMPOS;coofinsa@hotmail.com;3
803;BOGOTÁ D.C.;BOGOTA, D.C.;SI;;;NO;2025-06-30;15286;06/30/2025 05:00:00 PM;JUNIO;2025;COOPERATIVA MULTIACTIVA DE SERVICIOS INTEGRALES PARA LAS ENTIDADES DE LAS FUERZAS MILITARES;COOPFURMIL;900-862-699-0;Multiactiva sin seccion de ahorro;BOGOTÁ, D.C.;BOGOTÁ, D.C.;AVENIDA JIMENEZ 8A 49;;99;Otras actividades;JAIME JESUS DEL CASTILLO GIRON;coopfurmil@hotmail.com;3
804;BOGOTÁ D.C.;BOGOTA, D.C.;SI;;;NO;2021-12-31;13451;12/31/2021 05:00:00 PM;DICIEMBRE;2021;COOPERATIVA MULTIACTIVA DE SERVICIOS INTEGRALES PARA UN MEJOR FUTURO;COOPSERFUTURO;900-441-710-8;Multiactiva sin seccion de ahorro;BOGOTÁ, D.C.;BOGOTÁ, D.C.;CRA 54 # 43 SUR -11;9317528;24;Servicios de credito;LILIA ESPERANZA JIMENEZ RODRIGUEZ;coopserfuturo@yahoo.es;3
805;BOGOTÁ D.C.;BOGOTA, D.C.;SI;;;NO;2019-06-30;12419;06/30/2019 05:00:00 PM;JUNIO;2019;COOPERATIVA MULTIACTIVA DE SERVICIOS INTEGRALES Y BIENESTAR SOCIAL;COOPNESMAT;900-271-386-4;Multiactiva sin seccion de ahorro;BOGOTÁ, D.C.;BOGOTÁ, D.C.;KR 7 12 B 65 OF 204;3428126;99;Otras actividades;NESTOR FABIO AGUIRRE OSPINA;cooperativanesmat@hotmail.com;3
806;BOGOTÁ D.C.;BOGOTA, D.C.;SI;;;NO;2018-12-31;13008;12/31/2018 05:00:00 PM;DICIEMBRE;2018;COOPERATIVA MULTIACTIVA DE SERVICIOS INTEGRALES Y FAMILIARES;COOSERFAM;900-132-775-0;Multiactiva sin seccion de ahorro;BOGOTÁ, D.C.;BOGOTÁ, D.C.;CARRERA 9 NO. 17-24 OFICINA 501;2862402;99;Otras actividades;NIDIA AMPARO GARZON GALVIS;info@cooserfam.com;3
807;BOGOTÁ D.C.;BOGOTA, D.C.;SI;;;NO;2020-12-31;13005;12/31/2020 05:00:00 PM;DICIEMBRE;2020;COOPERATIVA MULTIACTIVA DE SERVICIOS INTEGRALES YUMA;COOPYUMA;900-391-024-8;Multiactiva sin seccion de ahorro;BOGOTÁ, D.C.;BOGOTÁ, D.C.;CL 30 A 6 22 OF 902;7438180;24;Servicios de credito;CARLOS MAURICIO JIMENEZ GARCIA;info@comfuturo.com.co;3
808;BOGOTÁ D.C.;BOGOTA, D.C.;SI;;;NO;2021-12-31;13009;12/31/2021 05:00:00 PM;DICIEMBRE;2021;COOPERATIVA MULTIACTIVA DE SERVICIOS LATINA;COOPLATINA;900-355-450-1;Multiactiva sin seccion de ahorro;BOGOTÁ, D.C.;BOGOTÁ, D.C.;KR 7 12B 63 OF 205;7420619;99;Otras actividades;BERNABE BARRAGAN RODRIGUEZ;administracion@cooplatina.com;3
809;BOGOTÁ D.C.;BOGOTA, D.C.;SI;;;NO;2017-12-31;13018;12/31/2017 05:00:00 PM;DICIEMBRE;2017;COOPERATIVA MULTIACTIVA DE SERVICIOS METROCOOP;METROCOOP;900-397-690-0;Multiactiva sin seccion de ahorro;BOGOTÁ, D.C.;BOGOTÁ, D.C.;CR 13 98 70 OF 402;6348801;24;Servicios de credito;DIANA MARIA GUTIERREZ URIBE;metrocoop.info@gmail.com;3
810;BOGOTÁ D.C.;BOGOTA, D.C.;SI;;;NO;2017-06-30;13477;06/30/2017 05:00:00 PM;JUNIO;2017;COOPERATIVA MULTIACTIVA DE SERVICIOS MONSERRAT;COOPMONSERRAT;900-441-461-9;Multiactiva sin seccion de ahorro;BOGOTÁ, D.C.;BOGOTÁ, D.C.;Carrera 28 86 55 Interior 2 204;3871734;99;Otras actividades;NEIDER ESPERANZA DUARTE BERNAL;coopmonserrat2012@hotmail.com;3
811;BOGOTÁ D.C.;BOGOTA, D.C.;SI;;;NO;2021-12-31;15706;12/31/2021 05:00:00 PM;DICIEMBRE;2021;COOPERATIVA MULTIACTIVA DE SERVICIOS PARA EL CRECIMIENTO;COOPCRECER MAS;901-395-974-1;Multiactiva sin seccion de ahorro;BOGOTÁ, D.C.;BOGOTÁ, D.C.;CL 12B 6 84 OF 804;;24;Servicios de credito;;infocoopcrecer@gmail.com;3
812;BOGOTÁ D.C.;BOGOTA, D.C.;SI;;;NO;2019-12-31;13186;12/31/2019 05:00:00 PM;DICIEMBRE;2019;COOPERATIVA MULTIACTIVA DE SERVICIOS PARA EL PERSONAL MINISTERIAL;COOPSERMIN;900-450-776-1;Multiactiva sin seccion de ahorro;BOGOTÁ, D.C.;BOGOTÁ, D.C.;CR 8D 106 18;3739355;99;Otras actividades;LUIS ALBERTO BENAVIDES GARCIA;coopsermin@gmail.com;3
813;BOGOTÁ D.C.;BOGOTA, D.C.;SI;;;NO;2017-12-31;11689;12/31/2017 05:00:00 PM;DICIEMBRE;2017;COOPERATIVA MULTIACTIVA DE SERVICIOS PARA EL PROGRESO Y LA CULTURA;COOPROCULTURA;900-170-029-6;Multiactiva sin seccion de ahorro;BOGOTÁ, D.C.;BOGOTÁ, D.C.;CL 12B NO. 8 23 OF 315;2817779;99;Otras actividades;LUIS SALCEDO;salcedoysalcedo323@yahoo.es;3
814;BOGOTÁ D.C.;BOGOTA, D.C.;SI;;;NO;2023-12-31;8971;12/31/2023 05:00:00 PM;DICIEMBRE;2023;COOPERATIVA MULTIACTIVA DE SERVICIOS PARA PENSIONADOS Y FUERZA PUBLICA;COOPMULPENS;830-144-280-5;Multiactiva sin seccion de ahorro;BOGOTÁ, D.C.;BOGOTÁ, D.C.;CL 19 4 20 OF 504;2867746;24;Servicios de credito;FLOR MARINA CONTRERAS NIEL;coopmulpens@hotmail.com;3
815;BOGOTÁ D.C.;BOGOTA, D.C.;SI;;;NO;2020-12-31;11745;12/31/2020 05:00:00 PM;DICIEMBRE;2020;COOPERATIVA MULTIACTIVA DE SERVICIOS PROVERCOOP;PROVERCOOP;900-227-660-1;Multiactiva sin seccion de ahorro;BOGOTÁ, D.C.;BOGOTÁ, D.C.;KR 6 NO 116 52;;99;Otras actividades;JUAN FERNANDO NOVOA ARANGO;provercop@gmail.com;3
816;BOGOTÁ D.C.;BOGOTA, D.C.;SI;;;NO;2021-12-31;5879;12/31/2021 05:00:00 PM;DICIEMBRE;2021;COOPERATIVA MULTIACTIVA DE SERVICIOS SISTEMATIZADOS;COOPSYSTEM;800-218-326-5;Multiactiva sin seccion de ahorro;BOGOTÁ, D.C.;BOGOTÁ, D.C.;CR 13 38 47;3406508;99;Otras actividades;SANDRA BARON;coopsystem1@hotmail.com;3
817;BOGOTÁ D.C.;BOGOTA, D.C.;SI;;;NO;2025-06-30;13484;06/30/2025 05:00:00 PM;JUNIO;2025;COOPERATIVA MULTIACTIVA DE SERVICIOS SOCIALES Y JURIDICOS;COOPMUJUR S.C;900-463-345-7;Multiactiva sin seccion de ahorro;BOGOTÁ, D.C.;BOGOTÁ, D.C.;AV JIMENEZ 8 A 49;2606539;99;Otras actividades;fernando medina Lopez;coopmujur@gmail.com;3
818;BOGOTÁ D.C.;BOGOTA, D.C.;SI;;;NO;2023-06-30;13682;06/30/2023 05:00:00 PM;JUNIO;2023;COOPERATIVA MULTIACTIVA DE SERVICIOS SOCIALES Y SOLIDARIOS;COOPSERSOCIAL;900-459-715-3;Multiactiva sin seccion de ahorro;BOGOTÁ, D.C.;BOGOTÁ, D.C.;CLLE 17 8 -90;2841556;24;Servicios de credito;CAMILO ANDES OCHOA DUARTE;gerenciasuporvenir@yahoo.comm;3
819;BOGOTÁ D.C.;BOGOTA, D.C.;SI;;;NO;2017-12-31;8778;12/31/2017 05:00:00 PM;DICIEMBRE;2017;COOPERATIVA MULTIACTIVA DE SERVICIOS SOLIDARIOS;COPISOLIDARIOS;830-133-707-0;Multiactiva sin seccion de ahorro;BOGOTÁ, D.C.;BOGOTÁ, D.C.;Carrera 10 Nro.16 39;3369120;99;Otras actividades;MARIA ESTHER PERDOMO VALDERRAMA;coopisolidarios@hotmail.com;3
820;BOGOTÁ D.C.;BOGOTA, D.C.;SI;;;NO;2020-12-31;13738;12/31/2020 05:00:00 PM;DICIEMBRE;2020;COOPERATIVA MULTIACTIVA DE SERVICIOS Y CREDITOS A MILITARES Y CIVILES;COOPSERMIL;900-437-932-0;Multiactiva sin seccion de ahorro;BOGOTÁ, D.C.;BOGOTÁ, D.C.;CALLE 56F SUR 72B 60;;99;Otras actividades;KAREN RODRIGUEZ GONZALEZ;coopsermil2013@hotmail.com;3
821;BOGOTÁ D.C.;BOGOTA, D.C.;SI;;;NO;2021-06-30;12470;06/30/2021 05:00:00 PM;JUNIO;2021;COOPERATIVA MULTIACTIVA DE SERVICIOS Y CREDITOS ALIANZA, COOPALIANZA;COOPALIANZA;900-163-827-8;Multiactiva sin seccion de ahorro;BOGOTÁ, D.C.;BOGOTÁ, D.C.;CRA 9 N 17 24 OFC 504;3138054;24;Servicios de credito;JOSE LIZARDO MONTEALEGRE AVILA;coopalianza2009@gmail.com;3
822;BOGOTÁ D.C.;BOGOTA, D.C.;SI;;;NO;2023-12-31;15354;12/31/2023 05:00:00 PM;DICIEMBRE;2023;COOPERATIVA MULTIACTIVA DE SERVICIOS Y SOLUCIONES PARA EL DESARROLLO INTEGRAL;COSERVINTEGRAL;901-140-387-3;Multiactiva sin seccion de ahorro;BOGOTÁ, D.C.;BOGOTÁ, D.C.;CL 35A SUR 78 15;;99;Otras actividades;;coservintegral@gmail.com;3
823;BOGOTÁ D.C.;BOGOTA, D.C.;SI;;;NO;2017-12-31;15158;12/31/2017 05:00:00 PM;DICIEMBRE;2017;COOPERATIVA MULTIACTIVA DE TODO;COOPDETODO;900-898-909-8;Cooperativas de trabajo asociado;BOGOTÁ, D.C.;BOGOTÁ, D.C.;CRA 12 17 14 P4;2828243;99;Otras actividades;REMBERTO FERNANDEZ SALGADO;coopdetodo@hotmail.com;3
824;BOGOTÁ D.C.;BOGOTA, D.C.;SI;;;NO;2024-12-31;909;12/31/2024 12:00:00 AM;DICIEMBRE;2024;COOPERATIVA MULTIACTIVA DE TRABAJADORES DE BAVARIA;COOTRABAVARIA LTDA;800-020-301-1;Multiactiva sin seccion de ahorro;BOGOTÁ, D.C.;BOGOTÁ, D.C.;KR 10 NA? 16-39 OF 1012;2827480;24;Servicios de credito;MARIA CRISTINA ARENAS VALENCIA;gerencia@cootrabavaria.com.co;3
825;BOGOTÁ D.C.;BOGOTA, D.C.;SI;;;NO;2017-12-31;12260;12/31/2017 05:00:00 PM;DICIEMBRE;2017;COOPERATIVA MULTIACTIVA DE TRABAJADORES DE IDEN CORP SAS;COOPINCORP;900-306-685-4;Cooperativas de trabajo asociado;BOGOTÁ, D.C.;BOGOTÁ, D.C.;CALLE 33A # 18 16;3116487;9;Educacion;MARIA NIYIRETH NAVARRO DIAZ;niyi_33@hotmail.com;3
826;BOYACÁ;DUITAMA;SI;;;NO;2019-12-31;2268;12/31/2019 05:00:00 PM;DICIEMBRE;2019;COOPERATIVA MULTIACTIVA DE TRABAJADORES INDEPENDIENTES AVANZAR;COOAVANZAR;891-855-019-1;Multiactiva sin seccion de ahorro;BOYACÁ;DUITAMA;TRANSVERSAL 19 25 23 P4;;99;Otras actividades;MAURICIO ALVAREZ CASTRO;cooavanzarduitama@yahoo.com;3
827;BOGOTÁ D.C.;BOGOTA, D.C.;SI;;;NO;2024-12-31;287;12/31/2024 12:00:00 AM;DICIEMBRE;2024;COOPERATIVA MULTIACTIVA DE TRABAJADORES VINCULADOS A LA INDUSTRIA DE GASES, PROVEEDORES Y CONTRATISTAS;COOGASES;860-025-829-7;Multiactiva sin seccion de ahorro;BOGOTÁ, D.C.;BOGOTÁ, D.C.;CRA 67 A NO. 10 - 16 PISO 1;7020580;24;Servicios de credito;MARITZA AZUCENA HERRERA PARRA;coogases@coogases.com;3
828;BOYACÁ;TUNJA;SI;;;NO;2018-12-31;2261;12/31/2018 05:00:00 PM;DICIEMBRE;2018;COOPERATIVA MULTIACTIVA DE TRABAJADORESDEL HOSPITAL SAN RAFAEL TUNJA;MULTICOOP;891-900-006-9;Integral sin seccion de ahorro;BOYACÁ;TUNJA;CR 2B ESTE  13 - 26;7442269;99;Otras actividades;ADRIANA ESPERANZA VANEGAS GONZALEZ;cooperar1976@hotmail.com;3
829;BOGOTÁ D.C.;BOGOTA, D.C.;SI;;;NO;2023-12-31;15981;12/31/2023 05:00:00 PM;DICIEMBRE;2023;COOPERATIVA MULTIACTIVA DE UNIDAD Y DESARROLLO;UNIDAD MULTIACTIVA;901-487-000-9;Multiactiva sin seccion de ahorro;BOGOTÁ, D.C.;BOGOTÁ, D.C.;CALLE 92A SUR # 14J 27 VILLAS DE CAFAM;;99;Otras actividades;;cunidadmultiactiva2gerente@gmail.com;3
830;BOGOTÁ D.C.;BOGOTA, D.C.;SI;;;NO;2021-06-30;12304;06/30/2021 05:00:00 PM;JUNIO;2021;COOPERATIVA MULTIACTIVA DE  VALOR Y APOYO AL CREDITO FAMILIAR;COOPVALORA;900-295-528-7;Multiactiva sin seccion de ahorro;BOGOTÁ, D.C.;BOGOTÁ, D.C.;AVENIDA CARRERA 45 93 24;6220848;24;Servicios de credito;JOSE ALEJANDRO JUYAR OLAYA;alejuyar@gmail.com;3
831;BOGOTÁ D.C.;BOGOTA, D.C.;SI;;;NO;2019-06-30;13765;06/30/2019 05:00:00 PM;JUNIO;2019;COOPERATIVA MULTIACTIVA DE VETERANOS RETIRADOS Y PENSIONADOS DE LA FUERZA PUBLICA;COOVETERANOS;800-191-469-0;Multiactiva sin seccion de ahorro;BOGOTÁ, D.C.;BOGOTÁ, D.C.;CRA 7 12 B 58 OF 904;3360569;99;Otras actividades;JUAN JAMES VALENCIA GOMEZ;coopveteranos@gmail.com;3
832;BOYACÁ;VILLA DE LEYVA;SI;;;NO;2024-12-31;4272;12/31/2024 12:00:00 AM;DICIEMBRE;2024;COOPERATIVA MULTIACTIVA DE VILLA DE LEYVA LTDA;COOPVILLA LTDA;800-097-125-0;Multiactiva sin seccion de ahorro;BOYACÁ;VILLA DE LEYVA;CRA 8 7A 50;;11;Transporte;MARLON DARIO PRIETO CORTES;marlontres@hotmail.com;3
833;BOGOTÁ D.C.;BOGOTA, D.C.;SI;;;NO;2024-12-31;179;12/31/2024 12:00:00 AM;DICIEMBRE;2024;COOPERATIVA MULTIACTIVA DE VIVIENDA LA LIBERTAD LTDA.;COOPLIBERTAD;860-031-942-6;Multiactiva sin seccion de ahorro;BOGOTÁ, D.C.;BOGOTÁ, D.C.;CLL 185 11 06;6782089;11;Transporte;MARIA ESNED GAMBOA REYES;gerencia@cooplibertad.com;3
834;BOYACÁ;ZETAQUIRA;SI;;;NO;2018-12-31;15468;12/31/2018 05:00:00 PM;DICIEMBRE;2018;COOPERATIVA MULTIACTIVA DE ZETAQUIRA COOPMULPROQUIRA;COOPMULPROQUIRA;900-670-617-2;Multiactiva sin seccion de ahorro;BOYACÁ;ZETAQUIRA;VEREDA LA ESPERANZA SECTOE CASA DE LATA;;4;Agricola;EDILSON CAMARGO DAZA;coopmulproquira@gmail.com;3
835;BOGOTÁ D.C.;BOGOTA, D.C.;SI;;;NO;2018-12-31;4253;12/31/2018 05:00:00 PM;DICIEMBRE;2018;COOPERATIVA MULTIACTIVA DEL CENTRO INTERNACIONAL DE LA UNION LTDA;COOPICIDLUN;860-079-602-4;Multiactiva sin seccion de ahorro;BOGOTÁ, D.C.;BOGOTÁ, D.C.;KR 65 8 80;2624132;20;Inmobiliarias y de alquiler;JULIA DEL CARMEN ARIZA URREGO;coopicidlun@gmail.com;3
836;BOGOTÁ D.C.;BOGOTA, D.C.;SI;;;NO;2023-12-31;171;12/31/2023 05:00:00 PM;DICIEMBRE;2023;COOPERATIVA MULTIACTIVA DEL DISTRITO CAPITAL;COOPCAPITAL;860-532-377-4;Especializada sin seccion de ahorro;BOGOTÁ, D.C.;BOGOTÁ, D.C.;CR 5 15 21 OFC 703;3423554;24;Servicios de credito;MARIA ROCIO SANCHEZ CASTILLO;coopcapital85@gmail.com;3
837;BOGOTÁ D.C.;BOGOTA, D.C.;SI;;;NO;2020-12-31;1062;12/31/2020 05:00:00 PM;DICIEMBRE;2020;COOPERATIVA MULTIACTIVA DISTRIBUCIONES ELECTROHOGAR;COODISHOGAR;800-140-575-5;Multiactiva sin seccion de ahorro;BOGOTÁ, D.C.;BOGOTÁ, D.C.;CLL 25A 32 54;2694774;24;Servicios de credito;WILLIAM LOPEZ RUIZ;novedades@coodishogar.com.co;3
838;BOGOTÁ D.C.;BOGOTA, D.C.;SI;;;NO;2019-12-31;13210;12/31/2019 05:00:00 PM;DICIEMBRE;2019;COOPERATIVA MULTIACTIVA ECO BOSCO;ECO BOSCO;900-133-109-1;Multiactiva sin seccion de ahorro;BOGOTÁ, D.C.;BOGOTÁ, D.C.;DG 5A 73C-62;2935010;99;Otras actividades;SANDRA PATRICIA TOCARRUNCHO;contabilidadecob@hotmail.com;3
839;BOGOTÁ D.C.;BOGOTA, D.C.;SI;;;NO;2019-12-31;12411;12/31/2019 05:00:00 PM;DICIEMBRE;2019;COOPERATIVA MULTIACTIVA EL DORADO;COOPMULDORADO;900-255-788-4;Multiactiva sin seccion de ahorro;BOGOTÁ, D.C.;BOGOTÁ, D.C.;CL 19C  32 90 PISO 2;;99;Otras actividades;RICARDO ENRIQUE CAMARGO MOLINA;coopmuldorado@gmail.com;3
840;BOGOTÁ D.C.;BOGOTA, D.C.;SI;;;NO;2023-12-31;16442;12/31/2023 05:00:00 PM;DICIEMBRE;2023;COOPERATIVA MULTIACTIVA  EL NIDO USME EMPRENDE;COOMUNIDO;901-498-966-5;Multiactiva sin seccion de ahorro;BOGOTÁ, D.C.;BOGOTÁ, D.C.;CAR 3E N 34 56;3122343;99;Otras actividades;LIDIA LUCERO FLOREZ CASTELLANOS;lidiaflorez@gmail.com;3
841;BOGOTÁ D.C.;BOGOTA, D.C.;SI;;;NO;2017-12-31;12974;12/31/2017 05:00:00 PM;DICIEMBRE;2017;COOPERATIVA MULTIACTIVA ESMERALDA COOPESMERALDA;COOPESMERALDA;900-411-340-8;Multiactiva sin seccion de ahorro;BOGOTÁ, D.C.;BOGOTÁ, D.C.;Carrera 8 Nro.16-51;2831479;24;Servicios de credito;JAIRO ANTONIO SOLER NI?O;coopesmeralda@hotmail.com;3
842;BOGOTÁ D.C.;BOGOTA, D.C.;SI;;;SI;2025-12-31;20077;12/31/2025 05:00:00 PM;DICIEMBRE;2025;COOPERATIVA MULTIACTIVA FACILIDAT;;902-006-236-0;Multiactiva sin seccion de ahorro;BOGOTÁ, D.C.;BOGOTÁ, D.C.;CR 8 NO. 16 88 OF 807;;12;Consumo (comercio);;contactenos@facilidatcm.com;3
843;BOGOTÁ D.C.;BOGOTA, D.C.;SI;;;NO;2024-12-31;16404;12/31/2024 12:00:00 AM;DICIEMBRE;2024;COOPERATIVA MULTIACTIVA FONDO DE ASOCIADOS CONSTRUYENDO PAIS;COMFACOP;901-330-937-1;Multiactiva sin seccion de ahorro;BOGOTÁ, D.C.;BOGOTÁ, D.C.;CL 78 50 17;;4;Agricola;ISAAC ARIAS ARIAS;isaac3844@outlook.com;3
844;BOGOTÁ D.C.;BOGOTA, D.C.;SI;;;NO;2020-12-31;13829;12/31/2020 05:00:00 PM;DICIEMBRE;2020;COOPERATIVA MULTIACTIVA FORMANDO HOGAR Y PAIS;COOPMULTIHOGAR R C;900-648-307-2;Multiactiva sin seccion de ahorro;BOGOTÁ, D.C.;BOGOTÁ, D.C.;CRA 1 ESTE NO 12D 10;;99;Otras actividades;YINA MARITZA PARRA LASSO;coopmultihogarr.60@gmail.com;3
845;BOGOTÁ D.C.;BOGOTA, D.C.;SI;;;NO;2018-12-31;13645;12/31/2018 05:00:00 PM;DICIEMBRE;2018;COOPERATIVA MULTIACTIVA GESTICOOP;GESTICOOP;900-594-893-3;Multiactiva sin seccion de ahorro;BOGOTÁ, D.C.;BOGOTÁ, D.C.;AC 80 NA? 22-37;2100759;99;Otras actividades;FREDDY ALEJANDRO RAMOS ESTEPA;gesti_coop@yahoo.com;3
846;BOGOTÁ D.C.;BOGOTA, D.C.;SI;;;NO;2021-06-30;15549;06/30/2021 05:00:00 PM;JUNIO;2021;COOPERATIVA MULTIACTIVA GESTION DE ACCION Y PROGRESO;GESPROCOOP;901-258-848-5;Multiactiva sin seccion de ahorro;BOGOTÁ, D.C.;BOGOTÁ, D.C.;CALLE 59 # 13-52 OFICINA 304 2;;99;Otras actividades;;gesprocoop@gmail.com;3
847;BOGOTÁ D.C.;BOGOTA, D.C.;SI;;;NO;2023-06-30;15022;06/30/2023 05:00:00 PM;JUNIO;2023;COOPERATIVA MULTIACTIVA GESTIONAMOS;COOPGESTIONAMOS;900-786-192-3;Multiactiva sin seccion de ahorro;BOGOTÁ, D.C.;BOGOTÁ, D.C.;CALLE 67G # 65A 95;6608908;24;Servicios de credito;MIGUEL GIOVANNY JIMENEZ GARCIA;coopgestionamos@gmail.com;3
848;BOGOTÁ D.C.;BOGOTA, D.C.;SI;;;NO;2024-12-31;15819;12/31/2024 12:00:00 AM;DICIEMBRE;2024;COOPERATIVA MULTIACTIVA ICHIBZA;ICHIBZA;901-430-117-6;Multiactiva sin seccion de ahorro;BOGOTÁ, D.C.;BOGOTÁ, D.C.;CALLE 44 # 57A 82;3452966;99;Otras actividades;JENNY CORREAL BERNAL;coopichibza@gmail.com;3
849;BOGOTÁ D.C.;BOGOTA, D.C.;SI;;;NO;2022-12-31;10895;12/31/2022 05:00:00 PM;DICIEMBRE;2022;COOPERATIVA MULTIACTIVA INTEGRAL DE SERVICIOS PARA LA FUERZA PUBLICA Y PENSIONADOS DEL ESTADO;COOPMINDER;900-120-681-5;Integral sin seccion de ahorro;BOGOTÁ, D.C.;BOGOTÁ, D.C.;CRA 10 NO. 18-36 OF 605;;99;Otras actividades;HUMBERTO LOPEZ CASTELLANOS;coodminderltda@hotmail.com;3
850;BOGOTÁ D.C.;BOGOTA, D.C.;SI;;;NO;2024-12-31;16608;12/31/2024 12:00:00 AM;DICIEMBRE;2024;COOPERATIVA  MULTIACTIVA  INTEGRAL POR LA VIDA;COOPORVIDA;901-860-063-1;;BOGOTÁ, D.C.;BOGOTÁ, D.C.;CL 22 C NO. 29 A 32 AP 104 MZ A;6012687;99;Otras actividades;FELIX GUILLERMO TORRES RAMIREZ;cooporvida@gmail.com;3
851;BOGOTÁ D.C.;BOGOTA, D.C.;SI;;;NO;2019-06-30;6771;06/30/2019 05:00:00 PM;JUNIO;2019;COOPERATIVA MULTIACTIVA ISMAEL PERDOMO LTDA;COOVIPER;860-400-512-6;Multiactiva sin seccion de ahorro;BOGOTÁ, D.C.;BOGOTÁ, D.C.;CALLE 63 B UR 73 D 54;2083362;99;Otras actividades;ADALI CABEZAS MORENO;coopmisperltda@hotmail.com;3
852;BOGOTÁ D.C.;BOGOTA, D.C.;SI;;;NO;2024-12-31;16615;12/31/2024 12:00:00 AM;DICIEMBRE;2024;COOPERATIVA MULTIACTIVA KOLPING DE COLOMBIA;KOLPINGCOOP;901-802-675-1;Multiactiva sin seccion de ahorro;BOGOTÁ, D.C.;BOGOTÁ, D.C.;CR 16 # 35 41;;99;Otras actividades;DINA JOHANNA LIEVANO MORENO;cooperativa@kolpingfund.org;3
853;BOGOTÁ D.C.;BOGOTA, D.C.;SI;;;NO;2018-12-31;12852;12/31/2018 05:00:00 PM;DICIEMBRE;2018;COOPERATIVA MULTIACTIVA LIDERCOOP;LIDERCOOP;900-253-067-3;Multiactiva sin seccion de ahorro;BOGOTÁ, D.C.;BOGOTÁ, D.C.;CALLE 151 NO 18 A 34 OF 502;4672141;99;Otras actividades;JUDITH VELANDIA VARGAS;info@lidercoop.net;3
854;BOGOTÁ D.C.;BOGOTA, D.C.;SI;;;NO;2024-12-31;6352;12/31/2024 12:00:00 AM;DICIEMBRE;2024;COOPERATIVA MULTIACTIVA LIMITADA GRANSOCIAL;GRANSOCIAL LTDA.;830-052-402-1;Multiactiva sin seccion de ahorro;BOGOTÁ, D.C.;BOGOTÁ, D.C.;CL 12B 6 58 LC 204;3788226;24;Servicios de credito;DARIO ALEXANDER PINZON AYALA;informacion@gransocial.com;3
855;BOGOTÁ D.C.;BOGOTA, D.C.;SI;;;NO;2019-06-30;13481;06/30/2019 05:00:00 PM;JUNIO;2019;COOPERATIVA MULTIACTIVA MANOS DE PROGRESO NACIONAL;PROGRE COOP;900-392-972-1;Multiactiva sin seccion de ahorro;BOGOTÁ, D.C.;BOGOTÁ, D.C.;CR 6 12C  48  OF 210;4718274;24;Servicios de credito;DIANA ANGELICA BARRERA BARRERA;progrecoop@gmail.com;3
856;BOGOTÁ D.C.;BOGOTA, D.C.;SI;;;NO;2021-12-31;15595;12/31/2021 05:00:00 PM;DICIEMBRE;2021;COOPERATIVA MULTIACTIVA MIR DE COLOMBIA;COOP-MIR;900-980-838-3;Multiactiva sin seccion de ahorro;BOGOTÁ, D.C.;BOGOTÁ, D.C.;CL 25G NO 73A 05;7557461;99;Otras actividades;ASTRID CASTELBLANCO PARADA;direccionmir@gmail.com;3
857;BOGOTÁ D.C.;BOGOTA, D.C.;SI;;;NO;2019-06-30;1181;06/30/2019 05:00:00 PM;JUNIO;2019;COOPERATIVA MULTIACTIVA MODERNA;COOMODERNA LTDA;800-079-792-7;Multiactiva sin seccion de ahorro;BOGOTÁ, D.C.;BOGOTÁ, D.C.;CRA 69 M 70 64;9240273;24;Servicios de credito;EDNA BARBOSA LEGUIZAMON;coomoderna@psicoherramientas.com;3
858;BOGOTÁ D.C.;BOGOTA, D.C.;SI;;;NO;2024-06-30;16553;06/30/2024 12:00:00 AM;JUNIO;2024;COOPERATIVA MULTIACTIVA MUJER LIDER - ESMERALDAS DE COLOMBIA;COOPMESCOL;901-572-219-8;Multiactiva sin seccion de ahorro;BOGOTÁ, D.C.;BOGOTÁ, D.C.;CARRERA 7 12 B 63 ED SAN PABLO OF 808;;99;Otras actividades;NELDA CONSTANZA VILLAMIL DELGADILLO;comujerliderescol@outlook.com;3
859;BOGOTÁ D.C.;BOGOTA, D.C.;SI;;;NO;2022-12-31;5629;12/31/2022 05:00:00 PM;DICIEMBRE;2022;COOPERATIVA MULTIACTIVA NACER;COOPNACER;830-102-897-9;Multiactiva sin seccion de ahorro;BOGOTÁ, D.C.;BOGOTÁ, D.C.;CRA 64 A NO 4 B 67;7560484;24;Servicios de credito;MARIA CORREA SANCHEZ;coopnacer@yahoo.com;3
860;BOGOTÁ D.C.;BOGOTA, D.C.;SI;;;NO;2019-12-31;12404;12/31/2019 05:00:00 PM;DICIEMBRE;2019;COOPERATIVA MULTIACTIVA NACIOAL DE SERVICIOS COOPERATIVOS;NASERCOOP;900-282-627-1;Multiactiva sin seccion de ahorro;BOGOTÁ, D.C.;BOGOTÁ, D.C.;CALLE 12 N 7 -32 OFICINA 1106;7552563;24;Servicios de credito;CARLOS ENRIQUE RODRIGUEZ JARA;nasecoop@hotmail.com;3
861;BOGOTÁ D.C.;BOGOTA, D.C.;SI;;;NO;2017-12-31;12955;12/31/2017 05:00:00 PM;DICIEMBRE;2017;COOPERATIVA MULTIACTIVA NACIONAL;CREDICONVENIOS;900-381-502-4;Multiactiva sin seccion de ahorro;BOGOTÁ, D.C.;BOGOTÁ, D.C.;CARRERA 1ESTE #70-45;6098975;99;Otras actividades;CARMEN ALICIA FLOREZ DE LA ROTTA;crediconvenios2011@hotmail.com;3
862;BOGOTÁ D.C.;BOGOTA, D.C.;SI;;;NO;2018-12-31;13148;12/31/2018 05:00:00 PM;DICIEMBRE;2018;COOPERATIVA MULTIACTIVA NACIONAL PARA EL BIENESTAR SOCIAL E INTEGRAL;COOMULSOI;900-477-242-8;Multiactiva sin seccion de ahorro;BOGOTÁ, D.C.;BOGOTÁ, D.C.;CRA 13 NO 32 74;4327131;24;Servicios de credito;MARIA EUGENIA MATEUS SANDOVAL;coomulsoi@hotmail.com;3
863;BOGOTÁ D.C.;BOGOTA, D.C.;SI;;;NO;2017-06-30;12192;06/30/2017 05:00:00 PM;JUNIO;2017;COOPERATIVA MULTIACTIVA PARA EL DESARROLLO COOFIDE;COOFIDE;900-319-583-8;Multiactiva sin seccion de ahorro;BOGOTÁ, D.C.;BOGOTÁ, D.C.;Calle 53 B Nro.27 24 Oficina 301;3129307;99;Otras actividades;HUGO CASTIBLANCO MARIN;coofide@hotmail.com;3
864;BOGOTÁ D.C.;BOGOTA, D.C.;SI;;;NO;2023-06-30;12233;06/30/2023 05:00:00 PM;JUNIO;2023;COOPERATIVA MULTIACTIVA PARA EL DESARROLLO HUMANO Y SOLIDARIO;COOMULDESARROLLO;900-275-265-1;Multiactiva sin seccion de ahorro;BOGOTÁ, D.C.;BOGOTÁ, D.C.;CALLE 12  N 7-32 OF 1106;7552563;24;Servicios de credito;FABIAN ENRIQUE RODRIGUEZ JARA;gerencia@coomuldesarrollo.org;3
865;BOGOTÁ D.C.;BOGOTA, D.C.;SI;;;NO;2019-12-31;13485;12/31/2019 05:00:00 PM;DICIEMBRE;2019;COOPERATIVA MULTIACTIVA PARA LA SOBERANIA Y SEGURIDAD ALIMENTARIA DE COLOMBIA;COOPSSACOL;900-561-883-8;Multiactiva sin seccion de ahorro;BOGOTÁ, D.C.;BOGOTÁ, D.C.;CL 80 2 51;4537188;12;Consumo (comercio);LUIS ALBREDO ROBAYO GUIO;coopssacol@hotmail.com;3
866;BOGOTÁ D.C.;BOGOTA, D.C.;SI;;;NO;2017-06-30;13204;06/30/2017 05:00:00 PM;JUNIO;2017;COOPERATIVA MULTIACTIVA PARA PERSONAS DISCAPACITADAS FISICAS DE LAS FUERZAS MILITARES POLICIA NACIONAL COLOMBIA MIA UN NUEVO HORIZONTE;COOPCOLOMBIAMIA;900-424-639-0;Multiactiva sin seccion de ahorro;BOGOTÁ, D.C.;BOGOTÁ, D.C.;Carrera 85 B 25F15;5167012;99;Otras actividades;JOHANNA ALEXANDRA HERNANDEZ BEJARANO;info@coopcolombiamia.com;3
867;BOGOTÁ D.C.;BOGOTA, D.C.;SI;;;NO;2021-12-31;12323;12/31/2021 05:00:00 PM;DICIEMBRE;2021;COOPERATIVA MULTIACTIVA PRESTADORA DE SERVICOS;COMULSERVICIOS;900-275-219-0;Multiactiva sin seccion de ahorro;BOGOTÁ, D.C.;BOGOTÁ, D.C.;CALLE 19 4 20;;99;Otras actividades;LUIS ANTONIO ROJAS NIEVES;infocomulservicios@gmai.com;3
868;BOYACÁ;JERICO;SI;;;NO;2019-06-30;6881;06/30/2019 05:00:00 PM;JUNIO;2019;COOPERATIVA MULTIACTIVA PRODUCTORES DE ALFALFA;COOMPROALFA;826-000-311-2;Multiactiva sin seccion de ahorro;BOYACÁ;JERICÓ;CENTRO POBLADO SAN JOSE DE CHEVA;;4;Agricola;ALVARO AVENDA?O GONZALEZ;chevacoomproalfa@hotmail.com;3
869;BOGOTÁ D.C.;BOGOTA, D.C.;SI;;;NO;2022-12-31;6408;12/31/2022 05:00:00 PM;DICIEMBRE;2022;COOPERATIVA MULTIACTIVA PROGRESO Y DESARROLLO CONCORD;CONCORDCOOP;830-051-596-7;Multiactiva sin seccion de ahorro;BOGOTÁ, D.C.;BOGOTÁ, D.C.;CLL 19 8 81;7560484;24;Servicios de credito;AMANDA CASTA??O MATALLANA;concordcoop@hotmail.com;3
870;BOGOTÁ D.C.;BOGOTA, D.C.;SI;;;NO;2022-12-31;15956;12/31/2022 05:00:00 PM;DICIEMBRE;2022;COOPERATIVA MULTIACTIVA PRONTOBOGOTA;COOPRONTOBOGOTA;901-502-983-8;Multiactiva sin seccion de ahorro;BOGOTÁ, D.C.;BOGOTÁ, D.C.;CR 13 63 90  OF 104 CC COSMOS 64;2356519;99;Otras actividades;MILENA GOMEZ CRUZ;prontosolucionesbogota@hotmail.com;3
871;BOGOTÁ D.C.;BOGOTA, D.C.;SI;;;NO;2020-06-30;15002;06/30/2020 05:00:00 PM;JUNIO;2020;COOPERATIVA MULTIACTIVA PROTEGIENDO COLOMBIA;COOPPOTECOL. J;900-423-822-8;Multiactiva sin seccion de ahorro;BOGOTÁ, D.C.;BOGOTÁ, D.C.;CALLE 44 A NO 55 18;7735715;99;Otras actividades;ANGELICA QUINTERO;coopprotecoljuridica@gmail.com;3
872;BOGOTÁ D.C.;BOGOTA, D.C.;SI;;;NO;2021-06-30;2045;06/30/2021 05:00:00 PM;JUNIO;2021;COOPERATIVA MULTIACTIVA PROVIDA;-sin-;800-146-920-0;Multiactiva sin seccion de ahorro;BOGOTÁ, D.C.;BOGOTÁ, D.C.;CL 125 19 89;7440719;24;Servicios de credito;NESTOR NARANJO PAREDES;ysgarciab@hotmail.com;3
873;BOGOTÁ D.C.;BOGOTA, D.C.;SI;;;NO;2019-06-30;12768;06/30/2019 05:00:00 PM;JUNIO;2019;COOPERATIVA MULTIACTIVA PROYECCION NACIONAL;PRONALCOOP;900-346-966-1;Multiactiva sin seccion de ahorro;BOGOTÁ, D.C.;BOGOTÁ, D.C.;CALLE 66 # 27 - 26;7563470;24;Servicios de credito;GERMAN RUIZ ZARATE;gruiz@pronalcoop.com.co;3
874;BOGOTÁ D.C.;BOGOTA, D.C.;SI;;;NO;2019-06-30;11706;06/30/2019 05:00:00 PM;JUNIO;2019;COOPERATIVA MULTIACTIVA PROYECTO LARES;;830-127-321-7;Multiactiva sin seccion de ahorro;BOGOTÁ, D.C.;BOGOTÁ, D.C.;CRA 73D N 48A 20;6149965;9;Educacion;MARIA CLAUDIA SALGADO PATERNINA;cmplproyectolares@hotmail.com;3
875;BOGOTÁ D.C.;BOGOTA, D.C.;SI;;;NO;2024-06-30;8810;06/30/2024 12:00:00 AM;JUNIO;2024;COOPERATIVA MULTIACTIVA PURIFICACION Y PRADO;COOPURIPRADO;830-144-905-1;Multiactiva sin seccion de ahorro;BOGOTÁ, D.C.;BOGOTÁ, D.C.;CLL 80 # 89A? # 40 LC 134;6277417;99;Otras actividades;RICARDO ERNESTO RODRIGUEZ DIAZ;gerencia@coopuriprado.com;3
876;BOGOTÁ D.C.;BOGOTA, D.C.;SI;;;NO;2018-12-31;9088;12/31/2018 05:00:00 PM;DICIEMBRE;2018;COOPERATIVA MULTIACTIVA RELEVOS O C;RELEVOS OC;830-108-412-8;Multiactiva sin seccion de ahorro;BOGOTÁ, D.C.;BOGOTÁ, D.C.;CALLE 174 8-30 TO 6 AP 101;5231765;24;Servicios de credito;GRACIELA INES SOLER VARGAS;relevosoc@gmail.com;3
877;BOGOTÁ D.C.;BOGOTA, D.C.;SI;;;NO;2025-06-30;3799;06/30/2025 05:00:00 PM;JUNIO;2025;COOPERATIVA MULTIACTIVA SADAM;COOPMULSADAM;860-054-578-7;Multiactiva sin seccion de ahorro;BOGOTÁ, D.C.;BOGOTÁ, D.C.;CL 19 SUR 51 14;2386167;12;Consumo (comercio);CESAR AUGUSTO PERDOMO MONCALEANO;coopmulsadam@hotmail.com;3
878;BOGOTÁ D.C.;BOGOTA, D.C.;SI;;;NO;2019-12-31;3784;12/31/2019 05:00:00 PM;DICIEMBRE;2019;COOPERATIVA MULTIACTIVA SELANDIA LTDA.;COOSELANDIA LTDA.;860-022-059-9;Multiactiva sin seccion de ahorro;BOGOTÁ, D.C.;BOGOTÁ, D.C.;CR 10 19 45 P 5;2820174;99;Otras actividades;PEDRO CASTELLANOS RODRIGUEZ;cooselandia@hotmail.com;3
879;BOGOTÁ D.C.;BOGOTA, D.C.;SI;;;NO;2024-06-30;16039;06/30/2024 12:00:00 AM;JUNIO;2024;COOPERATIVA MULTIACTIVA SERVIAVANCES COOPAVANCES;;901-593-626-2;Multiactiva sin seccion de ahorro;BOGOTÁ, D.C.;BOGOTÁ, D.C.;CLL 44 57A 82;;24;Servicios de credito;CLAUDIA PATRICIA DIAZ MORENO;coopserserviavances@gmail.com;3
880;BOGOTÁ D.C.;BOGOTA, D.C.;SI;;;NO;2024-12-31;16638;12/31/2024 12:00:00 AM;DICIEMBRE;2024;COOPERATIVA MULTIACTIVA SILVER DE COLOMBIA;COOPSILVER;901-798-493-0;Multiactiva sin seccion de ahorro;BOGOTÁ, D.C.;BOGOTÁ, D.C.;CRA 10 64-44 P2;;99;Otras actividades;EDSON ENRIQUE GUAYAZAN MURCIA;cooperativasilver7@gmail.com;3
881;BOYACÁ;SOGAMOSO;SI;;;NO;2022-12-31;12924;12/31/2022 05:00:00 PM;DICIEMBRE;2022;COOPERATIVA MULTIACTIVA SOCIAL Y RECREATIVA;CORSOCIAL;900-335-198-2;Multiactiva sin seccion de ahorro;BOYACÁ;SOGAMOSO;CL 13 11 74 OF 210;;99;Otras actividades;RAFAEL ANTONIO RIVEROS ANGEL;corsocial.09@hotmail.com;3
882;BOYACÁ;SOGAMOSO;SI;;;NO;2022-12-31;13789;12/31/2022 05:00:00 PM;DICIEMBRE;2022;COOPERATIVA MULTIACTIVA SOLIDARIA LASALLISTA;COOMULSOL;900-667-290-7;Multiactiva sin seccion de ahorro;BOYACÁ;SOGAMOSO;CARRERA 18 N. 1-41;7754261;99;Otras actividades;MARY ELIZABETH AGUIRRE LEON;coomulsol@hotmail.com;3
883;BOGOTÁ D.C.;BOGOTA, D.C.;SI;;;NO;2022-12-31;15285;12/31/2022 05:00:00 PM;DICIEMBRE;2022;COOPERATIVA MULTIACTIVA SPOROS;SPOROS;900-982-424-7;Multiactiva sin seccion de ahorro;BOGOTÁ, D.C.;BOGOTÁ, D.C.;CL 145 19 54 TORRE A 0F 301;3224648;99;Otras actividades;;hernansedano@sporos.coop;3
884;BOGOTÁ D.C.;BOGOTA, D.C.;SI;;;NO;2022-12-31;12875;12/31/2022 05:00:00 PM;DICIEMBRE;2022;COOPERATIVA MULTIACTIVA UNIDOS POR COLOMBIA SOCIAL;COOPMUNION;900-363-082-6;Especializada sin seccion de ahorro;BOGOTÁ, D.C.;BOGOTÁ, D.C.;CALLE 31 13 A 51 OF 109;3593825;12;Consumo (comercio);HENRY ESTEBAN LINCE GOMEZ;yerika.pochziol@consultorespyg.com;3
885;BOGOTÁ D.C.;BOGOTA, D.C.;SI;;;NO;2025-06-30;3690;06/30/2025 05:00:00 PM;JUNIO;2025;COOPERATIVA MULTIACTIVA UNION DE COMERCIANTES PLAZA QUIRIGUA;COOPMULQUIR;800-193-044-3;Multiactiva sin seccion de ahorro;BOGOTÁ, D.C.;BOGOTÁ, D.C.;CALLE 90 91 52;;99;Otras actividades;NESTOR GONZALEZ QUIROGA;sinceil@hotmail.com;3
886;BOGOTÁ D.C.;BOGOTA, D.C.;SI;;;NO;2017-12-31;12417;12/31/2017 05:00:00 PM;DICIEMBRE;2017;COOPERATIVA MULTIACTIVA UNIVERSAL DE SERVICIOS COOPERATIVOS;UNISERCOOP;900-280-404-7;Multiactiva sin seccion de ahorro;BOGOTÁ, D.C.;BOGOTÁ, D.C.;KR 25 37 78;6024820;12;Consumo (comercio);CARLOS ALVARADO VERGARA;falvarado@unisercoop.com;3
887;BOGOTÁ D.C.;BOGOTA, D.C.;SI;;;NO;2024-12-31;15883;12/31/2024 12:00:00 AM;DICIEMBRE;2024;COOPERATIVA MULTIACTIVA USCTRABCOP;;901-312-473-8;Multiactiva sin seccion de ahorro;BOGOTÁ, D.C.;BOGOTÁ, D.C.;CALLE 24 A 75 72;;99;Otras actividades;FRAYDIQUE ALEXANDER GAITAN RONDON;gerenciausctrabcop@gmail.com;3
888;BOGOTÁ D.C.;BOGOTA, D.C.;SI;;;NO;2017-12-31;12791;12/31/2017 05:00:00 PM;DICIEMBRE;2017;COOPERATIVA MULTIACTIVA USUARIOCOOP;USUARIOCOOP;900-366-169-1;Integral sin seccion de ahorro;BOGOTÁ, D.C.;BOGOTÁ, D.C.;CRA 11 94A 03;7424266;24;Servicios de credito;MARTHA EUGENIA TOLOZA HERNANDEZ;usuariocoop@gmail.com;3
889;BOGOTÁ D.C.;BOGOTA, D.C.;SI;;;NO;2021-12-31;5429;12/31/2021 05:00:00 PM;DICIEMBRE;2021;COOPERATIVA MULTIACTIVA VALMAR LTDA;COOPVALMAR LTDA;830-108-793-9;Multiactiva sin seccion de ahorro;BOGOTÁ, D.C.;BOGOTÁ, D.C.;CRA 10 15 - 39 OF. 907;2435789;12;Consumo (comercio);WILLIAM MARTINEZ VALBUENA;marybric19@gmail.com;3
890;BOGOTÁ D.C.;BOGOTA, D.C.;SI;;;NO;2024-12-31;501;12/31/2024 12:00:00 AM;DICIEMBRE;2024;COOPERATIVA MULTIACTIVA VERBENAL COOPVERBENAL;COOPVERBENAL;800-053-572-0;Multiactiva sin seccion de ahorro;BOGOTÁ, D.C.;BOGOTÁ, D.C.;CRA 186 C 18 B 55;6793991;99;Otras actividades;Flor Murcia Rojas;cooperativaverbenal@gmail.com;3
891;BOGOTÁ D.C.;BOGOTA, D.C.;SI;;;NO;2018-06-30;13337;06/30/2018 05:00:00 PM;JUNIO;2018;COOPERATIVA MULTIACTIVA Y DE CREDITOS DEL NORTE;COOCRENORTE;830-510-262-2;Especializada sin seccion de ahorro;BOGOTÁ, D.C.;BOGOTÁ, D.C.;CR 7 12B 63;7420619;24;Servicios de credito;CLAUDIA MARCELA ARDILA FRANCO;direccioncartera@coocrenorte.com;3
892;BOGOTÁ D.C.;BOGOTA, D.C.;SI;;;NO;2019-06-30;13748;06/30/2019 05:00:00 PM;JUNIO;2019;COOPERATIVA MULTIACTIVA Y DINAMICA;DINAMICOOP;900-707-930-5;Especializada sin seccion de ahorro;BOGOTÁ, D.C.;BOGOTÁ, D.C.;CARRERA 69M 70-64 OFICINA 201;9240274;12;Consumo (comercio);EDNA BARBOSA LEGUIZAMOS;dinamicoop@psicoherramientas.com;3
893;BOGOTÁ D.C.;BOGOTA, D.C.;SI;;;NO;2018-12-31;15206;12/31/2018 05:00:00 PM;DICIEMBRE;2018;COOPERATIVA MULTIPLICADORA DE SERVICIOS;COOPMULTIPLISERVICES;900-903-215-7;Multiactiva sin seccion de ahorro;BOGOTÁ, D.C.;BOGOTÁ, D.C.;AV AMERICAS # 78-75 SECCION C PISO 2;4910375;99;Otras actividades;OLGA INES LOMBANA GARCIA;coomultipliservices@hotmail.com;3
894;BOGOTÁ D.C.;BOGOTA, D.C.;SI;;;NO;2018-12-31;10889;12/31/2018 05:00:00 PM;DICIEMBRE;2018;COOPERATIVA MULTISERVICIOS DE COLOMBIA LTDA;COOPMULSER;830-109-761-8;Multiactiva sin seccion de ahorro;BOGOTÁ, D.C.;BOGOTÁ, D.C.;CR 7 12B-63;5603411;99;Otras actividades;CLAUDIA MARCELA ARDILA FRANCO;incorporaciones@coopmulser.com;3
895;BOGOTÁ D.C.;BOGOTA, D.C.;SI;;;NO;2022-06-30;12797;06/30/2022 05:00:00 PM;JUNIO;2022;COOPERATIVA NACIONAL DE CAPACITACION ESTRATEGICA;COONALCE;900-348-449-2;Multiactiva sin seccion de ahorro;BOGOTÁ, D.C.;BOGOTÁ, D.C.;TV 71 BIS 75B 37;7457800;9;Educacion;OSC AR MARTINEZ GAITAN;gerencia@coonalce.com;3
896;BOGOTÁ D.C.;BOGOTA, D.C.;SI;;;NO;2017-12-31;4284;12/31/2017 05:00:00 PM;DICIEMBRE;2017;COOPERATIVA NACIONAL DE CONSUMO;CONACO;830-050-683-5;Especializada sin seccion de ahorro;BOGOTÁ, D.C.;BOGOTÁ, D.C.;Carrera 6Nro.12C 48 Oficina 303;2142125;99;Otras actividades;JUVENCIO FRANCO DE LOS RIOS HERRERA;coopertaivaconaco@gmail.com;3
897;BOGOTÁ D.C.;BOGOTA, D.C.;SI;;;NO;2021-12-31;9240;12/31/2021 05:00:00 PM;DICIEMBRE;2021;COOPERATIVA NACIONAL DE ESTIBADORES Y PERSONAL ADMINISTRATIVO CTA;CONESAD CTA;830-121-912-2;Cooperativas de trabajo asociado;BOGOTÁ, D.C.;BOGOTÁ, D.C.;CALLE 23B BIS NO. 80B 62;7531028;99;Otras actividades;ROSA CARO DAZA;rosamaria.caro@conesad.com.co;3
898;BOGOTÁ D.C.;BOGOTA, D.C.;SI;;;NO;2019-12-31;1237;12/31/2019 05:00:00 PM;DICIEMBRE;2019;COOPERATIVA NACIONAL DE PENSIONADOS LTDA;COOPNALPENS;800-184-523-1;Multiactiva sin seccion de ahorro;BOGOTÁ, D.C.;BOGOTÁ, D.C.;CARRERA 10 18 36 OFICINA 802;2863574;99;Otras actividades;OSCAR BERNAL SUAREZ;coopnalpens@gmail.com;3
899;BOGOTÁ D.C.;BOGOTA, D.C.;SI;;;NO;2017-06-30;74;06/30/2017 05:00:00 PM;JUNIO;2017;COOPERATIVA NACIONAL DE PROFESORES LTDA;COONALPRO LTDA;860-509-106-9;Multiactiva sin seccion de ahorro;BOGOTÁ, D.C.;BOGOTÁ, D.C.;TRAV. 53 BIS 2 A 33;5497021;99;Otras actividades;clara ines casas diaz;coonalproltda@hotmail.com;3
900;BOGOTÁ D.C.;BOGOTA, D.C.;SI;;;NO;2024-12-31;12197;12/31/2024 12:00:00 AM;DICIEMBRE;2024;COOPERATIVA NACIONAL DE SERVICIOS FUTURO;COOPNALFUTURO;900-323-012-1;Multiactiva sin seccion de ahorro;BOGOTÁ, D.C.;BOGOTÁ, D.C.;CALLE 12 B NO.8-23;;99;Otras actividades;LUIS CARLOS SALCEDO BLANCO;coopnalfut.enliq@gmail.com;3
901;BOGOTÁ D.C.;BOGOTA, D.C.;SI;;;NO;2023-12-31;11281;12/31/2023 05:00:00 PM;DICIEMBRE;2023;COOPERATIVA NACIONAL DE SERVICIOS GLOBAL;COOPGLOBAL;900-113-285-2;Especializada sin seccion de ahorro;BOGOTÁ, D.C.;BOGOTÁ, D.C.;CALLE 5 68F 07;2811512;24;Servicios de credito;JOSE RICARDO GAVIRIA BUITRAGO;administracion2@cooglobal.com;3
902;BOGOTÁ D.C.;BOGOTA, D.C.;SI;;;NO;2024-12-31;11778;12/31/2024 12:00:00 AM;DICIEMBRE;2024;COOPERATIVA NACIONAL DE SERVICIOS MACRO;COOPSERVIMACRO;900-238-245-5;Especializada sin seccion de ahorro;BOGOTÁ, D.C.;BOGOTÁ, D.C.;CRA 37 N 25B 38;2811512;99;Otras actividades;JOSE RICARDO GAVIRIA BUITRAGO;administracion2@cooservimacro.com;3
903;BOGOTÁ D.C.;BOGOTA, D.C.;SI;;;NO;2022-06-30;12828;06/30/2022 05:00:00 PM;JUNIO;2022;COOPERATIVA NACIONAL DE SERVICIOS MERCANTIL;COOMERCANTIL;900-356-003-5;Especializada sin seccion de ahorro;BOGOTÁ, D.C.;BOGOTÁ, D.C.;CALLE 5 C 70 B 05;5661033;99;Otras actividades;JUAN CARLOS GAVIRIA BUITRAGO;administracion2@coomercantil.com;3
904;BOGOTÁ D.C.;BOGOTA, D.C.;SI;;;NO;2024-12-31;1081;12/31/2024 12:00:00 AM;DICIEMBRE;2024;COOPERATIVA NACIONAL DE VEEDORES CIUDADANOS LIMITADA;COOVEEDURIA LTDA;800-211-518-0;Multiactiva sin seccion de ahorro;BOGOTÁ, D.C.;BOGOTÁ, D.C.;Calle 19 Nro.6-68 Oficina 905;2438419;99;Otras actividades;ESPERANZA RODRIGUEZ MONTOYA;gerencia@cooveeduria.org.co;3
905;BOGOTÁ D.C.;BOGOTA, D.C.;SI;;;NO;2024-12-31;11359;12/31/2024 12:00:00 AM;DICIEMBRE;2024;COOPERATIVA PARA EL BIENESTAR FAMILIAR;CBFLIAR;830-117-827-9;Integral sin seccion de ahorro;BOGOTÁ, D.C.;BOGOTÁ, D.C.;CER 7 17 01 OF 410;2830210;12;Consumo (comercio);MARTHA OLGA PESCADOR DE POLOCHE;servicioscbfliar@hotmail.com;3
906;BOGOTÁ D.C.;BOGOTA, D.C.;SI;;;NO;2022-12-31;942;12/31/2022 05:00:00 PM;DICIEMBRE;2022;COOPERATIVA PARA EL DESARROLLO COMUNITARIO DIACONIA LTDA.;COOPDIACONIA LTDA.;860-450-851-1;Multiactiva sin seccion de ahorro;BOGOTÁ, D.C.;BOGOTÁ, D.C.;KRA 8 38-33 OFI 1203;3402326;24;Servicios de credito;JUAN CARLOS GAITAN PEREZ;gerencia@coopdiaconia.com;3
907;BOGOTÁ D.C.;BOGOTA, D.C.;SI;;;NO;2017-12-31;8995;12/31/2017 05:00:00 PM;DICIEMBRE;2017;COOPERATIVA PARA EL SERVICIO DE EMPLEADOS Y PENSIONADOS SOCIEDAD COOPERATIVA;COOPENSIONADOS;830-138-303-1;Multiactiva sin seccion de ahorro;BOGOTÁ, D.C.;BOGOTÁ, D.C.;Carrera 7 17 01 Oficina 211 212;2550147;24;Servicios de credito;JESUS ALFREDO ROJAS CARDENAS;coopensionadossc@outlook.com;3
908;BOGOTÁ D.C.;BOGOTA, D.C.;SI;;;NO;2023-06-30;9902;06/30/2023 05:00:00 PM;JUNIO;2023;COOPERATIVA PARA LA FORMACI??N Y EL PROGRESO;COOFORGRESO;900-041-106-2;Multiactiva sin seccion de ahorro;BOGOTÁ, D.C.;BOGOTÁ, D.C.;CR 7 12 B 58 LC 9;7353535;24;Servicios de credito;SANDRA MARCELA RUBIO FAGUA;cooforgreso@gmail.com;3
909;BOGOTÁ D.C.;BOGOTA, D.C.;SI;;;NO;2022-03-31;15932;03/31/2022 05:00:00 PM;MARZO;2022;COOPERATIVA PARA LA PROMOCION DEL DEPORTE Y DESARROLLO SOCIAL;COOPRODESOCIAL;901-534-359-9;Aportes y credito;BOGOTÁ, D.C.;BOGOTÁ, D.C.;CR 58 79 36;;24;Servicios de credito;;cooprodesocial@gmail.com;3
910;BOGOTÁ D.C.;BOGOTA, D.C.;SI;;;NO;2023-06-30;602;06/30/2023 05:00:00 PM;JUNIO;2023;COOPERATIVA PROMOTORA DE SERVICIOS DE VIVIENDA LTDA;SERVICOOP;860-517-508-1;Especializada sin seccion de ahorro;BOGOTÁ, D.C.;BOGOTÁ, D.C.;TV 5 42 13 OF 001;8807499;11;Transporte;HORACIO PARDO POSSE;servicoop83@hotmail.com;3
911;BOGOTÁ D.C.;BOGOTA, D.C.;SI;;;NO;2017-12-31;11517;12/31/2017 05:00:00 PM;DICIEMBRE;2017;COOPERATIVA REAL DE SERVICIOS EDIRA;EDIRACOOP;900-155-722-1;Especializada sin seccion de ahorro;BOGOTÁ, D.C.;BOGOTÁ, D.C.;CALLE 17 NO 854 INTERIOR 6;2861961;99;Otras actividades;LUISA FERNANDA QUINTERO SUAREZ;ediracoop@gmail.com;3
912;BOGOTÁ D.C.;BOGOTA, D.C.;SI;;;NO;2021-12-31;11231;12/31/2021 05:00:00 PM;DICIEMBRE;2021;COOPERATIVA SERVICIOS INTEGRALES COOPERATIVOS SERINCOOP CUYA SIGLA SER?? SERINCOOP;SERINCOOP;900-173-046-5;Integral sin seccion de ahorro;BOGOTÁ, D.C.;BOGOTÁ, D.C.;TV 59 NA? 104B-86 OF 202;7443991;99;Otras actividades;CARLOS ENRIQUE DUARTE CADAVID;contabilidad@confincoop.com.co;3
913;BOGOTÁ D.C.;BOGOTA, D.C.;SI;;;NO;2017-12-31;892;12/31/2017 05:00:00 PM;DICIEMBRE;2017;COOPERATIVA SOCIAL MULTIACTIVA LOS COMUNEROS;COOMUNEROS;800-175-007-4;Multiactiva sin seccion de ahorro;BOGOTÁ, D.C.;BOGOTÁ, D.C.;Calle 60 NO.14A-43;7569089;99;Otras actividades;MARTHA LILIANA DELGADO GALVIS;coomuneros@hotmail.com;3
914;BOYACÁ;SOGAMOSO;SI;;;NO;2024-06-30;13279;06/30/2024 12:00:00 AM;JUNIO;2024;COOPERATIVA SOL DE IRAKA;COOPSOLIRAK;900-405-509-0;Multiactiva sin seccion de ahorro;BOYACÁ;SOGAMOSO;CR 9 11 46 OF 103 PS 1;;99;Otras actividades;Mary Luz Medina Rojas;coopsolirakltda@yahoo.es;3
915;BOGOTÁ D.C.;BOGOTA, D.C.;SI;;;NO;2017-12-31;13341;12/31/2017 05:00:00 PM;DICIEMBRE;2017;COOPERATIVA SOLIDARIA ABRE TU CORAZON;COOP.SOLIDARIA;830-023-428-9;Multiactiva sin seccion de ahorro;BOGOTÁ, D.C.;BOGOTÁ, D.C.;KR 13 29 21 PARQUE CENTRAL BAVARIA Manzana 1 Oficina 237;6024828;12;Consumo (comercio);LEONARDO FIGUEROA CORDOBA;coop.solidaria001@gmail.com;3
916;BOGOTÁ D.C.;BOGOTA, D.C.;SI;;;NO;2022-12-31;659;12/31/2022 05:00:00 PM;DICIEMBRE;2022;COOPERATIVA UNIDAD RESIDENCIAL TUNDAMA;COOPTUNDAMA;860-400-814-5;Multiactiva sin seccion de ahorro;BOGOTÁ, D.C.;BOGOTÁ, D.C.;CALLE 46 SUR NO 72 I 06;5632175;99;Otras actividades;RUBEN OSTOS ROMERO;cooptundama@hotmail.com;3
917;BOGOTÁ D.C.;BOGOTA, D.C.;SI;;;NO;2021-12-31;1067;12/31/2021 05:00:00 PM;DICIEMBRE;2021;COOPERATIVA UNIVERSAL DE PROFESIONALES;COUPRONAL LTDA;860-038-396-6;Multiactiva sin seccion de ahorro;BOGOTÁ, D.C.;BOGOTÁ, D.C.;KR 15 N. 86 A 57 PISO 4;6348560;99;Otras actividades;EDUARDO RODRIGUEZ PRECIADO;coupronal@yahoo.es;3
918;BOGOTÁ D.C.;BOGOTA, D.C.;SI;;;NO;2022-12-31;1195;12/31/2022 05:00:00 PM;DICIEMBRE;2022;COOPERTAIVA MEDICA CARDIOLOGICA DE TRABAJO ASOCIADO COOPEMED;COOPEMED;830-009-190-3;Cooperativas de trabajo asociado;BOGOTÁ, D.C.;BOGOTÁ, D.C.;CL 163A 13B 60;;22;Salud;LAURA JAZMIN RIA??O PINEDA;lrpcorporativo@gmail.com;3
919;BOGOTÁ D.C.;BOGOTA, D.C.;SI;;;NO;2024-12-31;16418;12/31/2024 12:00:00 AM;DICIEMBRE;2024;COOPERTIVA MULTIACTIVA DE MANO EN MANO;DE MANO EN MANO;901-498-316-8;Multiactiva sin seccion de ahorro;BOGOTÁ, D.C.;BOGOTÁ, D.C.;DG 30 14 49;;99;Otras actividades;VLADIMIR DIAZ ESCOBAR;cooperativademanoenmano@gmail.com;3
920;BOGOTÁ D.C.;BOGOTA, D.C.;SI;;;SI;2025-12-31;20056;12/31/2025 05:00:00 PM;DICIEMBRE;2025;COOPFUNDISPOL;;900-335-910-0;Multiactiva sin seccion de ahorro;BOGOTÁ, D.C.;BOGOTÁ, D.C.;CL 55 A 68 D 25 sur;6017280102;3;Organismos de representacion;;cabrera-franklyn@hotmail.com;3
921;BOGOTÁ D.C.;BOGOTA, D.C.;SI;;;NO;2023-12-31;5377;12/31/2023 05:00:00 PM;DICIEMBRE;2023;COOPIMAR SOCIEDAD COOPERATIVA DE SERVICIOS PIMAR;COOPIMAR;830-101-986-1;Multiactiva sin seccion de ahorro;BOGOTÁ, D.C.;BOGOTÁ, D.C.;CL 79 18 18 OF 505;;99;Otras actividades;FERNANDO PINZON ALDANA;coopimar@coopimar.com;3
922;BOGOTÁ D.C.;BOGOTA, D.C.;SI;;;NO;2023-12-31;11235;12/31/2023 05:00:00 PM;DICIEMBRE;2023;COORALCREDITOS SOCIEDAD COOPERATIVA;COORALCREDITOS;900-140-091-5;Multiactiva sin seccion de ahorro;BOGOTÁ, D.C.;BOGOTÁ, D.C.;CL 79 N. 18 18 OF 505;;24;Servicios de credito;HECTOR FERNANDO PINZON ALDANA;coralcreditos@cooralcreditos.com;3
923;BOGOTÁ D.C.;BOGOTA, D.C.;SI;;;NO;2022-12-31;16046;12/31/2022 05:00:00 PM;DICIEMBRE;2022;COPERATIVA AGENCIA LOGISTICA;COOPERAGLO;901-560-106-2;Multiactiva sin seccion de ahorro;BOGOTÁ, D.C.;BOGOTÁ, D.C.;CALLE 95 #13-08;6510420;99;Otras actividades;RUMALDO ENRIQUE GRACIA MONTIEL;cooperaglo@gmail.com;3
924;BOYACÁ;TUNJA;SI;;;NO;2022-06-30;15882;06/30/2022 05:00:00 PM;JUNIO;2022;COPERATIVA DE TRABAJO ASOCIADO AGROPECUARIA Y DE SERVICIOS LOGISTICOS;COAGROLISITICA;901-419-613-3;Cooperativas de trabajo asociado;BOYACÁ;TUNJA;CRA 1 ESTE 13 72;;4;Agricola;ANGELA MARIA SALCEDO VARGAS;gerenciacoagrologistica@gmail.com;3
925;BOGOTÁ D.C.;BOGOTA, D.C.;SI;;;NO;2023-12-31;9672;12/31/2023 05:00:00 PM;DICIEMBRE;2023;CRITERIO Y DESARROLLO COLECTIVO;CYD CTA;900-054-942-1;Cooperativas de trabajo asociado;BOGOTÁ, D.C.;BOGOTÁ, D.C.;CL 98 22 64 OF 402;6100412;99;Otras actividades;LINA MARIA ESTEVEZ CUERVO;contabilidad@proyeccionrrhh.com;3
926;BOGOTÁ D.C.;BOGOTA, D.C.;SI;;;NO;2022-06-30;5329;06/30/2022 05:00:00 PM;JUNIO;2022;DESARROLLO INTEGRAL COLOMBIANO SOCIEDAD COOPERATIVA DESTECO;DESTECO;830-041-752-7;Especializada sin seccion de ahorro;BOGOTÁ, D.C.;BOGOTÁ, D.C.;CARRERA 9 NO. 17-24;;99;Otras actividades;MARBEL CASA ROSERO;destecosc@gmail.com;3
927;BOGOTÁ D.C.;BOGOTA, D.C.;SI;;;NO;2017-12-31;10598;12/31/2017 05:00:00 PM;DICIEMBRE;2017;ENLACE CORPORATIVO S.C;;830-094-916-5;Cooperativas de trabajo asociado;BOGOTÁ, D.C.;BOGOTÁ, D.C.;Carrera 53 N 103 B 42 Oficina 502;4672197;99;Otras actividades;GOMEZ GERARDO PINILLOS;administracion@enlacecorporativo.org;3
928;BOGOTÁ D.C.;BOGOTA, D.C.;SI;;;NO;2019-06-30;13668;06/30/2019 05:00:00 PM;JUNIO;2019;EPICA CULTURAL COOPERATIVA MULTIACTIVA;EPICACULTURAL;900-639-970-8;Multiactiva sin seccion de ahorro;BOGOTÁ, D.C.;BOGOTÁ, D.C.;CRA 68 B 96-70 T6 AP 1003;;99;Otras actividades;DORA RINCON RODRIGUEZ;epicacultural1@gmail.com;3
929;BOGOTÁ D.C.;BOGOTA, D.C.;SI;;;NO;2021-06-30;2068;06/30/2021 05:00:00 PM;JUNIO;2021;FEDERACION DE COOPERATIVAS DE IMPRESORES Y PAPELEROS DE COLOMBIA;FEIMPRESORES;860-052-197-5;Organismo de representacion;BOGOTÁ, D.C.;BOGOTÁ, D.C.;CRA 31 22 B 15;2088700;3;Organismos de representacion;LUIS EDGAR CLAVIJO MOLANO;administrativo@fedegrafica.com.co;3
930;BOGOTÁ D.C.;BOGOTA, D.C.;SI;;;NO;2019-06-30;13010;06/30/2019 05:00:00 PM;JUNIO;2019;FRATERNIDAD ENTIDAD COOPERATIVA;FRATERNIDAD;830-023-436-8;Multiactiva sin seccion de ahorro;BOGOTÁ, D.C.;BOGOTÁ, D.C.;CRA 5 # 17 - 79;3423077;99;Otras actividades;JAIRO DE JESUS ZULUAGA GALLO;jzuluaga@gmail.com;3
931;BOGOTÁ D.C.;BOGOTA, D.C.;SI;;;NO;2024-12-31;15101;12/31/2024 12:00:00 AM;DICIEMBRE;2024;GESTION Y ESTUDIOS AMBIENTALES - COOPERATIVA MULTIACTIVA;GEA C.M.;900-866-324-2;Multiactiva sin seccion de ahorro;BOGOTÁ, D.C.;BOGOTÁ, D.C.;CARRERA 6 # 26 B 51;;99;Otras actividades;NIDIA MAYERCY ROMERO ORJUELA;gestionyestudiosambientales@gmail.com;3
932;BOGOTÁ D.C.;BOGOTA, D.C.;SI;;;NO;2023-06-30;10543;06/30/2023 05:00:00 PM;JUNIO;2023;GESTIONES ADMINISTRATIVAS GESA CTA;GESA CTA;900-021-977-5;Cooperativas de trabajo asociado;BOGOTÁ, D.C.;BOGOTÁ, D.C.;CL 64 H 69 P 20;3119838;99;Otras actividades;JACKELINE MELENDEZ CHACON;gesa_cta@hotmail.com;3
933;BOYACÁ;TUNJA;SI;;;NO;2024-12-31;9092;12/31/2024 12:00:00 AM;DICIEMBRE;2024;ISYS CTA INTEGRALES DE SERVICIOS Y SUMINISTROS;ISYS CTA;820-005-028-3;Cooperativas de trabajo asociado;BOYACÁ;TUNJA;CL 43 A 7 A 42 OF S 4;;12;Consumo (comercio);JOSE DANIEL GARCIA HUERTAS;isyscta@gmail.com;3
934;BOGOTÁ D.C.;BOGOTA, D.C.;SI;;;NO;2023-06-30;13705;06/30/2023 05:00:00 PM;JUNIO;2023;KONTACTO AMERICAS COOPERATIVA MULTIACTIVA;KONTACTO AMERICAS OC;900-592-133-5;Multiactiva sin seccion de ahorro;BOGOTÁ, D.C.;BOGOTÁ, D.C.;CARRERA 70 C 48-18;;99;Otras actividades;ITALIA SERRATO MARTINEZ;kontactoamericasoc@gmail.com;3
935;BOGOTÁ D.C.;BOGOTA, D.C.;SI;;;NO;2018-12-31;11042;12/31/2018 05:00:00 PM;DICIEMBRE;2018;NOVA CTA;NOVA CTA;830-094-964-9;Cooperativas de trabajo asociado;BOGOTÁ, D.C.;BOGOTÁ, D.C.;CR 14 90 31 OF 704;;99;Otras actividades;JAIME HERNANDO VELASQUEZ ALONSO;novasoc@yahoo.com;3
936;BOYACÁ;VENTAQUEMADA;SI;;;NO;2023-06-30;12658;06/30/2023 05:00:00 PM;JUNIO;2023;ORGANIZACION COOPERATIVA COONSTRUVEN  SERVICIOS INTEGRALES;COONSTRUVEN O.C;900-214-732-7;Integral sin seccion de ahorro;BOYACÁ;VENTAQUEMADA;VDA PUENTE DE PIEDRA;;19;Aseo mantenimiento y reciclaje;JOSE MANUEL PORRAS;facturacioncoonstruven@gmail.com;3
937;BOGOTÁ D.C.;BOGOTA, D.C.;SI;;;NO;2024-12-31;11789;12/31/2024 12:00:00 AM;DICIEMBRE;2024;ORGANIZACION COOPERATIVA DE SERVICIOS Y SUMINISTROS PARA EL CONFORT;SERVICONFORT O.C.;830-081-369-1;Multiactiva sin seccion de ahorro;BOGOTÁ, D.C.;BOGOTÁ, D.C.;CRA 9 17 70 OF;3341032;24;Servicios de credito;CARMEN LUCIA GUERRERO GONZALEZ;serviconfortoc@gmail.com;3
938;BOYACÁ;TUNJA;SI;;;NO;2022-12-31;10093;12/31/2022 05:00:00 PM;DICIEMBRE;2022;ORGANIZACION COOPERATIVA LA ECONOMIA;O.C. LA ECONOMIA;820-004-433-9;Especializada sin seccion de ahorro;BOYACÁ;TUNJA;DG 70 N 1 04;7453535;22;Salud;CRISTIAN MONTA?EZ SALCEDO;oc.cooperativa@gmail.com;3
939;BOYACÁ;SOGAMOSO;SI;;;NO;2017-12-31;2295;12/31/2017 05:00:00 PM;DICIEMBRE;2017;ORGANIZACION COOPERATIVA MULTIACTIVA EL LAGO;COLAGO;800-230-955-7;Multiactiva sin seccion de ahorro;BOYACÁ;SOGAMOSO;Carrera 17A 14-47 APTO 402;7727047;24;Servicios de credito;TITO ALFONSO PEREZ PEREZ;colago@hotmail.com;3
940;BOYACÁ;COMBITA;SI;;;NO;2019-12-31;15733;12/31/2019 05:00:00 PM;DICIEMBRE;2019;ORGANIZACION PRECOOPERATIVA MULTIACTIVA HIDROORGANICA;AQUADINAMICA OPM;901-109-560-1;Multiactiva sin seccion de ahorro;BOYACÁ;CÓMBITA;VDA SAN FRANCISCO FINCA EL PAPAYO;;4;Agricola;ORLANDO MONROY PARDO;orlandomonroy@gmail.com;3
941;BOGOTÁ D.C.;BOGOTA, D.C.;SI;;;NO;2025-06-30;1070;06/30/2025 05:00:00 PM;JUNIO;2025;OUTSOURCING ASOCIADOS SOCIEDAD COOPERATIVA;OUTSOURCING ASOCIADOS;830-043-281-9;Cooperativas de trabajo asociado;BOGOTÁ, D.C.;BOGOTÁ, D.C.;CL 95 21 52 OF 102;;99;Otras actividades;LUIS ANTONIO AVENDA?O FERNANDEZ;contactenos@oacolombia.com;3
942;BOGOTÁ D.C.;BOGOTA, D.C.;SI;;;NO;2017-12-31;12987;12/31/2017 05:00:00 PM;DICIEMBRE;2017;PLATAFORMA COOPERATIVA MULTIACTIVA;PLATACOOP;900-356-225-3;Especializada sin seccion de ahorro;BOGOTÁ, D.C.;BOGOTÁ, D.C.;KR 25 37 78 Oficina 203;6024820;12;Consumo (comercio);LEONARDO FIGUEROA CORDOBA;contador@plataformau.com;3
943;BOGOTÁ D.C.;BOGOTA, D.C.;SI;;;NO;2024-12-31;15890;12/31/2024 12:00:00 AM;DICIEMBRE;2024;PLENITUD + RC COOPERATIVA MULTIACTIVA DE CREDITOS;COOPPLENIT;901-517-266-0;Integral sin seccion de ahorro;BOGOTÁ, D.C.;BOGOTÁ, D.C.;CRA 1 ESTE NO 12 D;;99;Otras actividades;JOSE LUIS SILVA MONTEALEGRE;plenitud1987@gmail.com;3
944;BOYACÁ;PAIPA;SI;;;NO;2018-12-31;13693;12/31/2018 05:00:00 PM;DICIEMBRE;2018;PRECOOPERATIVA DE MINEROS Y EMPRESARIOS DE PAIPA;COMIEMPRENDER LTDA;900-211-962-0;Multiactiva sin seccion de ahorro;BOYACÁ;PAIPA;CR 22 25 61 OFICINA 203;7850241;8;Mineria;YEIMI ALEXANDRA ZANGU?A BARON;comiemprenderpaipa@gmail.com;3
945;BOGOTÁ D.C.;BOGOTA, D.C.;SI;;;NO;2017-12-31;12063;12/31/2017 05:00:00 PM;DICIEMBRE;2017;PRECOOPERATIVA DE RECAUDO Y ADOPTA - EN LIQUIDACION;COASISTIMOS EN LIQUIDACION;900-239-056-4;Especializada sin seccion de ahorro;BOGOTÁ, D.C.;BOGOTÁ, D.C.;CRA 6 12 C488F303;2135082;99;Otras actividades;EUTIQUIO CASTELLANOS MARTINEZ;coasistimos@gmail.com;3
946;BOGOTÁ D.C.;BOGOTA, D.C.;SI;;;NO;2017-12-31;6631;12/31/2017 05:00:00 PM;DICIEMBRE;2017;PRECOOPERATIVA DE TRABAJO ASOCIADO MADERARTE;MADERARTE;800-150-142-2;Otras organizaciones;BOGOTÁ, D.C.;BOGOTÁ, D.C.;CR 14 101 11;3102125;9;Educacion;ALEJANDRO AHUMADA GONZALEZ;pao131231@hotmail.com;3
947;BOGOTÁ D.C.;BOGOTA, D.C.;SI;;;NO;2021-06-30;6028;06/30/2021 05:00:00 PM;JUNIO;2021;PRECOOPERATIVA DE TRABAJO ASOCIADO SERVICRECER;;830-130-884-2;Instituciones auxiliares especializadas;BOGOTÁ, D.C.;BOGOTÁ, D.C.;CARRERA 26 A N 42 56 SUR;7602953;99;Otras actividades;BENJAMIN MONROY RINCON;myineth@hotmail.com;3
948;BOGOTÁ D.C.;BOGOTA, D.C.;SI;;;NO;2017-06-30;15018;06/30/2017 05:00:00 PM;JUNIO;2017;PRECOOPERATIVA MULTIACTIVA AP3;AP3;900-563-271-1;Precooperativas;BOGOTÁ, D.C.;BOGOTÁ, D.C.;Calle 67 C 57 24;8017451;99;Otras actividades;LUCIA NARANJO PARRA;contabcars@gmail.com;3
949;BOGOTÁ D.C.;BOGOTA, D.C.;SI;;;NO;2018-12-31;12531;12/31/2018 05:00:00 PM;DICIEMBRE;2018;PRECOOPERATIVA MULTIACTIVA DE SERVICIOS CREDIFACIL VC LTDA;COOPCREDIFACIL LTDA;900-169-263-1;Multiactiva sin seccion de ahorro;BOGOTÁ, D.C.;BOGOTÁ, D.C.;CALLE 41 B S 50A56 P3;2709295;99;Otras actividades;HERNAN PARRAGA HERRERA;credifacilvc@yahoo.es;3
950;BOGOTÁ D.C.;BOGOTA, D.C.;SI;;;NO;2022-12-31;16098;12/31/2022 05:00:00 PM;DICIEMBRE;2022;PRECOOPERATIVA MULTIACTIVA SEMPRE AVANTI;PRECOOPAVANTI;901-657-243-1;Multiactiva sin seccion de ahorro;BOGOTÁ, D.C.;BOGOTÁ, D.C.;CARRERA 3 ESTE NA?6 C 82 SUR T1 APTO 905;7975762;24;Servicios de credito;FABIAN MAURICIO VALENCIA MENDEZ;preccopavanti@gmail.com;3
951;BOGOTÁ D.C.;BOGOTA, D.C.;SI;;;NO;2024-06-30;16166;06/30/2024 12:00:00 AM;JUNIO;2024;PRECOOPERATIVA MULTIACTIVA SINERGIACOL;SINERGIACOL;901-209-333-5;Multiactiva sin seccion de ahorro;BOGOTÁ, D.C.;BOGOTÁ, D.C.;CR 64 100 09 AP 302;3057542;99;Otras actividades;MARIA PAULA GUTIERREZ RIVERA;sinergiapcolombia@gmail.com;3
952;BOGOTÁ D.C.;BOGOTA, D.C.;SI;;;NO;2019-06-30;15397;06/30/2019 05:00:00 PM;JUNIO;2019;PRECOOPERATIVA NATURALESA VIVA;PRERENAVI;901-161-922-4;Especializada sin seccion de ahorro;BOGOTÁ, D.C.;BOGOTÁ, D.C.;CALLE 99 A NO 3 41 ESTE;;13;Industria;LUZ MYRIAM DAZA NOVA;admiprerenavi@gmail.com;3
953;BOGOTÁ D.C.;BOGOTA, D.C.;SI;;;NO;2022-12-31;15820;12/31/2022 05:00:00 PM;DICIEMBRE;2022;PRECOOPERATIVA SOCIAL COLVENCOOP;;901-205-483-3;Otras organizaciones;BOGOTÁ, D.C.;BOGOTÁ, D.C.;CALLE 80 71 21;;4;Agricola;Ana Conguta Conguta;colvencoop@hotmail.com;3
954;BOGOTÁ D.C.;BOGOTA, D.C.;SI;;;NO;2022-12-31;15754;12/31/2022 05:00:00 PM;DICIEMBRE;2022;PRECOOPERATIVA SOCIAL LATTANZI;LATTANZICOOP;901-368-523-9;Otras organizaciones;BOGOTÁ, D.C.;BOGOTÁ, D.C.;DG 7 A BIS 18 I 25 SUR;;99;Otras actividades;;lattanzicoop@gmail.com;3
955;BOGOTÁ D.C.;BOGOTA, D.C.;SI;;;NO;2023-06-30;5426;06/30/2023 05:00:00 PM;JUNIO;2023;PRODUCCION MERCADEO Y SERVICIO C.T.A.;PROMESA C.T.A;830-107-708-8;Cooperativas de trabajo asociado;BOGOTÁ, D.C.;BOGOTÁ, D.C.;CR 15 80 88 OFC 202;;99;Otras actividades;ROSA ISBELIA PEREZ;rosais1958@yahoo.com.mx;3
956;BOGOTÁ D.C.;BOGOTA, D.C.;SI;;;NO;2021-06-30;15869;06/30/2021 05:00:00 PM;JUNIO;2021;SERVE TEMPUS COOPERATIVA MULTIACTIVA;SERVETEMPUS;901-423-629-6;Multiactiva sin seccion de ahorro;BOGOTÁ, D.C.;BOGOTÁ, D.C.;CARRERA 58 A # 128 - 78 AP 209;;99;Otras actividades;Maria Esperanza Ochoa Serrano;servetempus4.0@gmail.com;3
957;BOGOTÁ D.C.;BOGOTA, D.C.;SI;;;NO;2023-12-31;12650;12/31/2023 05:00:00 PM;DICIEMBRE;2023;SERVICIO NACIONAL COOPERATIVO;SENALCOOP;900-395-029-2;Multiactiva sin seccion de ahorro;BOGOTÁ, D.C.;BOGOTÁ, D.C.;CALLE 17 10 16;;24;Servicios de credito;FRANCIA HELENA ZULUAGA ZULUAGA;senalcoop@cooperativa.com;3
958;BOYACÁ;TUNJA;SI;;;NO;2017-12-31;10937;12/31/2017 05:00:00 PM;DICIEMBRE;2017;SERVICIOS DE EDUCACION ORGANIZACION PRECOOPERATIVA;SERVIEDUCACION CTA;900-014-198-5;Cooperativas de trabajo asociado;BOYACÁ;TUNJA;CARRERA 12A 2B-15 BARRIO SURINAMA;7444220;9;Educacion;JULIO CIBEL RUBIO CALIXTO;rulio725@yahoo.es;3
959;BOGOTÁ D.C.;BOGOTA, D.C.;SI;;;NO;2017-06-30;12108;06/30/2017 05:00:00 PM;JUNIO;2017;SERVICIOS FAMILIARES INTREGRALES COOPERATIVOS;SEFACOOP;900-244-823-7;Multiactiva sin seccion de ahorro;BOGOTÁ, D.C.;BOGOTÁ, D.C.;Avenida Calle 19 Nro.8-81 Oficina 804;2841613;24;Servicios de credito;LUZ MIREYA Gonzalez HERRERA;sefacoop@hotmail.com;3
960;BOGOTÁ D.C.;BOGOTA, D.C.;SI;;;NO;2017-06-30;12194;06/30/2017 05:00:00 PM;JUNIO;2017;SERVICIOS FINANCIEROS COOPERATIVOS DE APORTE Y CREDITO;SERFINANCIACOOP;900-247-060-8;Especializada sin seccion de ahorro;BOGOTÁ, D.C.;BOGOTÁ, D.C.;Carrera 33 A Nro.29 A 15;3193658;99;Otras actividades;ROSA XIOMARA CARABALI SUAREZ;serfinanciacoop@hotmail.com;3
961;BOGOTÁ D.C.;BOGOTA, D.C.;SI;;;NO;2024-12-31;13635;12/31/2024 12:00:00 AM;DICIEMBRE;2024;SIETE ENTIDAD COOPERATIVA;SIETE COOPERATIVA;900-574-576-8;Multiactiva sin seccion de ahorro;BOGOTÁ, D.C.;BOGOTÁ, D.C.;AV CALLE 19 4 - 20;;9;Educacion;MARIA ALEJANDRA BEDOYA MEJIA;sietecooperativa@gmail.com;3
962;BOGOTÁ D.C.;BOGOTA, D.C.;SI;;;NO;2022-06-30;486;06/30/2022 05:00:00 PM;JUNIO;2022;SOCIEDAD COOPERATIVA DE PENSIONADOS Y EXEMPLEADOS DEL MINSTERIO DE DEF;SOOCOOPEMIN;830-008-743-1;Multiactiva sin seccion de ahorro;BOGOTÁ, D.C.;BOGOTÁ, D.C.;CARRERA 10 NO. 16-22 OF 204;3424242;99;Otras actividades;TATIANA MALAGON QUIROGA;socoopeminltda@hotmail.com;3
963;BOGOTÁ D.C.;BOGOTA, D.C.;SI;;;NO;2021-06-30;7719;06/30/2021 05:00:00 PM;JUNIO;2021;SOLUCIONES Y ALTERNATIVAS COMERCIALES EFECTIVA;EFECTIVA;830-073-736-6;Cooperativas de trabajo asociado;BOGOTÁ, D.C.;BOGOTÁ, D.C.;KR 53 104B 35 OF 303;5932090;99;Otras actividades;EDUARD PRIMITIVO MORALES MORALES;liquidacion@efectiva.com.co;3
964;BOGOTÁ D.C.;BOGOTA, D.C.;SI;;;NO;2024-12-31;7780;12/31/2024 12:00:00 AM;DICIEMBRE;2024;SURGIENDO SOCIEDAD COOPERATIVA;COOPSURGIENDO LTDA;832-005-740-3;Multiactiva sin seccion de ahorro;BOGOTÁ, D.C.;BOGOTÁ, D.C.;CARRERA 8 N 11 39 OF 620;7945560;99;Otras actividades;JULIANA ROPERO GUEVARA;cartera@coopsurgiendo.com;3
965;BOGOTÁ D.C.;BOGOTA, D.C.;SI;;;NO;2017-12-31;8073;12/31/2017 05:00:00 PM;DICIEMBRE;2017;TALENTO COMERCIAL COOPERATIVA DE TRABAJO ASOCIADO;TCTA;830-126-470-1;Cooperativas de trabajo asociado;BOGOTÁ, D.C.;BOGOTÁ, D.C.;CARRERA 56 NO 4C 25 PISO 2;2627887;99;Otras actividades;ELIANA ANGELICA CASTILLO LADINO;talentocomercial.cta@gmail.com;3
966;BOGOTÁ D.C.;BOGOTA, D.C.;SI;;;NO;2018-12-31;9458;12/31/2018 05:00:00 PM;DICIEMBRE;2018;VIVIR COOPERATIVA DE TRABAJO ASOCIADO;VIVIR CTA;830-118-943-1;Cooperativas de trabajo asociado;BOGOTÁ, D.C.;BOGOTÁ, D.C.;CR 13 N 60 86;;99;Otras actividades;VICTOR ALBERTO ROJAS SANCHEZ;gerenciamczc@yahoo.com;3
