bd_ranking_tamano;bd_departamento;bd_municipio;bd_es_cooperativa;bd_activos_pesos;bd_fecha_activos;bd_reporta_actualmente;bd_ultimo_reporte;codentidad;fechaultirepo;mes;ano;nombreentidad;sigla;nit;nombretipo;departamento;municipio;direccion;telefono;codactividad;nombreactividad;representantelegal;correo;supervision
1;ANTIOQUIA;MEDELLIN;SI;1886762884040;2026-07;SI;2026-07-31;1646;07/31/2026 05:00:00 PM;JULIO;2026;COOPERATIVA COLANTA;COLANTA;890-904-478-6;Multiactiva sin seccion de ahorro;ANTIOQUIA;MEDELLÍN;CALLE 74 #64A-51;4455555;13;Industria;SERGIO LEON GONZALEZ VILLA;carolinavz@colanta.com.co;1
2;CUNDINAMARCA;COTA;SI;1483613485824;2026-07;SI;2026-07-31;1250;07/31/2026 05:00:00 PM;JULIO;2026;COOPERATIVA NACIONAL DE DROGUISTAS DETALLISTAS;COOPIDROGAS;860-026-123-0;Multiactiva sin seccion de ahorro;CUNDINAMARCA;COTA;AUTOP. BOGOTA-MEDELLIN KM 4.7 ANTES PUENTE SIBERIA;4375150;12;Consumo (comercio);HERNANDO AGUDELO PE?A;notificacion.judicial@coopidrogas.com.co;1
3;NORTE DE SANTANDER;OCANA;SI;1270731432958;2026-07;SI;2026-07-31;3246;07/31/2026 05:00:00 PM;JULIO;2026;COOPERATIVA ESPECIALIZADA DE AHRRO Y CREDITO CREDISERVIR;CREDISERVIR;890-505-363-6;Especializada de ahorro y credito;NORTE DE SANTANDER;OCAÑA;CRA 12 10 00;5694444;1;Intermediacion financiera;EDUARDO CARRE?O BUENO;analistafinanciero@crediservir.com;1
4;ANTIOQUIA;MEDELLIN;SI;740152596055;2026-07;SI;2026-07-31;7049;07/31/2026 05:00:00 PM;JULIO;2026;UNIVERSIDAD COOPERATIVA DE COLOMBIA;UCC;860-029-924-7;Organismo de caracter economico;ANTIOQUIA;MEDELLÍN;CALLE 50 A NO 41 - 20 BLOQUE 7;4446065;9;Educacion;MARITZA RONDON RANGEL;luz.vega@ucc.edu.co;1
5;ANTIOQUIA;MEDELLIN;SI;584435045927;2026-07;SI;2026-07-31;1355;07/31/2026 05:00:00 PM;JULIO;2026;COOPERATIVA NACIONAL DE TRABAJADORES;COOPETRABAN;890-905-085-1;Especializada de ahorro y credito;ANTIOQUIA;MEDELLÍN;CALLE 25A  43B-115;2318065;1;Intermediacion financiera;JUAN   MANUEL MOSQUERA ARBELAEZ;riesgos@coopetraban.com.co;1
6;ANTIOQUIA;MEDELLIN;SI;418174830728;2026-07;SI;2026-07-31;1360;07/31/2026 05:00:00 PM;JULIO;2026;COOPERATIVA SAN PIO X DE GRANADA LTDA;COOGRANADA;890-981-912-1;Especializada de ahorro y credito;ANTIOQUIA;MEDELLÍN;CL. 46 N. 52 A- 14;2041155;1;Intermediacion financiera;ALBA DORYS ARIAS GIRALDO;mgomez@coogranada.com.co;1
7;ANTIOQUIA;MEDELLIN;SI;394928479733;2026-07;SI;2026-07-31;8487;07/31/2026 05:00:00 PM;JULIO;2026;COOPERATIVA BELEN AHORRO Y CREDITO;COBELEN;890-909-246-7;Especializada de ahorro y credito;ANTIOQUIA;MEDELLÍN;CALLE 30A 27 60;;1;Intermediacion financiera;MONICA JANETH AGUDELO BOLIVAR;contabilidad@cobelen.com;1
8;ANTIOQUIA;MEDELLIN;SI;394801284400;2026-07;SI;2026-07-31;11128;07/31/2026 05:00:00 PM;JULIO;2026;COOPERATIVA DE AHORRO Y CREDITO COLANTA;AYC COLANTA;900-175-962-6;Especializada de ahorro y credito;ANTIOQUIA;MEDELLÍN;CARRERA 64 C NO 72-160 PISO 3;3220303;1;Intermediacion financiera;CAMILO BOTERO BOTERO;contabilidad@ayccolanta.com.co;1
9;ANTIOQUIA;MEDELLIN;SI;370818625187;2026-07;SI;2026-07-31;1760;07/31/2026 05:00:00 PM;JULIO;2026;COOPERATIVA DE AHORRO Y CREDITO CREAR LTDA CREARCOP;CREARCOOP;890-981-459-4;Especializada de ahorro y credito;ANTIOQUIA;MEDELLÍN;CALLE 113 # 64 D 119;4613030;1;Intermediacion financiera;CARMEN JACINTA RAMIREZ ARISTIZABAL;gerencia@crearcoop.com;1
10;ANTIOQUIA;BELLO;SI;337878763043;2026-07;SI;2026-07-31;4617;07/31/2026 05:00:00 PM;JULIO;2026;COOPANTEX COOPERATIVA DE AHORRO Y CREDITO;COOPANTEX;890-904-843-1;Especializada de ahorro y credito;ANTIOQUIA;BELLO;CRA 50 A # 37 31;4484884;1;Intermediacion financiera;Luis Herman Tirado Cadavid;jefecontabilidad@coopantex.coop;1
11;BOLÍVAR;CARTAGENA DE INDIAS;SI;326832581876;2026-07;SI;2026-07-31;1583;07/31/2026 05:00:00 PM;JULIO;2026;COOPERATIVA DE EDUCADORES Y EMPLAEADOS DE LA EDUCACION;COOACEDED LTDA;890-401-658-6;Especializada sin seccion de ahorro;BOLÍVAR;CARTAGENA DE INDIAS;URB. SANTA LUCIA CRA 31 D2 MZA B2 LT 1;6424120;9;Educacion;ALVARO ALFONSO JIMENEZ PEREZ;cooaceded@cooaceded.coop;1
12;ANTIOQUIA;MEDELLIN;SI;290361946234;2026-07;SI;2026-07-31;1421;07/31/2026 05:00:00 PM;JULIO;2026;COOPERATIVA MEDICA DE ANTIOQUIA LTDA;COMEDAL;890-905-574-1;Especializada de ahorro y credito;ANTIOQUIA;MEDELLÍN;CR 48 # 20 34;6043223231;1;Intermediacion financiera;RICARDO LEON ALVAREZ GARCIA;comedal@comedal.com.co;1
13;ANTIOQUIA;GRANADA;SI;270758616698;2026-07;SI;2026-07-31;1390;07/31/2026 05:00:00 PM;JULIO;2026;COOPERATIVA DE AHORRO Y CREDITO CREAFAM;COOCREAFAM;800-201-989-3;Especializada de ahorro y credito;ANTIOQUIA;GRANADA;CL 21 BOLIVAR CR 21 54;2315009;1;Intermediacion financiera;MYRIAM SHIRLEY ARISTIZABAL LOPEZ;corporativo@creafam.coop;1
14;ANTIOQUIA;MEDELLIN;SI;244711205870;2026-07;SI;2026-07-31;1477;07/31/2026 05:00:00 PM;JULIO;2026;COOPERATIVA DE PROFESORES U DE A;COOPRUDEA;890-985-032-1;Especializada de ahorro y credito;ANTIOQUIA;MEDELLÍN;CALLE 67 #53-108;5167686;1;Intermediacion financiera;LUIS FERNANDO GOMEZ GIRALDO;cooperativa@cooprudea.com;1
15;ANTIOQUIA;MEDELLIN;SI;243322940930;2026-07;SI;2026-07-31;11327;07/31/2026 05:00:00 PM;JULIO;2026;MICROEMPRESAS DE COLOMBIA COOPERATIVA DE AHORRO Y CREDITO;MICROEMPRESAS DE COLOMBIA A.C.;900-189-084-5;Especializada de ahorro y credito;ANTIOQUIA;MEDELLÍN;CALLE 57 A 48 31;;1;Intermediacion financiera;GLORIA PATRICIA PEREZ GUERRA;gerencia@microempresas.co;1
16;ANTIOQUIA;MEDELLIN;SI;240348405883;2026-07;SI;2026-07-31;1474;07/31/2026 05:00:00 PM;JULIO;2026;COOPERATIVA DE HOSPITALES DE ANTIOQUIA;COHAN;890-985-122-6;Multiactiva sin seccion de ahorro;ANTIOQUIA;MEDELLÍN;CRA 48 24 104 AV LOS INDUSTRIALES;6054949;22;Salud;JAMEL ALBERTO HENAO CARDONA;gerencia@cohan.org.co;1
17;BOLÍVAR;CARTAGENA DE INDIAS;SI;229527958381;2026-06;SI;2026-06-30;1506;06/30/2026 05:00:00 PM;JUNIO;2026;COOPERATIVA DE DESARROLLO INTEGRAL COOSALUD;COOSALUD;800-249-241-0;Multiactiva sin seccion de ahorro;BOLÍVAR;CARTAGENA DE INDIAS;CALLE 31D # 52 # 136 PISO 3;;99;Otras actividades;;notificacionescoopmultiactiva@coosalud.coop;1
18;ANTIOQUIA;AMALFI;SI;226223908800;2026-07;SI;2026-07-31;1377;07/31/2026 05:00:00 PM;JULIO;2026;COOPERATIVA DE AHORRO Y CREDITO RIACHON LTDA.;COOPRIACHON;890-910-087-4;Especializada de ahorro y credito;ANTIOQUIA;AMALFI;CRA 21 20 34;8301300;1;Intermediacion financiera;JOHN FREDY ORTEGA RESTREPO;gerencia@coopriachon.coop;1
19;CUNDINAMARCA;TENJO;SI;209628247545;2026-07;SI;2026-07-31;1198;07/31/2026 05:00:00 PM;JULIO;2026;COOPERATIVA DE AHORRO Y CREDITO DE TENJO;COOPTENJO;860-032-342-1;Especializada de ahorro y credito;CUNDINAMARCA;TENJO;CRA 3 NO 2 48;5939966;1;Intermediacion financiera;VICTOR HUGO CAMACHO CORREA;cooptenjo@cooptenjo.com.co;1
20;CUNDINAMARCA;ZIPAQUIRA;SI;205026637509;2026-07;SI;2026-07-31;757;07/31/2026 05:00:00 PM;JULIO;2026;COOPERATIVA DE AHORRO Y CREDITO DE TRABAJADORES DE PELDAR Y OTROS DE COLOMBIA;COOTRAPELDAR;860-023-189-2;Especializada de ahorro y credito;CUNDINAMARCA;ZIPAQUIRÁ;CRA 8 6 20;8810987;1;Intermediacion financiera;WILLIAM HERNAN NAVARRETE FORERO;cootrapeldar@cootrapeldar.coop;1
21;ANTIOQUIA;SANTA ROSA DE OSOS;SI;203934315878;2026-07;SI;2026-07-31;1703;07/31/2026 05:00:00 PM;JULIO;2026;COOPERATIVA DE AHORRO Y CREDITO SANTA ROSA DE OSOS LIMITADA;COOPACREDITO SANTA ROSA;890-908-823-2;Especializada de ahorro y credito;ANTIOQUIA;SANTA ROSA DE OSOS;CALLE REAL 29-33;8608522;1;Intermediacion financiera;FLOR EMILCE ALVAREZ HERNANDEZ;gerente@coopacredito.com;1
22;ANTIOQUIA;ANDES;SI;158281021009;2026-07;SI;2026-07-31;1402;07/31/2026 05:00:00 PM;JULIO;2026;COOPERATIVA DE CAFICULTORES DE ANDES LTDA;COOPERAN;890-907-638-1;Multiactiva sin seccion de ahorro;ANTIOQUIA;ANDES;CRA 50 49A 52;;4;Agricola;JUAN DAVID RENDON CANAVERAL;info@delosandescooperativa.com;1
23;BOLÍVAR;SANTA ROSA DEL SUR;SI;156441478960;2026-07;SI;2026-07-31;4458;07/31/2026 05:00:00 PM;JULIO;2026;COOPERATIVA DE AHORRO Y CREDITO FINANCIERA COAGROSUR;FINANCIERA COAGROSUR;890-270-045-8;Especializada de ahorro y credito;BOLÍVAR;SANTA ROSA DEL SUR;CRA 13 NO 9-36;3330333503;1;Intermediacion financiera;DISNEY BARRETO ARDILA;financiera@financieracoagrosur.com;1
24;ANTIOQUIA;YARUMAL;SI;153322863125;2026-07;SI;2026-07-31;1648;07/31/2026 05:00:00 PM;JULIO;2026;COOPERATIVA DE YARUMAL;COOYARUMAL;890-905-206-4;Especializada de ahorro y credito;ANTIOQUIA;YARUMAL;CALLE 20 19 18;6045011780;1;Intermediacion financiera;LILIANA RESTREPO YEPES;cooyal@cooyal.co;1
25;ANTIOQUIA;COCORNA;SI;144850156302;2026-07;SI;2026-07-31;1661;07/31/2026 05:00:00 PM;JULIO;2026;COOPERATIVA PIO XLL DE COCORNA;89;890-904-902-8;Especializada de ahorro y credito;ANTIOQUIA;COCORNÁ;CALLE 21 N? 21-03;5011737;1;Intermediacion financiera;NESTOR ALIRIO LOPEZ GIRALDO;cocorna@cpioxii.com.co;1
26;ATLÁNTICO;BARRANQUILLA;SI;138457075501;2026-07;SI;2026-07-31;2871;07/31/2026 05:00:00 PM;JULIO;2026;COOPERATIVA ESPECIALIZADA DE AHORRO Y CREDITO COOTRACERREJON;COOTRACERREJON;800-020-034-8;Especializada de ahorro y credito;ATLÁNTICO;BARRANQUILLA;CRA. 53 # 68B - 57 LOCAL 2-230;3854923;1;Intermediacion financiera;CESAR AUGUSTO OSPINO ARIZA;contador@cootracerrejon.coop;1
27;ANTIOQUIA;YALI;SI;137837916824;2026-07;SI;2026-07-31;20009;07/31/2026 05:00:00 PM;JULIO;2026;COOPERATIVA DE AHORRO Y CREDITO SUYA LTDA;COOPSUYA;890-911-402-6;Especializada de ahorro y credito;ANTIOQUIA;YALÍ;CR 20 19 45;6050114;1;Intermediacion financiera;HERNANDO ALBERTO ARCILA POSADA;cooperativa@suya.coop;1
28;NORTE DE SANTANDER;SAN JOSE DE CUCUTA;SI;134511877265;2026-07;SI;2026-07-31;3292;07/31/2026 05:00:00 PM;JULIO;2026;COOPERATIVA AGROPECUARIA DEL NORTE DE SANTANDER;COAGRONORTE;890-500-571-9;Multiactiva sin seccion de ahorro;NORTE DE SANTANDER;SAN JOSÉ DE CÚCUTA;KM 8 VIA EL ZULIA;5784747;4;Agricola;GUILLERMO ALEXANDER INFANTE SANTOS;financiero@coagronorte.com.co;1
29;ANTIOQUIA;BETULIA;SI;119299055682;2026-07;SI;2026-07-31;15548;07/31/2026 05:00:00 PM;JULIO;2026;COOPERATIVA MULTIACTIVA DE CAFICULTORES UNIDOS DE COLOMBIA;CAFEUCOL;901-302-387-1;Multiactiva sin seccion de ahorro;ANTIOQUIA;BETULIA;CALLE 21 23 05 LOCAL 2 SECTOR BOYACA;8436123;12;Consumo (comercio);;cafeucol@gmail.com;1
30;ANTIOQUIA;ABEJORRAL;SI;105782472323;2026-07;SI;2026-07-31;1437;07/31/2026 05:00:00 PM;JULIO;2026;COOPERATIVA DE AHORRO Y CREDITO JUAN DE DIOS GOMEZ;COOABEJORRAL;890-904-868-5;Especializada de ahorro y credito;ANTIOQUIA;ABEJORRAL;CALLE 50 50 19;3220050;1;Intermediacion financiera;LUCELLY JARAMILLO JARAMILLO;gerencia@cooabejorral.com;1
31;ATLÁNTICO;BARRANQUILLA;SI;99777099305;2026-06;SI;2026-06-30;2910;06/30/2026 05:00:00 PM;JUNIO;2026;COOPERATIVA DE PRODUCTORES DE LECHE DEL ATLANTICO LTDA.;COOLECHERA;890-101-897-2;Integral sin seccion de ahorro;ATLÁNTICO;BARRANQUILLA;CALLE 17 N0 16 55;;13;Industria;JOSE VICENTE MARIN PEREA;gerencia@coolechera.com;1
32;ANTIOQUIA;MEDELLIN;SI;98212679518;2026-07;SI;2026-07-31;1663;07/31/2026 05:00:00 PM;JULIO;2026;COOPERATIVA DE EMPLEADOS SURAMERICANA;COOPEMSURA;800-117-821-6;Especializada de ahorro y credito;ANTIOQUIA;MEDELLÍN;CRA 64B 49B 21;4939131;1;Intermediacion financiera;ANGELA PATRICIA HERRERA PINEDA;contabilidad@coopemsura.com.co;1
33;ANTIOQUIA;MEDELLIN;SI;94825098167;2026-07;SI;2026-07-31;1805;07/31/2026 05:00:00 PM;JULIO;2026;FORJAR CAJA COOPERATIVA;FORJAR;890-905-327-7;Especializada de ahorro y credito;ANTIOQUIA;MEDELLÍN;CALLE 52 # 47 - 42;4482894;1;Intermediacion financiera;FRANCISCO LUIS CASTRILLON SALAZAR;contabilidad@forjarcooperativa.com;1
34;ANTIOQUIA;ENTRERRIOS;SI;94582050051;2026-07;SI;2026-07-31;1755;07/31/2026 05:00:00 PM;JULIO;2026;COOPERATIVA DE AHORRO Y CREDITO DE ENTRERRIOS LTDA;COOPECREDITO;890-910-254-8;Especializada de ahorro y credito;ANTIOQUIA;ENTRERRÍOS;CLL 10 12 07;8670147;1;Intermediacion financiera;SANDRA MARIA BUSTAMANTE GAVIRIA;coopecredito@coopecredito.com.co;1
35;ANTIOQUIA;MEDELLIN;SI;84009172863;2026-07;SI;2026-07-31;1435;07/31/2026 05:00:00 PM;JULIO;2026;COOPERATIVA MULTIACTIVA UNIVERSITARIA NACIONAL;COMUNA;890-985-077-2;Especializada de ahorro y credito;ANTIOQUIA;MEDELLÍN;CALLE 50 NO. 42-55;4310331;24;Servicios de credito;JORGE MARIO URIBE VELEZ;gestiondocumental@comuna.com.co;1
36;NORTE DE SANTANDER;SAN JOSE DE CUCUTA;SI;83577231830;2026-07;SI;2026-07-31;13576;07/31/2026 05:00:00 PM;JULIO;2026;COOPERATIVA MULTIACTIVA DE PIMPINEROS DEL NORTE;COOMULPINORT;900-297-348-7;Multiactiva sin seccion de ahorro;NORTE DE SANTANDER;SAN JOSÉ DE CÚCUTA;AV 0B  N. 21-09 BARRIO BLANCO;5951857;12;Consumo (comercio);MARIO ALBERTO AREVALO PERDOMO;coomulpinort@hotmail.com;1
37;CUNDINAMARCA;CHIPAQUE;SI;77727346285;2026-07;SI;2026-07-31;912;07/31/2026 05:00:00 PM;JULIO;2026;COOPERATIVA DE AHORRO Y CREDITO DE CHIPAQUE;COOPCHIPAQUE;860-065-351-1;Especializada de ahorro y credito;CUNDINAMARCA;CHIPAQUE;CRA 4 #5-31;9184108;1;Intermediacion financiera;MAGDA GARIBELLO BARBOSA;coopchipaque@gmail.com;1
38;ANTIOQUIA;MEDELLIN;SI;76888880318;2026-07;SI;2026-07-31;1414;07/31/2026 05:00:00 PM;JULIO;2026;COOPERATIVA DE TRABAJADORES DEL SENA;COOTRASENA;890-906-852-7;Especializada de ahorro y credito;ANTIOQUIA;MEDELLÍN;CR 65A CL 48D-02;4442533;1;Intermediacion financiera;OSMAR YEISON RIVERA PEREZ;cootrasena@cootrasena.com.co;1
39;ANTIOQUIA;MEDELLIN;SI;66308684185;2026-07;SI;2026-07-31;1827;07/31/2026 05:00:00 PM;JULIO;2026;COOPERATIVA DE AHORRO Y CREDITO SAN LUIS;COOSANLUIS;890-922-066-1;Especializada de ahorro y credito;ANTIOQUIA;MEDELLÍN;CR. 47 NO.52-66 PISO 2;4448427;1;Intermediacion financiera;JAIME ADOLFO OROZCO TOBON;dirfinanciero@coosanluis.coop;1
40;ANTIOQUIA;GUATAPE;SI;63368953689;2026-07;SI;2026-07-31;1365;07/31/2026 05:00:00 PM;JULIO;2026;COOPERATIVA LEON XIII LTDA DE GUATAPE;;890-904-945-4;Multiactiva con ahorro y credito;ANTIOQUIA;GUATAPÉ;CR 30 30-29;3222433;1;Intermediacion financiera;GASPAR ELIAS SALAZAR JARAMILLO;cooperativa@leonxiii.coop;1
41;ANTIOQUIA;MEDELLIN;SI;63073687255;2026-07;SI;2026-07-31;1813;07/31/2026 05:00:00 PM;JULIO;2026;COOPERATIVA FRATERNIDAD SACERDOTAL LTDA;COOFRASA;890-982-420-2;Especializada de ahorro y credito;ANTIOQUIA;MEDELLÍN;CRA 49 57-51;;1;Intermediacion financiera;FRANCISCOJAVIER LONDO?O LONDO?O;contabilidad@coofrasa.coop;1
42;ANTIOQUIA;MEDELLIN;SI;60995840019;2026-07;SI;2026-07-31;1615;07/31/2026 05:00:00 PM;JULIO;2026;COMFAMIGOS COOPERATIVA DE AHORRO Y CREDITO;COMFAMIGOS;890-982-409-0;Especializada de ahorro y credito;ANTIOQUIA;MEDELLÍN;CRA 43 ?49-58;4483594;1;Intermediacion financiera;ALEYDA MARIA RUIZ DUQUE;contabilidad@comfamigos.coop;1
43;ANTIOQUIA;MEDELLIN;SI;60879898933;2026-07;SI;2026-07-31;1649;07/31/2026 05:00:00 PM;JULIO;2026;COOPERATIVA ESPECIALIZADA DE AHORRO Y CREDITO COOPERENKA;COOPERENKA;890-907-710-4;Especializada de ahorro y credito;ANTIOQUIA;MEDELLÍN;CALLE 48 B 66 45;4442673;1;Intermediacion financiera;CARLOS ANDRES LOPEZ SIERRA;contador@cooperenka.com.co;1
44;NORTE DE SANTANDER;SAN JOSE DE CUCUTA;SI;56825335663;2026-07;SI;2026-07-31;8587;07/31/2026 05:00:00 PM;JULIO;2026;COOPERATIVA MULTIACTIVA DE EDUCADORES DEL NORTE DE SANTANDER LTDA;COOMULDENORTE;807-007-570-6;Multiactiva sin seccion de ahorro;NORTE DE SANTANDER;SAN JOSÉ DE CÚCUTA;CALLE 15A 1E-77 CAOBOS;;99;Otras actividades;RUBEN ANGEL BECERRA AREVALO;contabilidad@coomuldenorte.com.co;1
45;ANTIOQUIA;BETULIA;SI;56057359381;2026-07;SI;2026-07-31;13426;07/31/2026 05:00:00 PM;JULIO;2026;COOPERATIVA DE CAFICULTORES DELSUROSTE DE ANTIOQUIA;COOPESUR;900-547-850-7;Multiactiva sin seccion de ahorro;ANTIOQUIA;BETULIA;CALLE 21 23 11 LOCAL 3;8436703;12;Consumo (comercio);EDUARD ESTEBAN PIEDRAHITA BEDOYA;cooperativacoopesur@hotmail.com;1
46;ANTIOQUIA;SALGAR;SI;55961520202;2026-07;SI;2026-07-31;1603;07/31/2026 05:00:00 PM;JULIO;2026;COOPERATIVA DE CAFICULTORES DE SALGAR LTDA.;COOCAFISA;890-907-323-7;Multiactiva sin seccion de ahorro;ANTIOQUIA;SALGAR;CALLE 30 # 28 - 69;6048442029;4;Agricola;HERNANDO DE JESUS RESTREPO PIEDRAHITA;coocafisa@coocafisa.com;1
47;ANTIOQUIA;MEDELLIN;SI;55036825152;2026-07;SI;2026-07-31;1302;07/31/2026 05:00:00 PM;JULIO;2026;COPERATIVA INDEPENDIENTE DE EMPLEADOS DE ANTIOQUIA;CIDESA;890-982-297-2;Especializada de ahorro y credito;ANTIOQUIA;MEDELLÍN;CRA 47 N 52-86  INT   322;6040982;1;Intermediacion financiera;FANNY EUGENIA LOPERA JARAMILLO;cidesa@cidea.com.co;1
48;ANTIOQUIA;MEDELLIN;SI;54823819185;2026-07;SI;2026-07-31;1457;07/31/2026 05:00:00 PM;JULIO;2026;COOPERATIVA DE TRABAJADORES DEPARTAMENTALES DE ANTIOQUIA;COONECTA;890-909-288-6;Especializada de ahorro y credito;ANTIOQUIA;MEDELLÍN;CARRERA 51 # 41 - 144;4035600;1;Intermediacion financiera;LUZ ESTELLA ZULUAGA ARISTIZABAL;gerencia@coonecta.coop;1
49;ANTIOQUIA;MEDELLIN;SI;54000866033;2026-07;SI;2026-07-31;1512;07/31/2026 05:00:00 PM;JULIO;2026;COOPERATIVA DE AHORRO Y CREDITO COOYAMOR;COYAMOR;811-010-302-4;Especializada de ahorro y credito;ANTIOQUIA;MEDELLÍN;CL 34 43 66 OF 223;2320221;1;Intermediacion financiera;MARIA ISABEL GOMEZ OSSA;cooperativa@coyamor.com;1
50;ANTIOQUIA;MEDELLIN;SI;53320084025;2026-07;SI;2026-07-31;1442;07/31/2026 05:00:00 PM;JULIO;2026;COOPERATIVA DE AHORRO Y CREDITO COOSERVUNAL;COOSERVUNAL;890-984-981-1;Especializada de ahorro y credito;ANTIOQUIA;MEDELLÍN;CR 66 49B 20;6051844;1;Intermediacion financiera;MANUELA TORO ZAPATA;manuelat@cooservunal.coop;1
51;ANTIOQUIA;MEDELLIN;SI;51489778688;2026-07;SI;2026-07-31;10555;07/31/2026 05:00:00 PM;JULIO;2026;COOPERATIVA DE AHORRO Y CREDITO UNION COLOMBIANA;COMUNION;900-068-438-1;Especializada de ahorro y credito;ANTIOQUIA;MEDELLÍN;CL 33AA #82A-112;;24;Servicios de credito;MARIO FERNANDO MERA RODRIGUEZ;contabilidad@coomunion.com;1
52;ANTIOQUIA;MEDELLIN;SI;47786195144;2026-07;SI;2026-07-31;1422;07/31/2026 05:00:00 PM;JULIO;2026;PREVISORA SOCIAL COOPERATIVA VIVIR;VIVIR;800-108-302-7;Organismo de representacion;ANTIOQUIA;MEDELLÍN;CARRERA 47 N.55- 55;5204420;3;Organismos de representacion;EDWIN ALBEIRO PEREZ RIVERA;coopvivirmedellin@losolivos.co;1
53;ANTIOQUIA;GOMEZ PLATA;SI;46972570522;2026-07;SI;2026-07-31;1756;07/31/2026 05:00:00 PM;JULIO;2026;COOPERATIVA AHORRO Y CREDITO GOMEZ PLATA LTDA.;COOGOMEZPLATA;890-985-772-3;Especializada de ahorro y credito;ANTIOQUIA;GÓMEZ PLATA;CRA51 50 17;6043376;1;Intermediacion financiera;NORELI ANDREA RESTREPO RUIZ;gerencia@coogomezplata.com;1
54;NORTE DE SANTANDER;SAN JOSE DE CUCUTA;SI;44794694870;2026-07;SI;2026-07-31;3283;07/31/2026 05:00:00 PM;JULIO;2026;SERVICIOS FUNERARIOS COOPERATIVOS DE NORTE DE SANTANDER;SERFUNORTE;800-254-697-5;Organismo de caracter economico;NORTE DE SANTANDER;SAN JOSÉ DE CÚCUTA;AVENIDA GRAN COLOMBIA  4E-39 BRR POPULAR;5755210;14;Servicios funerarios;BERTHA MARINA LEAL ALARCON;cucuta@losolivos.co;1
55;ANTIOQUIA;MEDELLIN;SI;43997108769;2026-07;SI;2026-07-31;7759;07/31/2026 05:00:00 PM;JULIO;2026;COOPERATIVA DE CAFICULTORES DE ANTIOQUIA;CCA;811-025-861-5;Multiactiva sin seccion de ahorro;ANTIOQUIA;MEDELLÍN;CARRERA 77 NRO 34 41;2505286;12;Consumo (comercio);RAFAEL IGNACIO GOMEZ GIRALDO;rafael.gomez@cafedeantioquia.com;1
56;ANTIOQUIA;MEDELLIN;SI;43600824348;2026-07;SI;2026-07-31;1811;07/31/2026 05:00:00 PM;JULIO;2026;COOPERATIVA DE AHORRO Y CREDITO UNIVERSITARIA BOLIVARIANA;CUB;890-907-038-2;Especializada de ahorro y credito;ANTIOQUIA;MEDELLÍN;CIRCULAR 1 # 68-90;4484308;1;Intermediacion financiera;CARLOS ALBERTO OSORNO;gerencia@bolivariana.coop;1
57;ANTIOQUIA;MEDELLIN;SI;40559293384;2026-07;SI;2026-07-31;1632;07/31/2026 05:00:00 PM;JULIO;2026;AVANCOP COOPERATIVA DE AHORRO Y CREDITO;AVANCOP;890-981-212-2;Especializada de ahorro y credito;ANTIOQUIA;MEDELLÍN;CRA 47 50 24 OF 704;5908704;1;Intermediacion financiera;YERLY TATIANA CIFUENTES TANGARIFE;administracion@avancop.co;1
58;ATLÁNTICO;BARRANQUILLA;SI;36231734358;2026-07;SI;2026-07-31;2931;07/31/2026 05:00:00 PM;JULIO;2026;COOPERATIVA DE EMPLEADOS DEL SECTOR ENERGETICO COLOMBIANO;CEDEC;890-104-291-3;Multiactiva sin seccion de ahorro;ATLÁNTICO;BARRANQUILLA;CRA. 60 75-130;3854446;24;Servicios de credito;ROBERTO JOSE LATTA ARIAS;cedec@cedec.com.co;1
59;NORTE DE SANTANDER;OCANA;SI;35340038132;2026-06;SI;2026-06-30;3264;06/30/2026 05:00:00 PM;JUNIO;2026;COOPERATIVA DE CAFICULTORES DEL CATATUMBO LTDA.;COOPERACAFE;890-503-586-2;Multiactiva sin seccion de ahorro;NORTE DE SANTANDER;OCAÑA;CALLE 7 # 28-27;3103760222;12;Consumo (comercio);TERESA ASCANIO GUTIERREZ;info@cooperacafe.com;2
60;ANTIOQUIA;BETULIA;SI;35201801514;2026-06;SI;2026-06-30;16362;06/30/2026 05:00:00 PM;JUNIO;2026;PRECOOPERATIVA CAFETERA DE ANTIOQUIA;;901-688-979-6;Multiactiva sin seccion de ahorro;ANTIOQUIA;BETULIA;CL 21 18 31;;4;Agricola;;info@coopcafeantioquia.com;2
61;ANTIOQUIA;MEDELLIN;SI;34932302993;2026-07;SI;2026-07-31;1319;07/31/2026 05:00:00 PM;JULIO;2026;COOPERATIVA DE AHORRO Y CREDITO COOTRAMED;COOTRAMED;890-905-859-3;Especializada de ahorro y credito;ANTIOQUIA;MEDELLÍN;CR 54 40 A 26;4446111;1;Intermediacion financiera;JUAN GABRIEL ARCILA MONTOYA;info@cootramed.coop;1
62;ATLÁNTICO;BARRANQUILLA;SI;34698640665;2026-07;SI;2026-07-31;2878;07/31/2026 05:00:00 PM;JULIO;2026;COOPERATIVA MULTIACTIVA COOMONOMEROS;COOMONOMEROS;800-000-122-2;Especializada de ahorro y credito;ATLÁNTICO;BARRANQUILLA;MONOMEROS VIA 40 LAS FLORES;3618191;1;Intermediacion financiera;CARLOS HORACIO RODRIGUEZ MARTINEZ;coomonomeros@coomonomeros.com.co;1
63;ANTIOQUIA;MEDELLIN;SI;34448833649;2026-06;SI;2026-06-30;13290;06/30/2026 05:00:00 PM;JUNIO;2026;PRE COOPERATIVA AGRICOLA Y MINERA COOAGROSUR;COOAGROSUR;900-415-486-2;Especializada sin seccion de ahorro;ANTIOQUIA;MEDELLÍN;CL 6 SUR 43 A 200;4795552;12;Consumo (comercio);Alejandra Marcela Diez Salazar;c.cooagrosur@gmail.com;2
64;NORTE DE SANTANDER;TEORAMA;SI;33854937413;2026-07;SI;2026-07-31;3249;07/31/2026 05:00:00 PM;JULIO;2026;COOPERATIVA INTEGRAL PARA EL DESARROLLO SOCIAL Y ECONOMICO DE TEORAMA;COOPINTEGRATE;800-103-677-0;Especializada de ahorro y credito;NORTE DE SANTANDER;TEORAMA;CRA 4 CL 5 ESQUINA;;1;Intermediacion financiera;Yaneth Madariaga Montejo;gerencia@coopintegrate.com;1
65;ANTIOQUIA;APARTADO;SI;33393559914;2026-06;SI;2026-06-30;1817;06/30/2026 05:00:00 PM;JUNIO;2026;COOPERATIVA DE EDUCACION DE URABA;EDUCOOP;890-917-555-1;Especializada sin seccion de ahorro;ANTIOQUIA;APARTADÓ;DIAGONAL 105C # 99C 51;8156569;9;Educacion;LIGIA IBARRA IBARRA ARBOLEDA;gerencia@educoop.com.co;2
66;CUNDINAMARCA;FUNZA;SI;33072342879;2026-06;SI;2026-06-30;1258;06/30/2026 05:00:00 PM;JUNIO;2026;COOPERATIVA DE EMPLEADOS DE ITALCOL  ITALCOOP;ITALCOOP;860-090-873-8;Multiactiva sin seccion de ahorro;CUNDINAMARCA;FUNZA;KM 13 VIA OCCIDENTE;4221370;12;Consumo (comercio);EDWIN IBAGUE COTRINO;contador@italcoop.com;2
67;ANTIOQUIA;SAN ROQUE;SI;33024842883;2026-07;SI;2026-07-31;1386;07/31/2026 05:00:00 PM;JULIO;2026;COOPERATIVA SAN ROQUE;COOSANROQUE;890-907-575-6;Especializada de ahorro y credito;ANTIOQUIA;SAN ROQUE;CL 20 20 38;8656720;1;Intermediacion financiera;WALTER DARIO LONDO?O OSPINA;agenciasanroque@coosanroque.com;1
68;NORTE DE SANTANDER;SAN JOSE DE CUCUTA;SI;31412892255;2026-07;SI;2026-07-31;4958;07/31/2026 05:00:00 PM;JULIO;2026;COOPERATIVA DE PRODUCTORES DE CARBON DE CERRO GUAYABO COOPROCARCEGUA;COOPROCARCEGUA;807-000-829-6;Especializada sin seccion de ahorro;NORTE DE SANTANDER;SAN JOSÉ DE CÚCUTA;AV 3 11 40 EDF SAN MARTIN;5487011;8;Mineria;OSCAR MAURICIO ORTEGA BALLESTEROS;info@cooprocarcegua.com;1
69;ANTIOQUIA;MEDELLIN;SI;31125348902;2026-06;SI;2026-06-30;1372;06/30/2026 05:00:00 PM;JUNIO;2026;COOPERATIVA MULTIACTIVA SAN ANTONIO DE PRADO;COOMULSAP;800-055-169-4;Multiactiva sin seccion de ahorro;ANTIOQUIA;MEDELLÍN;CALLE 42 SUR 69 A -58;4444262;9;Educacion;MARIA TERESA GOMEZ SALAZAR;coomulsap@coomulsap.com;2
70;CUNDINAMARCA;ZIPAQUIRA;SI;29519234050;2026-07;SI;2026-07-31;1128;07/31/2026 05:00:00 PM;JULIO;2026;COOPERATIVA DE AHORRO Y CREDITO LIMITADA;ALCALICOOP;860-009-359-1;Especializada de ahorro y credito;CUNDINAMARCA;ZIPAQUIRÁ;CR 10 12 57;8882498;1;Intermediacion financiera;LUCERO GOMEZ ABRIL;dir_financiera@alcalicoop.coop;1
71;ANTIOQUIA;MEDELLIN;SI;29329074503;2026-07;SI;2026-07-31;1306;07/31/2026 05:00:00 PM;JULIO;2026;COOPEREN, COOPERATIVA DE AHORRO Y CREDITO;COOPEREN;890-982-530-4;Especializada de ahorro y credito;ANTIOQUIA;MEDELLÍN;CRA 44 NO. 49-26;4441718;1;Intermediacion financiera;YUDI LILLIANA AGUILAR MARIN;clopez@cooperen.com;1
72;ANTIOQUIA;MARINILLA;SI;28968306685;2026-06;SI;2026-06-30;8379;06/30/2026 05:00:00 PM;JUNIO;2026;COOPERATIVA INDUSTRIAL DE MARINILLA;COOPIMAR CTA;811-013-986-5;Cooperativas de trabajo asociado;ANTIOQUIA;MARINILLA;CALLE 27 51 391;3229913;13;Industria;MARIA CRISTINA HURTADO GOMEZ;contabilida@coopimar.co;2
73;ANTIOQUIA;MEDELLIN;SI;26272104120;2026-07;SI;2026-07-31;1489;07/31/2026 05:00:00 PM;JULIO;2026;COOPERATIVA DE CAFICULTORES DEL OCCIDENTE DE ANTIOQUIA;COOPEOCCIDENTE;800-021-698-2;Multiactiva sin seccion de ahorro;ANTIOQUIA;MEDELLÍN;CRA 50#5014 ED BANCO POPULAR PISO 20 PARQUE BERRIO;4443075;4;Agricola;JORGE ALBERTO GIRALDO GARCIA;contabilidad@coopeoccidente.com.co;1
74;CUNDINAMARCA;MOSQUERA;SI;25889884407;2026-07;SI;2026-07-31;199;07/31/2026 05:00:00 PM;JULIO;2026;COOPERATIVA MULTIACTIVA DE DETALLISTAS DE COLOMBIA;COORATIENDAS;860-051-170-2;Multiactiva sin seccion de ahorro;CUNDINAMARCA;MOSQUERA;AV TRONCAL DE OCC 18 76 STO DOMINGO;4100599;12;Consumo (comercio);EDER CASTELLANOS SOCHA;gerencia@cooratiendas.com;1
75;BOLÍVAR;CARTAGENA DE INDIAS;SI;25250171767;2026-06;SI;2026-06-30;1589;06/30/2026 05:00:00 PM;JUNIO;2026;CENTRAL COOPERATIVA DE SERVICIOS FUNERARIOS DE C/GENA;CARTAFUN;800-149-226-0;Organismo de caracter economico;BOLÍVAR;CARTAGENA DE INDIAS;LA CORDIALIDAD TV 54 NO 31J-27;6631301;14;Servicios funerarios;CLARA ESTER ROSA PUERTA MONTERO;cartafun@losolivos.co;2
76;ANTIOQUIA;MEDELLIN;SI;25234941597;2026-07;SI;2026-07-31;1459;07/31/2026 05:00:00 PM;JULIO;2026;COOPERATIVA TELEPOSTAL LTDA;TELEPOSTAL;890-904-894-7;Especializada de ahorro y credito;ANTIOQUIA;MEDELLÍN;CALLE 50 46 36 OF 404 ED FURATENA;4447424;1;Intermediacion financiera;RAUL EDUARDO PE?A RAMIREZ;contabilidad@telepostal.coop;1
77;ANTIOQUIA;MEDELLIN;SI;24658264628;2026-06;SI;2026-06-30;1812;06/30/2026 05:00:00 PM;JUNIO;2026;COOPERATVA DE MILITARES EN RETIRO DE ANTIOQUIA;COOMITAN;890-901-173-1;Multiactiva sin seccion de ahorro;ANTIOQUIA;MEDELLÍN;CALLE 49 40 63;2161022;9;Educacion;ALVARO MORANTES ACU?A;contabilidad@colmiljosemariacordoba.edu.co;2
78;NORTE DE SANTANDER;LA PLAYA;SI;23969331342;2026-07;SI;2026-07-31;3316;07/31/2026 05:00:00 PM;JULIO;2026;COOPERATIVA DE AHORRO Y CREDITO LA PLAYA DE BELEN LTDA;COODIN;800-038-375-3;Especializada de ahorro y credito;NORTE DE SANTANDER;LA PLAYA;CARRERA 2 3 07;;1;Intermediacion financiera;ALVARO GARCIA CELIS;contabilidad@coodin.co;1
79;NORTE DE SANTANDER;EL ZULIA;SI;23458246749;2026-06;SI;2026-06-30;3365;06/30/2026 05:00:00 PM;JUNIO;2026;COOPERATIVA PALMAS RISARALDA LTDA;COOPAR;800-159-103-6;Especializada sin seccion de ahorro;NORTE DE SANTANDER;EL ZULIA;KM 7 VIA TIBU VDA AGUALAZAR;;13;Industria;BLADIMIR PEREZ NI?O;info@cooparcolombia.com;2
80;ANTIOQUIA;APARTADO;SI;23076053112;2026-06;SI;2026-06-30;3613;06/30/2026 05:00:00 PM;JUNIO;2026;COOPERATIVA DE TRABAJADORES  DE BANACOL;COOTRABAN LTDA;800-134-095-7;Multiactiva sin seccion de ahorro;ANTIOQUIA;APARTADÓ;CALLE 97 99 33 AV LAS MARGARITAS;8155930;12;Consumo (comercio);OSCAR SALAS JULIO;contabilidad@cootraban.com;2
81;ANTIOQUIA;MACEO;SI;21276090762;2026-07;SI;2026-07-31;1356;07/31/2026 05:00:00 PM;JULIO;2026;COOPERATIVA LEON XIII DE MACEO LTDA;COOPMACEO LTDA.;890-904-028-5;Multiactiva con ahorro y credito;ANTIOQUIA;MACEO;CRA 30 N?. 30 - 20;6048640152;1;Intermediacion financiera;INES DEL SOCORRO PULGARIN AGUDELO;coopmaceolimitada@yahoo.es;1
82;ANTIOQUIA;ITAGUI;SI;20621919557;2026-07;SI;2026-07-31;1644;07/31/2026 05:00:00 PM;JULIO;2026;COOCERVUNION COOPERATIVA DE AHORRO Y CREDITO;COOCERVUNION;890-982-364-8;Especializada de ahorro y credito;ANTIOQUIA;ITAGÜÍ;CR 50 A # 37 34;4480396;1;Intermediacion financiera;LEIDY CRISTINA ACOSTA HINESTROZA;gerencia@coocervunion.com;1
83;ANTIOQUIA;EL BAGRE;SI;20093994050;2026-07;SI;2026-07-31;1824;07/31/2026 05:00:00 PM;JULIO;2026;COOPERATIVA MULTIACTIVA EL BAGRE LTDA;COOBAGRE;890-904-368-4;Multiactiva con ahorro y credito;ANTIOQUIA;EL BAGRE;CALLE 50 # 47A 31,;8372170;2;Servicios de ahorro y credito;YUNEIDA DEL CARMEN BENAVIDES ROMERO;contabilidad@coobagre.com;1
84;ANTIOQUIA;MEDELLIN;SI;19218199053;2026-06;SI;2026-06-30;6970;06/30/2026 05:00:00 PM;JUNIO;2026;COOPERATIVA MULTIACTIVA DE VIVIENDA Y PRODUCCION LA CABA#A;COOVIPROC;800-072-480-2;Multiactiva sin seccion de ahorro;ANTIOQUIA;MEDELLÍN;CALLE 52 52 11 OF 205;4440227;24;Servicios de credito;JOSE ALBAN MEDINA ARIAS;contabilidad@cooviproc.com;2
85;BOLÍVAR;CARTAGENA DE INDIAS;SI;19158655039;2026-06;SI;2026-06-30;7561;06/30/2026 05:00:00 PM;JUNIO;2026;COOPERATIVA MULTIACTIVA DE SEGURIDAD SOCIAL COMSES;COMSES;806-008-243-3;Aportes y credito;BOLÍVAR;CARTAGENA DE INDIAS;CR48 NO 30-154;6740162;12;Consumo (comercio);VERONICA PEREZ RAMOS;gerencia@comses.org;2
86;NORTE DE SANTANDER;SAN JOSE DE CUCUTA;SI;18384877785;2026-06;SI;2026-06-30;3263;06/30/2026 05:00:00 PM;JUNIO;2026;COOPERATIVA DE EMPLEADOS DEL HOSPITAL ERASMO MEOZ;COOHEM;800-126-897-3;Multiactiva sin seccion de ahorro;NORTE DE SANTANDER;SAN JOSÉ DE CÚCUTA;AV 11E 3N-10 GOVIKA;5956214;24;Servicios de credito;HECTOR SAMUEL TARAZONA DURAN;coohem@hotmail.com;2
87;NORTE DE SANTANDER;EL CARMEN;SI;18313059048;2026-07;SI;2026-07-31;3278;07/31/2026 05:00:00 PM;JULIO;2026;COOPERATIVA ESPECIALIZADA DE AHORRO Y CREDITO COINPROGUA LTDA;COINPROGUA;800-113-429-3;Especializada de ahorro y credito;NORTE DE SANTANDER;EL CARMEN;CRA 7 NO 6A 24 CENTRO GUAMALITO;;1;Intermediacion financiera;MARITZA QUINTANA TORRES;coinprogua@coinprogua.com;1
88;ANTIOQUIA;MEDELLIN;SI;18274254143;2026-07;SI;2026-07-31;1363;07/31/2026 05:00:00 PM;JULIO;2026;COOPERATIVA CONSUMO;SUMEMOS COOP;890-901-172-4;Multiactiva sin seccion de ahorro;ANTIOQUIA;MEDELLÍN;CRA 81 32 204 OF 512;5804999;12;Consumo (comercio);GUILLERMO  LEON ARBOLEDA GOMEZ;tesoreria@sumemoscoop.com;1
89;ANTIOQUIA;MEDELLIN;SI;17027443104;2026-07;SI;2026-07-31;1751;07/31/2026 05:00:00 PM;JULIO;2026;COOPERATIVA SAN VICENTE DE PAUL LTDA.;COOSVICENTE;890-981-497-4;Especializada de ahorro y credito;ANTIOQUIA;MEDELLÍN;CL 31 A 65 F 30;4445219;1;Intermediacion financiera;EDWARD PINZON COGOLLO;coosvicente@coosvicente.com;1
90;CUNDINAMARCA;SAN FRANCISCO;SI;16926960513;2026-07;SI;2026-07-31;271;07/31/2026 05:00:00 PM;JULIO;2026;COOPERATIVA FINANCIERA SAN FRANCISCO;COOPSANFRANCISCO;860-045-262-7;Especializada de ahorro y credito;CUNDINAMARCA;SAN FRANCISCO;CR 7 N 3 50;;1;Intermediacion financiera;ROSA TEMILDA BALLEN CHACON;coopsanfrancisco@hotmail.com;1
91;ANTIOQUIA;MARINILLA;SI;16053676050;2026-07;SI;2026-07-31;1416;07/31/2026 05:00:00 PM;JULIO;2026;INDUSTRIA COOPERATIVA DE MARINILLA;INCOOMAR;890-932-766-1;Cooperativas de trabajo asociado;ANTIOQUIA;MARINILLA;CALLE 28A #37-20;5484474;13;Industria;NORA RAMIREZ GOMEZ;contabilidad@incoomar.co;2
92;NORTE DE SANTANDER;SAN JOSE DE CUCUTA;SI;15732117087;2026-06;SI;2026-06-30;3193;06/30/2026 05:00:00 PM;JUNIO;2026;COOPERATIVA MULTIACTIV DE TRABAJADORES DEL NORTE DE SANTANDER LTDA.;COOMUTRANORT LTDA.;890-501-609-4;Multiactiva sin seccion de ahorro;NORTE DE SANTANDER;SAN JOSÉ DE CÚCUTA;CL 13 2  55 BR LA PLAYA;;24;Servicios de credito;GUSTAVO ACEVEDO RUEDA;cooperativacoomutranort@hotmail.com;2
93;ANTIOQUIA;EL SANTUARIO;SI;15613532897;2026-07;SI;2026-07-31;1409;07/31/2026 05:00:00 PM;JULIO;2026;EMPRESA COOPERATIVA EL SANTUARIO COOPERATIVA DE TRABAJO ASOCIADO;ECOOELSA CTA;890-985-389-5;Cooperativas de trabajo asociado;ANTIOQUIA;EL SANTUARIO;CRA 40C 49B-10;6043207510;13;Industria;FANNY HELDA GOMEZ OROZCO;contabilidad@ecooelsa.co;2
94;ANTIOQUIA;BELMIRA;SI;14896893760;2026-07;SI;2026-07-31;1339;07/31/2026 05:00:00 PM;JULIO;2026;COOPERATIVA MULTIACTIVA ANTONIO JOSE JARAMILLO TOBON;COOBELMIRA;890-903-152-6;Multiactiva con ahorro y credito;ANTIOQUIA;BELMIRA;CARRERA 21 NO 20-29;8674027;;;RAFAEL ANGEL VALENCIA VILLA;contabilidad@coobelmira.com;1
95;CUNDINAMARCA;FUNZA;SI;14588918001;2026-06;SI;2026-06-30;1110;06/30/2026 05:00:00 PM;JUNIO;2026;COOPERATIVA DE EDUCACION Y OTROS SERVICIOS DE FUNZA;CODEFUNZA;860-031-432-1;Especializada sin seccion de ahorro;CUNDINAMARCA;FUNZA;CALLE 15 # 16 - 50;;9;Educacion;WILSON GUZMAN CIFUENTES;gerencia@codefunza.edu.co;2
96;ATLÁNTICO;BARRANQUILLA;SI;14475305072;2026-06;SI;2026-06-30;9135;06/30/2026 05:00:00 PM;JUNIO;2026;COOPERATIVADE COMERCIANTE DEL CARIBE;COOPDECOOP;802-022-615-3;Multiactiva sin seccion de ahorro;ATLÁNTICO;BARRANQUILLA;CALLE 41 46-158;3791848;99;Otras actividades;FRANKLIN ANTONIO CADAVID DAZA;contabilidad@coopdecoc.com;2
97;ANTIOQUIA;ENTRERRIOS;SI;14137261565;2026-06;SI;2026-06-30;1653;06/30/2026 05:00:00 PM;JUNIO;2026;COOPERATIVA AGROPECUARIA DE ENTRERRIOS LTDA;COOAGROPECUARIA;890-982-515-3;Multiactiva sin seccion de ahorro;ANTIOQUIA;ENTRERRÍOS;CR 11 11A 42;8670170;12;Consumo (comercio);JAIME HUMBERTO VARELA LONDO?O;gerencia@cooagropecuaria.coop;2
98;ANTIOQUIA;ANDES;SI;14040799996;2026-06;SI;2026-06-30;4771;06/30/2026 05:00:00 PM;JUNIO;2026;COOPERATIVA AGROMULTIACTIVA SAN BARTOLO;COMSAB;800-229-735-1;Multiactiva sin seccion de ahorro;ANTIOQUIA;ANDES;DG 53 53 47;8415713;12;Consumo (comercio);GLORIA LILIANA VELEZ QUINTERO;d.administrativo@sanbartolo.co;2
99;NORTE DE SANTANDER;PAMPLONA;SI;13187910420;2026-06;SI;2026-06-30;3234;06/30/2026 05:00:00 PM;JUNIO;2026;COOP MULTIACTIVA DE EMP. OFI UNIVERSIDAD Y PROVINCIA DE PAMPLONA;COOMULTRUP;890-502-419-6;Aportes y credito;NORTE DE SANTANDER;PAMPLONA;CARRERA 7 # 3-52;;24;Servicios de credito;OLGA LUCIA FERNANDEZ ROMERO;info@coomultrup.com;2
100;ANTIOQUIA;MEDELLIN;SI;13032757922;2026-07;SI;2026-07-31;1324;07/31/2026 05:00:00 PM;JULIO;2026;COOPERATIVA DE ASESORES EN INVERSIONES COOASESORES;COOASESORES CTA;800-152-512-3;Cooperativas de trabajo asociado;ANTIOQUIA;MEDELLÍN;CRA 71 #C4-22;3699900;99;Otras actividades;ANA YASMIN GALLEGO MONTOYA;provision@provision.com.co;2
101;ANTIOQUIA;MEDELLIN;SI;12579423898;2026-07;SI;2026-07-31;1630;07/31/2026 05:00:00 PM;JULIO;2026;COOPERATIVA DE AHORRO Y CREDITO DE EMPLEADOS DEL SECTOR FINANCIERO;COOEBAN;800-023-773-6;Especializada de ahorro y credito;ANTIOQUIA;MEDELLÍN;CALLE 51 # 48-09;6044809;1;Intermediacion financiera;HENRY VELEZ OSORIO;gerencia@cooeban.com.co;1
102;ATLÁNTICO;BARRANQUILLA;SI;11883253559;2026-07;SI;2026-07-31;2944;07/31/2026 05:00:00 PM;JULIO;2026;COOPERATIVA DE AHORRO Y CREDITO DE LOS TRABJ. Y JUB. DE LA E.M.T.;COOTRATEL;890-102-302-7;Especializada sin seccion de ahorro;ATLÁNTICO;BARRANQUILLA;CALLE 42 41 27;3511510;24;Servicios de credito;ALEJANDRINA ESCORCIA NIEBLES;cootratelbq@gmail.com;1
103;ATLÁNTICO;BARRANQUILLA;SI;11269709079;2026-07;SI;2026-07-31;2890;07/31/2026 05:00:00 PM;JULIO;2026;COOPERATIVA DEL MAGISTERIO DEL ATLANTICO;COOPEMA;890-104-195-4;Multiactiva sin seccion de ahorro;ATLÁNTICO;BARRANQUILLA;CALLE 47 41 109;;99;Otras actividades;JOSE PEREZ IZQUIERDO;gerencia@coopema.com;1
104;NORTE DE SANTANDER;SAN JOSE DE CUCUTA;SI;11065786299;2026-07;SI;2026-07-31;11488;07/31/2026 05:00:00 PM;JULIO;2026;COOPERATIVA DE AHORRO Y CREDITO CAJA UNION;UNION COOPERATIVA;900-206-146-7;Especializada de ahorro y credito;NORTE DE SANTANDER;SAN JOSÉ DE CÚCUTA;AV 1 # 11-66 CENTRO;;1;Intermediacion financiera;WALTER EMILIO ROMERO CARRILLO;contacto@cajaunion.coop;1
105;ANTIOQUIA;MEDELLIN;SI;10350564047;2026-07;SI;2026-07-31;1468;07/31/2026 05:00:00 PM;JULIO;2026;COOPERATIVA DE TRABAJO ASOCIADO SERCONAL;SERCONAL;800-249-637-3;Cooperativas de trabajo asociado;ANTIOQUIA;MEDELLÍN;CRA 69 #32C - 24;;19;Aseo mantenimiento y reciclaje;HUGO NICOLAS USME HOYOS;financiera@serconal.com;2
106;ANTIOQUIA;MEDELLIN;SI;9616377333;2026-07;SI;2026-07-31;1370;07/31/2026 05:00:00 PM;JULIO;2026;COOPERATIVA DE TRABAJADORES DE PINTUCO LTDA. A Y C.;COOPINTUCO LTDA. A;890-907-772-0;Especializada de ahorro y credito;ANTIOQUIA;MEDELLÍN;CALLE 19A # 43B - 41;3225122;1;Intermediacion financiera;LUISA FERNANDA CARDONA OCHOA;operaciones@orbiscoop.com;1
107;CUNDINAMARCA;ZIPAQUIRA;SI;9606920511;2026-06;SI;2026-06-30;11;06/30/2026 05:00:00 PM;JUNIO;2026;COOPERATIVA MULTIACTIVA SALINAS DE COLOMBIA-COOPSALINAS;COOPSALINAS;860-029-633-9;Multiactiva sin seccion de ahorro;CUNDINAMARCA;ZIPAQUIRÁ;CARRERA 10A NO. 6 -66;8826666;24;Servicios de credito;DIANA MARCELA HELO GONZALEZ;contabilidad@coopsalinas.com;2
108;ATLÁNTICO;BARRANQUILLA;SI;8753426550;2026-06;SI;2026-06-30;2945;06/30/2026 05:00:00 PM;JUNIO;2026;COOPERATIVA DE TRABAJADORES DE COMFAMILIAR;COOTRACOM;890-112-343-1;Multiactiva sin seccion de ahorro;ATLÁNTICO;BARRANQUILLA;CL 47 43-57 P2;3406159;99;Otras actividades;LILIANA CASTILLO COMAS;cootracom@comfamiliar.com.co;2
109;CUNDINAMARCA;ZIPAQUIRA;SI;8735458974;2026-06;SI;2026-06-30;1261;06/30/2026 05:00:00 PM;JUNIO;2026;COOPERATIVA DE APORTES Y CREDITO SAN JOSE;;860-024-712-1;Aportes y credito;CUNDINAMARCA;ZIPAQUIRÁ;CARRERA 10 A 6 66 P 2;6018514766;24;Servicios de credito;LISET MARLEN OBANDO AREVALO;coopsanjose05@yahoo.es;2
110;NORTE DE SANTANDER;SAN JOSE DE CUCUTA;SI;8717855761;2026-07;SI;2026-07-31;3282;07/31/2026 05:00:00 PM;JULIO;2026;COOPERATIVA DE AHORRO Y CREDITO DE TELECOMUNICACIONES DE CUCUTA LTDA.;COOPTELECUC;890-506-144-4;Especializada de ahorro y credito;NORTE DE SANTANDER;SAN JOSÉ DE CÚCUTA;CALLE 13 5 23 LC 105 ED JARAMILLO MENDOZA;5960230;1;Intermediacion financiera;DENNIS JISEL GONZALEZ MONSALVE;contabillidadcooptelecuc@gmail.com;1
111;ANTIOQUIA;MEDELLIN;SI;8584720738;2026-07;SI;2026-07-31;1344;07/31/2026 05:00:00 PM;JULIO;2026;COOPERATIVA DE TT DE EL COLOMBIANO LTDA.;CODELCO;890-905-709-7;Especializada de ahorro y credito;ANTIOQUIA;MEDELLÍN;CALLE 5 A  N 43 B 25;4447461;1;Intermediacion financiera;SANDRA CECILIA BUITRAGO DIEZ;codelco@codelco.com.co;1
112;NORTE DE SANTANDER;SAN JOSE DE CUCUTA;SI;8576985123;2026-06;SI;2026-06-30;5135;06/30/2026 05:00:00 PM;JUNIO;2026;COOPERATIVA INTEGRAL DE LA FAMILIA CRISTIANA BETHEL;COOBETHEL;800-160-167-9;Aportes y credito;NORTE DE SANTANDER;SAN JOSÉ DE CÚCUTA;AV 9E 5N-10 LOS PINOS;;24;Servicios de credito;JESUS HERNAN CONTRERAS VARGAS;cooperativacoobethel@hotmail.com;2
113;ANTIOQUIA;BETULIA;SI;8388632849;2026-06;SI;2026-06-30;16153;06/30/2026 05:00:00 PM;JUNIO;2026;COOPERATIVA AGRICOLA CARDINAL;COAGROCARDINAL;901-666-880-1;Multiactiva sin seccion de ahorro;ANTIOQUIA;BETULIA;CL 20 18 20;;12;Consumo (comercio);;coagrocardinal.rl@gmail.com;3
114;ATLÁNTICO;BARRANQUILLA;SI;8387926598;2026-06;SI;2026-06-30;2913;06/30/2026 05:00:00 PM;JUNIO;2026;ACOOLSURE ATLANTICO;ACOOLSURE;800-065-607-1;Especializada sin seccion de ahorro;ATLÁNTICO;BARRANQUILLA;CALLE 76 38C 110;3586360;9;Educacion;GALAN LOPEZ FELIPE;acoolsure@hotmail.com;2
115;CUNDINAMARCA;VILLA DE SAN DIEGO DE UBATE;SI;8261116644;2026-06;SI;2026-06-30;934;06/30/2026 05:00:00 PM;JUNIO;2026;COOPERATIVA MULTIACTIVA DE PRODUCTORES DE CARBON DEL VALLE DE UBATE;COOCARBON LTDA.;860-075-788-7;Multiactiva sin seccion de ahorro;CUNDINAMARCA;VILLA DE SAN DIEGO DE UBATÉ;CRA. 6 4-120;;12;Consumo (comercio);JAVIER SOLIM ANGEL MATEUS;subgerente@coocarbon.com;2
116;ATLÁNTICO;BARRANQUILLA;SI;8088687649;2026-06;SI;2026-06-30;2934;06/30/2026 05:00:00 PM;JUNIO;2026;COOPERATIVA MULTIACTIVA DEL SECTOR ENERGETICO;COOTRAELECTRANTA;890-100-369-0;Multiactiva sin seccion de ahorro;ATLÁNTICO;BARRANQUILLA;CALLE 70 NO 52 54  LOCAL 2-215;6053457825;24;Servicios de credito;MARTHA JOSEFINA PALACIO CABARCAS;cootrael1963@hotmail.com;2
117;ANTIOQUIA;CAUCASIA;SI;7939381652;2026-06;SI;2026-06-30;1485;06/30/2026 05:00:00 PM;JUNIO;2026;COOPERATIVA MULTIACTIVA DE MADRES COMUNITARIAS;COOMACO;811-001-810-6;Multiactiva sin seccion de ahorro;ANTIOQUIA;CAUCASIA;CALLE 11 N 22-43 TRIANGULO;;99;Otras actividades;MARITZA RODRIGUEZ DE RICO;contabilidnomina.coomaco@gmail.com;2
118;CUNDINAMARCA;MADRID;SI;7851640853;2026-06;SI;2026-06-30;802;06/30/2026 05:00:00 PM;JUNIO;2026;COOPERATIVA DE AHORRO Y CREDITO CORONA;COOPCORONA;860-027-888-0;Multiactiva sin seccion de ahorro;CUNDINAMARCA;MADRID;CALLE 6 14 25;8541381;99;Otras actividades;DIEGO ARMANDO CORTES MUNOZ;coopcorona1@yahoo.com;2
119;ANTIOQUIA;ITAGUI;SI;7779827656;2026-06;SI;2026-06-30;1449;06/30/2026 05:00:00 PM;JUNIO;2026;COOPERATIVA MULTIACTIVA PARA LA EDUCACION DE ITAGUI;COOMEI;800-171-406-1;Multiactiva sin seccion de ahorro;ANTIOQUIA;ITAGÜÍ;CR 49 44 15;3741335;99;Otras actividades;JORGE IGNACIO RESTREPO MONTOYA;contabilidad@coomei.co;2
120;ATLÁNTICO;BARRANQUILLA;SI;7478631328;2026-06;SI;2026-06-30;2954;06/30/2026 05:00:00 PM;JUNIO;2026;COOPERATIVA DE EMPLEADOS DE LA DIAN BARRANQUILLA;COOEDIAN;802-003-136-6;Multiactiva sin seccion de ahorro;ATLÁNTICO;BARRANQUILLA;CRA 53  #74-86 OF 405;6053024;24;Servicios de credito;CLAUDIA DEL CARMEN GUZMAN CASTRO;cooedian@hotmail.com;2
121;NORTE DE SANTANDER;SAN JOSE DE CUCUTA;SI;7331169476;2026-06;SI;2026-06-30;13058;06/30/2026 05:00:00 PM;JUNIO;2026;COOPERATIVA DE TRABAJO ASOCIADO SANTA MARTA;COOTRASMAR CTA;900-172-416-2;Cooperativas de trabajo asociado;NORTE DE SANTANDER;SAN JOSÉ DE CÚCUTA;AV 4 16 25 IN 11;5836134;99;Otras actividades;MARIO EDGAR PE?ARANDA PE?ARANDA;cootrasmarcta@hotmail.com;3
122;ANTIOQUIA;MEDELLIN;SI;7232842987;2026-06;SI;2026-06-30;13233;06/30/2026 05:00:00 PM;JUNIO;2026;COOPERATIVA NUEVA PORCICULTURA;COOPORCICULTORES;900-469-860-6;Integral sin seccion de ahorro;ANTIOQUIA;MEDELLÍN;CALLE 48 75 24;;5;Pecuaria;AUGUSTO OSORNO GIL;diradmon@cooporcicultores.com.co;2
123;NORTE DE SANTANDER;SAN JOSE DE CUCUTA;SI;7024195190;2026-06;SI;2026-06-30;3261;06/30/2026 05:00:00 PM;JUNIO;2026;COOPERATIVA MULTIACTIVA   DEL MAGISTERIO PARA EL DESARROLLO DEL NORTE;COOMADENORT;800-209-940-1;Multiactiva sin seccion de ahorro;NORTE DE SANTANDER;SAN JOSÉ DE CÚCUTA;AVENIDA 0 15.45 LC 1;;24;Servicios de credito;MIGUEL FERNANDO CONTRERAS TORRES;coomadenort@hotmail.com;2
124;ATLÁNTICO;BARRANQUILLA;SI;6515836308;2025-12;SI;2025-12-31;7066;12/31/2025 05:00:00 PM;DICIEMBRE;2025;COOPERATIVA INTEGRAL EN SALUD;CONSALUD;802-007-499-2;Cooperativas de trabajo asociado;ATLÁNTICO;BARRANQUILLA;K 58 NO 74 -71;3680858;22;Salud;MADELAYNE MOLINA DE LA TORRE;contabilidadconsalud@gmail.com;2
125;CUNDINAMARCA;FACATATIVA;SI;6255799980;2026-06;SI;2026-06-30;5148;06/30/2026 05:00:00 PM;JUNIO;2026;COOPERATIVA EMPLEADOS DEL HOSPITAL SAN RAFAEL DE FACATATIVA;COOPEMHOS;860-527-952-1;Aportes y credito;CUNDINAMARCA;FACATATIVÁ;CARRERA 3 NO.2-96;8900590;24;Servicios de credito;GUSTAVO CONTRERAS ALFONSO;coopemhos@hotmail.com;2
126;ANTIOQUIA;CAUCASIA;SI;6040012000;2025-12;SI;2025-12-31;16642;12/31/2025 05:00:00 PM;DICIEMBRE;2025;COOPERATIVA DE TRABAJO ASOCIADO APOYO EMPRESARIAL Y REGIONAL;APOYANDO CTA;901-653-808-4;Cooperativas de trabajo asociado;ANTIOQUIA;CAUCASIA;CARRERA 3 # 20-34;;8;Mineria;;ctaapoyoempresarial@hotmail.com;3
127;NORTE DE SANTANDER;SAN JOSE DE CUCUTA;SI;5971279504;2026-03;SI;2026-03-31;8894;03/31/2026 05:00:00 PM;MARZO;2026;COOPERATIVA DE LA CONSTRUCCION EL PALUSTRE;COOPALUSTRE;807-008-519-4;Multiactiva sin seccion de ahorro;NORTE DE SANTANDER;SAN JOSÉ DE CÚCUTA;AV 1 N 7-02;;12;Consumo (comercio);JOSE ARMANDO MOJICA CHACON;contadorpalustre@gmail.com;2
128;ANTIOQUIA;MEDELLIN;SI;5922536287;2025-12;SI;2025-12-31;12125;12/31/2025 05:00:00 PM;DICIEMBRE;2025;COOPERATIVA ANTIOQUE??A CAFETERA;COPEANCAFE;900-273-749-3;Multiactiva sin seccion de ahorro;ANTIOQUIA;MEDELLÍN;CR 51  14  242;3229149;12;Consumo (comercio);CARLOS ARIEL ORTIZ GIRALDO;copeancafe1@hotmail.com;3
129;BOLÍVAR;CARTAGENA DE INDIAS;SI;5851240334;2026-06;SI;2026-06-30;1588;06/30/2026 05:00:00 PM;JUNIO;2026;COOPERATIVA BOLIVARENSE DE LAS FF.MM EN RETIRO;COOABOLSURE LTDA;800-121-486-7;Aportes y credito;BOLÍVAR;CARTAGENA DE INDIAS;BARRIO LOS ALPES TRV 71 71-36;6601067;12;Consumo (comercio);MAYTER ALICIA PERI?AN LUGO;cooabolsureltda@yahoo.com.co;3
130;ANTIOQUIA;MEDELLIN;SI;5737910681;2024-12;SI;2025-12-31;16353;12/31/2025 05:00:00 PM;DICIEMBRE;2025;COOPERATIVA MULTIACTIVA COOPNATURE;COOPNATURE;901-688-121-4;Multiactiva sin seccion de ahorro;ANTIOQUIA;MEDELLÍN;CL 19 02 31;;8;Mineria;;coopnature3@gmail.com;3
131;ATLÁNTICO;BARRANQUILLA;SI;5624283571;2025-12;SI;2025-12-31;13134;12/31/2025 05:00:00 PM;DICIEMBRE;2025;COOPERATIVA PROMOTORA DE BIENES Y SERVICIOS LOGISTICOS Y EFECTIVOS DE COLOMBIA;COOFECTICREDITOS;900-470-625-3;Multiactiva sin seccion de ahorro;ATLÁNTICO;BARRANQUILLA;CARRERA 44 # 37-21 PI 13 OF 1302;3394802;24;Servicios de credito;FREDY ALBERTO DE LA ROSA BORRAS;cooefecticreditos@hotmail.com;3
132;ANTIOQUIA;MEDELLIN;SI;5564682442;2026-07;SI;2026-07-31;3522;07/31/2026 05:00:00 PM;JULIO;2026;COOPERATIVA DE DESARROLLO Y EMPLEO SOCIAL;PRECOODES;800-122-815-1;Cooperativas de trabajo asociado;ANTIOQUIA;MEDELLÍN;CALLE 53A 79 - 23;4444942;99;Otras actividades;ANDRES HERNANDEZ CHALARCA;precoodes@precoodes.com;2
133;ATLÁNTICO;BARRANQUILLA;SI;5452368226;2025-12;SI;2025-12-31;13596;12/31/2025 05:00:00 PM;DICIEMBRE;2025;COOPERATIVA HUMANA DE APORTE Y CREDITO;COOPHUMANA;900-528-910-1;Multiactiva sin seccion de ahorro;ATLÁNTICO;BARRANQUILLA;CRA 51B 80 58;3116722;99;Otras actividades;GUSTAVO EDUARDO RINCON MENDEZ;info@coophumana.co;3
134;ANTIOQUIA;EL CARMEN DE VIBORAL;SI;5401071762;2026-06;SI;2026-06-30;6474;06/30/2026 05:00:00 PM;JUNIO;2026;EMPRESA COOPERATIVA MANANTIALES;CTA MANANTIALES;811-014-361-7;Cooperativas de trabajo asociado;ANTIOQUIA;EL CARMEN DE VIBORAL;CRA 31  44 182;5667005;99;Otras actividades;DIANA PATRICIA SALAZAR GOMEZ;gerencia.coopmanantiales@gmail.com;2
135;ANTIOQUIA;MEDELLIN;SI;5297435418;2026-06;SI;2026-06-30;1601;06/30/2026 05:00:00 PM;JUNIO;2026;PRECOOPERATIVA DE COMERCIANTES DE LA PLAZA MINORISTA;COOMERCA;811-005-411-9;Integral sin seccion de ahorro;ANTIOQUIA;MEDELLÍN;CL 55A  57-80 BQ ADMINISTRATIVO;3222575;99;Otras actividades;JULIO CESAR PIEDRAHITA RICAURTE;financiera@plazaminorista.com.co;3
136;NORTE DE SANTANDER;SAN JOSE DE CUCUTA;SI;5295510439;2025-12;SI;2025-12-31;3294;12/31/2025 05:00:00 PM;DICIEMBRE;2025;COOPERATIVA ESPECIALIZADA DE EDUCACION DEL BARRIO ATALAYA CUCUTA LTDA;COOPEBACUC;890-501-707-8;Especializada sin seccion de ahorro;NORTE DE SANTANDER;SAN JOSÉ DE CÚCUTA;AV KENNEDY 1 ETAPA  JUAN ATALAYA;5787721;9;Educacion;JUAN DE DIOS ARIAS HERNANDEZ;coopebacuc@hotmail.com;3
137;ANTIOQUIA;MEDELLIN;SI;4907755214;2025-12;SI;2025-12-31;6971;12/31/2025 05:00:00 PM;DICIEMBRE;2025;ASOCIACION ANTIOQUE??A DE COOPERATIVAS;CONFECOOP ANTIOQUIA;800-015-746-3;Organismo de representacion;ANTIOQUIA;MEDELLÍN;CR 49  53 19  OF 404;4448383;3;Organismos de representacion;LUIS FERNANDO GOMEZ GIRALDO;administracion@confecoopantioquia.coop;3
138;ATLÁNTICO;BARRANQUILLA;SI;4869460393;2025-12;SI;2025-12-31;4361;12/31/2025 05:00:00 PM;DICIEMBRE;2025;COOPERATIVA DE PROFESORES DE LA UNIVERSIDAD DEL ATLCO;COOPRUDELA;800-146-224-2;Especializada sin seccion de ahorro;ATLÁNTICO;BARRANQUILLA;CARRERA 44 # 90-42;;24;Servicios de credito;VICTOR SILVERA SOLANO;cooprudela01@gmail.com;3
139;BOLÍVAR;CARTAGENA DE INDIAS;SI;4816068571;2025-12;SI;2025-12-31;4359;12/31/2025 05:00:00 PM;DICIEMBRE;2025;COOPERATIVA A SU SERVICIO LTDA.;COOAS LTDA;806-004-525-7;Integral sin seccion de ahorro;BOLÍVAR;CARTAGENA DE INDIAS;CALLE 33 8 20;6644753;99;Otras actividades;ELECTO ALARCON SERGE;contabilidad@cooas.com.co;3
140;CUNDINAMARCA;SOPO;SI;4752352160;2025-12;SI;2025-12-31;1216;12/31/2025 05:00:00 PM;DICIEMBRE;2025;COOPERATIVA MULTIACTIVA DE SOPO;COOMSOPO;860-040-816-4;Multiactiva sin seccion de ahorro;CUNDINAMARCA;SOPÓ;CRA 5 7 12;;9;Educacion;WALDO GOMEZ MANRIQUE;gerencia@ccs.edu.co;2
141;ATLÁNTICO;BARRANQUILLA;SI;4705630110;2025-12;SI;2025-12-31;11573;12/31/2025 05:00:00 PM;DICIEMBRE;2025;COOPERATIVA MULTIACTIVA DE SERVICIOS Y GESTION COMERCIAL;COOMULTIGEST;900-081-326-7;Multiactiva sin seccion de ahorro;ATLÁNTICO;BARRANQUILLA;CRA 44 #37-21 PI 13 OF1308;3337037;24;Servicios de credito;NICOLAS ALBERTO PEREZ GUERRA;coomultigest870@hotmail.com;3
142;BOLÍVAR;SAN JUAN NEPOMUCENO;SI;4629701075;2025-12;SI;2025-12-31;4250;12/31/2025 05:00:00 PM;DICIEMBRE;2025;COOPERATIVA MULTIACTIVA DE EDUCADORES LTDA;COOIDE LTDA;800-128-454-3;Especializada sin seccion de ahorro;BOLÍVAR;SAN JUAN NEPOMUCENO;CALLE 10 # 11 -42;;99;Otras actividades;FERNANDO ENRIQUE BARRIOS NU??EZ;info.notificaciones@cooide.com;3
143;ATLÁNTICO;BARRANQUILLA;SI;4443419046;2026-06;SI;2026-06-30;11220;06/30/2026 05:00:00 PM;JUNIO;2026;COOPERATIVA DE APORTE Y CREDITO DEL SECTOR GANADERO Y AFINES;GANACOOP;900-149-889-6;Multiactiva sin seccion de ahorro;ATLÁNTICO;BARRANQUILLA;CALLE  75  56-54;;24;Servicios de credito;MARIA ELVIRA LOPEZ PARDO;ganacoop@coolechera.com;3
144;ANTIOQUIA;MEDELLIN;SI;4209887076;2026-07;SI;2026-07-31;1388;07/31/2026 05:00:00 PM;JULIO;2026;COOPERATIVA DE TRABAJADORES DE LAS EMPRESAS DEPARTAMENTALES DE ANTIOQU;COEDA;890-904-252-9;Multiactiva con ahorro y credito;ANTIOQUIA;MEDELLÍN;CRA 49 50 58 OFICINA 406 EDIF SAN FERNANDO;4489129;1;Intermediacion financiera;AMPARO OSPINA RESTREPO;coeda@coeda.com.co;1
145;CUNDINAMARCA;PUERTO SALGAR;SI;4191069772;2026-06;SI;2026-06-30;114;06/30/2026 05:00:00 PM;JUNIO;2026;COOPERATIVA MULTIACTIVA LOS TRABAJADORES Y PENSIONADOS DE ECOPETROL;COOPADUCTOS;860-524-971-6;Multiactiva sin seccion de ahorro;CUNDINAMARCA;PUERTO SALGAR;CALLE 10 # 11A-28 CLUB 25 DE AGOSTO;;24;Servicios de credito;MARIA CLEMENCIA GOMEZ JIMENEZ;coopaductosltda@hotmail.com;3
146;ANTIOQUIA;LA ESTRELLA;SI;4125183828;2025-12;SI;2025-12-31;4699;12/31/2025 05:00:00 PM;DICIEMBRE;2025;COOPERATIVA PARA LA CULTURA Y LA EDUCACION INTERNACIONAL;COOCULTURA;811-016-934-6;Especializada sin seccion de ahorro;ANTIOQUIA;LA ESTRELLA;CALLE 73 SUR 64 - 23 VEREDA SAN JOSE;;9;Educacion;ERNESTO GARCIA POSADA;dianacano@gim.edu.co;3
147;ANTIOQUIA;MEDELLIN;SI;4039969877;2025-12;SI;2025-12-31;20010;12/31/2025 05:00:00 PM;DICIEMBRE;2025;COOPERATIVA MULTIACTIVA LAND GOLD COLOMBIA;;901-924-120-1;Multiactiva sin seccion de ahorro;ANTIOQUIA;MEDELLÍN;CARRERA 43 a 19 17 OFICINA 331;3013890707;8;Mineria;;contabilidad@landgoldcolombia.com;3
148;CUNDINAMARCA;VILLA DE SAN DIEGO DE UBATE;SI;4004901032;2026-06;SI;2026-06-30;1065;06/30/2026 05:00:00 PM;JUNIO;2026;COOPERATIVA INTEGRAL DE PRODUCTORES DE CARBON DE CUCUNUBA;COOCARBOCUBA;860-523-620-1;Integral sin seccion de ahorro;CUNDINAMARCA;VILLA DE SAN DIEGO DE UBATÉ;CR 4 17 57;3102485944;8;Mineria;PEDRO SEGUNDO BARRANTES BARRANTES;contabilidad@coocarbocubaltda.com;3
149;CUNDINAMARCA;FACATATIVA;SI;3910172526;2025-12;SI;2025-12-31;430;12/31/2025 05:00:00 PM;DICIEMBRE;2025;COOPERATIVA DE TRABAJADORES DE PROMASA;COOTRAPROMASA;860-055-056-9;Multiactiva sin seccion de ahorro;CUNDINAMARCA;FACATATIVÁ;CARRERA 1A  NO. 21-84 ESTE BRR. EL PRADO;8913701;24;Servicios de credito;LUIS ANTONIO IZQUIERDO MORALES;cootrapromasa@gmail.com;3
150;ANTIOQUIA;RIONEGRO;SI;3731017273;2025-12;SI;2025-12-31;15330;12/31/2025 05:00:00 PM;DICIEMBRE;2025;COOPERATIVA MULTIACTIVA ALIANZA PARA EL AGRO;COOP ALAGRO;901-078-799-1;Multiactiva sin seccion de ahorro;ANTIOQUIA;RIONEGRO;CL 62 44 78;5633298;12;Consumo (comercio);;alagrocoop@gmail.com;3
151;ANTIOQUIA;MEDELLIN;SI;3729922291;2026-07;SI;2026-07-31;1411;07/31/2026 05:00:00 PM;JULIO;2026;COOPERATIVA ANTIOQUEYA DE TRABAJADORES GRUPO CAFETERO;COOAGRUPO;890-985-172-4;Especializada de ahorro y credito;ANTIOQUIA;MEDELLÍN;CARRERA 80A  #32EE-72;4445834;1;Intermediacion financiera;KAREN JULIEDT ATEHORTUA RIVERA;somoscafe@coagrupo.com;1
152;ANTIOQUIA;MEDELLIN;SI;3695622496;2025-12;SI;2025-12-31;9814;12/31/2025 05:00:00 PM;DICIEMBRE;2025;COOPERATIVA DE TRABAJO ASOCIADO LA COMUNA;LA COMUNA;811-035-705-7;Cooperativas de trabajo asociado;ANTIOQUIA;MEDELLÍN;CALLE 50A 41 34;;99;Otras actividades;MARTHA LUCIA ARANGO GAVIRIA;daniel.echeverry@lacomuna.com.co;3
153;BOLÍVAR;CARTAGENA DE INDIAS;SI;3648643260;2025-12;SI;2025-12-31;3506;12/31/2025 05:00:00 PM;DICIEMBRE;2025;COOPERATIVA MULT. DE MILITARES EN RETIRO DE BOLIVAR LTDA.;COOMIBOL LTDA.;890-480-019-7;Multiactiva sin seccion de ahorro;BOLÍVAR;CARTAGENA DE INDIAS;CALLE 2DA DE DADILLO NRO 36-95;6644388;99;Otras actividades;ESILDA MARIA CARO ORTIZ;cmrbol896@hotmail.com;3
154;ATLÁNTICO;BARRANQUILLA;SI;3567978410;2025-12;SI;2025-12-31;12498;12/31/2025 05:00:00 PM;DICIEMBRE;2025;COOPERATIVA MULTIACTIVA DE SERVICIO COOCARBELL;COOCARBELL;900-277-396-5;Multiactiva sin seccion de ahorro;ATLÁNTICO;BARRANQUILLA;CALLE 39 43 -142;3793571;99;Otras actividades;ROSA MARIA MENDOZA MORENO;contabilidad@coopcoocarbell.com;3
155;ATLÁNTICO;BARRANQUILLA;SI;3554661363;2025-12;SI;2025-12-31;2914;12/31/2025 05:00:00 PM;DICIEMBRE;2025;COOPERATIVA MEDICA  DE LA COSTA;COOMEDICOSTA;890-108-513-1;Multiactiva sin seccion de ahorro;ATLÁNTICO;BARRANQUILLA;CR 42F 74 63;;24;Servicios de credito;FABIO AUGUSTO PASTRANA HOYOS;contabilidad@coomedicosta.com;3
156;ANTIOQUIA;CIUDAD BOLIVAR;SI;3308251552;2025-12;SI;2025-12-31;16583;12/31/2025 05:00:00 PM;DICIEMBRE;2025;COOPERATIVA AGRICOLA DEL SUROESTE ANTIOQUE??O;COAGROSUAN;901-652-847-7;Multiactiva sin seccion de ahorro;ANTIOQUIA;CIUDAD BOLÍVAR;CL 48 53 68;;99;Otras actividades;;coagrosuan@hotmail.com;3
157;ATLÁNTICO;BARRANQUILLA;SI;3264481132;2025-12;SI;2025-12-31;7518;12/31/2025 05:00:00 PM;DICIEMBRE;2025;COOPERATIVA DE TRABAJO ASOCIADO DE SERVICIOS TECNICOS AUTOMOTRIZ;COOTRASERTECA;802-011-099-5;Cooperativas de trabajo asociado;ATLÁNTICO;BARRANQUILLA;CARRERA 41 # 48 - 17;3513240;99;Otras actividades;ESTHER CECILIA TORRES OSORIO;admoncootraserteca@hotmail.com;3
158;ANTIOQUIA;MEDELLIN;SI;3255270069;2026-03;SI;2026-03-31;1450;03/31/2026 05:00:00 PM;MARZO;2026;COOPERATIVA DE AHORRO Y CREDITO SOYCOOP;SOYCOOP;890-926-570-0;Especializada de ahorro y credito;ANTIOQUIA;MEDELLÍN;CRA 47 NRO 52 122;4809270;1;Intermediacion financiera;JUAN PABLO MEJIA SANTA;ahorroycredito@soycoop.com.co;1
159;BOLÍVAR;CARTAGENA DE INDIAS;SI;3223391050;2025-12;SI;2025-12-31;10264;12/31/2025 05:00:00 PM;DICIEMBRE;2025;PRECOOPERATIVA DEL MAR;PRECOOMAR;806-009-536-0;Multiactiva sin seccion de ahorro;BOLÍVAR;CARTAGENA DE INDIAS;MAMONAL KILOMETRO 3;;17;Hoteles, restaurantes, bares y similares;SINDY CARRASQUILLA ESCORCIA;contabilidad@coosolimar.com.co;3
160;CUNDINAMARCA;CUCUNUBA;SI;3191968339;2026-06;SI;2026-06-30;8863;06/30/2026 05:00:00 PM;JUNIO;2026;COOPERATIVA MULTIACTIVA DE TRABAJADORES MINEROS PECUARIOS Y AGRICOLAS;COOTRAMIP;830-504-257-0;Multiactiva sin seccion de ahorro;CUNDINAMARCA;CUCUNUBÁ;KM 1 VIA CUCUNUBA UBATE;;99;Otras actividades;Alirio Quiroga Cano;cootramipbrio@hotmail.com;3
161;NORTE DE SANTANDER;SAN JOSE DE CUCUTA;SI;3150462879;2025-12;SI;2025-12-31;3986;12/31/2025 05:00:00 PM;DICIEMBRE;2025;COOPERATIVA DE TRABAJADORES DE LA FEDERACION NAL DE CAF Y ALMACAFE S.A. - JUBULADOS Y FAMILIARES;COOTRASFENOR;890-501-820-2;Multiactiva sin seccion de ahorro;NORTE DE SANTANDER;SAN JOSÉ DE CÚCUTA;CL 5 0A 114 PISO 2 BRR LLERAS;5750143;24;Servicios de credito;WALTER EMILIO ROMERO CARRILLO;cootrasfenor@gmail.com;3
162;ANTIOQUIA;REMEDIOS;SI;3049315845;2025-12;SI;2025-12-31;5098;12/31/2025 05:00:00 PM;DICIEMBRE;2025;COOPERATIVA DE AHORRO Y CREDITO SANTA ISABEL;COOP.A. Y C.STA. I.;800-039-659-4;Multiactiva sin seccion de ahorro;ANTIOQUIA;REMEDIOS;CRA11-NRO 809;;24;Servicios de credito;MARIA ELSA JIMENEZ MENESES;santaisabelcoop@hotmail.com;3
163;ATLÁNTICO;BARRANQUILLA;SI;2988289503;2025-12;SI;2025-12-31;12195;12/31/2025 05:00:00 PM;DICIEMBRE;2025;COOPERATIVA MULTIACTIVA DE SERVICIOS COOPBASTIDAS;COOPBASTIDAS;900-226-053-6;Multiactiva sin seccion de ahorro;ATLÁNTICO;BARRANQUILLA;CLLE 39 # 43 -123 PIS3 OF B4;3793571;99;Otras actividades;SUGEIDY LUZ MERCADO BENITEZ;contabilidad@coopbastidas.com;3
164;CUNDINAMARCA;LA CALERA;SI;2932211504;2025-12;SI;2025-12-31;1235;12/31/2025 05:00:00 PM;DICIEMBRE;2025;COOPERATIVA MULTIACTIVA PAULO VI COOPPAVI;COOPPAVI;860-025-469-9;Multiactiva sin seccion de ahorro;CUNDINAMARCA;LA CALERA;AV 2 # 7- 60;8757710;9;Educacion;DORA LUCIA DIAZ DE VENEGAS;contabilidad@ccpaulovi.edu.co;3
165;ANTIOQUIA;SONSON;SI;2918937357;2025-12;SI;2025-12-31;1623;12/31/2025 05:00:00 PM;DICIEMBRE;2025;COOPERATIVA SERVICOOPS;SERVICOOPS E.S.P;811-004-437-5;Multiactiva sin seccion de ahorro;ANTIOQUIA;SONSÓN;CARRERA 6 NRO 6 10;8692287;12;Consumo (comercio);ALEXANDER RODRIGUEZ CARVAJAL;gerencia@servicoops.com;3
166;ANTIOQUIA;EL CARMEN DE VIBORAL;SI;2899912770;2026-06;SI;2026-06-30;6501;06/30/2026 05:00:00 PM;JUNIO;2026;COOPERATIVA MULTIACTIVA DE TELECOMUNICACIONES Y TELEMATICOS;VIBORAL TELECOMUNICACIONES;811-013-014-1;Multiactiva sin seccion de ahorro;ANTIOQUIA;EL CARMEN DE VIBORAL;Carrera 35 #30-92 local 101 EDIFICIO FENIX;;15;Comunicaciones;WILLIAM ALBERTO GALINDO MU?OZ;viboraltelevision@hotmail.com;3
167;ATLÁNTICO;BARRANQUILLA;SI;2886749750;2025-12;SI;2025-12-31;2873;12/31/2025 05:00:00 PM;DICIEMBRE;2025;COOPERATIVA MULTIACTIVA LOS OLIVOS;COOLIVOS;800-176-286-7;Aportes y credito;ATLÁNTICO;BARRANQUILLA;CALLE 112 E 22 45;3064644;99;Otras actividades;RUBEN ANTONIO GUERRERO AVENDA??O;contabilidad@coolivos.com;3
168;ANTIOQUIA;MEDELLIN;SI;2788705219;2025-12;SI;2025-12-31;1657;12/31/2025 05:00:00 PM;DICIEMBRE;2025;COOPERATIVA LEALCOOP;LEALCOOP;890-906-743-2;Especializada sin seccion de ahorro;ANTIOQUIA;MEDELLÍN;CR 81 32 24 LC 023;3220678;20;Inmobiliarias y de alquiler;CLAUDIA MARIA CARDONA GARCIA;gerencia@cooperativalealcoop.com;3
169;CUNDINAMARCA;MOSQUERA;SI;2766471809;2026-06;SI;2026-06-30;15875;06/30/2026 05:00:00 PM;JUNIO;2026;COOPERATIVA DE LOGISTICA E IMPORTADORA DE AUTOPARTES;CLEIDA;901-365-840-5;Multiactiva sin seccion de ahorro;CUNDINAMARCA;MOSQUERA;CR 13 A 05 A 20 BG 26 A;;99;Otras actividades;;coopautopartes@outlook.com;3
170;ATLÁNTICO;BARRANQUILLA;SI;2758133199;2025-12;SI;2025-12-31;13723;12/31/2025 05:00:00 PM;DICIEMBRE;2025;COOPERATIVA VISION INTEGRAL E. M.;VISION INTEGRAL E. M.;900-692-312-6;Multiactiva sin seccion de ahorro;ATLÁNTICO;BARRANQUILLA;CALLE 40 N 43 126;;24;Servicios de credito;ANGELICA PERTUZ PIZARRO;visionintegralem@hotmail.com;3
171;NORTE DE SANTANDER;SAN JOSE DE CUCUTA;SI;2718570123;2025-12;SI;2025-12-31;6630;12/31/2025 05:00:00 PM;DICIEMBRE;2025;COOPERATIVA DE APOYO DOCENTE LTDA.;COADO LTDA.;890-504-342-7;Aportes y credito;NORTE DE SANTANDER;SAN JOSÉ DE CÚCUTA;AV 3 11 26 LC B4 ED ARCADA BERTI;5501223;24;Servicios de credito;ANA FRANCISCA SOLANO GUERRERO;coadoltda@hotmail.com;3
172;ANTIOQUIA;APARTADO;SI;2706715053;2026-06;SI;2026-06-30;13032;06/30/2026 05:00:00 PM;JUNIO;2026;COOPERATIVA DE TRABAJO ASOCIADO AGRO Y DERIVADOS;AGRODER;900-210-676-4;Cooperativas de trabajo asociado;ANTIOQUIA;APARTADÓ;CALLE 92 # 95A - 73 BARRIO PARROQUIAL;8240994;4;Agricola;CARLOS JULIO ZULUAICA LONDO?O;administrativa@agroder.org;3
173;ANTIOQUIA;SAN RAFAEL;SI;2688820795;2026-06;SI;2026-06-30;6985;06/30/2026 05:00:00 PM;JUNIO;2026;COOPERATIVA MULTIACTIVA SAN RAFAEL;COOPERATIVA MULTIACTIVA;800-034-310-7;Multiactiva sin seccion de ahorro;ANTIOQUIA;SAN RAFAEL;CR 18A NO 13 - 27;;99;Otras actividades;JOSE NICOLAS CIFUENTES MARIN;cooperativamultiactivasr@yahoo.es;3
174;ANTIOQUIA;MEDELLIN;SI;2664720030;2025-12;SI;2025-12-31;7667;12/31/2025 05:00:00 PM;DICIEMBRE;2025;COOPERATIVA MULTIACTIVA DE SERVICIOS BERLIN;COOPBERLIN;830-071-133-6;Aportes y credito;ANTIOQUIA;MEDELLÍN;CR 47 50 24 OF 702;6042510102;24;Servicios de credito;ROBERTO GARCIA OROSTEGUI;contabilidad@coopberlin.com;3
175;NORTE DE SANTANDER;SAN JOSE DE CUCUTA;SI;2635387402;2025-12;SI;2025-12-31;3296;12/31/2025 05:00:00 PM;DICIEMBRE;2025;COOPERATIVA MULTIACTIVA DE PENSIONADOS DE C.E.N.S.;COOMPECENS;807-000-810-7;Multiactiva sin seccion de ahorro;NORTE DE SANTANDER;SAN JOSÉ DE CÚCUTA;CALL 8 # 3-60 BARRIO LATINO;;99;Otras actividades;AMBAR GISELA MARTINEZ MALDONADO;gerente@coompecens.com;3
176;ANTIOQUIA;MEDELLIN;SI;2586069499;2025-12;SI;2025-12-31;1654;12/31/2025 05:00:00 PM;DICIEMBRE;2025;COOPERATIVA DE COMERCIALIZADORES DEL AGRO LTDA.;COMERAGRO LTDA.;800-190-099-4;Multiactiva sin seccion de ahorro;ANTIOQUIA;MEDELLÍN;CR 65 8 B91 OF 308;;12;Consumo (comercio);HERNAN RAMIRO ALVAREZ CANO;comeragrocontabilidad@gmail.com;3
177;ATLÁNTICO;BARRANQUILLA;SI;2533095579;2025-12;SI;2025-12-31;728;12/31/2025 05:00:00 PM;DICIEMBRE;2025;COOPERATIVA DE TRABAJO ASOCIADO DE COMUNICADORES SOCIALES DE LA COSTA ATL??NTICA;COOPERCOM CTA;800-181-197-1;Cooperativas de trabajo asociado;ATLÁNTICO;BARRANQUILLA;CL 73 41B 39;3868043;99;Otras actividades;RITA MARIA ALVAREZ CORREA;coopercomdelacosta@coopercom.co;3
178;ATLÁNTICO;BARRANQUILLA;SI;2475620339;2025-12;SI;2025-12-31;12325;12/31/2025 05:00:00 PM;DICIEMBRE;2025;COOPERATIVA MULTIACTIVA DE SERVICIOS COOLCARIBE;COOLCARIBE;900-254-075-7;Multiactiva sin seccion de ahorro;ATLÁNTICO;BARRANQUILLA;CALLE 39 43-123 PISO 3 OFICINA B6;3853231;99;Otras actividades;EUCARIS ESTHER MARTINEZ MERCADO;contabilidad@coolcaribe.com;3
179;NORTE DE SANTANDER;SAN JOSE DE CUCUTA;SI;2436808745;2025-12;SI;2025-12-31;3180;12/31/2025 05:00:00 PM;DICIEMBRE;2025;COOPERATIVA CASA NACIONAL DEL PROFESOR REGIONAL NORTE DE SANTANDER;CANAPRONORT LTDA;890-501-239-2;Multiactiva sin seccion de ahorro;NORTE DE SANTANDER;SAN JOSÉ DE CÚCUTA;AV 3 11 26 ED ARCADA BERTI LOCAL B8;;24;Servicios de credito;VIVIAM ROCIO GARCIA GUEVARA;canapronort@gmail.com;3
180;CUNDINAMARCA;COGUA;SI;2397870568;2025-12;SI;2025-12-31;18;12/31/2025 05:00:00 PM;DICIEMBRE;2025;COOPERATIVA ASOCIADOS COMERCIALIZACION Y PRODUCCION  CARBONIFERA DE COLOMBIA;COACPROCOL;860-519-602-3;Especializada sin seccion de ahorro;CUNDINAMARCA;COGUA;KM 5 VIA ZIPAQUIRA UBATE;3104528;12;Consumo (comercio);ANDREA CAROLINA VEGA RODRIGUEZ;coacprocolltda@hotmaill.com;3
181;CUNDINAMARCA;ZIPAQUIRA;SI;2334872014;2026-06;SI;2026-06-30;1232;06/30/2026 05:00:00 PM;JUNIO;2026;COOPERATIVA DE APORTES Y CREDITO DE TRABAJADORES DE EMPRESAS REGIONALES DE ZIPAQUIRA LTDA.;COOPEDEREZ;860-023-320-1;Especializada sin seccion de ahorro;CUNDINAMARCA;ZIPAQUIRÁ;CL 4 # 9 42;8522255;99;Otras actividades;PEDRO ALFONSO CHIQUIZA VALBUENA;cooperederez@yahoo.com;3
182;BOLÍVAR;CARTAGENA DE INDIAS;SI;2326018029;2025-12;SI;2025-12-31;7560;12/31/2025 05:00:00 PM;DICIEMBRE;2025;COOPERATIVA MULTIACTIVA DE PENSIONADOS DE TELECARTAGENA Y SERVICIOS ESPECIALES EN EL DISTRITO DE CARTAGENA;COOTRATELCAR;890-480-412-9;Multiactiva sin seccion de ahorro;BOLÍVAR;CARTAGENA DE INDIAS;BRR LOS ANGELES CRA 60 A # 30 - 27;6718353;24;Servicios de credito;ZOILA ROSA ROMERO AVILA;cootratel@yahoo.es;3
183;CUNDINAMARCA;MOSQUERA;SI;2246906081;2025-12;SI;2025-12-31;12818;12/31/2025 05:00:00 PM;DICIEMBRE;2025;LEALTAD Y COMPROMISO COOPERATIVA DE TRABAJO ASOCIADO;L & C CTA;900-362-698-8;Cooperativas de trabajo asociado;CUNDINAMARCA;MOSQUERA;CL 8A 1B ESTE 94 MZ 10 INT 11 CASA 7;8917793;99;Otras actividades;GUSTAVO DE JESUS ARBELAEZ MILLAN;lyccta@yahoo.es;3
184;ANTIOQUIA;MEDELLIN;SI;2243931650;2026-06;SI;2026-06-30;1338;06/30/2026 05:00:00 PM;JUNIO;2026;COOPERATIVA DE AHORRO Y CREDITO DE EMPLEADOS LUIS AMIGO;COOPERAMIGO;800-191-482-7;Multiactiva sin seccion de ahorro;ANTIOQUIA;MEDELLÍN;CL 50 N. 67-129;4089474;24;Servicios de credito;ALVARO ALONSO LONDONO PEREZ;info@cooperamigo.coop;3
185;ANTIOQUIA;MEDELLIN;SI;2203275087;2026-06;SI;2026-06-30;16282;06/30/2026 05:00:00 PM;JUNIO;2026;COOPERATIVA MULTIACTIVA PROGRESA CHOCO;COOPPROGRESA;901-670-940-0;Multiactiva sin seccion de ahorro;ANTIOQUIA;MEDELLÍN;CR 42 3 SUR 81;;8;Mineria;;contabilidad@coopprogresa.com;2
186;CUNDINAMARCA;GUATAVITA;SI;2182686492;2025-12;SI;2025-12-31;16713;12/31/2025 05:00:00 PM;DICIEMBRE;2025;COOPERATIVA MULTIACTIVA DE LECHEROS DE POTREROLARGO;COOPROLAG;900-084-568-6;Multiactiva sin seccion de ahorro;CUNDINAMARCA;GUATAVITA;VEREDA POTREROLARGO;;4;Agricola;;gerencia@cooprolag.com;3
187;CUNDINAMARCA;GUATAVITA;SI;2138380641;2025-12;SI;2025-12-31;16707;12/31/2025 05:00:00 PM;DICIEMBRE;2025;COOPERATIVA DE PRODRUCTORES DE LECHE DE GUATAVITA;COPROLEG;832-009-355-9;Multiactiva sin seccion de ahorro;CUNDINAMARCA;GUATAVITA;VEREDA GUANDITA;;4;Agricola;;coprolegcontabilidad@hotmail.com;3
188;NORTE DE SANTANDER;SAN JOSE DE CUCUTA;SI;2137440690;2026-06;SI;2026-06-30;3248;06/30/2026 05:00:00 PM;JUNIO;2026;COOPERATIVA DE TRABAJADORES DE LA SALUD DEL NORTE DE SANTANDER;COOSERVISALUD;800-041-929-4;Especializada sin seccion de ahorro;NORTE DE SANTANDER;SAN JOSÉ DE CÚCUTA;CALLE 10 EDIFICIO ROSETAL;;1;Intermediacion financiera;JOSE ALFREDO CORREDOR VERA;cooservisalud@yahoo.es;3
189;ATLÁNTICO;BARRANQUILLA;SI;2130229303;2024-12;SI;2025-12-31;11747;12/31/2025 05:00:00 PM;DICIEMBRE;2025;COOPERATIVA MULTIACTIVA COOCREDIEXPRESS;COOCREDIEXPRES;900-198-142-2;Multiactiva sin seccion de ahorro;ATLÁNTICO;BARRANQUILLA;CL 45 43-105 LC 105;;24;Servicios de credito;ELIECER GRANADILLO PADILLAROBIN;coocrediexpress@hotmail.com;3
190;ATLÁNTICO;BARRANQUILLA;SI;2129408789;2025-12;SI;2025-12-31;2940;12/31/2025 05:00:00 PM;DICIEMBRE;2025;COOPERATIVA MULTIACTIVA DE TRABAJADORES DE CARTON DE COLOMBIA;COOTRACARCOL;890-107-843-2;Multiactiva sin seccion de ahorro;ATLÁNTICO;BARRANQUILLA;CALLE 39#43-123;;24;Servicios de credito;DANIEL DELGADO ROMAN;cartera@cootracarcol.com;3
191;ANTIOQUIA;GUATAPE;SI;2109094978;2025-12;SI;2025-12-31;8035;12/31/2025 05:00:00 PM;DICIEMBRE;2025;COOPERATIVA DE TRABAJO ASOCIADO CRECER Y CREAR;COOPCRECER;811-023-637-2;Cooperativas de trabajo asociado;ANTIOQUIA;GUATAPÉ;CL 32 30 35;8610346;13;Industria;LUIS ADOLFO GARCES ZULUAGA;creceradmon@hotmail.com;3
192;ANTIOQUIA;RIONEGRO;SI;2053353314;2026-06;SI;2026-06-30;10973;06/30/2026 05:00:00 PM;JUNIO;2026;COOPERATIVA DE TRABAJO ASOCIADO PLANETA VERDE;CTA PLANETA VERDE;811-026-010-9;Cooperativas de trabajo asociado;ANTIOQUIA;RIONEGRO;TV 49 N 33 100;5321817;19;Aseo mantenimiento y reciclaje;MARTHA ELENA IGLESIAS ESCOBAR;cooplanetaverde@gmail.com;3
193;ATLÁNTICO;BARRANQUILLA;SI;1959319861;2025-12;SI;2025-12-31;12262;12/31/2025 05:00:00 PM;DICIEMBRE;2025;COPERATIVA MULTIACTIVA DE EMPLEADOS Y PENSIONADOS;COOMULPEN;900-314-497-1;Multiactiva sin seccion de ahorro;ATLÁNTICO;BARRANQUILLA;CRA 59 NO 75-147;6053355257;24;Servicios de credito;CANDELARIO DEL CRISTO ROMULO BRAVO;coomulpens@hotmail.com;3
194;CUNDINAMARCA;VILLA DE SAN DIEGO DE UBATE;SI;1937132155;2025-12;SI;2025-12-31;864;12/31/2025 05:00:00 PM;DICIEMBRE;2025;COOPERATIVA MULTIACTIVA DE VIVIENDA POR AUTOGESTION Y AUTOFINANCIACION DEL MAGISTERIO DE LA PROVINCIA DE UBATE LIMITADA;COOVIMPRU LTDA;860-526-011-1;Multiactiva sin seccion de ahorro;CUNDINAMARCA;VILLA DE SAN DIEGO DE UBATÉ;CRA 2 4 02;;99;Otras actividades;NYDIA ESPERANZA AMAYA FORERO;coovimprultda@yahoo.es;3
195;ANTIOQUIA;URRAO;SI;1922780027;2025-12;SI;2025-12-31;1415;12/31/2025 05:00:00 PM;DICIEMBRE;2025;COOPERATIVA INTEGRAL DE URRAO;COPIURRAO;890-985-162-0;Integral sin seccion de ahorro;ANTIOQUIA;URRAO;CARRERA 31 NO. 31-95;;99;Otras actividades;WILLIAM DE JESUS HERNANDEZ LORA;coopiurrao@gmail.com;3
196;BOLÍVAR;CARTAGENA DE INDIAS;SI;1922123384;2025-12;SI;2025-12-31;6634;12/31/2025 05:00:00 PM;DICIEMBRE;2025;COOPERATIVA INTEGRAL DE LOS TRABAJADORES DEL INSTITUTO DE SEGURO SOCIAL;COOTRAISSBOL;890-480-900-1;Integral sin seccion de ahorro;BOLÍVAR;CARTAGENA DE INDIAS;SANTA LUCIA MA 13 LT 14;6464552;99;Otras actividades;FREDY VARGAS PERI#AN;cootrais@hotmail.com;3
197;NORTE DE SANTANDER;OCANA;SI;1857671849;2025-12;SI;2025-12-31;3255;12/31/2025 05:00:00 PM;DICIEMBRE;2025;COOPERATIVA TRABAJ. DE LA SALUD DE LA PROVINCIA DE OCA#A LTDA;COOTRASALUD LTDA.;800-090-676-5;Aportes y credito;NORTE DE SANTANDER;OCAÑA;CLL 11  15 94 EDIF FERRER OFICINA 201A;5636815;24;Servicios de credito;SONIA VERGEL CANTILLO;cootrasaludoca@hotmail.com;3
198;ANTIOQUIA;MEDELLIN;SI;1835019028;2025-12;SI;2025-12-31;6494;12/31/2025 05:00:00 PM;DICIEMBRE;2025;COOPERATIVA MULTIACTIVA DE LA PLAZA DE FLOREZ;COPLAFLOREZ;811-017-194-7;Multiactiva sin seccion de ahorro;ANTIOQUIA;MEDELLÍN;CR 39 50-25;4739830;99;Otras actividades;JUAN ALBERTO FRANCO MORENO;coplaflorez@gmail.com;3
199;CUNDINAMARCA;ZIPAQUIRA;SI;1820620338;2025-12;SI;2025-12-31;311;12/31/2025 05:00:00 PM;DICIEMBRE;2025;COOPERATIVA MULTIACTIVA DE ZIPAQUIRA;COOMULZIPA;860-016-125-2;Multiactiva sin seccion de ahorro;CUNDINAMARCA;ZIPAQUIRÁ;CARRERA 8 NO.7-36;;24;Servicios de credito;GUSTAVO RODRIGUEZ POVEDA;coomulzipa@hotmail.com;3
200;ANTIOQUIA;ANDES;SI;1815391069;2025-12;SI;2025-12-31;7103;12/31/2025 05:00:00 PM;DICIEMBRE;2025;COOPERATIVA DE EXPENDEDORES DE CARNES DE ANDES;COOPEXCA;811-009-304-7;Multiactiva sin seccion de ahorro;ANTIOQUIA;ANDES;CRA 50 A 51-13;8417241;10;Vivienda;ANDRES FELIPE VARGAS ESCOBAR;coopexca@gmail.com;3
201;BOLÍVAR;CARTAGENA DE INDIAS;SI;1805357690;2025-12;SI;2025-12-31;7015;12/31/2025 05:00:00 PM;DICIEMBRE;2025;COOPERATIVA MULTIACTIVA DE JUBILADOS Y PENSIONADOS DE BOLIVAR;COOJUBOL;806-002-481-2;Multiactiva sin seccion de ahorro;BOLÍVAR;CARTAGENA DE INDIAS;BRR. CENTRO ED SURAMERICANA PISO 7 OF. 706-707;6642586;24;Servicios de credito;NEL ARTURO VERGARA BENITEZ;coojubol28@gmail.com;3
202;ANTIOQUIA;EL BAGRE;SI;1797313423;2026-06;SI;2026-06-30;16630;06/30/2026 05:00:00 PM;JUNIO;2026;PRECOOPERATIVA INTEGRADA SOLIDARIA DE COLOMBIA;PRECOTRASAN;901-684-232-5;Precooperativas;ANTIOQUIA;EL BAGRE;CALLE 51 # 49-12;;8;Mineria;;precotrasan@gmail.com;2
203;ANTIOQUIA;MEDELLIN;SI;1791594344;2025-09;SI;2025-12-31;7174;12/31/2025 05:00:00 PM;DICIEMBRE;2025;COOPERATIVA DE TRABAJO ASOCIADO AGROPECUARIO GENETICA Y TECNOLOGIA;GENYTEC;811-018-984-3;Cooperativas de trabajo asociado;ANTIOQUIA;MEDELLÍN;CL 74 64 A 22 PISO 3;4443899;4;Agricola;HERNANDO AUGUSTO GIL TORO;contabilidad@genytec.com.co;3
204;ATLÁNTICO;BARRANQUILLA;SI;1775880640;2025-12;SI;2025-12-31;10083;12/31/2025 05:00:00 PM;DICIEMBRE;2025;COOPERATIVA MULTIACTIVA COOCREDIPRISA;COOCREDIPRISA;802-022-265-9;Multiactiva sin seccion de ahorro;ATLÁNTICO;BARRANQUILLA;CALLE 39 NRO 43-102;;24;Servicios de credito;NAGANYS SANJUANELO RODRIGUEZ;coocrediprisa@hotmail.com;3
205;ATLÁNTICO;BARRANQUILLA;SI;1762060707;2026-06;SI;2026-06-30;16333;06/30/2026 05:00:00 PM;JUNIO;2026;COOPERATIVA DE ECONOMIA DE CAPITAL PARA OPORTUNIDADES;;901-681-842-4;Multiactiva sin seccion de ahorro;ATLÁNTICO;BARRANQUILLA;CALLE 72 52 44 LC 7;;12;Consumo (comercio);;contabilidad@ecocooperativa.co;3
206;ATLÁNTICO;BARRANQUILLA;SI;1729942513;2025-12;SI;2025-12-31;15338;12/31/2025 05:00:00 PM;DICIEMBRE;2025;COOPERATIVA MULTIACTIVA PROYECTAMOS CARIBE;PROYECTAMOS CARIBE;901-089-324-2;Multiactiva sin seccion de ahorro;ATLÁNTICO;BARRANQUILLA;CALLE 42 41 72 OF 5 P 1;;24;Servicios de credito;;gerencia@proyectamoscaribe.com;3
207;ANTIOQUIA;MEDELLIN;SI;1722168630;2025-12;SI;2025-12-31;1647;12/31/2025 05:00:00 PM;DICIEMBRE;2025;COOPERATIVA MULTIACTIVA SANTA ELENA LTDA;COOPASANA;890-907-370-3;Multiactiva sin seccion de ahorro;ANTIOQUIA;MEDELLÍN;CRA 40 ESTE 10 12;3214518045;12;Consumo (comercio);DIANA PATRICIA HINCAPIE QUINTANA;coopasanagestiondocumental@gmail.com;3
208;CUNDINAMARCA;COTA;SI;1677906708;2025-12;SI;2025-12-31;349;12/31/2025 05:00:00 PM;DICIEMBRE;2025;COOPEREATIVA  MULTIACTIVA DE TECNICOS PETROLEROS DEL PUTUMAYO LTDA.;COMULTEPET;860-079-814-9;Multiactiva sin seccion de ahorro;CUNDINAMARCA;COTA;CALLE 7A 1 25 CASA 303;8759529;24;Servicios de credito;JAIRO ORLANDO PEDRAZA PATARROYO;comultepet1981@gmail.com;3
209;ANTIOQUIA;EL SANTUARIO;SI;1667189760;2026-06;SI;2026-06-30;7216;06/30/2026 05:00:00 PM;JUNIO;2026;COOPERATIVA COMUNITARIA EL SANTUARIO;COOMUNELSA CTA;811-013-354-0;Cooperativas de trabajo asociado;ANTIOQUIA;EL SANTUARIO;CR 42 49 99;5463939;13;Industria;LUIS ALBERTO CHAVARRO MARQUEZ;contabilidadcoomunelsacta@gmail.com;3
210;ATLÁNTICO;BARRANQUILLA;SI;1646955888;2025-12;SI;2025-12-31;1593;12/31/2025 05:00:00 PM;DICIEMBRE;2025;COOPERATIVA MULTIACTIVA DE TRABAJADORES DE COOLECHERA;COOTRACOL;890-110-821-1;Multiactiva sin seccion de ahorro;ATLÁNTICO;BARRANQUILLA;CRA 16 18 01;;24;Servicios de credito;NAVIA MENDEZ QUINTERO;cooperativacootracol@hotmail.com;3
211;ATLÁNTICO;BARRANQUILLA;SI;1625227078;2025-12;SI;2025-12-31;2879;12/31/2025 05:00:00 PM;DICIEMBRE;2025;COOPERATIVA DE TRABAJADORES DE LA UNIVERSIDAD LIBRE LTDA;COOUNILIBRE;800-004-564-2;Especializada sin seccion de ahorro;ATLÁNTICO;BARRANQUILLA;KRA 54 55 39 OFICINA 504;;99;Otras actividades;JAIRO COLL GALLOR;coounilibre@yahoo.es;3
212;BOLÍVAR;CARTAGENA DE INDIAS;SI;1599424697;2026-06;SI;2026-06-30;4720;06/30/2026 05:00:00 PM;JUNIO;2026;COOPERATIVA DE EMPLEADOS DE LA DIRECCION DE IMPUESTOS Y ADUANA NACIONAL DE CARTAGENA COODIANCAR;COODIANCAR;890-401-179-1;Instituciones auxiliares especializadas;BOLÍVAR;CARTAGENA DE INDIAS;EDIFICIO DIAN MANGA;;99;Otras actividades;FERNANDO ENRIQUE DE ORO CASTELLAR;nuestracoop@gmail.com;3
213;ATLÁNTICO;BARRANQUILLA;SI;1597171422;2025-12;SI;2025-12-31;11548;12/31/2025 05:00:00 PM;DICIEMBRE;2025;COOPERATIVA MULTIACTIVA COOCREDITO;COOCREDITO;802-022-275-2;Multiactiva sin seccion de ahorro;ATLÁNTICO;BARRANQUILLA;CALLE 39 # 43-157  LOCAL 1;3338195;99;Otras actividades;ANTONIO JOSE BELLO MENDOZA;coocredito@hotmail.com;3
214;ANTIOQUIA;MEDELLIN;SI;1593103202;2025-12;SI;2025-12-31;15628;12/31/2025 05:00:00 PM;DICIEMBRE;2025;PRECOOPERATIVA KONECTAR;COONEKTA;901-282-316-1;Multiactiva sin seccion de ahorro;ANTIOQUIA;MEDELLÍN;CR 50FF 8 SUR 27;;8;Mineria;;tesoreria@coonekta.co;3
215;NORTE DE SANTANDER;SAN JOSE DE CUCUTA;SI;1588148298;2025-12;SI;2025-12-31;9476;12/31/2025 05:00:00 PM;DICIEMBRE;2025;COOPERATIVA MULTIACTIVA UNION COMERCIAL UNICENTRO CUCUTA LTDA;UNICENTRO CUCUTA LTDA;807-005-842-5;Multiactiva sin seccion de ahorro;NORTE DE SANTANDER;SAN JOSÉ DE CÚCUTA;CLL 10 5 50 LC 9 P 1 EDF AGROBANCARIO;5491278;24;Servicios de credito;DIOMAYRA RINCON RINCON;coopunicentro@hotmail.com;3
216;CUNDINAMARCA;VILLAPINZON;SI;1577507339;2025-06;SI;2025-12-31;8048;12/31/2025 05:00:00 PM;DICIEMBRE;2025;COOPERATIVA MULTIACTIVA DE VILLAPINZON LTDA;COOMULVI  LTDA.;860-013-424-6;Multiactiva sin seccion de ahorro;CUNDINAMARCA;VILLAPINZÓN;CARRERA 4 NO 5-59;;9;Educacion;CARLOS ALBERTO GORDILLO HERNANDEZ;cooperativavilla05@hotmail.com;3
217;CUNDINAMARCA;FOMEQUE;SI;1575258350;2025-12;SI;2025-12-31;3735;12/31/2025 05:00:00 PM;DICIEMBRE;2025;COOPERATIVA AGRICOLA DEL ORIENTE DE CUNDINAMARCA;COOAGRORIENTE;860-047-584-2;Multiactiva sin seccion de ahorro;CUNDINAMARCA;FÓMEQUE;CL 4 # 3-21;;12;Consumo (comercio);ROSA ELVIRA SARAY MILLAN;cooagroriente@gmail.com;3
218;ATLÁNTICO;BARRANQUILLA;SI;1559998181;2025-12;SI;2025-12-31;1581;12/31/2025 05:00:00 PM;DICIEMBRE;2025;COOPERATIVA AL SERVICIO DEL TRABAJADOR EN LA COSTA NORTE;COOTRASERVES;890-110-076-0;Especializada sin seccion de ahorro;ATLÁNTICO;BARRANQUILLA;CARRERA 44 54-25;6053375729;99;Otras actividades;PEDRO PABLO BARCELO THOMAS;gerencia@cootraserves.com;3
219;NORTE DE SANTANDER;TIBU;SI;1553290925;2026-06;SI;2026-06-30;20014;06/30/2026 05:00:00 PM;JUNIO;2026;COOPERATIVA DE FAMILIAS AGRICULTORAS DEL CATATUMBO;COOAGROVIDA;901-868-853-1;Cooperativas de trabajo asociado;NORTE DE SANTANDER;TIBÚ;CL 11A 14-52 VILLA PAZ;;4;Agricola;;gerencia@cooagrovida.com;2
220;ANTIOQUIA;CAUCASIA;SI;1480103471;2024-06;SI;2025-12-31;16035;12/31/2025 05:00:00 PM;DICIEMBRE;2025;PRECOOPERATIVA DE BAREQUEROS ARTESANALES DE MINERIA;PRECOBARMIN;901-470-685-9;Precooperativas;ANTIOQUIA;CAUCASIA;CR 2 17 49 BRR EL CENTRO;;99;Otras actividades;;gerencia@precobarmin.com;3
221;BOLÍVAR;CARTAGENA DE INDIAS;SI;1464107362;2025-12;SI;2025-12-31;4954;12/31/2025 05:00:00 PM;DICIEMBRE;2025;COOPERATIVA DE EMPLEADOS  DE ABOCOL;COOABOCAR LTDA;800-085-829-5;Integral sin seccion de ahorro;BOLÍVAR;CARTAGENA DE INDIAS;MAMONAL KM 11;;99;Otras actividades;RONALD DE JESUS RONCALLO MEZA;cooabocar@gmail.com;3
222;NORTE DE SANTANDER;SAN JOSE DE CUCUTA;SI;1416113383;2026-06;SI;2026-06-30;3247;06/30/2026 05:00:00 PM;JUNIO;2026;PRECOOPERATIVA PROFESIONAL EN ESTUDIOS Y SERVICIO TECNICO AMBIENTAL;COOPROCONAS;807-002-270-9;Cooperativas de trabajo asociado;NORTE DE SANTANDER;SAN JOSÉ DE CÚCUTA;CALLE 10 3 42 OFICINA 601;5718306;99;Otras actividades;JAVIER HUMBERTO BAYONA PALLARES;cooproconas_cta@hotmail.co;3
223;ATLÁNTICO;BARRANQUILLA;SI;1405259385;2025-12;SI;2025-12-31;11094;12/31/2025 05:00:00 PM;DICIEMBRE;2025;COOPERATIVA NACIONAL DE SERVICIOS DE COBRANZAS Y COMERCIALIZACION;COOPCRESER;823-004-332-4;Multiactiva sin seccion de ahorro;ATLÁNTICO;BARRANQUILLA;CL 39 43 123 P 10 OF I 9;2027865;24;Servicios de credito;MARTHA MONTERO GOMEZ;contabilidad@cooperativacoopcreser.com;3
224;ATLÁNTICO;BARRANQUILLA;SI;1393102128;2026-06;SI;2026-06-30;16096;06/30/2026 05:00:00 PM;JUNIO;2026;COOPERATIVA MULTIACTIVA Y SERVICIOS DEL HOGAR LTDA;COOPEHOGAR LTDA;900-766-558-1;Multiactiva sin seccion de ahorro;ATLÁNTICO;BARRANQUILLA;CRA 44 B 70-213 OF 201;3693671;99;Otras actividades;;coopehogarltda@gmail.com;3
225;NORTE DE SANTANDER;SAN JOSE DE CUCUTA;SI;1377105286;2025-12;SI;2025-12-31;3178;12/31/2025 05:00:00 PM;DICIEMBRE;2025;COOPERATIVA DE APORTES Y CREDITO DE PENSIONADOS ECOPETROL NORTE DE SANTANDER;COOPENOR;800-231-088-0;Multiactiva sin seccion de ahorro;NORTE DE SANTANDER;SAN JOSÉ DE CÚCUTA;CL 12 #4-19 OF 301 EDIF PANAMERICANO;5723636;99;Otras actividades;oscar hernando leal casta??eda;coopenorgerencia@gmail.com;3
226;ANTIOQUIA;MEDELLIN;SI;1366241268;2025-12;SI;2025-12-31;6498;12/31/2025 05:00:00 PM;DICIEMBRE;2025;AUDITORIA Y CONSULTORIA INTEGRALES E.C.;ACI;811-019-050-4;Multiactiva sin seccion de ahorro;ANTIOQUIA;MEDELLÍN;CR 43A 17 106 OF 801 ED LATITUDE;3492420;99;Otras actividades;WILMAR ROLDAN ZAPATA;asistente@acintegrales.com.co;3
227;ANTIOQUIA;MEDELLIN;SI;1343999442;2026-06;SI;2026-06-30;1367;06/30/2026 05:00:00 PM;JUNIO;2026;EMPRESA COOPERATIVA DE IMPRESORES DE ARTES GRAFICAS DE ANTIOQUIA;COOIMPRESOS;800-222-529-9;Cooperativas de trabajo asociado;ANTIOQUIA;MEDELLÍN;CL 48 41 18;4483955;99;Otras actividades;EDUHIN DE JESUS MARIN ARANGO;contabilidad1@cooimpresos.com;3
228;NORTE DE SANTANDER;SAN JOSE DE CUCUTA;SI;1342460520;2025-12;SI;2025-12-31;16501;12/31/2025 05:00:00 PM;DICIEMBRE;2025;COOPERATIVA DE SERVICIOS DE APORTE Y CREDITO PROGRESANDO;COOPSERPROG;901-814-236-3;Aportes y credito;NORTE DE SANTANDER;SAN JOSÉ DE CÚCUTA;CALLE 21A 0B-75 BARRIO EL ROSAL;5489755;24;Servicios de credito;;gerencia@ipsprogresandoensalud.com;3
229;ATLÁNTICO;BARRANQUILLA;SI;1314213899;2025-12;SI;2025-12-31;5515;12/31/2025 05:00:00 PM;DICIEMBRE;2025;COOPERATIVA MULTIACTIVA DE PROMOTORES INDUSTRIALES Y DE SERVICIOS;COOPRISER;802-014-669-7;Multiactiva sin seccion de ahorro;ATLÁNTICO;BARRANQUILLA;CR 50 88 23;3738960;24;Servicios de credito;ALEXANDRA DEL CARMEN REHENALS DIAZ;cooperativacoopriser@gmail.com;3
230;ANTIOQUIA;MEDELLIN;SI;1313173768;2025-12;SI;2025-12-31;11120;12/31/2025 05:00:00 PM;DICIEMBRE;2025;PRECOOPERATIVA DE TRABAJO ASOCIADO DE RECICLADORES DE MEDELLIN;RECIMED;900-104-527-1;Multiactiva sin seccion de ahorro;ANTIOQUIA;MEDELLÍN;CL 58   51 D 26;6041023;19;Aseo mantenimiento y reciclaje;JORGE ARTURO RIVERA HERRERA;lhuertas.recimed@reciclaje.com.co;3
231;NORTE DE SANTANDER;CHINACOTA;SI;1303111728;2025-12;SI;2025-12-31;11368;12/31/2025 05:00:00 PM;DICIEMBRE;2025;COOPERATIVA MULTIACTIVA SAN LUIS GONZAGA DE CHINACTOA;COOPMSALUISGONZAGA;900-104-259-2;Multiactiva sin seccion de ahorro;NORTE DE SANTANDER;CHINÁCOTA;CALLE 5 NA? 3 - 58 LOCAL 102;;99;Otras actividades;LEYDI VIVIANA CONTRERAS FLOREZ;cmasanluisgonzaga@hotmail.com;3
232;BOLÍVAR;CARTAGENA DE INDIAS;SI;1283671615;2026-06;SI;2026-06-30;15830;06/30/2026 05:00:00 PM;JUNIO;2026;COOPERATIVA DE TRABAJO ASOCIADO DE SERVICIOS DE ASEO EN GENERAL;SERVIASEG;901-344-299-1;Cooperativas de trabajo asociado;BOLÍVAR;CARTAGENA DE INDIAS;BARRIO ARMENIA CRA 48 #30 - 145 MZ F LOTE 13;6740162;19;Aseo mantenimiento y reciclaje;;talentohumano@serviaseg.com;3
233;BOLÍVAR;ARJONA;SI;1257691200;2019-12;SI;2025-12-31;4362;12/31/2025 05:00:00 PM;DICIEMBRE;2025;COOPERATIVA PARA LA RECREACION, CULTURA Y BIENESTAR SOCIAL DE ARJONA;COOPRECAR LTDA.;800-240-239-4;Integral sin seccion de ahorro;BOLÍVAR;ARJONA;CALLE CORDOBA  SECTOR LAS DELICIAS # 53-110;;99;Otras actividades;ONEDIS MERCEDES OCHOA ANGULO;cooprecar15@hotmail.com;3
234;ANTIOQUIA;ITAGUI;SI;1256710060;2026-06;SI;2026-06-30;5982;06/30/2026 05:00:00 PM;JUNIO;2026;COOPERATIVA DE TRABAJO ASOCIADO DE LA CENTRAL MAYORISTA DE ANTIOQUIA;COOTRAMA;811-033-292-8;Cooperativas de trabajo asociado;ANTIOQUIA;ITAGÜÍ;CALLE 73 A 45 A 61;4485145;19;Aseo mantenimiento y reciclaje;GERARDO ALFONSO BALAGUERA ESCOBAR;gerencia@cootrama.com;3
235;ANTIOQUIA;MEDELLIN;SI;1255590124;2026-06;SI;2026-06-30;1322;06/30/2026 05:00:00 PM;JUNIO;2026;COOPERATIVA INTEGRAL DE DISTRIBUIDORES Y TRANSPORTADORES DE PRODUCTOS LACTEOS;COODISTRAL;800-127-594-1;Multiactiva sin seccion de ahorro;ANTIOQUIA;MEDELLÍN;CL 75 64A 13;3379991;3;Organismos de representacion;FALIRA DEL SOCOROO GONZALEZ RESTREPO;coodistrales@hotmail.com;3
236;ANTIOQUIA;ANDES;SI;1243255919;2025-12;SI;2025-12-31;16646;12/31/2025 05:00:00 PM;DICIEMBRE;2025;PRECOOPERATIVA DE CAFE JUMARY;PREJUMARY;901-869-933-5;Multiactiva sin seccion de ahorro;ANTIOQUIA;ANDES;CALLE 52 52 11;;4;Agricola;;precooperativajumary@gmail.com;3
237;BOLÍVAR;CARTAGENA DE INDIAS;SI;1207497270;2025-12;SI;2025-12-31;16171;12/31/2025 05:00:00 PM;DICIEMBRE;2025;COOPERATIVA MULTIACTIVA EJEMPLAR;JECOOP;901-322-232-2;Especializada sin seccion de ahorro;BOLÍVAR;CARTAGENA DE INDIAS;CR 32 8 A 80 ED BANCO CAFETERO OF 303 B BRR CENTRO;6791035;24;Servicios de credito;;jecoop19@gmail.com;3
238;ATLÁNTICO;BARRANQUILLA;SI;1205567065;2025-12;SI;2025-12-31;1912;12/31/2025 05:00:00 PM;DICIEMBRE;2025;COOPERATIVA MULTIACTIVA COLOMBIANA;COOMULTICOL;802-002-052-1;Multiactiva sin seccion de ahorro;ATLÁNTICO;BARRANQUILLA;ZONA FRANCA;3111110;99;Otras actividades;GONZALEZ PAREDES ALVARO LUIS;coomulticol@retycol.com.co;3
239;ANTIOQUIA;MEDELLIN;SI;1191652588;2025-12;SI;2025-12-31;1380;12/31/2025 05:00:00 PM;DICIEMBRE;2025;COOPERATIVA MULTIACTIVA DE BRICE??O;COOBRICE??O;890-906-570-5;Integral sin seccion de ahorro;ANTIOQUIA;MEDELLÍN;CALLE 10 10 22 AP 402;3137689;5;Pecuaria;HERNAN DARIO AGUDELO ARENAS;coobrice1380@yahoo.es;3
240;BOLÍVAR;CARTAGENA DE INDIAS;SI;1180694339;2025-12;SI;2025-12-31;7089;12/31/2025 05:00:00 PM;DICIEMBRE;2025;COOP.MULTIACTIVA DE LOS TRABAJADORES DEL SENA;COOPTRASENA;800-050-833-4;Multiactiva sin seccion de ahorro;BOLÍVAR;CARTAGENA DE INDIAS;BRR EL CARMEN CRA 66 30-07;6725600;12;Consumo (comercio);FREDY PAJARO OSORIO;cooptrtasena@yahoo.es;3
241;CUNDINAMARCA;VILLA DE SAN DIEGO DE UBATE;SI;1164038037;2025-12;SI;2025-12-31;4079;12/31/2025 05:00:00 PM;DICIEMBRE;2025;COOPERATIVA DE TRABAJO ASOCIADO PRESTADORA DE BIENES Y SERVICIOS UBATE;COPBISER UBATE;832-007-306-9;Cooperativas de trabajo asociado;CUNDINAMARCA;VILLA DE SAN DIEGO DE UBATÉ;CRA 5 4 98;8553580;99;Otras actividades;OSCAR FERNANDO TORRES CORTES;copbiserubate@gmail.com;3
242;ANTIOQUIA;EL BAGRE;SI;1151427000;2025-12;SI;2025-12-31;16527;12/31/2025 05:00:00 PM;DICIEMBRE;2025;PRECOOPERATIVA EQUILIBRIO ARTESANAL DE COLOMBIA;EKARCOL;901-686-742-9;Especializada sin seccion de ahorro;ANTIOQUIA;EL BAGRE;CALLE 51 # 49-07;;8;Mineria;;eekarcol@gmail.com;3
243;CUNDINAMARCA;GUATAVITA;SI;1148765280;2025-12;SI;2025-12-31;7844;12/31/2025 05:00:00 PM;DICIEMBRE;2025;COOPERATIVA DE LECHEROS DE GUATVITA;COLEGA;832-004-101-2;Multiactiva sin seccion de ahorro;CUNDINAMARCA;GUATAVITA;VEREDA MONQUENTIVA;3102312;5;Pecuaria;JOSE IGNACIO TAMAYO CASTRO;cooperativacolega@msn.com;3
244;ATLÁNTICO;BARRANQUILLA;SI;1146496757;2025-12;SI;2025-12-31;3588;12/31/2025 05:00:00 PM;DICIEMBRE;2025;COOPERATIVA DE PROFESORES DEL INSTITUTO PESTALOZZI;COOPROINSPES;800-193-376-3;Especializada sin seccion de ahorro;ATLÁNTICO;BARRANQUILLA;CALLE 76 44 25 2 PISO;3854792;99;Otras actividades;ALVARO ESPRIELLA CUENTO;cooproinspes@gmail.com;3
245;ATLÁNTICO;SOLEDAD;SI;1128589526;2026-06;SI;2026-06-30;10232;06/30/2026 05:00:00 PM;JUNIO;2026;PRECOOPERATIVA DE TRABAJO AUXILIARES DE TRANSPORTE;COOTRAXIBUS;802-013-359-4;Cooperativas de trabajo asociado;ATLÁNTICO;SOLEDAD;CR 14 54 186 MD A BG 5;5323003;99;Otras actividades;JANETT DELCARMEN FRANCO NARVAEZ;cootraxibus@gmail.com;3
246;CUNDINAMARCA;GUATAVITA;SI;1126024895;2025-12;SI;2025-12-31;16708;12/31/2025 05:00:00 PM;DICIEMBRE;2025;COOPERATIVA DE LECHEROS DE LAS VEREDAS ASOCIADAS CARBONERA ALTA Y BAJA DE GUATAVITA;COOPERATIVA LEVACAR;900-075-256-5;Multiactiva sin seccion de ahorro;CUNDINAMARCA;GUATAVITA;VDA CARBONERA ALTA;;4;Agricola;;contabilidad@levacar.com.co;3
247;ANTIOQUIA;ITAGUI;SI;1085875704;2025-12;SI;2025-12-31;1349;12/31/2025 05:00:00 PM;DICIEMBRE;2025;COOPERATIVA DE INDUSTRIALES DE LA MADERA Y EL METAL;COOPERMUEBLES;800-239-746-5;Multiactiva sin seccion de ahorro;ANTIOQUIA;ITAGÜÍ;CL 52 50-32 OF 202;3730901;12;Consumo (comercio);JULIO CESAR RESTREPO DUQUE;coopermuebles@yahoo.es;3
248;ANTIOQUIA;RIONEGRO;SI;1066620987;2026-06;SI;2026-06-30;3509;06/30/2026 05:00:00 PM;JUNIO;2026;COOPERATIVA  DE SERVICIOS Y PRODUCCION;SERVIMOS;800-114-538-2;Cooperativas de trabajo asociado;ANTIOQUIA;RIONEGRO;CARRERA 52 48A 15;;19;Aseo mantenimiento y reciclaje;LUZ DARY ESCOBAR OSPINA;servimos408@gmail.com;3
249;ATLÁNTICO;BARRANQUILLA;SI;1063720711;2026-06;SI;2026-06-30;12361;06/30/2026 05:00:00 PM;JUNIO;2026;COOPERATIVA MULTIACTIVA DE JUBILADOS PENSIONADOS Y SUSTITUTOS PENSIONALES DE LA UNIVERSIDAD DEL ATLANTICO;COOPEJUA;900-182-216-9;Multiactiva sin seccion de ahorro;ATLÁNTICO;BARRANQUILLA;CR 50 68 123;2004777;99;Otras actividades;GUSTAVO ADOLFO LOPEZ RESLEN;coopejua@hotmail.com;3
250;ANTIOQUIA;MEDELLIN;SI;1059835731;2025-12;SI;2025-12-31;12414;12/31/2025 05:00:00 PM;DICIEMBRE;2025;COOPERATIVA MULTIACTIVA DE APORTE Y CREDITO DE ANTIOQUIA - COOPEANT;COOPEANT;811-024-090-9;Multiactiva sin seccion de ahorro;ANTIOQUIA;MEDELLÍN;CL 50 53 44 OF 210;;24;Servicios de credito;CARLOS MARIO BUILES CORREA;coopeant@hotmail.com;3
251;ATLÁNTICO;BARRANQUILLA;SI;1057175907;2025-12;SI;2025-12-31;13714;12/31/2025 05:00:00 PM;DICIEMBRE;2025;COOPERATIVA MULTIACTIVA J.N. ASOCIADOS;J.N ASOCIADOS;900-623-300-3;Multiactiva sin seccion de ahorro;ATLÁNTICO;BARRANQUILLA;CL 39 43 50 PI 2 OF 203;3516578;24;Servicios de credito;JAVIER TUNDENO VILLARREAL;j.nasociados@hotmail.com;3
252;ATLÁNTICO;BARRANQUILLA;SI;1028408930;2024-12;SI;2025-12-31;12317;12/31/2025 05:00:00 PM;DICIEMBRE;2025;COOPERATIVA MULTIACTIVA PARA EMPLEADOS COOEMPLEADORES;COOEMPLEADORES;802-022-633-6;Multiactiva sin seccion de ahorro;ATLÁNTICO;BARRANQUILLA;CL 45 43-105;;24;Servicios de credito;ANA MILENA ZAPATA VERGARA;cooempleadores@hotmail.com;3
253;CUNDINAMARCA;CHAGUANI;SI;980696291;2025-12;SI;2025-12-31;706;12/31/2025 05:00:00 PM;DICIEMBRE;2025;COOPERATIVA MULTIACTIVA DE DOCENTES Y ESTUDIANTES DEL COLEGIO ODON.COL;COUNICOC;860-600-202-6;Multiactiva sin seccion de ahorro;CUNDINAMARCA;CHAGUANÍ;AUT NORTE KM 20;2218240;2;Servicios de ahorro y credito;FREDY ARNULFO FONSECA GARZON;counicoc@gmail.com;3
254;CUNDINAMARCA;SASAIMA;SI;974326677;2026-06;SI;2026-06-30;12562;06/30/2026 05:00:00 PM;JUNIO;2026;COOPERATIVA MULTIACTIVA COOMANDAR;COOMNDAR;900-291-712-8;Multiactiva sin seccion de ahorro;CUNDINAMARCA;SASAIMA;CR 2 8 11 PI 2;6291522;99;Otras actividades;AMADO DE JESUS URREGO ACEVEDO;cooperativacoomandar@gmail.com;3
255;BOLÍVAR;CARTAGENA DE INDIAS;SI;971543553;2025-12;SI;2025-12-31;2953;12/31/2025 05:00:00 PM;DICIEMBRE;2025;COOPERATIVA INTEGRAL DE LOS TRABAJADORESS DEL HOTEL CARTAGENA HILTON INTERNAL.;COOTRAHILTON;890-481-033-5;Integral sin seccion de ahorro;BOLÍVAR;CARTAGENA DE INDIAS;ESCALLON VILLA CALLE 30H NO 55 95;6451593;99;Otras actividades;MARTA PEREZ ESPITIA;cootrahilton@hotmail.com;3
256;ATLÁNTICO;BARRANQUILLA;SI;962385953;2025-12;SI;2025-12-31;13617;12/31/2025 05:00:00 PM;DICIEMBRE;2025;COOPERATIVA MULTIACTIVA DE TRABAJADORES Y PENSIONADOS DEL CARIBE SIGLA COOPVENCER;COOPVENCER;900-553-025-1;Multiactiva sin seccion de ahorro;ATLÁNTICO;BARRANQUILLA;CALLE 38 NRO 41-39 OF 206;3453085;24;Servicios de credito;LESBIA ISABEL PADILLA PEREZ;labendiciondedioscooperativa@hotmail.com;3
257;CUNDINAMARCA;EL ROSAL;SI;918683137;2025-12;SI;2025-12-31;1238;12/31/2025 05:00:00 PM;DICIEMBRE;2025;COOPERATIVA DE SERVICIOS EL ROSAL LTDA;COOSERAL;860-029-804-1;Integral sin seccion de ahorro;CUNDINAMARCA;EL ROSAL;CRA 10 6 34 OF 206;;20;Inmobiliarias y de alquiler;LEIDY MARISTELLA MARTIN BARRERA;coseral@gmail.com;3
258;ATLÁNTICO;BARRANQUILLA;SI;895165508;2026-06;SI;2026-06-30;15638;06/30/2026 05:00:00 PM;JUNIO;2026;COOPERATIVA MULTIACTIVA LOS TRES OCHO;COOTREO;901-230-909-4;Multiactiva sin seccion de ahorro;ATLÁNTICO;BARRANQUILLA;CRA 19 #45D-23;3855843;24;Servicios de credito;;lostresocho@hotmail.com;3
259;BOLÍVAR;MAGANGUE;SI;875444181;2025-12;SI;2025-12-31;15492;12/31/2025 05:00:00 PM;DICIEMBRE;2025;COOPERATIVA MULTIACTIVA DE SERVICIOS INTEGRALES;SERMICOOP;901-000-538-9;Multiactiva sin seccion de ahorro;BOLÍVAR;MAGANGUÉ;CARRERA 2 CALLE 11 ESQ. P. 3 OFICINA 311;6888188;99;Otras actividades;;sermicoop@hotmail.com;3
260;CUNDINAMARCA;COTA;SI;869069663;2025-12;SI;2025-12-31;15308;12/31/2025 05:00:00 PM;DICIEMBRE;2025;COOPERATIVA MULTIACTIVA INVERSOES POR COLOMBIA;COOPINVERSORES;901-074-930-0;Multiactiva sin seccion de ahorro;CUNDINAMARCA;COTA;AUT MEDELLIN KM 3 PUNTO 5 VIA BOGOTA SIBERIA TER T;;99;Otras actividades;;contacto@inversoresporcolombia.com;3
261;CUNDINAMARCA;GIRARDOT;SI;868482292;2025-12;SI;2025-12-31;3682;12/31/2025 05:00:00 PM;DICIEMBRE;2025;COOPERATIVA MULTIACTIVA DE CREDITOS SANTANA LIMITADA;COOPCREDISAN LTDA;800-248-773-2;Multiactiva sin seccion de ahorro;CUNDINAMARCA;GIRARDOT;K 11 15 43 L 2;8887276;24;Servicios de credito;DIANA CATALINA SANCHEZ PINEDA;coopcredisan94@outlook.es;3
262;NORTE DE SANTANDER;SAN JOSE DE CUCUTA;SI;862141623;2025-12;SI;2025-12-31;3290;12/31/2025 05:00:00 PM;DICIEMBRE;2025;COOPERATIVA DE EMPLEADOS DEL CASD DE CUCUTA.;COOPEMCASD LTDA;890-504-669-1;Especializada sin seccion de ahorro;NORTE DE SANTANDER;SAN JOSÉ DE CÚCUTA;AV 11 E 2 N 117 QUINTA ORIEN CUCUTA, N;5742571;24;Servicios de credito;JAIME SOLANO NINNO;coopemcasd@hotmail.com;3
263;ATLÁNTICO;BARRANQUILLA;SI;855673689;2024-06;SI;2025-12-31;2884;12/31/2025 05:00:00 PM;DICIEMBRE;2025;COOPERATIVA DE TRABAJADORES Y EMPREADOS DISTRITALES DE LA SALUD;COOTRAEMDISA;802-004-448-3;Multiactiva sin seccion de ahorro;ATLÁNTICO;BARRANQUILLA;CRA 41 54 68;3106598341;99;Otras actividades;ADALBERTO PEREZ CANTILLO;cootraemdisa23@gmail.com;3
264;ANTIOQUIA;MARINILLA;SI;822825686;2026-06;SI;2026-06-30;15960;06/30/2026 05:00:00 PM;JUNIO;2026;COOPERATIVA MULTIACTIVA COMUNAL DE MARINILLA;COOMUNAL;901-473-523-8;Multiactiva sin seccion de ahorro;ANTIOQUIA;MARINILLA;CR30 29 40;4797089;24;Servicios de credito;;coomunalmarinilla@gmail.com;3
265;ATLÁNTICO;BARRANQUILLA;SI;819996024;2025-12;SI;2025-12-31;15096;12/31/2025 05:00:00 PM;DICIEMBRE;2025;COOPERATIVA MULTIACTIVA DE SERVICIOS COSTA MAR DEL ATLANTICO;COOPSTAMAR;900-343-848-5;Multiactiva sin seccion de ahorro;ATLÁNTICO;BARRANQUILLA;CALLE 42 NA? 43 - 35 LC 2;3378837;99;Otras actividades;ALVARO JESUS NOLASCO ACOSTA;coopstamar@gmail.com;3
266;ATLÁNTICO;BARRANQUILLA;SI;806866159;2025-12;SI;2025-12-31;15150;12/31/2025 05:00:00 PM;DICIEMBRE;2025;SERVICIOS GENERALES COOPERATIVOS DEL CARIBE;SERVIGECOOP;900-860-525-9;Multiactiva sin seccion de ahorro;ATLÁNTICO;BARRANQUILLA;CALLE 60 NA? 41 - 42 OF 2;6053238827;99;Otras actividades;NEIL VILORIA ARZUAGA;servigecoop@hotmail.com;3
267;BOLÍVAR;CARTAGENA DE INDIAS;SI;805993765;2025-12;SI;2025-12-31;15666;12/31/2025 05:00:00 PM;DICIEMBRE;2025;COOPERATIVA MULTIACTIVA DE CARTAGENA DE INDIAS;CARCOOP;901-343-160-0;Multiactiva sin seccion de ahorro;BOLÍVAR;CARTAGENA DE INDIAS;CENTRO UNO OFICINA 204;;99;Otras actividades;;carcoop92@gmail.com;3
268;ANTIOQUIA;MEDELLIN;SI;803038054;2025-12;SI;2025-12-31;16679;12/31/2025 05:00:00 PM;DICIEMBRE;2025;COOPERATIVA DE TRABAJADORES DE LA CLINICA MEDELLIN;COOTRASIMED;901-747-626-5;Aportes y credito;ANTIOQUIA;MEDELLÍN;Calle 47 # 43 - 96;3113147329;12;Consumo (comercio);;cootrasimed@gmail.com;3
269;ATLÁNTICO;BARRANQUILLA;SI;795534456;2025-12;SI;2025-12-31;16016;12/31/2025 05:00:00 PM;DICIEMBRE;2025;COOPERATIVA MULTIACTIVA FLYCOOP;FLYCOOP;901-572-854-5;Multiactiva sin seccion de ahorro;ATLÁNTICO;BARRANQUILLA;CL 44 22 53;;99;Otras actividades;;cooperativaflycoop@gmail.com;3
270;NORTE DE SANTANDER;SAN JOSE DE CUCUTA;SI;794231530;2026-06;SI;2026-06-30;16549;06/30/2026 05:00:00 PM;JUNIO;2026;COOPERATIVA MULTIACTIVA DE APORTE Y CREDITO BOMBECOOP;BOMBECOOP;901-844-082-4;Multiactiva sin seccion de ahorro;NORTE DE SANTANDER;SAN JOSÉ DE CÚCUTA;AVENIDA 6 1 46 CALLEJON LOCAL 3;6075928853;99;Otras actividades;;bombecoop@gmail.com;3
271;ANTIOQUIA;MEDELLIN;SI;792921204;2025-12;SI;2025-12-31;6639;12/31/2025 05:00:00 PM;DICIEMBRE;2025;COP.MULT.PLAZA SATELITE DE MERCADO CAMPO VALDES;COMUPLAZAC;811-004-500-1;Multiactiva sin seccion de ahorro;ANTIOQUIA;MEDELLÍN;CL 80   49A 40;;99;Otras actividades;NICOLAS HERNAN GONZALEZ GONZALEZ;comuplazac@plazacampovaldes.com.co;3
272;ANTIOQUIA;EL BAGRE;SI;761795000;2025-12;SI;2025-12-31;16634;12/31/2025 05:00:00 PM;DICIEMBRE;2025;PRECOOPERATIVA ZAID;;901-828-455-0;Precooperativas;ANTIOQUIA;EL BAGRE;CARRERA 49 N 52- 11;;8;Mineria;;precooperativazaid@gmail.com;3
273;ANTIOQUIA;MEDELLIN;SI;761748216;2025-12;SI;2025-12-31;1440;12/31/2025 05:00:00 PM;DICIEMBRE;2025;COOPERATIVA MULTIACTIVA DE LA AMERICA;COPLAZA;811-004-024-7;Multiactiva sin seccion de ahorro;ANTIOQUIA;MEDELLÍN;CL 45 79 A 100 ADMON;5299153;20;Inmobiliarias y de alquiler;CESAR AUGUSTO SIMBAQUEBA MU??OZ;coplazasecretari@gmail.com;3
274;ANTIOQUIA;MEDELLIN;SI;758717826;2026-06;SI;2026-06-30;1822;06/30/2026 05:00:00 PM;JUNIO;2026;COOPERATIVA MULTIACTIVA DE EXTRABAJADORES FERROVIARIOS;COOPEXTRAFER;811-004-891-6;Especializada sin seccion de ahorro;ANTIOQUIA;MEDELLÍN;CL. 52 #47-28;5121486;24;Servicios de credito;EFRAINANTONIO CASAS CUERVO;gerencia.coopextrafer@gmail.com;3
275;ANTIOQUIA;MEDELLIN;SI;721659831;2026-06;SI;2026-06-30;3746;06/30/2026 05:00:00 PM;JUNIO;2026;COOPERATIVA DE PRODUCCION Y CONSUMO DE LOS TRABAJADORES Y PENSIONADOS DE ANTIOQU;COOTRAPEN;890-982-446-3;Multiactiva sin seccion de ahorro;ANTIOQUIA;MEDELLÍN;CR 49 50 58 OF 210;5114149;12;Consumo (comercio);LUIS EDUARDO VALENCIA GAVIRIA;contactenos@cootrapen.com.co;3
276;ANTIOQUIA;CAUCASIA;SI;719405848;2025-12;SI;2025-12-31;16702;12/31/2025 05:00:00 PM;DICIEMBRE;2025;COOPERATIVA MULTIACTIVA BRILLO COLECTIVO;COOMUBRICOL;901-973-203-1;Multiactiva sin seccion de ahorro;ANTIOQUIA;CAUCASIA;CARRERA 24 NO. 29 A 39;;8;Mineria;;coomubricol2025@gmail.com;3
277;ATLÁNTICO;BARRANQUILLA;SI;706351393;2025-12;SI;2025-12-31;13099;12/31/2025 05:00:00 PM;DICIEMBRE;2025;COOPERATIVA MULTIACTIVA MERCAR;COOMULTIMERCAR;802-019-619-1;Multiactiva sin seccion de ahorro;ATLÁNTICO;BARRANQUILLA;CALLE 42 N 41 72 OF 6 P 2;;24;Servicios de credito;DIANA MARTINEZ GUARNIZO;coomultimercar@hotmail.com;3
278;ANTIOQUIA;MEDELLIN;SI;692874273;2025-12;SI;2025-12-31;15741;12/31/2025 05:00:00 PM;DICIEMBRE;2025;COOPERATIVA MULTIACTIVA TEJIENDO PAZ;COTEPAZ;901-254-857-3;Multiactiva sin seccion de ahorro;ANTIOQUIA;MEDELLÍN;CALLE 30 A 78 A 11;2940449;9;Educacion;;marzo2610@gmail.com;3
279;BOLÍVAR;MAHATES;SI;691370020;2025-12;SI;2025-12-31;13246;12/31/2025 05:00:00 PM;DICIEMBRE;2025;COOPERATIVA DE PRODUCTORES DE LECHE MAHATES;PROLASAM;800-240-854-4;Multiactiva sin seccion de ahorro;BOLÍVAR;MAHATES;LA VERA TV 32A N 17A-24;6397200;4;Agricola;ANGEL MORENO ELLES;prolasam_mahates@hotmail.com;3
280;NORTE DE SANTANDER;SARDINATA;SI;690002404;2025-12;SI;2025-12-31;3268;12/31/2025 05:00:00 PM;DICIEMBRE;2025;COOPERATIVA DEL MAGISTERIO DE SARDINATA;COOPMASAR;800-214-781-5;Especializada sin seccion de ahorro;NORTE DE SANTANDER;SARDINATA;CLL 2 NO. 4.49 LA VICTORIA;5665597;24;Servicios de credito;LUVING MOLINA BALLESTEROS;ramonropa@hotmail.com;3
281;ANTIOQUIA;MEDELLIN;SI;659513131;2025-12;SI;2025-12-31;15964;12/31/2025 05:00:00 PM;DICIEMBRE;2025;COOPERATIVA MULTIACTIVA SERINTEGROUP;SERINTEGROUP;901-538-625-1;Multiactiva sin seccion de ahorro;ANTIOQUIA;MEDELLÍN;CR 50 FF 8 SUR 27;;8;Mineria;;tesoreria@serintegroup.com.co;3
282;NORTE DE SANTANDER;SAN JOSE DE CUCUTA;SI;653708238;2025-12;SI;2025-12-31;3371;12/31/2025 05:00:00 PM;DICIEMBRE;2025;COOPERATIVA DE EMPLEADOS DE LA PENITENCIARIA NACIONAL DE CUCUTA;COOEMPENALCUT;807-000-494-2;Multiactiva sin seccion de ahorro;NORTE DE SANTANDER;SAN JOSÉ DE CÚCUTA;PENITENCIERIA NACIONAL BRR EL SALADO;5849429;99;Otras actividades;EDGAR JAVIER BALLESTEROS LOPEZ;cooepenalcut@hotmail.com;3
283;ANTIOQUIA;EL CARMEN DE VIBORAL;SI;652960731;2026-06;SI;2026-06-30;6526;06/30/2026 05:00:00 PM;JUNIO;2026;COOPERATIVA LINO DE J. ACEVEDO;COOMASUR;890-904-564-1;Especializada sin seccion de ahorro;ANTIOQUIA;EL CARMEN DE VIBORAL;CALLE 30 NO 15-24;;99;Otras actividades;JOSE ALBERTO ARBOLEDA CASTA?O;cooplinodej@hotmail.com;3
284;ANTIOQUIA;ARBOLETES;SI;645742103;2025-12;SI;2025-12-31;8518;12/31/2025 05:00:00 PM;DICIEMBRE;2025;COOPERATIVA INTEGRAL AGROPECUARIA DE GANADEROS, TECNICOS Y PROFESIONALES DE URABA NORTE;ATUN;811-015-951-7;Integral sin seccion de ahorro;ANTIOQUIA;ARBOLETES;CRA 30 # 25-113;;5;Pecuaria;PAULA PALOMINO CADAVID;atunaldia@gmail.com;3
285;ATLÁNTICO;BARRANQUILLA;SI;644079172;2025-12;SI;2025-12-31;11318;12/31/2025 05:00:00 PM;DICIEMBRE;2025;COOPERATIVA MULTIACTIVA DE PROFESIONALES Y SERVICIOS;COOMUPROSER;900-174-047-7;Multiactiva sin seccion de ahorro;ATLÁNTICO;BARRANQUILLA;CALLE 38 43 104;3791727;99;Otras actividades;IVAN LEONARDO ANCINEZ CAICEDO;ivanancinez@hotmail.com;3
286;ANTIOQUIA;MEDELLIN;SI;642732228;2025-12;SI;2025-12-31;16091;12/31/2025 05:00:00 PM;DICIEMBRE;2025;ASOCIACION FEDERACION DE ECONOMIA SOLIDARIA EFRAIN GUZMAN;FEDERACION EFRAIN GUZMAN;901-589-097-0;Multiactiva sin seccion de ahorro;ANTIOQUIA;MEDELLÍN;CALLE 30A 78A 11;;99;Otras actividades;;info@efrainguzman.org;3
287;ANTIOQUIA;MEDELLIN;SI;604611363;2025-12;SI;2025-12-31;6968;12/31/2025 05:00:00 PM;DICIEMBRE;2025;COOPERATIVA DE EXCEDENTES INDUSTRIALES Y MEDIO AMBIENTE MULTIACTIVA;COODEXIN;811-016-571-6;Cooperativas de trabajo asociado;ANTIOQUIA;MEDELLÍN;CR 63 59 107 BG 47;;19;Aseo mantenimiento y reciclaje;NEFTALI GALVIS ALZATE;contabilidad@coodexin.com;3
288;BOLÍVAR;CARTAGENA DE INDIAS;SI;598442551;2025-12;SI;2025-12-31;9189;12/31/2025 05:00:00 PM;DICIEMBRE;2025;COOPERATIVA MULTIACTIVA DE COMPRAVENDEDORES;MULTISCOOP;806-014-405-4;Multiactiva sin seccion de ahorro;BOLÍVAR;CARTAGENA DE INDIAS;BRR COUNTRY TV 54 30 769 CC PLAZA COLON LC 7;;24;Servicios de credito;OSCAR IVAN RESTREPO CORREA;multiscoop@hotmail.com;3
289;ATLÁNTICO;BARRANQUILLA;SI;596887795;2025-12;SI;2025-12-31;2922;12/31/2025 05:00:00 PM;DICIEMBRE;2025;COOPERATIVA DE APORTES Y CREDITO DE LOS PENSIONADOS Y CAUSAHABIENTES DE LA EMPRESA PUERTOS DE COLOMBIA;COOPEMPUCOL;890-105-173-7;Especializada sin seccion de ahorro;ATLÁNTICO;BARRANQUILLA;CALLE 45 - 45-12;;99;Otras actividades;MARIA TERESA GALINDO POLO;coopepumcol@coopempucol.com;3
290;CUNDINAMARCA;GUATAVITA;SI;592851815;2025-12;SI;2025-12-31;16711;12/31/2025 05:00:00 PM;DICIEMBRE;2025;COOPERATIVA DE PRODUCTOS LECHEROS DE PALACIO QUE;COOPRODELAP;900-250-172-5;Multiactiva sin seccion de ahorro;CUNDINAMARCA;GUATAVITA;VEREDA POTREROLARGO;;5;Pecuaria;;gerencia@cooprodelap.com.co;3
291;ATLÁNTICO;BARRANQUILLA;SI;590375449;2025-12;SI;2025-12-31;15600;12/31/2025 05:00:00 PM;DICIEMBRE;2025;COOPERATIVAFAMILIAR DE SERVICIOS Y ASESORIAS DE COLOMBIA;COOFASACOL;901-347-573-7;Multiactiva sin seccion de ahorro;ATLÁNTICO;BARRANQUILLA;CL 40 43 166 LC 19 P2;3238433;24;Servicios de credito;;coofasa2019@gmail.com;3
292;ANTIOQUIA;BELLO;SI;576604664;2026-06;SI;2026-06-30;15689;06/30/2026 05:00:00 PM;JUNIO;2026;COOPERATIVA DE TRABAJO ASOCIADO ZICMA LOGISTICA;;900-918-456-0;Cooperativas de trabajo asociado;ANTIOQUIA;BELLO;CL 57 68 C 163 UNIDAD AGUA CLARA AP 625;;99;Otras actividades;;zicmalogistica2015@gmail.com;3
293;ATLÁNTICO;BARRANQUILLA;SI;573046973;2025-12;SI;2025-12-31;16136;12/31/2025 05:00:00 PM;DICIEMBRE;2025;COOPERATIVA MULTIACTIVA DE SERVICIOS ATD;COOPATD;901-328-112-4;Multiactiva sin seccion de ahorro;ATLÁNTICO;BARRANQUILLA;CALLE 77 65 37 LC 200;6053454;99;Otras actividades;;coopatd@gmail.com;3
294;ATLÁNTICO;BARRANQUILLA;SI;568176687;2025-12;SI;2025-12-31;16606;12/31/2025 05:00:00 PM;DICIEMBRE;2025;COOPERATIVA MULTIACTIVA AGRO SANTO;COOMASAN J.I;901-777-844-2;Multiactiva sin seccion de ahorro;ATLÁNTICO;BARRANQUILLA;CARRERA 44 NA? 8 - 158;;99;Otras actividades;;agrosanto3@gmail.com;3
295;NORTE DE SANTANDER;SAN JOSE DE CUCUTA;SI;564736868;2026-06;SI;2026-06-30;4523;06/30/2026 05:00:00 PM;JUNIO;2026;COOPERATIVA MULTIACTIVA DE RETIRADOS DE LA POLICIA NACIONAL DEL NORTE DE SANTAND;COOMULREPOL LTDA;807-001-702-4;Especializada sin seccion de ahorro;NORTE DE SANTANDER;SAN JOSÉ DE CÚCUTA;CALLE 12 AVE 4;;99;Otras actividades;JOSE RAFAEL VILLAMIZAR JAIMES;neron1127@hotmail.com;3
296;ANTIOQUIA;MEDELLIN;SI;528691611;2025-12;SI;2025-12-31;1480;12/31/2025 05:00:00 PM;DICIEMBRE;2025;COOPERATIVA MULTIACTIVA DE APORTE Y CREDITO BIENESTAR FAMILIAR;COMBIENESTAR;800-212-090-5;Multiactiva sin seccion de ahorro;ANTIOQUIA;MEDELLÍN;CR 65 49 B 21 LOC 210 BLOQUE B;;24;Servicios de credito;MARCELA GUTIERREZ ISAZA;cooperativabienestarfamiliar@gmail.com;3
297;ATLÁNTICO;BARRANQUILLA;SI;526065531;2025-12;SI;2025-12-31;13110;12/31/2025 05:00:00 PM;DICIEMBRE;2025;COOPERATIVA MULTIACTIVA DE TRABAJADORES Y SERVICIOS;COOMULTRABSERV;900-435-405-1;Multiactiva sin seccion de ahorro;ATLÁNTICO;BARRANQUILLA;CL 42 A?41-56 OFICINA 101;3372860;24;Servicios de credito;DERLY PATRICIA ZU??IGA VIZCAINO;info.coomultrabserv@gmail.com;3
298;ANTIOQUIA;GOMEZ PLATA;SI;518723858;2026-06;SI;2026-06-30;16027;06/30/2026 05:00:00 PM;JUNIO;2026;COOPERATIVA AGROPECUARIA COAGROMILENIO;COAGROMILENIO;811-047-133-6;Cooperativas de trabajo asociado;ANTIOQUIA;GÓMEZ PLATA;CR 48 45 57;8627268;4;Agricola;;coagromilenio@hotmail.com;3
299;ATLÁNTICO;BARRANQUILLA;SI;513391832;2026-06;SI;2026-06-30;4887;06/30/2026 05:00:00 PM;JUNIO;2026;COOPERATIVA MULTIACTIVA LA CARIOCA;CARIOCA;802-019-134-1;Multiactiva sin seccion de ahorro;ATLÁNTICO;BARRANQUILLA;CL 39 # 43-112;5379631;1;Intermediacion financiera;HERNA JOSE RIVERO MORALES;carioca@metrotel.net.co;3
300;CUNDINAMARCA;FUSAGASUGA;SI;498152132;2026-06;SI;2026-06-30;5237;06/30/2026 05:00:00 PM;JUNIO;2026;COOPERATIVA MULTIACTIVA DEL SUMAPAZ;COOPSUMAPAZ;808-002-168-9;Multiactiva sin seccion de ahorro;CUNDINAMARCA;FUSAGASUGÁ;CL 17 A 12 76 BRR PIEDRA GRANDE;8684276;22;Salud;NUBIA NOVOA LOZANO;contabilidadcoopsumapaz@gmail.com;3
301;NORTE DE SANTANDER;SAN JOSE DE CUCUTA;SI;481238923;2024-12;SI;2025-12-31;3375;12/31/2025 05:00:00 PM;DICIEMBRE;2025;COOPERATIVA MULTIACTIVA DE TRABAJADORES DE LA AERONAUTICA CIVIL;COOTRAEROCIVIL LTDA;800-014-920-4;Multiactiva sin seccion de ahorro;NORTE DE SANTANDER;SAN JOSÉ DE CÚCUTA;AEROPUERTO CAMILO DAZA;;24;Servicios de credito;MARYITT LIZETH MEDINA DURAN;contadorluznery@gmail.com;3
302;CUNDINAMARCA;CHOACHI;SI;472752531;2025-12;SI;2025-12-31;11728;12/31/2025 05:00:00 PM;DICIEMBRE;2025;COOPERATIVA AGROPECUARIA Y AGROINDUSTRIAL;AGROLACTEOS;900-201-810-7;Multiactiva sin seccion de ahorro;CUNDINAMARCA;CHOACHÍ;VEREDA POTREROGRANDE;;4;Agricola;ELSA MARINA BARON BARON;agrolacteos@hotmail.com;3
303;BOLÍVAR;VILLANUEVA;SI;459209413;2025-12;SI;2025-12-31;12899;12/31/2025 05:00:00 PM;DICIEMBRE;2025;COOPERATIVA DE TRANSPORTADORES DE VILLANUEVA;COOTRANSVI;800-254-485-0;Integral sin seccion de ahorro;BOLÍVAR;VILLANUEVA;CL 15 17-60;3135442741;2;Servicios de ahorro y credito;ANGEL ERNESTO CAMACHO CERQUERA;cootransvilla@yahoo.es;3
304;ANTIOQUIA;SANTA ROSA DE OSOS;SI;450170852;2025-12;SI;2025-12-31;12433;12/31/2025 05:00:00 PM;DICIEMBRE;2025;COOPERATIVA DE TECNICOS DEL ALTIPLANO NORTE DE ANTIOQUIA;COTAN;900-013-846-5;Multiactiva sin seccion de ahorro;ANTIOQUIA;SANTA ROSA DE OSOS;CARRERA 31A CALLE 35A 03;;5;Pecuaria;MARIA ELENA PRECIADO LOPEZ;cotan2007@gmail.com;3
305;CUNDINAMARCA;TENJO;SI;447125837;2025-12;SI;2025-12-31;16028;12/31/2025 05:00:00 PM;DICIEMBRE;2025;COOPERATIVA AGROPECUARIA DE TENJO;COLATTE;901-566-018-1;Especializada sin seccion de ahorro;CUNDINAMARCA;TENJO;KM 1 SIBERIA CHURUGUACO BAJO SEC BOMBEROS;3153348;4;Agricola;;colattecooperativadeproductores@gmail.com;3
306;ANTIOQUIA;MUTATA;SI;436644917;2025-12;SI;2025-12-31;16265;12/31/2025 05:00:00 PM;DICIEMBRE;2025;COOPERATIVA MULTI ACTIVA LA FORTUNA DE MUTATA;COOFORTUNA;901-144-199-3;Multiactiva sin seccion de ahorro;ANTIOQUIA;MUTATÁ;VEREDA SAN JOSE DE LEON;;5;Pecuaria;;lafortunademutata@gmail.com;3
307;NORTE DE SANTANDER;SAN JOSE DE CUCUTA;SI;431372450;2025-12;SI;2025-12-31;3237;12/31/2025 05:00:00 PM;DICIEMBRE;2025;CENTRAL DE COOPERATIVAS DEL NORTE DE SANTANDER LIMITADA;CENCONORTE LTDA.;890-505-732-0;Organismo de representacion;NORTE DE SANTANDER;SAN JOSÉ DE CÚCUTA;CLLE 8A 0 75 BRR LATINO;;3;Organismos de representacion;CARLOS JULIO MORA PE??ALOZA;confecoopnorte@gmail.com;3
308;BOLÍVAR;CARTAGENA DE INDIAS;SI;420670130;2025-12;SI;2025-12-31;1509;12/31/2025 05:00:00 PM;DICIEMBRE;2025;EMPRESA  COMERCIALIZACION  COOPERATIVA;EMCOOMECOOP;806-001-771-9;Multiactiva sin seccion de ahorro;BOLÍVAR;CARTAGENA DE INDIAS;BOCAGRANDE EDIF. CENTRO EJCUTIVO PISO 10;6465490;24;Servicios de credito;ANA ELVIRA LADRON DE GUEVARA AYUB;emcomecoop@hotmail.com;3
309;ANTIOQUIA;MEDELLIN;SI;412743693;2025-12;SI;2025-12-31;12573;12/31/2025 05:00:00 PM;DICIEMBRE;2025;COOPERATIVA DE LA SEGURIDAD SOCIAL;NO TIENE;900-274-435-0;Multiactiva sin seccion de ahorro;ANTIOQUIA;MEDELLÍN;CR 52 67 76;4086794;20;Inmobiliarias y de alquiler;OSWALDO ANTONIO SALGADO CA??AVERAL;cooperativacopses@gmail.com;3
310;ANTIOQUIA;MEDELLIN;SI;396891347;2025-12;SI;2025-12-31;1361;12/31/2025 05:00:00 PM;DICIEMBRE;2025;COOPERATIVA ODONTOLOGICA DE ANTIOQUIA LTDA. COODAN;COODAN;890-908-522-0;Multiactiva sin seccion de ahorro;ANTIOQUIA;MEDELLÍN;CL 54 45 63 OF 400;;22;Salud;MARGARITA EUSSE LOPEZ;coodancontabilidad@gmail.com;2
311;NORTE DE SANTANDER;SAN JOSE DE CUCUTA;SI;396528698;2025-12;SI;2025-12-31;15506;12/31/2025 05:00:00 PM;DICIEMBRE;2025;COOPERATIVA AGROPECUARIA DE RAGONVALIA;COAGRONVALIA;807-008-542-4;Multiactiva sin seccion de ahorro;NORTE DE SANTANDER;SAN JOSÉ DE CÚCUTA;LOTE COAGRONVALIA VDA. SANTA BARBARA;3202126194;4;Agricola;;coagronvalia@yahoo.es;3
312;NORTE DE SANTANDER;PAMPLONA;SI;394993434;2025-12;SI;2025-12-31;3254;12/31/2025 05:00:00 PM;DICIEMBRE;2025;COOPERATIVA MULTIACTIVA MULTIFAMILIAR;COOACRETUR LTDA;807-001-569-0;Multiactiva sin seccion de ahorro;NORTE DE SANTANDER;PAMPLONA;CALLE 8 # 5-44 CENTRO;7680497;24;Servicios de credito;JORGE ENRIQUE JAIMES CRUZ;cooacretur96@gmail.com;3
313;NORTE DE SANTANDER;SAN JOSE DE CUCUTA;SI;390513613;2025-12;SI;2025-12-31;15446;12/31/2025 05:00:00 PM;DICIEMBRE;2025;COOPERATIVA MULTIACTIVA DE PROFESIONALES DEL NORTE.;COOMULPRONORTE;900-742-444-5;Multiactiva sin seccion de ahorro;NORTE DE SANTANDER;SAN JOSÉ DE CÚCUTA;AV 4 E 6 49 OF 108 ED CENTRO JURIDICO URB SAYAGO;;99;Otras actividades;;ufpsram@hotmail.com;3
314;ANTIOQUIA;MUTATA;SI;388157556;2025-12;SI;2025-12-31;16255;12/31/2025 05:00:00 PM;DICIEMBRE;2025;COOPERATIVA MULTIACTIVA DE EMPRENDEDORES DEL CAMPO COLOMBIANO;COOP EMPRENDER;901-135-587-1;Multiactiva sin seccion de ahorro;ANTIOQUIA;MUTATÁ;VEREDA LA FORTUNA COMUNIDAD BECUARANDO;3123728;4;Agricola;;coop01emprender@gmail.com;3
315;NORTE DE SANTANDER;SAN JOSE DE CUCUTA;SI;373987874;2025-12;SI;2025-12-31;3913;12/31/2025 05:00:00 PM;DICIEMBRE;2025;COOPERATIVA DE EMPLEADOS DEL SECTOR ENERGETICO DEL NORTE DE SANTANDER;COOPESENS;800-040-229-2;Multiactiva sin seccion de ahorro;NORTE DE SANTANDER;SAN JOSÉ DE CÚCUTA;MZ 13 D 4 LT 19 BRR CUCUTA;;24;Servicios de credito;PAOLA ANDREA MENA LOZANO;consejoacoopesens@gmail.com;3
316;ATLÁNTICO;BARRANQUILLA;SI;373791283;2025-12;SI;2025-12-31;11148;12/31/2025 05:00:00 PM;DICIEMBRE;2025;COOPERATIVA MULTIACTIVA DE COMERCIO DYLEY;COOPDYLEY;900-179-842-9;Multiactiva sin seccion de ahorro;ATLÁNTICO;BARRANQUILLA;CRA 52 # 76 - 167;;99;Otras actividades;ANTONIO LUIS ARTETA RAMOS;tesoreriacoopdyley76@gmail.com;3
317;ATLÁNTICO;BARRANQUILLA;SI;362812872;2025-12;SI;2025-12-31;15328;12/31/2025 05:00:00 PM;DICIEMBRE;2025;COOPERATIVA MULTIACTIVA PARA LA VITALIDAD DEL ADULTO MAYOR;VITAMCOOP;901-101-456-7;Multiactiva sin seccion de ahorro;ATLÁNTICO;BARRANQUILLA;CL 39 NO. 41-131 OFI 304;3045653;24;Servicios de credito;;info@vitamcoop.org;3
318;BOLÍVAR;CARTAGENA DE INDIAS;SI;359179720;2025-12;SI;2025-12-31;13746;12/31/2025 05:00:00 PM;DICIEMBRE;2025;COOPERATIVA DE TRABAJO ASOCIADO LIDER EN SALUD LISCOOP CTA;LISCOOP CTA;900-324-647-0;Cooperativas de trabajo asociado;BOLÍVAR;CARTAGENA DE INDIAS;CENTRO EDIFICIO ARAUJO SEXTO PISO OF 605;6646601;22;Salud;NELLY ROMERO FERNANDEZ;jarobla1@hotmail.com;3
319;ANTIOQUIA;HISPANIA;SI;358107599;2024-12;SI;2025-12-31;3683;12/31/2025 05:00:00 PM;DICIEMBRE;2025;COOPERATIVA DE TRABAJO ASOCIADO HISPANIA LTDA;COOPTAHIS LTDA;800-174-481-8;Cooperativas de trabajo asociado;ANTIOQUIA;HISPANIA;CALLE LISBOA 45-50;8432135;99;Otras actividades;JORGE ELIECER ALZATE ARBOLEDA;ccooptahis@hotmail.com;3
320;ATLÁNTICO;BARRANQUILLA;SI;352438047;2026-06;SI;2026-06-30;4897;06/30/2026 05:00:00 PM;JUNIO;2026;COOPERATIVA MULTIACTIVA INTEGRAL DE PROFESIONALES;COOPROF;830-086-216-4;Multiactiva sin seccion de ahorro;ATLÁNTICO;BARRANQUILLA;CALLE 39 43-62;3411548;24;Servicios de credito;OMAR OSWALDO RUIZ MALAVER;gerencia@cooperativacooprof.com;3
321;ATLÁNTICO;BARRANQUILLA;SI;344725845;2025-12;SI;2025-12-31;15015;12/31/2025 05:00:00 PM;DICIEMBRE;2025;CREDITOS Y SERVICIOS SOLIDARIOS COOPERATIVOS E.C.;CRESERCOOP;900-414-269-6;Integral sin seccion de ahorro;ATLÁNTICO;BARRANQUILLA;CRA 44 # 37-21 PI 08 OFI806;3323344;99;Otras actividades;GARY GALVAN VIDES;cresercoop1@gmail.com;3
322;CUNDINAMARCA;GUATAVITA;SI;340507431;2025-12;SI;2025-12-31;16710;12/31/2025 05:00:00 PM;DICIEMBRE;2025;COOPERATIVA DE PRODUCTORES LECHEROS Y AGRICOLAS HATILLO GUATAVITA;PROLEAG;900-234-954-0;Multiactiva sin seccion de ahorro;CUNDINAMARCA;GUATAVITA;VRD HATILLO;;4;Agricola;;prolehag3146@yahoo.com;3
323;NORTE DE SANTANDER;PAMPLONA;SI;338803336;2025-12;SI;2025-12-31;3376;12/31/2025 05:00:00 PM;DICIEMBRE;2025;COOPERATIVA DE EMPLEADOS DEL COLEGIO PROVINCIAL;COOEMCOLPROV;890-506-023-1;Especializada sin seccion de ahorro;NORTE DE SANTANDER;PAMPLONA;CRA 6 2-30;;9;Educacion;LUIS ERNESTO SUAREZ BAUTISTA;yasminparadamendoza@hotmail.com;3
324;NORTE DE SANTANDER;SAN JOSE DE CUCUTA;SI;328722391;2026-06;SI;2026-06-30;7509;06/30/2026 05:00:00 PM;JUNIO;2026;COOPERATIVA DE TRABAJO ASOCIADO ESCUELA DE AUXILIARES DE ENFERMERIA;COOPEAE;807-008-500-5;Cooperativas de trabajo asociado;NORTE DE SANTANDER;SAN JOSÉ DE CÚCUTA;AVENIDA 3 # 4-52 BARRIO LATINO;;9;Educacion;MIRYAM SOCORRO ACEVEDO DE CARVAJAL;coopeae@gmail.com;3
325;CUNDINAMARCA;CHOACHI;SI;323048884;2025-12;SI;2025-12-31;15517;12/31/2025 05:00:00 PM;DICIEMBRE;2025;ALTOGRANDE COOPERATIVA AGROTURISTICA CHOACHI;ALTOGRANDE;901-132-110-7;Integral sin seccion de ahorro;CUNDINAMARCA;CHOACHÍ;VDA PROTEROGRANDE CHOACHI CUNDINAMARCA;8102201;18;Turismo;;coopchoachialtogrande@gmail.com;3
326;ANTIOQUIA;BETULIA;SI;321309937;2024-12;SI;2025-12-31;16603;12/31/2025 05:00:00 PM;DICIEMBRE;2025;COOPERATIVA AGRICOLA SAN JOSE;COAGROSANJOSE;901-829-605-3;Integral sin seccion de ahorro;ANTIOQUIA;BETULIA;CL 21 # 19- 24/26 BARRIO CENTRO;;99;Otras actividades;;cooperativaagricolasanjose@gmail.com;3
327;NORTE DE SANTANDER;TOLEDO;SI;320782825;2025-12;SI;2025-12-31;15622;12/31/2025 05:00:00 PM;DICIEMBRE;2025;COOPERATIVA PIONERA DE CANNABIS POR EL APOYO AL DESARROLLO Y PROGRESODEL SARARE DEPARTAMENTO NORTE DE SANTANDER;COPICANNABISAR;901-235-685-2;Multiactiva sin seccion de ahorro;NORTE DE SANTANDER;TOLEDO;COPICANNABISAR@GMAIL.COM;;4;Agricola;;copicannabisar@gmail.com;3
328;BOLÍVAR;CARTAGENA DE INDIAS;SI;320383243;2025-12;SI;2025-12-31;4157;12/31/2025 05:00:00 PM;DICIEMBRE;2025;COOPERATIVA MULTIACTIVA DE SERVICIOS GENERALES Y ADMINISTRATIVOS Y ADMINISTRATIVOS;COOMULGAR;806-010-274-8;Multiactiva sin seccion de ahorro;BOLÍVAR;CARTAGENA DE INDIAS;BRR CENTRO EDIFICIO CITIBANK OF MB4;;99;Otras actividades;JIMMY ALBERTO GIRALDO GECHEN;coomulgar@hotmail.com;3
329;ANTIOQUIA;LA UNION;SI;319550076;2026-06;SI;2026-06-30;12036;06/30/2026 05:00:00 PM;JUNIO;2026;COOPERATIVA CREAR LA UNION;COOPCREAR;800-075-907-9;Multiactiva sin seccion de ahorro;ANTIOQUIA;LA UNIÓN;CALLE15 N 9 49;;13;Industria;MONICA MARSELLA PATI?O DURANGO;coopcrearlaunion@yahoo.es;3
330;ATLÁNTICO;BARRANQUILLA;SI;315271698;2025-12;SI;2025-12-31;7769;12/31/2025 05:00:00 PM;DICIEMBRE;2025;COOPERATIVA MULTIACTIVA DE PENSIONADOS DE LA COSTA;COOPENCOSTA;802-019-241-1;Especializada sin seccion de ahorro;ATLÁNTICO;BARRANQUILLA;CL 38 43 81 LC 6;;24;Servicios de credito;ADA SANCHEZ DE BLANCO;coopencosta@gmail.com;3
331;ATLÁNTICO;SOLEDAD;SI;313915384;2025-12;SI;2025-12-31;13758;12/31/2025 05:00:00 PM;DICIEMBRE;2025;COOPERATIVA MULTIACTIVA GESTORAS DEL DESARROLLO EN COLOMBIA;COOMULGEDESCO;830-510-073-7;Multiactiva sin seccion de ahorro;ATLÁNTICO;SOLEDAD;CR 51 A 18 78;3179420;9;Educacion;CARMEN ELENA POSADA;gestorasdeldesarrollo@yahoo.es;3
332;ANTIOQUIA;MEDELLIN;SI;312297419;2025-12;SI;2025-12-31;10314;12/31/2025 05:00:00 PM;DICIEMBRE;2025;COOPERATIVA DE ARTESANOS DE ANTIOQUIA;COASDA;811-036-536-3;Especializada sin seccion de ahorro;ANTIOQUIA;MEDELLÍN;CALLE 52 50 19 OF 501;;99;Otras actividades;FRANCISCO DE PAULA CARDENAS OSPINA;gerenciacooasda@gmail.com;3
333;BOLÍVAR;MAGANGUE;SI;310806814;2025-12;SI;2025-12-31;7254;12/31/2025 05:00:00 PM;DICIEMBRE;2025;COOPERATIVA DE TRABAJADORES DE LA EMPRESAS DE ENERGIA ELECTRICA DE MAGANGUE S.A.;COOTRAEMA LTDA.;800-013-177-3;Especializada sin seccion de ahorro;BOLÍVAR;MAGANGUÉ;URB. MONTECARLO CALLE 16 MZ A LOTE 5;;99;Otras actividades;GUSTAVO DIAZ EBRATH;cotraema@gmail.com;3
334;CUNDINAMARCA;FUNZA;SI;309968449;2026-06;SI;2026-06-30;9784;06/30/2026 05:00:00 PM;JUNIO;2026;COOPERATIVA DE TRABAJO ASOCIADO BRACEROS DE FUNZA;COOBRAZFUNZA;900-017-379-5;Cooperativas de trabajo asociado;CUNDINAMARCA;FUNZA;KM 2 VIA FUNZA COTA;5951630;99;Otras actividades;LUIS GUILLERMO VALENZUELA CHAPARRO;coobrazfunza2017@gmail.com;3
335;ATLÁNTICO;BARRANQUILLA;SI;307756742;2024-12;SI;2025-12-31;11873;12/31/2025 05:00:00 PM;DICIEMBRE;2025;COOPERATIVA ESPECIALIZADA DE CREDITOS;COOPALIANZA;900-219-148-8;Aportes y credito;ATLÁNTICO;BARRANQUILLA;CALLE 40 46 - 66;3704198;24;Servicios de credito;ENITH MARGARITA LAGARES BALLESTAS;gerencia@coopalianza.co;3
336;BOLÍVAR;MAGANGUE;SI;304848000;2026-06;SI;2026-06-30;15936;06/30/2026 05:00:00 PM;JUNIO;2026;LA FLORIDA COOPERATIVA MULTIACTIVA;LA FLORIDA COOP;806-005-907-1;Cooperativas de trabajo asociado;BOLÍVAR;MAGANGUÉ;CARRERA 16A N? 12 A 19;;99;Otras actividades;;lafloridacoopmultiactiva@gmail.com;3
337;ANTIOQUIA;CAUCASIA;SI;300000000;2026-03;SI;2026-03-31;20091;03/31/2026 05:00:00 PM;MARZO;2026;PRECOOPERATIVA METAL DORADO;;902-049-019-3;Precooperativas;ANTIOQUIA;CAUCASIA;carrera 22 No. 2 48 LC 1;;8;Mineria;;gerencia.precomed@gmail.com;1
338;CUNDINAMARCA;MOSQUERA;SI;298107776;2025-12;SI;2025-12-31;792;12/31/2025 05:00:00 PM;DICIEMBRE;2025;COOPERATIVA DE TRABAJADORES DE FIBERGLASS COLOMBIA LTDA;COOPTRAFIBER;860-024-042-3;Especializada sin seccion de ahorro;CUNDINAMARCA;MOSQUERA;CALLE 5 NO 3 45;;99;Otras actividades;ALBERTO VILLAMIL ACU??A;lizrg0608@hotmail.com;3
339;BOLÍVAR;CARTAGENA DE INDIAS;SI;297832134;2025-12;SI;2025-12-31;13392;12/31/2025 05:00:00 PM;DICIEMBRE;2025;OOOPERATIVA MULTIACTIVA PARA EL DESARROLLO COMUNITARIO;COODECO;900-156-937-0;Multiactiva sin seccion de ahorro;BOLÍVAR;CARTAGENA DE INDIAS;EDIF CITIBANK PISO 6 OF 6F;6437254;24;Servicios de credito;LUCILA RAQUEL NU??EZ DE DE LA PARRA;cooperativacoodeco@gmail.com;3
340;CUNDINAMARCA;GUASCA;SI;297187574;2025-12;SI;2025-12-31;15208;12/31/2025 05:00:00 PM;DICIEMBRE;2025;COOPERATIVA AGROPECUARIA DE GUAVIO;COOAGROGUAVIO;900-102-054-0;Multiactiva sin seccion de ahorro;CUNDINAMARCA;GUASCA;VRDA LA CONCEPCION;;4;Agricola;MOISES RODRIGUEZ OSPINA;cooagroguaviomr@gmail.com;3
341;CUNDINAMARCA;COTA;SI;295836163;2025-12;SI;2025-12-31;13608;12/31/2025 05:00:00 PM;DICIEMBRE;2025;COOPERATIVA DE TRABAJO ASOCIADO ALTERNATIVA EFICIENTE;;900-640-055-5;Cooperativas de trabajo asociado;CUNDINAMARCA;COTA;AUT. MEDELLIN GL SIBERIA 500 MTS VIA COTA;8418402;99;Otras actividades;GUILLERMO CHAPARRO LUQUE;precta@gmail.com;3
342;ANTIOQUIA;DABEIBA;SI;295451743;2025-12;SI;2025-12-31;16510;12/31/2025 05:00:00 PM;DICIEMBRE;2025;COOPERATIVA MULTIACTIVA  AGROPECUARIA EL PROGRESO;AGROPROGRESO;901-150-190-2;Multiactiva sin seccion de ahorro;ANTIOQUIA;DABEIBA;LLANO GRANDE;;4;Agricola;;coopagroprogreso@gmail.com;3
343;ANTIOQUIA;MEDELLIN;SI;285857625;2025-12;SI;2025-12-31;13079;12/31/2025 05:00:00 PM;DICIEMBRE;2025;DISTRIBUIDORA EL PORVENIR COOPERATIVA MULTIACTIVA;DEPCO;900-354-165-0;Multiactiva sin seccion de ahorro;ANTIOQUIA;MEDELLÍN;CR 43 A 18 SUR 135 IN 118 CC SAO PAULO PLAZA;2854574;12;Consumo (comercio);SAUL IGNACIO RIOS RAMIREZ;info@elporvenir.com.co;3
344;ATLÁNTICO;BARRANQUILLA;SI;283441452;2024-12;SI;2025-12-31;9859;12/31/2025 05:00:00 PM;DICIEMBRE;2025;COPERATIVA PARA CAPACITACION MICROEMPRESARIALES ORGANIZADAS;COOCAMIOR;802-024-702-5;Multiactiva sin seccion de ahorro;ATLÁNTICO;BARRANQUILLA;CRA 44 NO. 41-30 PISO 3 OFICINA 7;;1;Intermediacion financiera;RICARDO ORTEGA SARMIENTO;coocamior4@hotmail.com;3
345;ATLÁNTICO;BARRANQUILLA;SI;282960937;2026-06;SI;2026-06-30;16299;06/30/2026 05:00:00 PM;JUNIO;2026;COOPERATIVA MULTIACTIVA SOLIDARIA DE SERVICIOS Y CREDITOS COMUNIDAD Y BIENESTAR;CREBIENESTAR;901-687-133-8;Multiactiva sin seccion de ahorro;ATLÁNTICO;BARRANQUILLA;CALLE 39 # 43 - 123 EDIFICIO LAS FLORES;;24;Servicios de credito;;crebienestar@gmail.com;3
346;ATLÁNTICO;BARRANQUILLA;SI;281500000;2025-12;SI;2025-12-31;15782;12/31/2025 05:00:00 PM;DICIEMBRE;2025;SERVICIOS MULTIACTIVOS COOPERATIVA DEL CARIBE;SERVIMULTICOOP;901-180-544-4;Multiactiva sin seccion de ahorro;ATLÁNTICO;BARRANQUILLA;CR 44 38 11 PI 8 OF 8 B;;99;Otras actividades;;cervimulticoopbarranquilla@hotmail.com;3
347;CUNDINAMARCA;SOPO;SI;280370674;2025-12;SI;2025-12-31;8817;12/31/2025 05:00:00 PM;DICIEMBRE;2025;COOPERATIVA COHESION ESTRATEGICA PARA EL DESARROLLO COOPERATIVO;COESDECOOP;900-001-314-7;Especializada sin seccion de ahorro;CUNDINAMARCA;SOPÓ;CALLE 6 6 97;;24;Servicios de credito;LINA JANETHE BARACALDO MARTIN;coesdecoop@yahoo.es;3
348;NORTE DE SANTANDER;LABATECA;SI;260492254;2026-06;SI;2026-06-30;10060;06/30/2026 05:00:00 PM;JUNIO;2026;COOPERATIVA DE TRABAJO ASOCIADO Y SERVICIOS MULTIPLES LA MORENA DE LABATECA;COOTRASERMORELAB;807-007-079-0;Cooperativas de trabajo asociado;NORTE DE SANTANDER;LABATECA;CLL 4 1 50 BRR DIVINO NI?O;6075923179;19;Aseo mantenimiento y reciclaje;PEDRO ANTONIO VEGA HERNANDEZ;cootrasermorelab2018@gmail.com;3
349;ATLÁNTICO;BARRANQUILLA;SI;252356356;2025-12;SI;2025-12-31;15227;12/31/2025 05:00:00 PM;DICIEMBRE;2025;COOPERATIVA MULTIACTIVA COOPEDEL;COOPEDEL;900-982-666-2;Aportes y credito;ATLÁNTICO;BARRANQUILLA;CALLE 39 NO 43-123;6053425;24;Servicios de credito;DOLMEDES YAFET DE LEON DE LA HOZ;coopedel1@hotmail.com;3
350;ATLÁNTICO;BARRANQUILLA;SI;251610988;2025-12;SI;2025-12-31;15140;12/31/2025 05:00:00 PM;DICIEMBRE;2025;COOPERATVA MULTIACTIVA COOPESAC;COOPESAC;900-187-093-2;Multiactiva sin seccion de ahorro;ATLÁNTICO;BARRANQUILLA;CL 39 43 123 OF H8;3429198;24;Servicios de credito;PEDRO MANUEL SALINA CELEDON;pemasace@hotmail.com;3
351;NORTE DE SANTANDER;OCANA;SI;230889126;2025-12;SI;2025-12-31;6588;12/31/2025 05:00:00 PM;DICIEMBRE;2025;COOPERATIVA DE TRABAJO ASOCIADO LAS MERCEDES;COOTRAMER LTDA;800-020-462-7;Cooperativas de trabajo asociado;NORTE DE SANTANDER;OCAÑA;CORREGIMIENTO DE LAS MERCEDES;;16;Obras publicas;JOSE DEL CARMEN PEREZ;cooptramer@hotmail.com;3
352;ATLÁNTICO;BARRANQUILLA;SI;226479118;2025-12;SI;2025-12-31;9460;12/31/2025 05:00:00 PM;DICIEMBRE;2025;COOPERATIVA DE SERVICIOS Y CREDITOS;CRECOOP;830-510-138-7;Multiactiva sin seccion de ahorro;ATLÁNTICO;BARRANQUILLA;CALLE 88 N 47 134;;24;Servicios de credito;GUSTAVO ADOLFO CRUZ SAGBINI;infocrecoop@gmail.com;3
353;ATLÁNTICO;BARRANQUILLA;SI;225387209;2026-06;SI;2026-06-30;15398;06/30/2026 05:00:00 PM;JUNIO;2026;COOPERATIVA MULTIACTIVA DE SOLUCIONES Y APORTES SOLIDARIOS;SYASCOOP;901-181-206-4;Multiactiva sin seccion de ahorro;ATLÁNTICO;BARRANQUILLA;CALLE 38 NO 41 39 OF 203;3790496;24;Servicios de credito;;syascoop@gmail.com;3
354;BOLÍVAR;CARTAGENA DE INDIAS;SI;221111770;2025-12;SI;2025-12-31;6557;12/31/2025 05:00:00 PM;DICIEMBRE;2025;INSTITUTO DE INTEGRACION EDUCACION FOMENTO Y DESARROLLO COOPERATIVO DEL DEPARTAM;CICOBOL;890-481-532-9;Organismo de representacion;BOLÍVAR;CARTAGENA DE INDIAS;AV PEDRO DE HEREDIA BRR ARMENIA CRA 48 CLLE 30 154;6720559;3;Organismos de representacion;MARIA QUESADA MEZA;confecoopcaribe@yahoo.es;3
355;ANTIOQUIA;MEDELLIN;SI;218557126;2025-12;SI;2025-12-31;6801;12/31/2025 05:00:00 PM;DICIEMBRE;2025;COOPERATIVA DE AFILIACIONES AL POS PEQUE#A Y MEDIANA EMPRESA;COOAPPYME;811-009-732-6;Multiactiva sin seccion de ahorro;ANTIOQUIA;MEDELLÍN;CL 47 40 24;4482122;9;Educacion;LUIS FERNANDO VALENCIA TORO;cooappyme@gmail.com;3
356;ATLÁNTICO;SABANAGRANDE;SI;218056094;2025-12;SI;2025-12-31;4979;12/31/2025 05:00:00 PM;DICIEMBRE;2025;COOP.MULTIAC.DE.DOC.Y.EMPLEAD.DE.LA.COSTA;COOMADEC;802-005-816-5;Multiactiva sin seccion de ahorro;ATLÁNTICO;SABANAGRANDE;CALLE 7A  16-306;;99;Otras actividades;RITA ISABEL MARRIAGA FANG;coomadec@hotmail.com;3
357;ATLÁNTICO;BARRANQUILLA;SI;211096051;2025-12;SI;2025-12-31;7817;12/31/2025 05:00:00 PM;DICIEMBRE;2025;COOPERATIVA PROMOTORA DEL CARIBE;COOPROCAR;806-001-428-7;Multiactiva sin seccion de ahorro;ATLÁNTICO;BARRANQUILLA;CARRERA 44 NA? 40 - 20 OF 404;3356464;24;Servicios de credito;CRISTOBAL JULIO BERTEL QUINTERO;copprocar@hotmail.com;3
358;ATLÁNTICO;BARRANQUILLA;SI;207741808;2025-12;SI;2025-12-31;11806;12/31/2025 05:00:00 PM;DICIEMBRE;2025;COOPERATIVA POPULAR DE ASESORIAS Y DESARROLLO SOCIAL DEL CARIBE;COOPDESCAR;900-202-046-0;Multiactiva sin seccion de ahorro;ATLÁNTICO;BARRANQUILLA;CARRERA 44 NA? 37 - 21 PI 9 OF 902;3393860;99;Otras actividades;MARICELLA DEL CARMEN CONRADO PEREZ;coopdescar_06@hotmail.com;3
359;BOLÍVAR;CARTAGENA DE INDIAS;SI;204050600;2025-12;SI;2025-12-31;8591;12/31/2025 05:00:00 PM;DICIEMBRE;2025;COOPERATIVA DE CREDITO Y DISTRIBUCION DE COLOMBIA LTDA.;COOBC;806-002-501-1;Integral sin seccion de ahorro;BOLÍVAR;CARTAGENA DE INDIAS;AV PEDRO D HEREDIA ALMACEN BC;6445489;99;Otras actividades;MIGUEL ANGEL BLANCO CAMPANO;coobc@hotmail.com;3
360;NORTE DE SANTANDER;SAN JOSE DE CUCUTA;SI;198596798;2026-06;SI;2026-06-30;3362;06/30/2026 05:00:00 PM;JUNIO;2026;COOPERATIVA DE SERVICIOS SAN PEDRO CLAVER.;SERCOOPSAN;800-167-270-1;Multiactiva sin seccion de ahorro;NORTE DE SANTANDER;SAN JOSÉ DE CÚCUTA;AV GRAN COLOMBIA 5E 54 56 BR POPULAR;5755087;99;Otras actividades;ADA LUZ ZABALA REYES;tesorsercoopsan@hotmail.com;3
361;NORTE DE SANTANDER;SAN CALIXTO;SI;194513354;2025-12;SI;2025-12-31;16529;12/31/2025 05:00:00 PM;DICIEMBRE;2025;COOPERATIVA MULTIACTIVA POR EL DESARROLLO Y LA PAZ DEL CATATUMBO COODEPAZC;COODEPAZC;901-410-836-8;Multiactiva sin seccion de ahorro;NORTE DE SANTANDER;SAN CALIXTO;VEREDA CASAS VIEJAS FINCA LOS MANGOS;;4;Agricola;;coodepazc2022@gmail.com;3
362;ATLÁNTICO;BARRANQUILLA;SI;191758379;2026-06;SI;2026-06-30;10433;06/30/2026 05:00:00 PM;JUNIO;2026;COOPERATIVA PARA EL MEJORAMIENTO Y DESARROLLO DE CORDOBA;COORDOBESEA;900-078-546-1;Multiactiva sin seccion de ahorro;ATLÁNTICO;BARRANQUILLA;CALLE 42 41-118;;24;Servicios de credito;MANUEL FRANCISCO POSADA;cartera@cooperativacoordobesa.com;3
363;ATLÁNTICO;BARRANQUILLA;SI;189963938;2026-06;SI;2026-06-30;16539;06/30/2026 05:00:00 PM;JUNIO;2026;COOPERATIVA MULTIACTIVA PARA EL DESARROLLO EMPRESARIAL;COOPMARKA;900-207-696-0;Aportes y credito;ATLÁNTICO;BARRANQUILLA;CL 57 27 103;;24;Servicios de credito;;luis.amellcontadores@gmail.com;3
364;CUNDINAMARCA;SUBACHOQUE;SI;188964805;2025-12;SI;2025-12-31;11677;12/31/2025 05:00:00 PM;DICIEMBRE;2025;COOPERATIVA AGROPECUARIA DE PRODUCTORES DE LECHE DE SUBACHOQUE;SUCOLAC;832-008-119-2;Especializada sin seccion de ahorro;CUNDINAMARCA;SUBACHOQUE;CALLE 3 N 2-62;;4;Agricola;FRANISCO GUAQUETA HEMELBERG;sucolac@gmail.com;3
365;BOLÍVAR;CARTAGENA DE INDIAS;SI;186849432;2025-12;SI;2025-12-31;13302;12/31/2025 05:00:00 PM;DICIEMBRE;2025;COOPERATIVA MULTIACTIVA DE TRABAJADORES DE USATI;COOTRAUSA;900-435-332-2;Multiactiva sin seccion de ahorro;BOLÍVAR;CARTAGENA DE INDIAS;BARRIO LA PRINCESA MZA 72;6554512;99;Otras actividades;YADIRA DEL CARMEN SIERRA ROMERO;cootrausa@gmail.com;3
366;NORTE DE SANTANDER;SAN JOSE DE CUCUTA;SI;180170115;2025-12;SI;2025-12-31;16293;12/31/2025 05:00:00 PM;DICIEMBRE;2025;COOPERATIVA MINERA COOPROCARCAT;COOPROCARCAT;900-160-060-2;Multiactiva sin seccion de ahorro;NORTE DE SANTANDER;SAN JOSÉ DE CÚCUTA;CL 21AN # 1-55 BRR PRADOS DEL NORTE III ETAPA;5009425;8;Mineria;;cooprocarcat@gmail.com;3
367;CUNDINAMARCA;GUATAVITA;SI;176663300;2025-12;SI;2025-12-31;16709;12/31/2025 05:00:00 PM;DICIEMBRE;2025;COOPERATIVA CORALES;;900-234-958-1;Multiactiva sin seccion de ahorro;CUNDINAMARCA;GUATAVITA;VDA CORALES;;5;Pecuaria;;coopcorales@hotmail.com;3
368;NORTE DE SANTANDER;OCANA;SI;176551496;2025-12;SI;2025-12-31;5162;12/31/2025 05:00:00 PM;DICIEMBRE;2025;COOPERATIVA DE TRABAJO ASOCIADO CALISERVICIOS LTDA;CALISERVICIOS LTDA;807-005-593-6;Cooperativas de trabajo asociado;NORTE DE SANTANDER;OCAÑA;CARRERA 28 10-19 BARRIO EL CARMEN;;16;Obras publicas;EVELIO RANGEL RANGEL;luisfrancaliservicios@gmail.com;3
369;CUNDINAMARCA;GIRARDOT;SI;174621712;2025-12;SI;2025-12-31;15357;12/31/2025 05:00:00 PM;DICIEMBRE;2025;COOPERATIVA MULTIACTIVA ANDINA DE SERVICIOS DE COLOMBIA;COOPANDINAC;900-351-751-3;Multiactiva sin seccion de ahorro;CUNDINAMARCA;GIRARDOT;CLL 17 10 29 L 105;;24;Servicios de credito;;coopandinac@gmail.com;3
370;ATLÁNTICO;BARRANQUILLA;SI;173138194;2025-12;SI;2025-12-31;15609;12/31/2025 05:00:00 PM;DICIEMBRE;2025;COOPERATIVA DE PENSIONADOS Y EMPLEADOS DE LA COSTA;COOPEMCOSTA;901-293-990-1;Multiactiva sin seccion de ahorro;ATLÁNTICO;BARRANQUILLA;KRA 41D 74-95 EDIF OPORTO;;24;Servicios de credito;;coopemcosta@gmail.com;3
371;ATLÁNTICO;BARRANQUILLA;SI;172298228;2025-12;SI;2025-12-31;16656;12/31/2025 05:00:00 PM;DICIEMBRE;2025;COOPERATIVA MULTIACTIVA FAITHWORKS COOP;FAITHWORKS COOP;901-854-484-4;Multiactiva sin seccion de ahorro;ATLÁNTICO;BARRANQUILLA;CARRERA 53 NA? 90 - 133;6053025896;99;Otras actividades;;cooperativafaithworks@gmail.com;3
372;NORTE DE SANTANDER;ABREGO;SI;171999127;2025-12;SI;2025-12-31;4142;12/31/2025 05:00:00 PM;DICIEMBRE;2025;COOPERATIVA DE TRABAJO ASOCIADO EL TARRA LTDA;COPTARRA;807-001-492-2;Cooperativas de trabajo asociado;NORTE DE SANTANDER;ÁBREGO;VERERA QUEBRADA DE PARAMILLO;;16;Obras publicas;JORGE OMAR SEPULVEDA;cooptarra@hotmail.com;3
373;ATLÁNTICO;BARRANQUILLA;SI;171163648;2025-12;SI;2025-12-31;13036;12/31/2025 05:00:00 PM;DICIEMBRE;2025;COOPERATIVA DE TRABAJO ASOCIADO RECURSOS CTA;RECURSOS CTA;900-342-094-4;Cooperativas de trabajo asociado;ATLÁNTICO;BARRANQUILLA;CRA 57 72 94 OFC 4A;3044194;99;Otras actividades;YANETT PATRICIA ROJAS ALTAMAR;recursoscta@gmail.com;3
374;ATLÁNTICO;BARRANQUILLA;SI;170142926;2025-12;SI;2025-12-31;8617;12/31/2025 05:00:00 PM;DICIEMBRE;2025;COOPERATIVA MULTIACTIVA COOCREDIYA;COOCREDIYA;802-015-198-4;Multiactiva sin seccion de ahorro;ATLÁNTICO;BARRANQUILLA;CALLE 39  43 - 136;3793571;99;Otras actividades;LUZ MARINA PACHECO LOPEZ;contabilidad@coocrediya.com;3
375;NORTE DE SANTANDER;VILLA CARO;SI;169172458;2026-06;SI;2026-06-30;3963;06/30/2026 05:00:00 PM;JUNIO;2026;COOPERATIVA DE TRABAJO ASOCIADO ALTO DEL POZO;COOTRALTO LTDA;807-001-828-3;Cooperativas de trabajo asociado;NORTE DE SANTANDER;VILLA CARO;VEREDA ALTO DEL POZO MPIO VILLACARO;;19;Aseo mantenimiento y reciclaje;DIOMEDES ORTIZ MORA;cootraltocta@outlook.com;3
376;ATLÁNTICO;BARRANQUILLA;SI;166062277;2022-12;SI;2025-12-31;15056;12/31/2025 05:00:00 PM;DICIEMBRE;2025;COOPERATIVA EASY CREDIT COL;COOPEASYCOL;900-822-370-2;Integral sin seccion de ahorro;ATLÁNTICO;BARRANQUILLA;CALLE 41 NO 43 19 OFI 4 A;3701219;24;Servicios de credito;OLGA PAULINA BORRES BUSTILLOS;gerenciacoopeasycredit@gmail.com;3
377;NORTE DE SANTANDER;TIBU;SI;162464138;2026-06;SI;2026-06-30;16423;06/30/2026 05:00:00 PM;JUNIO;2026;COOPERATIVA MULTIACTIVA DE PRODUCCION Y COMERCIALIZACION DE CATATUMBO;COMPROCAT;901-158-451-6;Multiactiva sin seccion de ahorro;NORTE DE SANTANDER;TIBÚ;VDA CA?O INDIO;;4;Agricola;;comprocat1@gmail.com;3
378;ANTIOQUIA;MEDELLIN;SI;160938065;2025-12;SI;2025-12-31;3552;12/31/2025 05:00:00 PM;DICIEMBRE;2025;COOPERATIVA DE AHORRO Y CREDITO DE VIGILANCIA Y ESCOLTAS DE ANTIOQUIA;COOVIESAN LTDA;800-092-327-9;Especializada sin seccion de ahorro;ANTIOQUIA;MEDELLÍN;CL 52  49-61 OF 304;4798045;24;Servicios de credito;CAMPO ELIAS ORTIZ SANCHEZ;cooviesan89@gmail.com;2
379;NORTE DE SANTANDER;SAN JOSE DE CUCUTA;SI;159948479;2026-06;SI;2026-06-30;6748;06/30/2026 05:00:00 PM;JUNIO;2026;COOPERATIVA DE TRABAJO ASOCIADO Y SERVICIOS MULTIPLES LA SAMARIA LTDA.;LA SAMARIA LTDA.;807-003-506-6;Cooperativas de trabajo asociado;NORTE DE SANTANDER;SAN JOSÉ DE CÚCUTA;AV 3 3 40 CORREGIMIENTO SAN FAUSTINO;6075923179;19;Aseo mantenimiento y reciclaje;GONZALO RIVEROS RIVERAS;cooperativalasamariacta@hotmail.com;3
380;CUNDINAMARCA;COTA;SI;146953774;2025-12;SI;2025-12-31;521;12/31/2025 05:00:00 PM;DICIEMBRE;2025;COOPERATIVA DE LAS EMPRESAS EDUCAR S.A,CULTURAL RECREATIVA S.A.,VENTA;COOPEDUCAR LTDA;800-037-385-2;Multiactiva sin seccion de ahorro;CUNDINAMARCA;COTA;AUT MEDELLIN KM 3.5 ED CEN P4;8764300;24;Servicios de credito;ANDRES E URREGO CARDENAS;andres.urrego@educar.com.co;3
381;ATLÁNTICO;BARRANQUILLA;SI;145994924;2025-12;SI;2025-12-31;12161;12/31/2025 05:00:00 PM;DICIEMBRE;2025;COOPERATIVA MULTIACTIVA SOLUMEDIT;COOSOLUMEDIT;900-100-065-2;Multiactiva sin seccion de ahorro;ATLÁNTICO;BARRANQUILLA;K 44 37 21 P 12 OF 1201;3700539;24;Servicios de credito;JAIRO RAFAEL BOLIVAR GARCIA;gerencia@coosolumedit.com;3
382;ANTIOQUIA;ENVIGADO;SI;145980082;2025-12;SI;2025-12-31;7363;12/31/2025 05:00:00 PM;DICIEMBRE;2025;COOPERATIVA MULTIACTIVA DE SERVICIOS;COOMULSER;811-010-957-8;Multiactiva sin seccion de ahorro;ANTIOQUIA;ENVIGADO;CRA 42 NRO 35 SUR 35 OFICINA 319;3152572665;10;Vivienda;GUILLERMO RAMIREZ QUICENO;coomulseroficina@gmail.com;3
383;ATLÁNTICO;BARRANQUILLA;SI;145488802;2025-12;SI;2025-12-31;5219;12/31/2025 05:00:00 PM;DICIEMBRE;2025;COOPERATIVA MULTIACTIVA DE EMPLEADOS DE COLCREDICON;COOMECOLCREDICON;802-018-744-1;Multiactiva sin seccion de ahorro;ATLÁNTICO;BARRANQUILLA;CALLE 39 NA? 41 - 131 OF 305;6053032;99;Otras actividades;HENRRY LOPEZ ANCINEZ;coomecol802@hotmail.com;3
384;ATLÁNTICO;BARRANQUILLA;SI;140769881;2026-06;SI;2026-06-30;12178;06/30/2026 05:00:00 PM;JUNIO;2026;COOPERATIVA MULTIACTIVA DE JUNTAS;COOJUNTAS;900-325-440-8;Multiactiva sin seccion de ahorro;ATLÁNTICO;BARRANQUILLA;Calle 35 Nro.19-126;3019246;99;Otras actividades;LUIS EMILIO VALDERRAMA RENGIFO;marilaura14@hotmail.com;3
385;ATLÁNTICO;BARRANQUILLA;SI;140352417;2025-12;SI;2025-12-31;15854;12/31/2025 05:00:00 PM;DICIEMBRE;2025;COOPERATIVA MULTIACTIVA DE CREDITOS Y SERVICIOS;COOPMULTISER;901-456-375-2;Multiactiva sin seccion de ahorro;ATLÁNTICO;BARRANQUILLA;CL 41 43 98 OF 4;;99;Otras actividades;;coopmultiser2021@gmail.com;3
386;NORTE DE SANTANDER;SAN JOSE DE CUCUTA;SI;138147693;2025-12;SI;2025-12-31;16547;12/31/2025 05:00:00 PM;DICIEMBRE;2025;COOPERATIVA MULTIACTIVA DE APORTE Y CREDITO EARFIP;EARFIP;901-824-165-1;Aportes y credito;NORTE DE SANTANDER;SAN JOSÉ DE CÚCUTA;AV GRAN COLOMBIA 3E -32 OFI 211 EDI LEYDI BARRIO POPULAR;;99;Otras actividades;;cooperativaearfip@gmail.com;3
387;ANTIOQUIA;EL BAGRE;SI;137430957;2025-12;SI;2025-12-31;16629;12/31/2025 05:00:00 PM;DICIEMBRE;2025;PRECOOPERATIVA DE TRABAJO ASOCIADO PRECORREAL;;901-688-482-8;Especializada sin seccion de ahorro;ANTIOQUIA;EL BAGRE;CL 53 49 27 BRR BIJAO;;8;Mineria;;precorreal@hotmail.com;3
388;ATLÁNTICO;BARRANQUILLA;SI;137327243;2026-06;SI;2026-06-30;4845;06/30/2026 05:00:00 PM;JUNIO;2026;COOPERATIVA MULTIACTIVA DE COLOMBIA;COOFAMCOV;802-018-712-4;Multiactiva sin seccion de ahorro;ATLÁNTICO;BARRANQUILLA;CL 39 # 41-67;3400972;12;Consumo (comercio);YAIR VARGAS ANGEL;coofamcov@hotmail.com;3
389;ANTIOQUIA;MEDELLIN;SI;130053062;2025-06;SI;2025-12-31;16156;12/31/2025 05:00:00 PM;DICIEMBRE;2025;PRECOOPERATIVA DE ARQUITECTURA Y AFINES;COONVITE;901-379-311-1;Multiactiva sin seccion de ahorro;ANTIOQUIA;MEDELLÍN;CALLE 36 # 77-36;;99;Otras actividades;;direccion@coonvite.com;3
390;CUNDINAMARCA;FACATATIVA;SI;129625268;2025-12;SI;2025-12-31;16447;12/31/2025 05:00:00 PM;DICIEMBRE;2025;COOPERATIVA DE APORTE Y CR??DITO SOLIDHAR+;SOLIDHAR+;901-771-447-4;Aportes y credito;CUNDINAMARCA;FACATATIVÁ;CALLE 16 # 10 - 15 TORRE 15 501;3057842;24;Servicios de credito;;solidharmas@gmail.com;3
391;CUNDINAMARCA;CAPARRAPI;SI;128292282;2025-12;SI;2025-12-31;8439;12/31/2025 05:00:00 PM;DICIEMBRE;2025;COOPERATIVA DE TRABAJO ASOCIADO LOS CHIGUANOS;CHIGUANOS;830-084-488-1;Cooperativas de trabajo asociado;CUNDINAMARCA;CAPARRAPÍ;MANZANA 35 CASA 13 BARRIO NUEVO;6313353;16;Obras publicas;SANDRA PATRICIA HERNANDEZ ALBA;loschiguanos@hotmail.com;3
392;ATLÁNTICO;BARRANQUILLA;SI;128156198;2025-12;SI;2025-12-31;16453;12/31/2025 05:00:00 PM;DICIEMBRE;2025;COOPERATIVA MULTIACTIVA DE APORTE Y CREDITO DE AFIANZAMIENTO Y AVANCES FINANCIEROS INTERNACIONALES;AVAFINT;901-794-742-1;Multiactiva sin seccion de ahorro;ATLÁNTICO;BARRANQUILLA;CR 53 NO 79 - 127;;99;Otras actividades;;avafint@gmail.com;3
393;ANTIOQUIA;PEQUE;SI;127770402;2025-12;SI;2025-12-31;5229;12/31/2025 05:00:00 PM;DICIEMBRE;2025;COOPERATIVA DE MUJERES ANSIOSAS DEL PROGRESO ORGANIZADO;COOMAPRO;811-016-586-6;Multiactiva sin seccion de ahorro;ANTIOQUIA;PEQUE;CRA.10 NO 8-36;8552176;12;Consumo (comercio);SANDRA PATRICIA AVALOS DAVID;sandriyun@hotmail.com;3
394;ANTIOQUIA;MEDELLIN;SI;126281727;2025-12;SI;2025-12-31;16639;12/31/2025 05:00:00 PM;DICIEMBRE;2025;COOPERATIVA DE TRABAJO ASOCIADO DE CARGUE Y DESCARGUE LE CARGA;;900-597-586-0;Cooperativas de trabajo asociado;ANTIOQUIA;MEDELLÍN;CL 31 61 28;;99;Otras actividades;;lecarga05@hotmail.com;3
395;ANTIOQUIA;MEDELLIN;SI;120362811;2025-12;SI;2025-12-31;16424;12/31/2025 05:00:00 PM;DICIEMBRE;2025;COOMBO COOPERATIVA DE DISE??O;COOMBO;901-487-192-4;Integral sin seccion de ahorro;ANTIOQUIA;MEDELLÍN;CALLE 34A 85A 49;;99;Otras actividades;;jess@coombo.co;3
396;ATLÁNTICO;BARRANQUILLA;SI;119243570;2025-12;SI;2025-12-31;2933;12/31/2025 05:00:00 PM;DICIEMBRE;2025;ASOCIACION DE COOPERATIVAS Y ENTIDADES SOLIDARIAS DEL ATLANTICO;CONFECOOPATLANTICO;890-116-620-5;Organismo de representacion;ATLÁNTICO;BARRANQUILLA;CLLE 56 # 45 - 80;;3;Organismos de representacion;ALINA ELEDITH ARIZA ORTIZ;acsa_confecoopatlantico@msn.com;3
397;CUNDINAMARCA;ZIPAQUIRA;SI;119177613;2026-06;SI;2026-06-30;15014;06/30/2026 05:00:00 PM;JUNIO;2026;COOPERATIVA MULTIACTIVA DE PRODUCTORES DE LECHE DE ZIPAQUIRA  CUNDINAMARCA;ZIPALAC;900-729-400-8;Integral sin seccion de ahorro;CUNDINAMARCA;ZIPAQUIRÁ;CRA 12 10-05;3115625;99;Otras actividades;FERNANDO QUITERO RIVILLAS;ventazipalac@gmail.com;3
398;ATLÁNTICO;BARRANQUILLA;SI;118182817;2026-06;SI;2026-06-30;3595;06/30/2026 05:00:00 PM;JUNIO;2026;COOPERATIVA MULTIACTIVA DE PENSIONADOS DE COMUNICACIONES;COOMUPECOM;802-000-899-3;Multiactiva sin seccion de ahorro;ATLÁNTICO;BARRANQUILLA;CL 43 NO 43 - 84 PI 2 OF 13;3515549;12;Consumo (comercio);CARMEN PACHECO DE JUBIZ;coomupecom@hotmail.com;3
399;NORTE DE SANTANDER;SAN JOSE DE CUCUTA;SI;118037641;2025-12;SI;2025-12-31;13822;12/31/2025 05:00:00 PM;DICIEMBRE;2025;COOPERATIVA MULTIACTIVA COMERCIALIZADORA DE METALES PARA EL AMBIENTE;COOMETAL;900-783-900-8;Multiactiva sin seccion de ahorro;NORTE DE SANTANDER;SAN JOSÉ DE CÚCUTA;AVENIDA 4A 7N 172 ZONA INDUSTRIAL;;19;Aseo mantenimiento y reciclaje;JUAN CARLOS URIBE SANDOVAL;coometal@hotmail.com;3
400;ANTIOQUIA;YONDO;SI;116835832;2025-12;SI;2025-12-31;16483;12/31/2025 05:00:00 PM;DICIEMBRE;2025;COOPERATIVA MULTIACTIVA PARA EL DESARROLLO DEL MAGDALENA MEDIO;COOMULDEMM;901-141-052-6;Multiactiva sin seccion de ahorro;ANTIOQUIA;YONDÓ;VDA SAN FRANSISCO NAR OMARIA DIAZ;;4;Agricola;;coomuldemm17@gmail.com;3
401;ANTIOQUIA;GUARNE;SI;116623754;2025-12;SI;2025-12-31;5696;12/31/2025 05:00:00 PM;DICIEMBRE;2025;COOPERATIVA DE TRABAJO ASOCIADO COOTAAR;COOTAAR;811-014-871-1;Multiactiva sin seccion de ahorro;ANTIOQUIA;GUARNE;CRA 53 59 126;;19;Aseo mantenimiento y reciclaje;JHON JAIRO GALLEGO LOPEZ;proveedorescootaar@gmail.com;3
402;ANTIOQUIA;MEDELLIN;SI;116037096;2026-06;SI;2026-06-30;8793;06/30/2026 05:00:00 PM;JUNIO;2026;COOPERATIVA DE SERVICIOS Y TRANSPORTE;COOSERTRA;811-036-424-7;Cooperativas de trabajo asociado;ANTIOQUIA;MEDELLÍN;CR 52 14 30 OF 203;4446236;99;Otras actividades;ALEX ALBERTO GALLEGO VELEZ;contabilidad.coosertra@gmail.com;3
403;ATLÁNTICO;BARRANQUILLA;SI;113788340;2025-12;SI;2025-12-31;16103;12/31/2025 05:00:00 PM;DICIEMBRE;2025;SERVICIOS SOCIALES COOPERATIVO;PERCOOP;901-655-647-4;Aportes y credito;ATLÁNTICO;BARRANQUILLA;CL 39 43-123 P 5 OF D5;;99;Otras actividades;;servipercoop@hotmail.com;3
404;NORTE DE SANTANDER;SILOS;SI;111355182;2026-06;SI;2026-06-30;3363;06/30/2026 05:00:00 PM;JUNIO;2026;PRECOOPERATIVA LA CANDELARIA LTDA;LA CANDELARIA;800-142-524-9;Cooperativas de trabajo asociado;NORTE DE SANTANDER;SILOS;KDX136 5A CR3  3-06 BARRIO BUENOS AIRES;5836789;16;Obras publicas;EDGAR PABON VILLAMIZAR;empresarialespaf@hotmail.com;3
405;NORTE DE SANTANDER;TIBU;SI;111215108;2024-12;SI;2025-12-31;15683;12/31/2025 05:00:00 PM;DICIEMBRE;2025;COOPERATIVA MULTIACTIVA CAMGILES;;901-230-621-9;Multiactiva sin seccion de ahorro;NORTE DE SANTANDER;TIBÚ;VDA CAMPO GILES CRTO REYES CAMPO DOS;;99;Otras actividades;;gusfo8@hotmail.com;3
406;CUNDINAMARCA;MOSQUERA;SI;111051651;2026-06;SI;2026-06-30;6777;06/30/2026 05:00:00 PM;JUNIO;2026;COOPERATIVA DE TRAB ASOCIADO DE ESTIBADORES DE LA SABANA;COEDSA;832-002-320-1;Cooperativas de trabajo asociado;CUNDINAMARCA;MOSQUERA;KM 12 VIA MOSQUERA;8293800;4;Agricola;JOSE RICARDO PI?A OROZCO;coedsacta@gmail.com;3
407;ATLÁNTICO;BARRANQUILLA;SI;110275436;2025-12;SI;2025-12-31;16301;12/31/2025 05:00:00 PM;DICIEMBRE;2025;COOPERATIVA MULTIACTIVA DE APORTE Y CREDITO DE FIANZAMIENTO FINANCIERO YCOMERCIAL;FIANCOL;901-675-130-4;Multiactiva sin seccion de ahorro;ATLÁNTICO;BARRANQUILLA;CRA 57 99A 65 OF309;3152595;99;Otras actividades;;contable@fiancol.com.co;3
408;CUNDINAMARCA;CHIPAQUE;SI;107144116;2025-12;SI;2025-12-31;8366;12/31/2025 05:00:00 PM;DICIEMBRE;2025;COOPERATIVA DE TRABAJO ASOCIADO COOPMANTVIAS;COOPMANTVIAS;832-005-370-1;Cooperativas de trabajo asociado;CUNDINAMARCA;CHIPAQUE;CRA 1 1 52;6018677679;99;Otras actividades;REINEL ANTONIO MENDEZ ANGEL;coopmantvias@yahoo.com;3
409;NORTE DE SANTANDER;CHITAGA;SI;105023296;2026-06;SI;2026-06-30;3310;06/30/2026 05:00:00 PM;JUNIO;2026;COOPERATIVA DE TRABAJO ASOCIADO CHITAGA;COOTRACHITAGA;800-016-893-2;Cooperativas de trabajo asociado;NORTE DE SANTANDER;CHITAGÁ;CARRERA 6 2 50;;19;Aseo mantenimiento y reciclaje;FABIO HERNANDO CARRILLO;alivillamizar27@hotmail.com;3
410;BOLÍVAR;CARTAGENA DE INDIAS;SI;104825131;2025-12;SI;2025-12-31;8037;12/31/2025 05:00:00 PM;DICIEMBRE;2025;COOPERATIVA MULTIACTIVA DE SERVICIOS ESPECIALES;COOMULSEP;806-008-719-7;Multiactiva sin seccion de ahorro;BOLÍVAR;CARTAGENA DE INDIAS;CENTRO ED. BANCO DEL ESTADO PISO 6 OF 203;6432532;24;Servicios de credito;LESTER RAQUEL RODRIGUEZ HERNANDEZ;lesterraquel@hotmail.com;3
411;ATLÁNTICO;BARRANQUILLA;SI;103047925;2025-12;SI;2025-12-31;16463;12/31/2025 05:00:00 PM;DICIEMBRE;2025;COOPERATIVA MULTIACTIVA  DE SERVICIOS MULTIPLES DE BARRANQUILLA;COOSERBAQ;901-722-353-1;Aportes y credito;ATLÁNTICO;BARRANQUILLA;CRA 53  N  68 - 226 OF  207;;12;Consumo (comercio);;cooserbaq@gmail.com;3
412;ATLÁNTICO;BARRANQUILLA;SI;102960332;2025-12;SI;2025-12-31;13726;12/31/2025 05:00:00 PM;DICIEMBRE;2025;COOPERATIVA DE CREDITO PARA EL FOMENTO SOLIDARIO;ARMYCOOP;900-709-525-4;Multiactiva sin seccion de ahorro;ATLÁNTICO;BARRANQUILLA;CRA 43 72 122  OFICNA 601B;3202056;99;Otras actividades;MILAGROS DE JESUS SALTARIN RAMOS;armycoopbogota@gmail.com;3
413;ATLÁNTICO;BARRANQUILLA;SI;100000000;2026-06;SI;2026-06-30;20046;06/30/2026 05:00:00 PM;JUNIO;2026;COOPERATIVA MULTIACTIVA CASHBOX PLUS;;902-014-196-8;Especializada sin seccion de ahorro;ATLÁNTICO;BARRANQUILLA;CARRERA 44 B No 96 - 67;6053854126;12;Consumo (comercio);;cashboxplus01@gmail.com;3
414;NORTE DE SANTANDER;SAN JOSE DE CUCUTA;SI;98020247;2025-12;SI;2025-12-31;8259;12/31/2025 05:00:00 PM;DICIEMBRE;2025;COOPERATIVA DE SERVICIOS NUEVA ARMONIA;NUEVA ARMONIA;807-005-418-5;Especializada sin seccion de ahorro;NORTE DE SANTANDER;SAN JOSÉ DE CÚCUTA;CALLE 9 0 84 P 2 BARRIO LATINO;5758305;99;Otras actividades;SANDRA PATRICIA LIZCANO MONTA??EZ;coopnuevaarmonia@gmail.com;3
415;NORTE DE SANTANDER;SARDINATA;SI;96486392;2026-06;SI;2026-06-30;3304;06/30/2026 05:00:00 PM;JUNIO;2026;COOPERATIVA DE TRABAJO ASOCIADO MULTIPLE DE SARDINATA;COTRAMULSAR;800-088-203-9;Cooperativas de trabajo asociado;NORTE DE SANTANDER;SARDINATA;CR 3 7 08 BRR SAN FRANCISCO;6075923179;19;Aseo mantenimiento y reciclaje;LUIS ALCIDES ORTIZ ALVAREZ;cootramulsar2018@hotmail.com;3
416;ATLÁNTICO;BARRANQUILLA;SI;96203254;2025-12;SI;2025-12-31;15559;12/31/2025 05:00:00 PM;DICIEMBRE;2025;COOPERATIVA MULTIACTIVA DE TRABAJADORES Y PENSIONADOS DE L COSTA;COOMULTRACOSTA;901-267-169-0;Multiactiva sin seccion de ahorro;ATLÁNTICO;BARRANQUILLA;CALLE 73 N 86 - 59 LO 1;;24;Servicios de credito;;coomultracostas.a.s@gmail.com;3
417;ANTIOQUIA;DABEIBA;SI;95678290;2025-12;SI;2025-12-31;16109;12/31/2025 05:00:00 PM;DICIEMBRE;2025;COOPERATIVA MULTIACTIVA FUTUROS DE PAZ;COOMUFUPAZ;901-149-687-9;Multiactiva sin seccion de ahorro;ANTIOQUIA;DABEIBA;KM 11 VIA DABEIBA MUTATA;;4;Agricola;;futurosdepaz2020@gmail.com;3
418;NORTE DE SANTANDER;TOLEDO;SI;92862941;2026-06;SI;2026-06-30;9526;06/30/2026 05:00:00 PM;JUNIO;2026;COOPERATIVA DE TRABAJO ASOCIADO Y SERVICIOS MULTIPLES PAMPLONESES EN ACCION;COOTRASERMULPAC;807-007-087-1;Cooperativas de trabajo asociado;NORTE DE SANTANDER;TOLEDO;CALLE 3  #3-27 BARRIO LA FLORESTA SAN BERNARDO DE BATA;5836789;16;Obras publicas;EDGAR FRANCISCO VERA MORENO;empresarialespaf@hotmail.com;3
419;ANTIOQUIA;MEDELLIN;SI;91966000;2025-12;SI;2025-12-31;10940;12/31/2025 05:00:00 PM;DICIEMBRE;2025;COOPERATIVA RURAL NUEVA ERA SOCIAL;COORURAL;811-032-144-1;Multiactiva sin seccion de ahorro;ANTIOQUIA;MEDELLÍN;CR 65 SUR 72 153 FCA LOS GRANADOS;;99;Otras actividades;MARIA INES MONTOYA GOMEZ;coorural@gmail.com;3
420;ATLÁNTICO;BARRANQUILLA;SI;89617762;2025-12;SI;2025-12-31;13496;12/31/2025 05:00:00 PM;DICIEMBRE;2025;COOPERATIVA MULTIACTIVA DE ASESORIAS Y SERVICIOS UNIVERSAL;COOPSERUNIVERSAL;900-436-097-0;Multiactiva sin seccion de ahorro;ATLÁNTICO;BARRANQUILLA;CR 44 34 14 OF 12;3004010;99;Otras actividades;ALFREDO RAFAEL HADECHINI TOVAR;coopseruniversal@outlook.com;3
421;ATLÁNTICO;BARRANQUILLA;SI;89434398;2025-12;SI;2025-12-31;16470;12/31/2025 05:00:00 PM;DICIEMBRE;2025;COOPERATIVA MULTIACTIVA WORKFINCOOP;WORKFINCOOP;901-749-887-1;Multiactiva sin seccion de ahorro;ATLÁNTICO;BARRANQUILLA;CARRERA 33 NA? 72 - 83;6053063670;99;Otras actividades;;workfincoop@gmail.com;3
422;ATLÁNTICO;BARRANQUILLA;SI;85764048;2026-06;SI;2026-06-30;13098;06/30/2026 05:00:00 PM;JUNIO;2026;COOPERATIVA INTEGRAL  DE COMERCIO  Y SERVICIOS;COOINCOSER;900-476-257-3;Multiactiva sin seccion de ahorro;ATLÁNTICO;BARRANQUILLA;CALLE 40 # 41 - 134 OF 203A;3134530;24;Servicios de credito;LUIS MANUEL POVEA GONZALEZ;cooincoser@hotmail.com;3
423;CUNDINAMARCA;ZIPAQUIRA;SI;80756709;2025-12;SI;2025-12-31;462;12/31/2025 05:00:00 PM;DICIEMBRE;2025;COOPERATIVA DE TRABAJO ASOCIADO LOS ARRAYANES CTA.;ARRAYANES;800-014-189-6;Cooperativas de trabajo asociado;CUNDINAMARCA;ZIPAQUIRÁ;CALLE 4 8 83;6313353;19;Aseo mantenimiento y reciclaje;ROQUE JULIO ROCHA;roquearrayanes@gmail.com;3
424;NORTE DE SANTANDER;SAN JOSE DE CUCUTA;SI;80389555;2025-12;SI;2025-12-31;16452;12/31/2025 05:00:00 PM;DICIEMBRE;2025;COOPERATIVA DE EMPLEADOS VENTURA PLAZA;COOPVENTURA;901-635-015-4;Aportes y credito;NORTE DE SANTANDER;SAN JOSÉ DE CÚCUTA;CL 10 Y 11 DG SANTANDER CC VENTURA PLAZA;5756194;99;Otras actividades;;cooperativa.ventura@outlook.com;3
425;ATLÁNTICO;BARRANQUILLA;SI;76303393;2025-12;SI;2025-12-31;15460;12/31/2025 05:00:00 PM;DICIEMBRE;2025;COOPERATIVA MULTIACTIVA LAGUMED;LAGUMED;901-217-726-1;Multiactiva sin seccion de ahorro;ATLÁNTICO;BARRANQUILLA;CL 37 # 43 - 164 LOCAL 207;;24;Servicios de credito;;lagumed.sf@gmail.com;3
426;CUNDINAMARCA;MOSQUERA;SI;73034444;2026-06;SI;2026-06-30;8726;06/30/2026 05:00:00 PM;JUNIO;2026;COOPERATIVA DE EMPLEADOS DE COORATIENDAS LTDA;COOPEMCOR;830-138-191-3;Especializada sin seccion de ahorro;CUNDINAMARCA;MOSQUERA;AV TRONCAL DE OCC 18 - 76 MZ J LT 4;4100599;2;Servicios de ahorro y credito;LUIS JOSE LEON RAMOS;ayda.sequeda@cooratiendas.com;3
427;ATLÁNTICO;BARRANQUILLA;SI;70629000;2025-12;SI;2025-12-31;11699;12/31/2025 05:00:00 PM;DICIEMBRE;2025;COOPERATIVA MULTIACTIVAQ NACIONAL DE SERVICIOS RAPIDO Y AL INSTANTE;COONALSERVISTAN;900-230-911-6;Multiactiva sin seccion de ahorro;ATLÁNTICO;BARRANQUILLA;CR 43 72 122 PI 6 OF 601 B;3202056;99;Otras actividades;DORIS ESTHER DEL TORO RUIZ;coonalservistan1@hotmail.com;3
428;NORTE DE SANTANDER;LOS PATIOS;SI;67819525;2026-06;SI;2026-06-30;3710;06/30/2026 05:00:00 PM;JUNIO;2026;COOPERATIVA DE TRABAJO ASOCIADO TONCHALA;COOTRATONCHALA;890-505-329-5;Cooperativas de trabajo asociado;NORTE DE SANTANDER;LOS PATIOS;AV 3E 32 95 LA CORDIALIDAD;6075282521;19;Aseo mantenimiento y reciclaje;JAIRO GUERRERO;cootratonchala-cta@hotmail.com;3
429;ATLÁNTICO;BARRANQUILLA;SI;65807650;2026-06;SI;2026-06-30;13530;06/30/2026 05:00:00 PM;JUNIO;2026;COOPERATIVA MULTIACTIVA VISION CORPORACION;COOMULTIVICORP;900-585-103-5;Multiactiva sin seccion de ahorro;ATLÁNTICO;BARRANQUILLA;CR 44 # 34 -11 OFC 13F;3514137;24;Servicios de credito;ALVARO PEREZ CIRILO;coomultivicorp@hotmail.com;3
430;ATLÁNTICO;BARRANQUILLA;SI;65583219;2025-12;SI;2025-12-31;8226;12/31/2025 05:00:00 PM;DICIEMBRE;2025;COOPERATIVA DE ELECTRODOMESTICOS Y MUEBLES DEL CARIBE;COOMEC;802-013-046-4;Especializada sin seccion de ahorro;ATLÁNTICO;BARRANQUILLA;CL 38 41 113;3703737;24;Servicios de credito;KELLY JOHANNA COTES SERRANO;cooperativa.coomec@gmail.com;3
431;ATLÁNTICO;BARRANQUILLA;SI;64625204;2025-12;SI;2025-12-31;13349;12/31/2025 05:00:00 PM;DICIEMBRE;2025;COOPERATIVA MULTIACTIVA DE SERVICIOS JURIDICOS Y SOCIALES DEL CARIBE;COOMULTIJURIS;900-463-984-3;Multiactiva sin seccion de ahorro;ATLÁNTICO;BARRANQUILLA;CARRERA 44 NA? 34 - 31A OF 8E;3200701;99;Otras actividades;GUILLERMO ELOY MORENO ACOSTA;coomultijuris@hotmail.com;3
432;NORTE DE SANTANDER;TIBU;SI;64399395;2023-12;SI;2025-12-31;15681;12/31/2025 05:00:00 PM;DICIEMBRE;2025;COOPERATIVA MULTIACTIVA COMUNITARIA SEMILLAS DE LA SELVA;COOMULCOSEL;901-234-991-7;Multiactiva sin seccion de ahorro;NORTE DE SANTANDER;TIBÚ;VDA LA ESMERALDA 2 KDX 10 CORR CAMPO DOS;;99;Otras actividades;;nei27perez@gmail.com;3
433;ATLÁNTICO;BARRANQUILLA;SI;59366674;2025-12;SI;2025-12-31;15436;12/31/2025 05:00:00 PM;DICIEMBRE;2025;COOPERATIVA MULTIACTIVA CRECREMOS DE LA COSTA;COOPCRECOSTA;901-231-984-1;Multiactiva sin seccion de ahorro;ATLÁNTICO;BARRANQUILLA;CL 39 43-141 LOC 1;3406558;99;Otras actividades;;coopcrecosta@gmail.com;3
434;NORTE DE SANTANDER;CACOTA;SI;58586111;2026-06;SI;2026-06-30;5015;06/30/2026 05:00:00 PM;JUNIO;2026;COOPERATIVA DE TRABAJO ASOCIADO SERVICIOS MULTIPLES CACOTADE VELAZCO;COOTRASERMULCAV;807-002-949-0;Cooperativas de trabajo asociado;NORTE DE SANTANDER;CÁCOTA;CARRERA 2 3 34;6075923179;19;Aseo mantenimiento y reciclaje;JANVER OSWALDO MANRIQUE CARRILLO;cootrasermulcavcta@outlook.com;3
435;ANTIOQUIA;MEDELLIN;SI;57243836;2025-12;SI;2025-12-31;16491;12/31/2025 05:00:00 PM;DICIEMBRE;2025;COOPERATIVA MULTIACTIVA COOCINE;COOCINE;901-801-007-7;Multiactiva sin seccion de ahorro;ANTIOQUIA;MEDELLÍN;DIAG 5 # 8 261;;99;Otras actividades;;cooperativacocine@gmail.com;3
436;ATLÁNTICO;BARRANQUILLA;SI;55971000;2026-06;SI;2026-06-30;15648;06/30/2026 05:00:00 PM;JUNIO;2026;COOPERATIVA MULTIACTIVA DE SERVICIOS INTEGRALES;COOSOLUTIONS;901-299-395-6;Multiactiva sin seccion de ahorro;ATLÁNTICO;BARRANQUILLA;CALLE 102 # 49 E - 89 - APTO 403 A;5818181;24;Servicios de credito;;coosolutions.coop@gmail.com;3
437;ANTIOQUIA;EL SANTUARIO;SI;50785037;2025-06;SI;2025-12-31;16644;12/31/2025 05:00:00 PM;DICIEMBRE;2025;COOPERATIVA MULTIACTIVA COMPROGRESO LTDA;COMPROGRESO;890-933-193-6;Multiactiva sin seccion de ahorro;ANTIOQUIA;EL SANTUARIO;CL 50 N 47 84;;11;Transporte;;ccomprogreso@gmail.com;3
438;CUNDINAMARCA;PASCA;SI;49121480;2025-12;SI;2025-12-31;16244;12/31/2025 05:00:00 PM;DICIEMBRE;2025;COOPERATIVA MULTIACTIVA AGROPECUARIA DE PASCA;COOMUPAS;901-318-821-5;Multiactiva sin seccion de ahorro;CUNDINAMARCA;PASCA;MANSB CASA 9 BARRIO VILLAS DE LA ESPERANZA;;4;Agricola;;cooperativacoomupas@gmail.com;3
439;NORTE DE SANTANDER;ABREGO;SI;44715910;2025-12;SI;2025-12-31;5874;12/31/2025 05:00:00 PM;DICIEMBRE;2025;COOPERATIVA DE TRABAJO ASOCIADO OPLAMAR LTDA;OPLAMAR LTDA;800-178-216-0;Cooperativas de trabajo asociado;NORTE DE SANTANDER;ÁBREGO;CRA 8 7-04;;16;Obras publicas;JESUS EMEL ORTIZ ORTIZ;cooplamar07@hotmail.com;3
440;BOLÍVAR;CARTAGENA DE INDIAS;SI;44101493;2025-12;SI;2025-12-31;3802;12/31/2025 05:00:00 PM;DICIEMBRE;2025;COOPERATIVA MULTIACTIVA DE TRABAJADORES DEL SECTOR HOTELERO Y TURISTICO DE CARTAGENA;COOIDECAMAR;890-481-270-4;Multiactiva sin seccion de ahorro;BOLÍVAR;CARTAGENA DE INDIAS;BARRIO PALESTINA CL 65 CR 22-49;;99;Otras actividades;HUMBERTO MONTIEL ALVAREZ;joel-dias-delarosa@hotmail.com;3
441;ANTIOQUIA;SAN FRANCISCO;SI;43615164;2026-06;SI;2026-06-30;16518;06/30/2026 05:00:00 PM;JUNIO;2026;COOPERATIVA MULTIACTIVA DE PRODUCTORES CAMPESINOS DE ANTIOQUIA LTDA;COPROACA;901-073-814-1;Multiactiva sin seccion de ahorro;ANTIOQUIA;SAN FRANCISCO;CALLE 10 11 31 CALLE DE LA FEDERACION;;4;Agricola;;coproaca@gmail.com;3
442;ATLÁNTICO;BARRANQUILLA;SI;43593600;2025-12;SI;2025-12-31;16564;12/31/2025 05:00:00 PM;DICIEMBRE;2025;COOPERATIVA MULTIACTIVA DE SERVICIO SOCIAL DEL CARIBE;COOMULTISERVIS;901-814-210-2;Multiactiva sin seccion de ahorro;ATLÁNTICO;BARRANQUILLA;CL 38 43 123 LO 110;;99;Otras actividades;;coopmap24@gmail.com;3
443;NORTE DE SANTANDER;TIBU;SI;43410531;2026-06;SI;2026-06-30;15793;06/30/2026 05:00:00 PM;JUNIO;2026;COOPERATIVA MULTIACT IVA VEREDA CA?O VICTORIA SUR;COOMULCAVISUR;901-264-334-6;Multiactiva sin seccion de ahorro;NORTE DE SANTANDER;TIBÚ;CORREGIMIENTO DE CAMPO DOS;3203984;4;Agricola;;coomulcavisur@gmail.com;3
444;NORTE DE SANTANDER;SAN JOSE DE CUCUTA;SI;42223171;2026-06;SI;2026-06-30;3196;06/30/2026 05:00:00 PM;JUNIO;2026;COOPERATIVA DE TRABAJO ASOCIADO MICROCOLMA;MICROCOLMA;890-506-188-8;Cooperativas de trabajo asociado;NORTE DE SANTANDER;SAN JOSÉ DE CÚCUTA;KDX 79 1 CORR AGUACLARA;6075487477;19;Aseo mantenimiento y reciclaje;MIGUEL ANTONIO SANABRIA BOTELLO;microcolmacta@hotmail.com;3
445;NORTE DE SANTANDER;SAN JOSE DE CUCUTA;SI;41276438;2025-12;SI;2025-12-31;16486;12/31/2025 05:00:00 PM;DICIEMBRE;2025;COOPERATIVA MULTIACTIVA PAZ COMUN;COMPAC;901-606-812-4;Multiactiva sin seccion de ahorro;NORTE DE SANTANDER;SAN JOSÉ DE CÚCUTA;AV 1 NRO 5-55 - LLERAS RESTREPO;;4;Agricola;;pazcompac@gmail.com;3
446;ATLÁNTICO;BARRANQUILLA;SI;40899314;2025-12;SI;2025-12-31;13762;12/31/2025 05:00:00 PM;DICIEMBRE;2025;COOPERATIVA MULTIACTIVA POSITIVA DEL CARIBE;COOMULPOCAR;900-630-212-2;Multiactiva sin seccion de ahorro;ATLÁNTICO;BARRANQUILLA;CALLE 38 NRO 41-39 OF 301;;99;Otras actividades;DELKYS YELIANA SERPA VERGARA;coomulpocar@hotmail.com;3
447;ATLÁNTICO;BARRANQUILLA;SI;39628779;2026-06;SI;2026-06-30;4216;06/30/2026 05:00:00 PM;JUNIO;2026;COOPERATIVA DE EMPLEADOS Y FAMILIARES DE MARCO TULIO PORRAS;COOPECREDITOS;802-002-841-6;Integral sin seccion de ahorro;ATLÁNTICO;BARRANQUILLA;KRA 51B 82 186;;24;Servicios de credito;ERICA COLL ARIZA;coopecreditos@gmail.com;3
448;ATLÁNTICO;PONEDERA;SI;36400000;2025-12;SI;2025-12-31;16352;12/31/2025 05:00:00 PM;DICIEMBRE;2025;COOPERATIVA MULTIACTIVA DE BANANEROS DE PUERTO GIRALDO;COOBAPU;901-704-114-1;Multiactiva sin seccion de ahorro;ATLÁNTICO;PONEDERA;KM 15 1 A 19;;4;Agricola;;coobapu2023@gmail.com;3
449;CUNDINAMARCA;FUNZA;SI;33658263;2025-12;SI;2025-12-31;6688;12/31/2025 05:00:00 PM;DICIEMBRE;2025;COOPERATIVA DE TRABAJO ASOCIADO DE ESTBADORES DE CUNDINAMARCA LTDA;COESCUNDI;832-003-219-8;Cooperativas de trabajo asociado;CUNDINAMARCA;FUNZA;KM 2 VIA FUNZA SIBERIA PARQUE LA ARGELIA;5223900;99;Otras actividades;ISMAEL ENRIQUE HERNANDEZ HERNANDEZ;coescundi45@yahoo.es;3
450;ATLÁNTICO;PONEDERA;SI;30249200;2025-12;SI;2025-12-31;16628;12/31/2025 05:00:00 PM;DICIEMBRE;2025;COOPERATIVA MULTIACTIVA COOPMAP;COOPMAP;901-895-235-2;Multiactiva sin seccion de ahorro;ATLÁNTICO;PONEDERA;CRA 14 - 4 NO 20 - 16;;99;Otras actividades;;coopmap24@gmail.com;3
451;ATLÁNTICO;BARRANQUILLA;SI;29484175;2025-12;SI;2025-12-31;15071;12/31/2025 05:00:00 PM;DICIEMBRE;2025;COOPERATIVA PROGRESO CARIBE;COOPROGRESO;900-359-824-9;Multiactiva sin seccion de ahorro;ATLÁNTICO;BARRANQUILLA;CL 39 43 -123 H12 PI 9;3405071;99;Otras actividades;JORGE AFANADOR CHAVES;cooperativacooprogreso@hotmail.com;3
452;BOLÍVAR;CARTAGENA DE INDIAS;SI;29260605;2025-12;SI;2025-12-31;8436;12/31/2025 05:00:00 PM;DICIEMBRE;2025;COOPERATIVA DE LA ORGANIZACION SAN NICOLAS;SANICOOP;806-009-463-1;Multiactiva sin seccion de ahorro;BOLÍVAR;CARTAGENA DE INDIAS;CENTRO EDIFICIO BANCO DEL ESTADO PISO 5;6686995;99;Otras actividades;CLARA INES ACOSTA HERNANDEZ;sanicoop@hotmail.com;3
453;ATLÁNTICO;SOLEDAD;SI;26537657;2025-12;SI;2025-12-31;15277;12/31/2025 05:00:00 PM;DICIEMBRE;2025;COOPERATIVA MULTIACTIVA DE SERVICIOS LEGALES;COMSEL;900-708-490-0;Multiactiva sin seccion de ahorro;ATLÁNTICO;SOLEDAD;CL 20 19 117 LC 1;;99;Otras actividades;;notificaciones@comsel.com.co;3
454;ATLÁNTICO;BARRANQUILLA;SI;25709231;2025-12;SI;2025-12-31;15781;12/31/2025 05:00:00 PM;DICIEMBRE;2025;COOMIBAR;COOMIBAR;900-900-449-1;Multiactiva sin seccion de ahorro;ATLÁNTICO;BARRANQUILLA;CALLE 38 NRO 41-39 OF 304;;24;Servicios de credito;;coomibar@outlook.com;3
455;ANTIOQUIA;MEDELLIN;SI;22128094;2025-12;SI;2025-12-31;15278;12/31/2025 05:00:00 PM;DICIEMBRE;2025;COOPERATIVA MULTIACTIVA DE VIUDAS & DISCAPACITADOS DE LA FUERZA PUBLICA;COODISPOL;900-599-081-2;Multiactiva sin seccion de ahorro;ANTIOQUIA;MEDELLÍN;CL 113 A A 64 B B 40;;99;Otras actividades;;coodispol@gmail.com;3
456;ANTIOQUIA;MEDELLIN;SI;21586871;2025-12;SI;2025-12-31;16472;12/31/2025 05:00:00 PM;DICIEMBRE;2025;COOPERATIVA SONRIE VIDA;COSOVI;901-740-329-0;Cooperativas de trabajo asociado;ANTIOQUIA;MEDELLÍN;CR 81 49 38;;2;Servicios de ahorro y credito;;hogarsonriealavida@gmail.com;3
457;ATLÁNTICO;BARRANQUILLA;SI;21276000;2025-12;SI;2025-12-31;16127;12/31/2025 05:00:00 PM;DICIEMBRE;2025;COOPERATIVA MULTIACTIVA DE APORTE Y CREDITO LOAR;COOPLOAR;901-531-840-7;Multiactiva sin seccion de ahorro;ATLÁNTICO;BARRANQUILLA;CL 40  44 39 P 10 OF 10K;3420306;99;Otras actividades;;loarmultiactiva@hotmail.com;3
458;ATLÁNTICO;BARRANQUILLA;SI;20825127;2025-12;SI;2025-12-31;9933;12/31/2025 05:00:00 PM;DICIEMBRE;2025;COOPERATIVA MULTIACTIVA COMPARTIR;COOMULCOMPARTIR;802-024-336-2;Multiactiva sin seccion de ahorro;ATLÁNTICO;BARRANQUILLA;CRA 59 NRO 66-86 OF O-039;3708689;24;Servicios de credito;KATHERINE NORIEGA PERAFAN;coomulcompartir@gmail.com;3
459;BOLÍVAR;MAGANGUE;SI;20000000;2025-12;SI;2025-12-31;16670;12/31/2025 05:00:00 PM;DICIEMBRE;2025;COOPERATIVA MULTIACTIVA DE SERVICIOS INTEGRALES EN MEDIACION LEGAL Y ASISTENCIA SOCIAL;COOPLEX;901-928-995-5;Multiactiva sin seccion de ahorro;BOLÍVAR;MAGANGUÉ;CALLE 17D #36 -19;;99;Otras actividades;;cooplexmag@gmail.com;3
460;ATLÁNTICO;BARRANQUILLA;SI;20000000;2025-12;SI;2025-12-31;20037;12/31/2025 05:00:00 PM;DICIEMBRE;2025;COOPERATIVA MULTIACTIVA DEL AGRO EN INNOVACION;;901-976-910-4;Multiactiva sin seccion de ahorro;ATLÁNTICO;BARRANQUILLA;CARRERA 42C NA?8 - 47 LC 1;6053852369;4;Agricola;;cooagroeninnovacion@gmail.com;3
461;CUNDINAMARCA;MOSQUERA;SI;19776579;2026-06;SI;2026-06-30;133;06/30/2026 05:00:00 PM;JUNIO;2026;COOPERATIVA MULTIACTIVA DE EMPLEADOS DEL SERREZUELA COUNTRY CLUB LIMITADA EN LIQUIDACION;SERRECOOP;832-002-052-0;Multiactiva sin seccion de ahorro;CUNDINAMARCA;MOSQUERA;KI. 1 VIA LA MESA;;99;Otras actividades;GISLAINE BARRETO ESQUIVIA;gisbaes@gmail.com;3
462;ATLÁNTICO;BARRANQUILLA;SI;18412000;2025-12;SI;2025-12-31;16118;12/31/2025 05:00:00 PM;DICIEMBRE;2025;COOPERATIVA MULTIACTIVA MEJOR VIVIR;COOMEVIR;901-610-528-2;Aportes y credito;ATLÁNTICO;BARRANQUILLA;CALLE 42 NO 41-42;;1;Intermediacion financiera;;coomevir2@gmail.com;3
463;ANTIOQUIA;APARTADO;SI;17782335;2025-12;SI;2025-12-31;16511;12/31/2025 05:00:00 PM;DICIEMBRE;2025;COOPERATIVA MULTIACTIVA SENDEROS DE PAZ SAN JOSE;COOMUSEPAZ SAN JOSE;901-483-506-5;Multiactiva sin seccion de ahorro;ANTIOQUIA;APARTADÓ;CORR SAN JOS?? DE APARTADO AV PRINCIPAL;;99;Otras actividades;;coomusepazsanjose@gmail.com;3
464;NORTE DE SANTANDER;TEORAMA;SI;11632869;2025-12;SI;2025-12-31;16485;12/31/2025 05:00:00 PM;DICIEMBRE;2025;COOPERATIVA MULTIACTIVA DE REINCORPORACION Y PAZ;REINCORPAZ;901-468-093-2;Multiactiva sin seccion de ahorro;NORTE DE SANTANDER;TEORAMA;URB SAN ISIDRO;;4;Agricola;;reincorpaz2023@gmail.com;3
465;ATLÁNTICO;BARRANQUILLA;SI;10800000;2025-12;SI;2025-12-31;16543;12/31/2025 05:00:00 PM;DICIEMBRE;2025;COOPERATIVA MULTIACTIVA Y SERVICIOS DE COLOMBIA;COOPMULSERCOL;901-067-619-5;Multiactiva sin seccion de ahorro;ATLÁNTICO;BARRANQUILLA;CALLE 76 54 11 LC B 16;3427592;24;Servicios de credito;;coopmulsercol08@gmail.com;3
466;ATLÁNTICO;BARRANQUILLA;SI;10800000;2025-12;SI;2025-12-31;13111;12/31/2025 05:00:00 PM;DICIEMBRE;2025;COOPERATIVA PROMOTORA DE INVERSIONES MULTIACTIVA DE COLOMBIA;COOPROINMUCOL;900-435-614-4;Multiactiva sin seccion de ahorro;ATLÁNTICO;BARRANQUILLA;Calle 40 44-39 Oficina 7F;3707402;99;Otras actividades;JAIME ALBERTO DIAZ CASTILLA;brasasco@yahoo.com;3
467;ANTIOQUIA;MEDELLIN;SI;5956799;2025-12;SI;2025-12-31;1444;12/31/2025 05:00:00 PM;DICIEMBRE;2025;COOPERATIVA MULTIACTIVA SOLIDARIA COOMUTUAL;COOMUTUAL;800-246-303-5;Multiactiva sin seccion de ahorro;ANTIOQUIA;MEDELLÍN;CARRERA 36B # 75B-42;4769117;14;Servicios funerarios;RAUL ANTONIO RESTREPO GARCIA;hbolivarb@gmail.com;3
468;ANTIOQUIA;MEDELLIN;SI;2672766;2025-12;SI;2025-12-31;16573;12/31/2025 05:00:00 PM;DICIEMBRE;2025;PRECOOPERATIVA DE SERVICIOS JUDICIALES Y RECUPERACION DE CARTERA;PRECOOSERCAR;901-610-386-3;Cooperativas de trabajo asociado;ANTIOQUIA;MEDELLÍN;TV 39 76 35;;99;Otras actividades;;precoosercar@hotmail.com;3
469;ANTIOQUIA;FRONTINO;SI;2316976;2025-12;SI;2025-12-31;16088;12/31/2025 05:00:00 PM;DICIEMBRE;2025;COOPERATIVA PARA EL BIENESTAR SOCIAL POR LA PAZ;COOMURRI;901-379-192-1;Multiactiva sin seccion de ahorro;ANTIOQUIA;FRONTINO;VEREDA MURRI;5135330;4;Agricola;;murricooperativa@gmail.com;3
470;ATLÁNTICO;BARRANQUILLA;SI;1500000;2026-06;SI;2026-06-30;15048;06/30/2026 05:00:00 PM;JUNIO;2026;COOPERATIVA MULTIACTIVA COOINFICORP;COOINFICORP;900-855-787-1;Multiactiva sin seccion de ahorro;ATLÁNTICO;BARRANQUILLA;CALLE 42 43 146 101A;;24;Servicios de credito;luis carlos dominguez rodriguez;cooinficorp@hotmail.com;3
471;ATLÁNTICO;BARRANQUILLA;SI;1182733;2025-12;SI;2025-12-31;11311;12/31/2025 05:00:00 PM;DICIEMBRE;2025;COOPERATIVA MULTIACTIVA DE SERVICIOS VARIOS  COOMULSERVAR;COOMULSERVAR;900-117-681-4;Multiactiva sin seccion de ahorro;ATLÁNTICO;BARRANQUILLA;CALLE 39 NO 43-136 OF 203;3793571;99;Otras actividades;NELSON ANDRES PACHECO MEJIA;contabilidad@coomulservar.com;3
472;BOLÍVAR;TURBACO;SI;1;2025-12;SI;2025-12-31;7658;12/31/2025 05:00:00 PM;DICIEMBRE;2025;COOPERATIVA INTEGRAL DE TRABAJADORES, EXTRABAJADORES, PENSIONADOS Y JUBILADOS Y FAMILIARES DEL SECTOR SALUD EN EL DPTO. DE BOLIVAR;COOTRAHOSPITALES;890-481-065-0;Integral sin seccion de ahorro;BOLÍVAR;TURBACO;BARRIO BELLAVISTA CALLE 27 # 13A26;;99;Otras actividades;JAIME ALBERTO ARIZA CASTRO;alt93540@yahoo.com;3
473;CUNDINAMARCA;LA PALMA;SI;1;2025-12;SI;2025-12-31;16477;12/31/2025 05:00:00 PM;DICIEMBRE;2025;COOPERATIVA MULTIACTIVA AGROPECUARIA Y TURISMO ECOLOGICO;COOMU-RENACER PALMERO;901-507-424-5;Multiactiva sin seccion de ahorro;CUNDINAMARCA;LA PALMA;CL 4 N 3 59;;4;Agricola;;coomurenacerpalmero@gmail.com;3
474;ANTIOQUIA;MEDELLIN;SI;;;NO;2024-08-31;1476;08/31/2024 12:00:00 AM;AGOSTO;2024;COOPERATIVA DE IMPRESORES Y PAPELEROS DE COLOMBIA;COIMPRESORES DE COLOMBIA;890-904-769-4;Multiactiva sin seccion de ahorro;ANTIOQUIA;MEDELLÍN;CL 16 45 180;;12;Consumo (comercio);BETTY FERNANDEZ RUIZ;contabilidad@ecocrea.com.co;1
475;ANTIOQUIA;MEDELLIN;SI;;;NO;2022-03-31;1818;03/31/2022 05:00:00 PM;MARZO;2022;COOPERATIVA DE PILOTOS CIVILES DE COLOMBIA;COOPICOL;800-216-442-2;Especializada de ahorro y credito;ANTIOQUIA;MEDELLÍN;CARRERA 76 # 35 35;4164500;1;Intermediacion financiera;DIANA DEL PILAR CASTRILLON TORRES;contabilidad@coopicol.com;1
476;ATLÁNTICO;BARRANQUILLA;SI;;;NO;2021-04-30;10698;04/30/2021 05:00:00 PM;ABRIL;2021;COOPERATIVA DEL SERVIDOR Y DEL USUARIO PUBLICO DE LA COSTA ATLANTICA;COOSUPERCREDITO;900-083-694-1;Multiactiva sin seccion de ahorro;ATLÁNTICO;BARRANQUILLA;CL 41 43 19 OF 1B BRR EL ROSARIO;;24;Servicios de credito;MAIDEN MARGARITA GUTIERREZ DONADO;atencionalusuario@coosupercredito.com;1
477;ANTIOQUIA;MEDELLIN;SI;;;NO;2023-05-31;1448;05/31/2023 05:00:00 PM;MAYO;2023;COOPERATIVA ESPECIALIZADA DE AHORRO Y CREDITO UNIVERSIDAD DE MEDELLIN;COMUDEM;890-985-444-2;Especializada de ahorro y credito;ANTIOQUIA;MEDELLÍN;CALLE 30 N 86 - 12;5402790;1;Intermediacion financiera;FRANCISCO JAVIER BETANCUR ZULUAGA;comudem@une.net.co;1
478;ATLÁNTICO;BARRANQUILLA;SI;;;NO;2019-09-30;2894;09/30/2019 05:00:00 PM;SEPTIEMBRE;2019;COOPERATIVA INDUSTRIAL LECHERA DE COLOMBIA;CILEDCO;890-100-372-3;Multiactiva sin seccion de ahorro;ATLÁNTICO;BARRANQUILLA;CR 36 53 47;3711600;13;Industria;RICARDO EDMUNDO ROSALES ZAMBRANO;contabilidad.bquilla@ciledco.com.co;1
479;ANTIOQUIA;ITAGUI;SI;;;NO;2020-02-29;1387;02/29/2020 05:00:00 PM;FEBRERO;2020;COOPERATIVA INTEGRAL DE PRODUCCION Y TRABAJO ASOCIADO RECUPERAR;COOPERATIVA RECUPERAR;890-985-000-6;Cooperativas de trabajo asociado;ANTIOQUIA;ITAGÜÍ;CLL 52  50-32 LOC 506;4440720;19;Aseo mantenimiento y reciclaje;JORGE GONZALEZ SANCHEZ;recupera@recuperar.com.co;1
480;ANTIOQUIA;CAUCASIA;SI;;;NO;2024-10-31;16655;10/31/2024 12:00:00 AM;OCTUBRE;2024;COOPERATIVA DE BAREQUEROS Y MINEROS ARTESANALES DE COLOMBIA;COOPBARMINERCOL;901-882-276-8;Cooperativas de trabajo asociado;ANTIOQUIA;CAUCASIA;CAEERA 2 NUMERO 22 - 16;;8;Mineria;;infocoopbarminercol@gmail.com;2
481;CUNDINAMARCA;COGUA;SI;;;NO;2025-06-30;684;06/30/2025 05:00:00 PM;JUNIO;2025;COOPERATIVA DE EDUCACION DE CAMPESINOS DE COGUA LTDA;COOEDCOGUA LTDA;860-028-267-1;Integral sin seccion de ahorro;CUNDINAMARCA;COGUA;CR 4  1 93;;9;Educacion;YOHANA DEL PILAR CASTIBLANCO RODRIGUEZ;cooedcogua@hotmail.com;2
482;BOLÍVAR;CARTAGENA DE INDIAS;SI;;;NO;2019-12-31;15483;12/31/2019 05:00:00 PM;DICIEMBRE;2019;COOPERATIVA DE LA COSTA CARIBE;COSTACOOP;900-840-598-0;Multiactiva sin seccion de ahorro;BOLÍVAR;CARTAGENA DE INDIAS;DIAGONAL 21 NA? 53-17 PISO 1 LOCAL 02;6431619;12;Consumo (comercio);SEBASTIAN ALZATE MORA;jsab1926@hotmail.com;2
483;ANTIOQUIA;CHIGORODO;SI;;;NO;2020-12-31;13633;12/31/2020 05:00:00 PM;DICIEMBRE;2020;COOPERATIVA DE PEQUE??OS PRODUCTORES DE BANANO BONITO AMANECER;BONAMANCOOP;900-576-276-2;Multiactiva sin seccion de ahorro;ANTIOQUIA;CHIGORODÓ;CRA 105 98B 45;8258146;4;Agricola;MARISOL NOBLES PALACIOS;bonamancoop@hotmail.com;2
484;CUNDINAMARCA;SOACHA;SI;;;NO;2022-09-30;9564;09/30/2022 05:00:00 PM;SEPTIEMBRE;2022;COOPERATIVA DE TRABAJO ASOCIADO SERVICIOS INTEGRALES;COOPSIN;830-123-989-8;Cooperativas de trabajo asociado;CUNDINAMARCA;SOACHA;CL 32 6D 07 ESTE 2 PISO SAN MATEO;6317632;22;Salud;MONICA MARCELA MORENO GARCIA;ctacoopsin@gmail.com;2
485;CUNDINAMARCA;ZIPAQUIRA;SI;;;NO;2025-03-31;125;03/31/2025 12:00:00 AM;MARZO;2025;COOPERATIVA INTEGRAL DE PRODUCTORES DE CARBON;PROCARBON;860-015-555-1;Integral sin seccion de ahorro;CUNDINAMARCA;ZIPAQUIRÁ;CRA 10 1 86;;12;Consumo (comercio);JOSE MARIA LEON POVEDA;gerencia@procarbon.coop;2
486;ANTIOQUIA;LA UNION;SI;;;NO;2019-06-30;12239;06/30/2019 05:00:00 PM;JUNIO;2019;COOPERATIVA MULTIACTIVA DE GANADEROS Y PRODUCTORES DE LECHE DEL ORIENTE ANTIOQUE??O;UNILAC;900-107-388-8;Multiactiva sin seccion de ahorro;ANTIOQUIA;LA UNIÓN;KM 1.5 VIA LA UNION - LA CEJA;5563282;12;Consumo (comercio);LUASKIN PEREZ OCAMPO;contactenos@unilac.com.co;2
487;ATLÁNTICO;BARRANQUILLA;SI;;;NO;2017-12-31;13483;12/31/2017 05:00:00 PM;DICIEMBRE;2017;COOPERATIVA MULTIACTIVA DE SERVICIOS Y SOLUCIONES INTEGRALES;MULTISOLUCIONES INTEGRALES;900-436-089-1;Multiactiva sin seccion de ahorro;ATLÁNTICO;BARRANQUILLA;Via 40 73-290 Oficina 512 MIX Via 40;3604001;24;Servicios de credito;MARIA INES FONSECA QUIROGA;atencionalcliente@multisolucionesintegrales.com.co;2
488;NORTE DE SANTANDER;SAN JOSE DE CUCUTA;SI;;;NO;2024-12-31;4169;12/31/2024 12:00:00 AM;DICIEMBRE;2024;COOPERATIVA MULTIACTIVA GUASIMALES;COOGUASIMALES;807-000-949-1;Multiactiva sin seccion de ahorro;NORTE DE SANTANDER;SAN JOSÉ DE CÚCUTA;CALLE 5E NO 5 18 BRR POPULAR;5962462;99;Otras actividades;MARIELA AREVALO ALVAREZ;gerencia@cooguasimales.com;2
489;ATLÁNTICO;BARRANQUILLA;SI;;;NO;2024-12-31;15736;12/31/2024 12:00:00 AM;DICIEMBRE;2024;COOPERATIVA MULTIACTIVA MATERIALES DEL CARIBE;COOMACAR;901-243-274-2;Multiactiva sin seccion de ahorro;ATLÁNTICO;BARRANQUILLA;CALLE 77 B CR 57 103 PI 10 77;3162378;19;Aseo mantenimiento y reciclaje;YOLANDA CASTRO GARCIA;gerencia@coomacar.com;2
490;BOLÍVAR;SANTA ROSA DEL SUR;SI;;;NO;2023-06-30;12384;06/30/2023 05:00:00 PM;JUNIO;2023;COOPERATIVA MULTIACTIVA MINERA DEL CARIBONA;COOPCARIBONA;900-099-061-1;Multiactiva sin seccion de ahorro;BOLÍVAR;SANTA ROSA DEL SUR;CRA 11#10-27 PISO 2;5697000;8;Mineria;MILTON OSWALDO PARRADO VELASCO;coopcaribona@hotmail.com;2
491;ATLÁNTICO;BARRANQUILLA;SI;;;NO;2021-12-31;13843;12/31/2021 05:00:00 PM;DICIEMBRE;2021;COOPERATIVA MULTIACTIVA VISION Y TALENTO;COOPMULVITAL;900-705-277-4;Multiactiva sin seccion de ahorro;ATLÁNTICO;BARRANQUILLA;CL 70B 41-132 OF 7;;24;Servicios de credito;PLINIO ALEJANDRO MOSQUERA BARRAZA;coopmulvital@gmail.com;2
492;ANTIOQUIA;APARTADO;SI;;;NO;2018-12-31;11388;12/31/2018 05:00:00 PM;DICIEMBRE;2018;C.T.A. COMERCIALIZADORA NACIONAL DE BANANO Y PRODUCTOS DEL TROPICO;COOMERCIALIZAR;811-046-114-1;Multiactiva sin seccion de ahorro;ANTIOQUIA;APARTADÓ;CALLE 94A 103-22;;12;Consumo (comercio);ORLANDO ANTONIO DIOSSA VELEZ;contadorcc@hotmail.com;3
493;ATLÁNTICO;BARRANQUILLA;SI;;;NO;2019-06-30;11834;06/30/2019 05:00:00 PM;JUNIO;2019;CCOPERATIVA MULTIACTIVA DE COMERCIO Y SERVICIOS DRAM DINAMYK;COODINAMIK;900-229-562-7;Multiactiva sin seccion de ahorro;ATLÁNTICO;BARRANQUILLA;CALLE 3A?51B-505 OFICINA 121;3406001;12;Consumo (comercio);ALBERTO DIAZ RODRIGUEZ;coodinamyk@hotmail.com;3
494;ATLÁNTICO;BARRANQUILLA;SI;;;NO;2019-12-31;7610;12/31/2019 05:00:00 PM;DICIEMBRE;2019;CENTRAL COOPERATIVA DEL ATLANTICO;CEANCOOP;802-015-762-9;Multiactiva sin seccion de ahorro;ATLÁNTICO;BARRANQUILLA;CALLE 38 41 60 OF 2;3851840;99;Otras actividades;JANETH CORDOBA ARIZA;cartera@ceancoop.co;3
495;BOLÍVAR;CARTAGENA DE INDIAS;SI;;;NO;2021-06-30;8207;06/30/2021 05:00:00 PM;JUNIO;2021;COOMERCIALIZADORA MULTINACIONAL COOPERATIVA DE COLOMBIA LTDA;COOPMULCOL;800-250-747-7;Multiactiva sin seccion de ahorro;BOLÍVAR;CARTAGENA DE INDIAS;BRR CENTRO SEC MATUNA CL 32 9 45 ED BCO ESTADO OF;6648520;12;Consumo (comercio);ISABEL HERNANDEZ UCROS;ihernandez@hotmail.com;3
496;ATLÁNTICO;BARRANQUILLA;SI;;;NO;2021-12-31;3818;12/31/2021 05:00:00 PM;DICIEMBRE;2021;COOMULCARIBE;COOMULCARIBE;802-002-782-1;Multiactiva sin seccion de ahorro;ATLÁNTICO;BARRANQUILLA;CRA 46 74-16 PISO 3;;24;Servicios de credito;SANDRA MILENA GOMEZ SERRANO;coomulcaribe@coomulcaribe.com;3
497;ANTIOQUIA;MEDELLIN;SI;;;NO;2024-07-31;16601;07/31/2024 12:00:00 AM;JULIO;2024;COOPERATIVA AGRICOLA MULTIACTIVA GRUESCO;GRUESCO;901-862-696-2;Multiactiva sin seccion de ahorro;ANTIOQUIA;MEDELLÍN;CLL 16 SUR NA? 43A-49 OF. 304;;4;Agricola;;cogruesco@gmail.com;3
498;ANTIOQUIA;ITAGUI;SI;;;NO;2019-12-31;15362;12/31/2019 05:00:00 PM;DICIEMBRE;2019;COOPERATIVA AGRO Y CAFE UNIDOS;CAFEUNIDOS;900-723-423-1;Multiactiva sin seccion de ahorro;ANTIOQUIA;ITAGÜÍ;CL 32 41 140;3774271;12;Consumo (comercio);GUSTAVO ADOLFO SANCHEZ GUTIERREZ;cafeunidos@hotmail.com;3
499;ANTIOQUIA;GIRARDOTA;SI;;;NO;2024-12-31;16678;12/31/2024 12:00:00 AM;DICIEMBRE;2024;COOPERATIVA AGROPECUARIA DE GIRARDOTA;CAMPOGIR;900-399-432-6;Multiactiva sin seccion de ahorro;ANTIOQUIA;GIRARDOTA;CRA 15 # 5B-45 LOCAL 201;;;;;;3
500;CUNDINAMARCA;SESQUILE;SI;;;NO;2020-12-31;9647;12/31/2020 05:00:00 PM;DICIEMBRE;2020;COOPERATIVA AGROPECUARIA LECHERA DE SESQUILE COAGROLES;COAGROLES;830-503-420-0;Cooperativas de trabajo asociado;CUNDINAMARCA;SESQUILÉ;CR  5 NO- 3-79;;4;Agricola;JUSTO DOMINGO MANCERA JIMENEZ;coagroles2011@hotmail.com;3
501;BOLÍVAR;CANTAGALLO;SI;;;NO;2023-12-31;16288;12/31/2023 05:00:00 PM;DICIEMBRE;2023;COOPERATIVA AGROPECUARIA Y PORCICOLA LOS MANGUITOS;AGROMANGUITOS;901-695-225-0;Multiactiva sin seccion de ahorro;BOLÍVAR;CANTAGALLO;C BRISAS DE BOLIVAR;;4;Agricola;;cooperativaagromanguitos@gmail.com;3
502;ANTIOQUIA;MEDELLIN;SI;;;NO;2018-12-31;1337;12/31/2018 05:00:00 PM;DICIEMBRE;2018;COOPERATIVA APORTES Y CREDITO DE  TRABAJADORES DE ERECOS;COTRERECOS;890-926-714-4;Especializada sin seccion de ahorro;ANTIOQUIA;MEDELLÍN;CALLE 23 # 54-14;5835735;24;Servicios de credito;CARMEN CORONADO AVILEZ;cotrerecos@une.net.co;3
503;ATLÁNTICO;BARRANQUILLA;SI;;;NO;2018-12-31;13737;12/31/2018 05:00:00 PM;DICIEMBRE;2018;COOPERATIVA BARMECOST CTA;900614682;900-614-682-3;Cooperativas de trabajo asociado;ATLÁNTICO;BARRANQUILLA;CR 53 N. 64 - 72 OF 108 EDI. ALQUIN;3601364;99;Otras actividades;JOSE LUIS ARCINIEGAS ANGARITA;barmecost@gmail.com;3
504;ANTIOQUIA;MEDELLIN;SI;;;NO;2020-06-30;12527;06/30/2020 05:00:00 PM;JUNIO;2020;COOPERATIVA COMERCIALIZADORA DE BIENES AGROPECUARIOS;BIENAGRO;811-040-654-1;Multiactiva sin seccion de ahorro;ANTIOQUIA;MEDELLÍN;CR 53 1 78 PISO 2;3529711;4;Agricola;JUAN CAMILO ORREGO ALVAREZ;bienagrocontabilidad@une.net.co;3
505;ATLÁNTICO;BARRANQUILLA;SI;;;NO;2024-12-31;9783;12/31/2024 12:00:00 AM;DICIEMBRE;2024;COOPERATIVA COMPARTIMOS DESARROLLO INTEGRAL;COMPARTIMOS;900-055-856-9;Integral sin seccion de ahorro;ATLÁNTICO;BARRANQUILLA;Calle 39 Nro.43-123 Piso 9 Oficina H23;3407198;99;Otras actividades;ZOILA ROSA BARRAZA CAMACHO;comparti05@ yahoo.com;3
506;NORTE DE SANTANDER;OCANA;SI;;;NO;2020-06-30;15590;06/30/2020 05:00:00 PM;JUNIO;2020;COOPERATIVA COOP CREDIEFECTIVA;CREDIEFECTIVA;901-170-556-1;Integral sin seccion de ahorro;NORTE DE SANTANDER;OCAÑA;CALLE 11 N. 17-10 OF 105;8207924;24;Servicios de credito;YOHEN ALVAREZ OVALLOS;corjireh@hotmail.com;3
507;ATLÁNTICO;BARRANQUILLA;SI;;;NO;2021-12-31;13448;12/31/2021 05:00:00 PM;DICIEMBRE;2021;COOPERATIVA COOPMAXIVALORES;COOPMAXIVALORES;900-478-113-0;Multiactiva sin seccion de ahorro;ATLÁNTICO;BARRANQUILLA;CL 85 50 159 OF 1507;;99;Otras actividades;KAREN PATRICIA BUELVAS ACOSTA;coopmaxivalores@hotmail.com;3
508;NORTE DE SANTANDER;SARDINATA;SI;;;NO;2022-12-31;4530;12/31/2022 05:00:00 PM;DICIEMBRE;2022;COOPERATIVA COOPULSAR SARDINATA;COOPULSAR;807-000-512-7;Multiactiva sin seccion de ahorro;NORTE DE SANTANDER;SARDINATA;CALLE 4 4-45 SAN MARTIN;;24;Servicios de credito;MYRIAM GAITAN FLOREZ;coopulsarsardinata@hotmail.com;3
509;ATLÁNTICO;BARRANQUILLA;SI;;;NO;2022-12-31;13859;12/31/2022 05:00:00 PM;DICIEMBRE;2022;COOPERATIVA COOTECHNOLOGY;COOTECHNOLOGY;900-635-726-9;Multiactiva sin seccion de ahorro;ATLÁNTICO;BARRANQUILLA;CL 77 NO 59 - 35 OF 1503;;24;Servicios de credito;KELLYS BARROS OROZCO;ccootechnology@gmail.com;3
510;ATLÁNTICO;BARRANQUILLA;SI;;;NO;2022-12-31;15959;12/31/2022 05:00:00 PM;DICIEMBRE;2022;COOPERATIVA CREDIPENSION 72 BARRANQUILLA;COOPCREDIPENSION 72;901-488-575-6;Multiactiva sin seccion de ahorro;ATLÁNTICO;BARRANQUILLA;CALLE 39 41 - 72 PISO 8;3015239;99;Otras actividades;INES ELENA VILLANUEVA ROMERO;coopcredipension72bq@gmail.com;3
511;ANTIOQUIA;MEDELLIN;SI;;;NO;2025-06-30;13811;06/30/2025 05:00:00 PM;JUNIO;2025;COOPERATIVA CRISTIANA MULTIACTIVA CREER;COOPCREER;900-674-979-1;Especializada sin seccion de ahorro;ANTIOQUIA;MEDELLÍN;CR 74 49B-17 AP 201;;99;Otras actividades;LUZ MARITZA RAMIREZ PEREZ;ccoopcreer@gmail.com;3
512;NORTE DE SANTANDER;SAN JOSE DE CUCUTA;SI;;;NO;2017-06-30;15494;06/30/2017 05:00:00 PM;JUNIO;2017;COOPERATIVA DE ACEITES RESIDUALES SOLUCION INDUSTRIAL NORTE DE SANTANDER;COOARSINORTE;901-099-725-5;Cooperativas de trabajo asociado;NORTE DE SANTANDER;SAN JOSÉ DE CÚCUTA;AV 4 A 7 91 SANTA ANA;;19;Aseo mantenimiento y reciclaje;JOSE ABEL CORREA MONTERREY;cooarsinorte@gmail.com;3
513;ANTIOQUIA;MEDELLIN;SI;;;NO;2017-12-31;1702;12/31/2017 05:00:00 PM;DICIEMBRE;2017;COOPERATIVA DE AFILIADOS A AES COLOMBIA;COOPAFA;800-160-980-0;Integral sin seccion de ahorro;ANTIOQUIA;MEDELLÍN;Calle 29 C 55 -25;4443553;12;Consumo (comercio);JAVIER DARIO LASSO BONILLA;contabilidad@coopafa.com;3
514;NORTE DE SANTANDER;TOLEDO;SI;;;NO;2023-12-31;16188;12/31/2023 05:00:00 PM;DICIEMBRE;2023;COOPERATIVA DE AGROINSUMOS LA ABUNDANCIA;COOAGROAB;901-694-267-5;Especializada sin seccion de ahorro;NORTE DE SANTANDER;TOLEDO;VEREDA EL PORVENIR;;4;Agricola;HECTOR YECID NU?EZ VILLAMIZR;dulceporvenir123@gmail.com;3
515;CUNDINAMARCA;GIRARDOT;SI;;;NO;2020-06-30;347;06/30/2020 05:00:00 PM;JUNIO;2020;COOPERATIVA DE AHORRO Y CREDITO DE GIRARDOT LTDA.;COOACREGIR;890-680-253-2;Multiactiva sin seccion de ahorro;CUNDINAMARCA;GIRARDOT;MANZANA 65 CASA 5 KENNEDY;;24;Servicios de credito;ISMAEL ORTIZ BARRERO;cooacregirltda@gmail.com;3
516;ANTIOQUIA;MEDELLIN;SI;;;NO;2019-06-30;1352;06/30/2019 05:00:00 PM;JUNIO;2019;COOPERATIVA DE APORTES Y CREDITO CONSUMO DE TRANSPORTADORES ANTIOQUE??OS;COOACTRA;890-985-397-4;Multiactiva sin seccion de ahorro;ANTIOQUIA;MEDELLÍN;CL 55 70 59;4481008;99;Otras actividades;JUAN CARLOS RESTREPO BUENO;contador@masmedellin.com;3
517;NORTE DE SANTANDER;SAN JOSE DE CUCUTA;SI;;;NO;2017-12-31;11628;12/31/2017 05:00:00 PM;DICIEMBRE;2017;COOPERATIVA DE ASESORES EMPRESARIALES Y DE SEGUROS;COASECOL;800-160-143-2;Integral sin seccion de ahorro;NORTE DE SANTANDER;SAN JOSÉ DE CÚCUTA;CC BOLIVAR LOCAL I 6;5841539;99;Otras actividades;YOLANDA BECERRA DE RONDON;cooasecol@hotmail.com;3
518;ATLÁNTICO;BARRANQUILLA;SI;;;NO;2018-12-31;7999;12/31/2018 05:00:00 PM;DICIEMBRE;2018;COOPERATIVA DE ASESORIAS JURIDICAS;COAS;802-012-050-1;Multiactiva sin seccion de ahorro;ATLÁNTICO;BARRANQUILLA;CL 40  44 93 OF 6A;3336304;24;Servicios de credito;RICARDO JOSE MAESTRE BARRETO;gasuru@hotmail.com;3
519;ATLÁNTICO;BARRANQUILLA;SI;;;NO;2021-12-31;12633;12/31/2021 05:00:00 PM;DICIEMBRE;2021;COOPERATIVA DE ASESORIAS JURIDICAS COBRANZAS E INVERSIONES;COACOBRIN;802-013-180-3;Multiactiva sin seccion de ahorro;ATLÁNTICO;BARRANQUILLA;CARRERA 44 # 37-21 PISO 13 OFIC 1303;3394802;99;Otras actividades;MARIA GUZMAN SIERRA;coacobrin@yahoo.es;3
520;ATLÁNTICO;BARRANQUILLA;SI;;;NO;2020-12-31;15465;12/31/2020 05:00:00 PM;DICIEMBRE;2020;COOPERATIVA DE ASISTENCIA JURIDICA INTEGRAL;COOPJURIDICA DE COLOMBIA;901-178-931-5;Multiactiva sin seccion de ahorro;ATLÁNTICO;BARRANQUILLA;CL 41 43 19 P2 AP 2E;;99;Otras actividades;;coopjuridicadecolombia@gmail.com;3
521;NORTE DE SANTANDER;EL ZULIA;SI;;;NO;2023-06-30;3260;06/30/2023 05:00:00 PM;JUNIO;2023;COOPERATIVA DE CA#ICULTORES DEL VALLE DEL RIO ZULIA LTDA.;COOPECA#A;800-220-198-5;Multiactiva sin seccion de ahorro;NORTE DE SANTANDER;EL ZULIA;AVENIDA 2 2 30;;4;Agricola;LUIS ALFONSO POTES;coopecana1993@yahoo.com;3
522;NORTE DE SANTANDER;OCANA;SI;;;NO;2021-12-31;15452;12/31/2021 05:00:00 PM;DICIEMBRE;2021;COOPERATIVA DE CAFETEROS Y CACAOTEROS DEL CATATUMBO;COOPCACAT;900-878-127-1;Especializada sin seccion de ahorro;NORTE DE SANTANDER;OCAÑA;CALLE 13 A 6-57 BARRIO EL MERCADO;5623461;4;Agricola;;coopcacat@gmail.com;3
523;ANTIOQUIA;MEDELLIN;SI;;;NO;2024-06-30;16237;06/30/2024 12:00:00 AM;JUNIO;2024;COOPERATIVA DE CAFICULTORES DEL NORTE;COOCAFINORTE;901-358-226-3;Especializada sin seccion de ahorro;ANTIOQUIA;MEDELLÍN;CR 6A 47A 40;;4;Agricola;WENDY MARILIN MARIN MONTOYA;coocafinortecol@gmail.com;3
524;ANTIOQUIA;SAN JUAN DE URABA;SI;;;NO;2023-06-30;16432;06/30/2023 05:00:00 PM;JUNIO;2023;COOPERATIVA DE CAMPESINOS AGROPECUARIA Y PISCICOLA CORREGIMIENTO SIETE;COOAGROSIETEVUELTAS;901-307-388-1;Integral sin seccion de ahorro;ANTIOQUIA;SAN JUAN DE URABÁ;CORREGIMIENTO 7 VUELTAS;;4;Agricola;;cooagro7vuieltas@gmail.com;3
525;ANTIOQUIA;BELLO;SI;;;NO;2023-12-31;16430;12/31/2023 05:00:00 PM;DICIEMBRE;2023;COOPERATIVA  DE COMERCIANTES DE LA PLAZA DE MERCADO DE BELLO;COOPEMERCA-B;901-777-528-1;Multiactiva sin seccion de ahorro;ANTIOQUIA;BELLO;CR 47 50 95;3047359;99;Otras actividades;;bedoyaneider4@gmail.com;3
526;ATLÁNTICO;BARRANQUILLA;SI;;;NO;2021-12-31;11754;12/31/2021 05:00:00 PM;DICIEMBRE;2021;COOPERATIVA DE CREDITO Y SERVICIO;INCRECOOP;900-239-713-5;Multiactiva sin seccion de ahorro;ATLÁNTICO;BARRANQUILLA;CALLE 40 43 123;;99;Otras actividades;DENNYS PETRONA ORDO??EZ LOPEZ;increcoop_01@hotmail.com;3
527;ATLÁNTICO;BARRANQUILLA;SI;;;NO;2022-12-31;15686;12/31/2022 05:00:00 PM;DICIEMBRE;2022;COOPERATIVA DE CREDITOS JURIDICOS C-S;COOPCREDIJU;901-361-898-3;Multiactiva sin seccion de ahorro;ATLÁNTICO;BARRANQUILLA;CARRERA 63A NA? 7A - 52;3103712;99;Otras actividades;;cooperativadecreditosjuridico@gmail.com;3
528;ANTIOQUIA;SANTA ROSA DE OSOS;SI;;;NO;2023-12-31;16065;12/31/2023 05:00:00 PM;DICIEMBRE;2023;COOPERATIVA DE DESARROLLO INTEGRAL Y AGROALIMENTARIO DEL NORTE ANTIOQUE??O;DIA NORTE;901-586-922-9;Multiactiva sin seccion de ahorro;ANTIOQUIA;SANTA ROSA DE OSOS;CRA 30 # 30 A 135;;4;Agricola;;cooperativadianorte@gmail.com;3
529;ANTIOQUIA;GUARNE;SI;;;NO;2024-12-31;16071;12/31/2024 12:00:00 AM;DICIEMBRE;2024;COOPERATIVA DE DISTRIBUCION E INTEGRACION AGROALIMENTARIA DEL ORIENTE;DIA ORIENTE;901-594-665-4;Integral sin seccion de ahorro;ANTIOQUIA;GUARNE;CRA 50 42 100;;4;Agricola;ANGELA MARIA GIRALDO GARCES;visionab18@gmail.com;3
530;ATLÁNTICO;BARRANQUILLA;SI;;;NO;2024-12-31;7302;12/31/2024 12:00:00 AM;DICIEMBRE;2024;COOPERATIVA DE EMPLEADOS DE LA SALUD;COOPES;802-003-795-1;Multiactiva sin seccion de ahorro;ATLÁNTICO;BARRANQUILLA;CL 80 49C 85;3305200;99;Otras actividades;ALVARO REDONDO PADILLA PADILLA;gustavocorream@hotmail.com;3
531;ANTIOQUIA;MEDELLIN;SI;;;NO;2024-12-31;1313;12/31/2024 12:00:00 AM;DICIEMBRE;2024;COOPERATIVA DE ESTIBADORES DEL NORTE  LTDA.;COOESTINOR;811-002-397-1;Cooperativas de trabajo asociado;ANTIOQUIA;MEDELLÍN;CALLE 52 N 47 28 OFICINA 404;4084745;99;Otras actividades;DAVIAN ESTEBAN LOPEZ FORONDA;contabilidad.cooestinor@gmail.com;3
532;ANTIOQUIA;YARUMAL;SI;;;NO;2020-06-30;1634;06/30/2020 05:00:00 PM;JUNIO;2020;COOPERATIVA DE EXPENDEDORES DE CARNE DE YARUMAL;COEXCAYA;811-005-023-4;Multiactiva sin seccion de ahorro;ANTIOQUIA;YARUMAL;KILOMETRO 1 VIA A LA COSTA  PLAZA DE FERIAS;;99;Otras actividades;JUAN GUILLERMO VELEZ MUNERA;cooexcaya@hotmail.com;3
533;NORTE DE SANTANDER;OCANA;SI;;;NO;2025-06-30;7279;06/30/2025 05:00:00 PM;JUNIO;2025;COOPERATIVA DE EXTRABAJADORES DELMUNICIPIO  DE OCA??A;COOEXTRAMUNICIPALES;807-003-440-9;Cooperativas de trabajo asociado;NORTE DE SANTANDER;OCAÑA;CRA 11 10 43;5626658;24;Servicios de credito;JORGE ELIECER MARTINEZ GARCIA;coextramunicipales23@hotmail.com;3
534;NORTE DE SANTANDER;TOLEDO;SI;;;NO;2023-12-31;16195;12/31/2023 05:00:00 PM;DICIEMBRE;2023;COOPERATIVA DE GANADERIA BONGOTA;COOGANB;901-691-955-0;Especializada sin seccion de ahorro;NORTE DE SANTANDER;TOLEDO;VEREDA BONGOTA;;5;Pecuaria;;cooganb12@gmail.com;3
535;NORTE DE SANTANDER;SAN JOSE DE CUCUTA;SI;;;NO;2023-06-30;16334;06/30/2023 05:00:00 PM;JUNIO;2023;COOPERATIVA DE GANADERIA LLANO SECO;COOPELLANOS;901-696-262-8;Especializada sin seccion de ahorro;NORTE DE SANTANDER;SAN JOSÉ DE CÚCUTA;ALTO GUARAMITO VRD LLANO SECO;;5;Pecuaria;;dennis_vp@outlook.com;3
536;NORTE DE SANTANDER;SAN JOSE DE CUCUTA;SI;;;NO;2023-06-30;16335;06/30/2023 05:00:00 PM;JUNIO;2023;COOPERATIVA DE GANADEROS DEL CORREGIMIENTO DE SAN FAUSTINO;COOPGASAFA;901-702-140-4;Especializada sin seccion de ahorro;NORTE DE SANTANDER;SAN JOSÉ DE CÚCUTA;CL 2 NRO.2-04 CORREG SAN FAUSTINO;;5;Pecuaria;;alejandro_k_o@hotmail.com;3
537;NORTE DE SANTANDER;SAN JOSE DE CUCUTA;SI;;;NO;2023-06-30;16202;06/30/2023 05:00:00 PM;JUNIO;2023;COOPERATIVA DE INVERSIONES Y SERVICIOS EMPRESARIALES;INSERCOOP;807-008-278-4;Multiactiva sin seccion de ahorro;NORTE DE SANTANDER;SAN JOSÉ DE CÚCUTA;CALLE 15 # 0 - 39;5784901;12;Consumo (comercio);MARTHA ESPERANZA PARADA MONTES;contabilidad@insercoop.com.co;3
538;ANTIOQUIA;LA CEJA;SI;;;NO;2019-12-31;7078;12/31/2019 05:00:00 PM;DICIEMBRE;2019;COOPERATIVA DE LA PLAZA DE MERCADO DE LA CEJA (ANTIOQUIA);MERCOOPLAZA;811-011-495-1;Multiactiva sin seccion de ahorro;ANTIOQUIA;LA CEJA;CARRERA 18 NO 19 40;5537422;12;Consumo (comercio);AXEL ENRIQUE LOPEZ V.;mecooplaza@hotmail.com;3
539;ATLÁNTICO;BARRANQUILLA;SI;;;NO;2018-06-30;2923;06/30/2018 05:00:00 PM;JUNIO;2018;COOPERATIVA DE LOS TRABAJADORES DE CILEDCO Y SIMILARES;COOPETRACIL;890-104-472-1;Multiactiva sin seccion de ahorro;ATLÁNTICO;BARRANQUILLA;CR 35 #53 - 170;3707713;99;Otras actividades;IVAN RAFAEL COMAS CARRASQUILLA;coopetracil64@gmail.com;3
540;ATLÁNTICO;BARRANQUILLA;SI;;;NO;2021-06-30;2976;06/30/2021 05:00:00 PM;JUNIO;2021;COOPERATIVA DE LOTEROS DEL ATLANTICO;COODELOT;890-102-584-7;Especializada sin seccion de ahorro;ATLÁNTICO;BARRANQUILLA;CALLE  36 43 130;3701040;99;Otras actividades;GLORIA ESTHER ZU?IGA BERMEJO;dariana03@gmail.com;3
541;ANTIOQUIA;ITAGUI;SI;;;NO;2023-06-30;15893;06/30/2023 05:00:00 PM;JUNIO;2023;COOPERATIVA DE METALES DEL CARIBE;COOMECARIBE;901-463-246-1;Integral sin seccion de ahorro;ANTIOQUIA;ITAGÜÍ;CR 42 64 A 55;;19;Aseo mantenimiento y reciclaje;ANGELO ENRIQUE FERRO DIAZ;coomecaribe2021@hotmail.com;3
542;NORTE DE SANTANDER;SAN JOSE DE CUCUTA;SI;;;NO;2022-06-30;13706;06/30/2022 05:00:00 PM;JUNIO;2022;COOPERATIVA DE MINEROS COOPMINERCOL DE COLOMBIA;COOPMINERCOL;900-672-514-1;Multiactiva sin seccion de ahorro;NORTE DE SANTANDER;SAN JOSÉ DE CÚCUTA;AV 0 10-78 OF 601 COLWGIO MEDICO;;8;Mineria;HERLY CELINA CASTIBLANCO MENDOZA;coopminercol@hotmail.com;3
543;ANTIOQUIA;CAUCASIA;SI;;;NO;2025-06-30;16591;06/30/2025 05:00:00 PM;JUNIO;2025;COOPERATIVA DE MINEROS DEL BAJO CAUCA Y SUR DE CORDOBA;COMINBAC;901-845-937-0;Multiactiva sin seccion de ahorro;ANTIOQUIA;CAUCASIA;CL 22 A 02  48 LC 2;3104464;8;Mineria;SEBASTIAN VILLACOT GARCIA;coomina2024@gmail.com;3
544;CUNDINAMARCA;ZIPAQUIRA;SI;;;NO;2024-12-31;4128;12/31/2024 12:00:00 AM;DICIEMBRE;2024;COOPERATIVA DE PENSIONADOS EMPLEADOS E INDEPENDIENTES DE ZIPAQUIRA LTDA;COOPEINZ LTDA;860-024-455-1;Multiactiva sin seccion de ahorro;CUNDINAMARCA;ZIPAQUIRÁ;CALLE 4 13 30 LC 129;;99;Otras actividades;JAIRO LUIS POLO SOLANO;gerente.coopeinz@gmail.com;3
545;ATLÁNTICO;BARRANQUILLA;SI;;;NO;2024-06-30;9817;06/30/2024 12:00:00 AM;JUNIO;2024;COOPERATIVA DE PENSIONADOS Y ASIGNACION DE RETIROS PONAL ESPERANZA Y PAZ;COOPEPAZ;830-512-571-2;Multiactiva sin seccion de ahorro;ATLÁNTICO;BARRANQUILLA;KRA 4 45A 20;;9;Educacion;MANUEL PABA GUETE;coopepaz_@hotmail.com;3
546;CUNDINAMARCA;COGUA;SI;;;NO;2022-12-31;16131;12/31/2022 05:00:00 PM;DICIEMBRE;2022;COOPERATIVA DE PRODUCTORES AGRICOLAS DE COGUA FRESCOOP;FRESCOOP;901-493-004-2;Cooperativas de trabajo asociado;CUNDINAMARCA;COGUA;VDA OJO DE AGUA FINCA EL PARAISO;;4;Agricola;;agricolafrescoop@gmail.com;3
547;CUNDINAMARCA;LENGUAZAQUE;SI;;;NO;2024-12-31;13185;12/31/2024 12:00:00 AM;DICIEMBRE;2024;COOPERATIVA DE PRODUCTORES AGROPECUARIOS DE LENGUAZAQUE Y AREAS CIRCUNVECINAS;COOPALAC;900-440-446-3;Multiactiva sin seccion de ahorro;CUNDINAMARCA;LENGUAZAQUE;CARRERA 5 NO 2-09;;4;Agricola;RUTH MAYERLY AREVALO ABRIL;coopalac.lenguazaque@gmail.com;3
548;ANTIOQUIA;COCORNA;SI;;;NO;2024-12-31;6093;12/31/2024 12:00:00 AM;DICIEMBRE;2024;COOPERATIVA DE PRODUCTORES CAMPESINOS DE COCORNA COOPROCAM LTDA;COOPROCAM;800-014-538-3;Multiactiva sin seccion de ahorro;ANTIOQUIA;COCORNÁ;CL 21  21 24;8343646;12;Consumo (comercio);CARLOS MARIO GONZALEZ GIRALDO;cooprocam.cocorna@gmail.com;3
549;NORTE DE SANTANDER;SAN JOSE DE CUCUTA;SI;;;NO;2018-06-30;3816;06/30/2018 05:00:00 PM;JUNIO;2018;COOPERATIVA DE PRODUCTORES Y COMERCIALIZADORES DE CACAO DEL NORTE;COPROCACAO;807-004-511-8;Multiactiva sin seccion de ahorro;NORTE DE SANTANDER;SAN JOSÉ DE CÚCUTA;AV 7A # 0B N-26 L- 7 TERMINAL;5781657;99;Otras actividades;ENRIQUE HERNANDEZ FLOREZ;coprocacao@hotmail.com;3
550;CUNDINAMARCA;FUSAGASUGA;SI;;;NO;2023-12-31;20002;12/31/2023 05:00:00 PM;DICIEMBRE;2023;COOPERATIVA DE PROFESORES DE FUSAGASUGA;COOVIPROF;860-512-968-1;Multiactiva sin seccion de ahorro;CUNDINAMARCA;FUSAGASUGÁ;CL 23A40 15;;11;Transporte;LEONEL JIMENEZ MORA;leonelivan8@hotmail.com;3
551;ANTIOQUIA;EL CARMEN DE VIBORAL;SI;;;NO;2024-12-31;5116;12/31/2024 12:00:00 AM;DICIEMBRE;2024;COOPERATIVA DE REABAJO ASOCIADO ALBORADA;ALBORADA;811-006-758-3;Cooperativas de trabajo asociado;ANTIOQUIA;EL CARMEN DE VIBORAL;CR 26 43 B 204;5431616;19;Aseo mantenimiento y reciclaje;ELCY MORENO BETANCUR;gerencia@cooperativaalborada.org.co;3
552;ATLÁNTICO;SOLEDAD;SI;;;NO;2021-06-30;15035;06/30/2021 05:00:00 PM;JUNIO;2021;COOPERATIVA DE SERVICIOS ACTIVOS DE LA COSTA;COOSERVIACTIVOS;900-771-334-7;Multiactiva sin seccion de ahorro;ATLÁNTICO;SOLEDAD;TRANSVERSAL 49 44 A 18;3929755;24;Servicios de credito;CARLOS MARIO JIMENEZ SIERRA;cooserviactivo@hotmail.com;3
553;ANTIOQUIA;MEDELLIN;SI;;;NO;2024-06-30;13509;06/30/2024 12:00:00 AM;JUNIO;2024;COOPERATIVA DE SERVICIOS DE PROFESORES DEL POLIT??CNICO COLOMBIANO JAIME ISAZA CADAVID;COOSERPOLI;900-359-246-1;Especializada sin seccion de ahorro;ANTIOQUIA;MEDELLÍN;CARRERA 48 NO. 7#151;3197900;99;Otras actividades;LUZ NELLY FLOREZ URIBE;cooserpoli@gmail.com;3
554;ANTIOQUIA;SABANETA;SI;;;NO;2024-12-31;16150;12/31/2024 12:00:00 AM;DICIEMBRE;2024;COOPERATIVA DE SERVICIOS ESPECIALIZADOS DE ANTIOQUIA;COOPSEA;901-053-821-6;Multiactiva sin seccion de ahorro;ANTIOQUIA;SABANETA;CARRERA 43A  #71SUR 103;6046118;99;Otras actividades;RAMON ABELARDO PARRA ARISTIZABAL;coopsealtda@gmail.com;3
555;ANTIOQUIA;MEDELLIN;SI;;;NO;2024-06-30;11556;06/30/2024 12:00:00 AM;JUNIO;2024;COOPERATIVA DE SERVICIOS EXEQUIALES;COOSERCUN;811-031-127-1;Cooperativas de trabajo asociado;ANTIOQUIA;MEDELLÍN;CRA 65 #80 325 INT 02;2572482;14;Servicios funerarios;MAURICIO HENAO GALVIS;coosercun@gmail.com;3
556;ATLÁNTICO;BARRANQUILLA;SI;;;NO;2023-06-30;15340;06/30/2023 05:00:00 PM;JUNIO;2023;COOPERATIVA DE SERVICIOS INDUSTRIALES Y COMERCIALES DEL CARIBE;COOSERVICOCARIBE;900-655-647-0;Multiactiva sin seccion de ahorro;ATLÁNTICO;BARRANQUILLA;CALLE 39 41-131 OFIC 303;3706536;24;Servicios de credito;;cooservicocaribe@gmail.com;3
557;ANTIOQUIA;MEDELLIN;SI;;;NO;2024-06-30;4821;06/30/2024 12:00:00 AM;JUNIO;2024;COOPERATIVA DE SERVICIOS INTEGRALES DE COLOMBIA;COSEICO;811-027-836-1;Integral sin seccion de ahorro;ANTIOQUIA;MEDELLÍN;CALLE 33 66B 115;6044447;99;Otras actividades;DIANA PATRICIA TORRES SAN MARTIN;coseicoc@yahoo.com;3
558;CUNDINAMARCA;FACATATIVA;SI;;;NO;2021-12-31;10974;12/31/2021 05:00:00 PM;DICIEMBRE;2021;COOPERATIVA DE SERVICIOS INTEGRALES Y TRABAJO ASOCIADO;COOPSEIN CTA;832-006-423-8;Cooperativas de trabajo asociado;CUNDINAMARCA;FACATATIVÁ;CL 2 3 17 PISO 2;8430959;22;Salud;EDGAR MAURICIO CIFUENTES RAMIREZ;coopsein@yahoo.com;3
559;ATLÁNTICO;BARRANQUILLA;SI;;;NO;2021-12-31;15655;12/31/2021 05:00:00 PM;DICIEMBRE;2021;COOPERATIVA DE SERVICIOS Y CREDITOS SUMACOOP;SUMACOOP;901-377-116-2;Multiactiva sin seccion de ahorro;ATLÁNTICO;BARRANQUILLA;CALLE 77B N 59 61;3093387;24;Servicios de credito;;cooperativasumacoop@gmail.com;3
560;BOLÍVAR;CARTAGENA DE INDIAS;SI;;;NO;2019-12-31;12035;12/31/2019 05:00:00 PM;DICIEMBRE;2019;COOPERATIVA DE SUMINISTROS DE ALIMENTOS DE COLOMBIA;COOSUACOL;800-185-713-9;Cooperativas de trabajo asociado;BOLÍVAR;CARTAGENA DE INDIAS;CRA 33 N 12 15;8323333;99;Otras actividades;Saul Andres Diaz Correa;narvaezydiazconsultores@gmail.com;3
561;ATLÁNTICO;BARRANQUILLA;SI;;;NO;2017-12-31;13093;12/31/2017 05:00:00 PM;DICIEMBRE;2017;COOPERATIVA DE TECNICOS DEL COLOMBO ALEMAN COOPETECA CTA;COOPETECA CTA;800-124-015-5;Cooperativas de trabajo asociado;ATLÁNTICO;BARRANQUILLA;CALLE 43 46 33;3707719;13;Industria;EDIBALDO PE?A RAMOS;coopeteca@gmail.com;3
562;ANTIOQUIA;MEDELLIN;SI;;;NO;2018-06-30;5612;06/30/2018 05:00:00 PM;JUNIO;2018;COOPERATIVA DE TRABAJADORES ASOCIADOS DEL AGRO;COOTRASAGRO;811-026-681-0;Especializada sin seccion de ahorro;ANTIOQUIA;MEDELLÍN;CRA 26 NO 32-46;6114545;4;Agricola;JUAN JOSE ANGEL TOBON;cootrasagro@gmail.com;3
563;BOLÍVAR;CARTAGENA DE INDIAS;SI;;;NO;2024-12-31;3593;12/31/2024 12:00:00 AM;DICIEMBRE;2024;COOPERATIVA DE TRABAJADORES DE LA EDUCACI??N Y FAMILIARES;COOTRAEFA;890-480-971-4;Especializada sin seccion de ahorro;BOLÍVAR;CARTAGENA DE INDIAS;AV PEDRO DE HEREDIA EDIFICIO COLEGIO DEPARTAMENTAL;;99;Otras actividades;GUILLERMO MU?OZ MARTINEZ;cootraefa_ctg@yahoo.com;3
564;ATLÁNTICO;BARRANQUILLA;SI;;;NO;2019-12-31;1598;12/31/2019 05:00:00 PM;DICIEMBRE;2019;COOPERATIVA DE TRABAJADORES DE METROTEL;COOTRAMET;802-001-256-2;Multiactiva sin seccion de ahorro;ATLÁNTICO;BARRANQUILLA;CR 7 B  34  183;;24;Servicios de credito;ALICIA MARIA MEZA NAVARRO;everueda@hotmail.com.co;3
565;ANTIOQUIA;MEDELLIN;SI;;;NO;2019-06-30;15170;06/30/2019 05:00:00 PM;JUNIO;2019;COOPERATIVA DE TRABAJADORES DEL GRUPO MUNDIAL;I.A.C. COOPINTUCO;900-877-410-5;Otras organizaciones;ANTIOQUIA;MEDELLÍN;CALLE 19A NO. 43B 41;3225122;12;Consumo (comercio);ANGELA PATRICIA HERRERA PINEDA;contabilidad@orbiscoop.com;3
566;ATLÁNTICO;BARRANQUILLA;SI;;;NO;2019-06-30;5917;06/30/2019 05:00:00 PM;JUNIO;2019;COOPERATIVA DE TRABAJADORES Y PENSIONADOS DE C/BIA;COOTRAPENCOL;802-007-485-1;Multiactiva sin seccion de ahorro;ATLÁNTICO;BARRANQUILLA;CRA 51NO.90-06 A2;3134560;12;Consumo (comercio);GREGORIO DIAZ MONTES;cootrapencol@yahoo.com;3
567;ATLÁNTICO;BARRANQUILLA;SI;;;NO;2017-06-30;11248;06/30/2017 05:00:00 PM;JUNIO;2017;COOPERATIVA DE TRABAJO ASOCIADO BARMECOST EN LIQUIDACI??N;BARMECOST;900-124-065-6;Cooperativas de trabajo asociado;ATLÁNTICO;BARRANQUILLA;Carrera 53 Nro.64 72 Oficina 108 EDI ALQUIN;3601364;99;Otras actividades;JOSE LUIS ARCINIEGAS ANGARITA;barmecost@gmail.com;3
568;CUNDINAMARCA;PUERTO SALGAR;SI;;;NO;2025-06-30;2573;06/30/2025 05:00:00 PM;JUNIO;2025;COOPERATIVA DE TRABAJO ASOCIADO CAAYO ALEGRE LTDA;COCA??OALEGRE CTA;860-527-600-2;Cooperativas de trabajo asociado;CUNDINAMARCA;PUERTO SALGAR;CRA 5 N. 8-64;;99;Otras actividades;JOSE VIANOR CARDENAS LONDO?O;cooservivialcta@gmail.com;3
569;ANTIOQUIA;MEDELLIN;SI;;;NO;2021-12-31;5557;12/31/2021 05:00:00 PM;DICIEMBRE;2021;COOPERATIVA DE TRABAJO ASOCIADO CONTRATAMOS;CONTRATAMOS C.T.A;811-032-951-9;Cooperativas de trabajo asociado;ANTIOQUIA;MEDELLÍN;CALLE 32B 69-16;3511474;99;Otras actividades;LUIS JAVIER MONTOYA MARIN;g.financiera@universalservice.com.co;3
570;ANTIOQUIA;MEDELLIN;SI;;;NO;2023-12-31;9408;12/31/2023 05:00:00 PM;DICIEMBRE;2023;COOPERATIVA DE TRABAJO ASOCIADO COODESIVAL CTA;COODESIVAL CTA;811-030-443-1;Cooperativas de trabajo asociado;ANTIOQUIA;MEDELLÍN;CR 46 SUR N 46 C 100;3411728;99;Otras actividades;CARLOS MARIO BETANCUR VARGAS;franciscogomezf19@gmail.com;3
571;NORTE DE SANTANDER;LA ESPERANZA;SI;;;NO;2017-12-31;4460;12/31/2017 05:00:00 PM;DICIEMBRE;2017;COOPERATIVA DE TRABAJO ASOCIADO COOPNORTE;COOPNORTE;804-005-540-5;Cooperativas de trabajo asociado;NORTE DE SANTANDER;LA ESPERANZA;CORREGIMIENTO EL TROPEZON;;4;Agricola;FERNEL ANTONIO PEREZ AREVALO;cooptnorte@hotmail.com;3
572;CUNDINAMARCA;FACATATIVA;SI;;;NO;2020-12-31;12932;12/31/2020 05:00:00 PM;DICIEMBRE;2020;COOPERATIVA DE TRABAJO ASOCIADO COOPSEIN OUTSOURSING;COOPSEIN OUTSOURSING CTA;900-401-674-1;Cooperativas de trabajo asociado;CUNDINAMARCA;FACATATIVÁ;CLL 2 3 17 PISO 2;8430959;99;Otras actividades;EDGAR MAURICIO CIFUENTES RAMIREZ;coopseinoutsourcing@gmail.com;3
573;ANTIOQUIA;MEDELLIN;SI;;;NO;2017-12-31;4416;12/31/2017 05:00:00 PM;DICIEMBRE;2017;COOPERATIVA DE TRABAJO ASOCIADO CRECIMIENTO Y SERVICIO;COOPERATIVA CRESER;811-014-053-3;Cooperativas de trabajo asociado;ANTIOQUIA;MEDELLÍN;CARRERA 79 45 GG  76;;99;Otras actividades;EDELMIRO RUA MUNOZ;edelmiro.rua@creser.com.co;3
574;CUNDINAMARCA;SOPO;SI;;;NO;2022-06-30;15998;06/30/2022 05:00:00 PM;JUNIO;2022;COOPERATIVA DE TRABAJO ASOCIADO DE CADDIES Y SERVICIOS INTEGRALES;SERVYPARTNERS;901-586-097-7;Cooperativas de trabajo asociado;CUNDINAMARCA;SOPÓ;AUTO NORTE KM 30 VIA SOPO;;99;Otras actividades;;servypartners@gmail.com;3
575;ANTIOQUIA;COPACABANA;SI;;;NO;2018-12-31;15144;12/31/2018 05:00:00 PM;DICIEMBRE;2018;COOPERATIVA DE TRABAJO ASOCIADO DE CARGUE Y DESCARGUE DE MERCANCIAS;SERMACOOP;900-786-453-0;Cooperativas de trabajo asociado;ANTIOQUIA;COPACABANA;CL 50 49 46 IN 301;3225498;99;Otras actividades;LINA MARCELA RESTREPO;marcelarestrepo101@hotmail.com;3
576;ANTIOQUIA;MEDELLIN;SI;;;NO;2020-12-31;13363;12/31/2020 05:00:00 PM;DICIEMBRE;2020;COOPERATIVA DE TRABAJO ASOCIADO DE ESTIBADORES DE COLOMBIA;COESCO CTA;900-483-514-0;Cooperativas de trabajo asociado;ANTIOQUIA;MEDELLÍN;CR44 A 64 SUR 4;5201280;99;Otras actividades;CATALINA GUTIERREZ ARBOLEDA;gerencia@coesco.com.co;3
577;NORTE DE SANTANDER;SAN JOSE DE CUCUTA;SI;;;NO;2024-12-31;10777;12/31/2024 12:00:00 AM;DICIEMBRE;2024;COOPERATIVA DE TRABAJO ASOCIADO DE FACTURADORES EN SALUD;COFAENSA;900-054-771-7;Cooperativas de trabajo asociado;NORTE DE SANTANDER;SAN JOSÉ DE CÚCUTA;AVENIDA 11E NO 8-41 COLSAG;;99;Otras actividades;HENRY JUVENAL BASTO CAMACHO;cotrasco@hotmail.com;3
578;ANTIOQUIA;ITAGUI;SI;;;NO;2020-12-31;13214;12/31/2020 05:00:00 PM;DICIEMBRE;2020;COOPERATIVA DE TRABAJO ASOCIADO DE RESTAURANTES DE COLOMBIA;COOTRARESCOL CTA;900-439-368-5;Cooperativas de trabajo asociado;ANTIOQUIA;ITAGÜÍ;CALLE 76 52D 96;6049991;17;Hoteles, restaurantes, bares y similares;julieta murillo cortez;nomina@brosty.com;3
579;CUNDINAMARCA;MOSQUERA;SI;;;NO;2021-12-31;5215;12/31/2021 05:00:00 PM;DICIEMBRE;2021;COOPERATIVA DE TRABAJO ASOCIADO DE SERVIC.COMPL.PARA PLANTAS INDUSTRIALES;SERVICOOP;832-009-272-6;Cooperativas de trabajo asociado;CUNDINAMARCA;MOSQUERA;KM 18 VIA BOGOTA MOSQUERA LC 79 PARQUE AGROINDUST;;99;Otras actividades;YANETH SILVA CARDOZA;servicoopfunza@hotmail.com;3
580;ANTIOQUIA;CALDAS;SI;;;NO;2023-03-31;15653;03/31/2023 05:00:00 PM;MARZO;2023;COOPERATIVA DE TRABAJO ASOCIADO DE SERVICIO AUTOMOTOR;COOP SERVIMOTOR;901-255-253-1;Cooperativas de trabajo asociado;ANTIOQUIA;CALDAS;CR 45 143 SUR 273 KM 10 VARIANTE CALDAS;;99;Otras actividades;;gerencia@servimotor.co;3
581;CUNDINAMARCA;SIBATE;SI;;;NO;2018-12-31;3759;12/31/2018 05:00:00 PM;DICIEMBRE;2018;COOPERATIVA DE TRABAJO ASOCIADO DE SIBATE;COOPTAS;832-003-951-1;Cooperativas de trabajo asociado;CUNDINAMARCA;SIBATÉ;CL 10 6 57 PISO 3;5296931;6;Silvicultura;NANCY LILIANA MALDONADO GARCIA;cooptas@hotmail.com;3
582;ANTIOQUIA;MEDELLIN;SI;;;NO;2017-12-31;10780;12/31/2017 05:00:00 PM;DICIEMBRE;2017;COOPERATIVA DE TRABAJO ASOCIADO DEL AGRO;COOTRAGRO;900-009-927-8;Especializada sin seccion de ahorro;ANTIOQUIA;MEDELLÍN;Carrera 64Nro.32-25;3091010;99;Otras actividades;JUNA AMILO MORALES VIDES;mario30julio@gmail.com;3
583;NORTE DE SANTANDER;EL ZULIA;SI;;;NO;2024-12-31;3288;12/31/2024 12:00:00 AM;DICIEMBRE;2024;COOPERATIVA DE TRABAJO ASOCIADO ECOLOGICA AGROAMBIENTAL DE REFORESTACION Y RECICLAJE;COECOAMBIENTAR;807-001-154-8;Cooperativas de trabajo asociado;NORTE DE SANTANDER;EL ZULIA;CALLE 3N  # 6-38  B/PUEBLO  NUEVO;;16;Obras publicas;PEDRO PABLO RIVERA;cootraeco.p@hotmail.com;3
584;NORTE DE SANTANDER;SAN JOSE DE CUCUTA;SI;;;NO;2018-06-30;3325;06/30/2018 05:00:00 PM;JUNIO;2018;COOPERATIVA DE TRABAJO ASOCIADO ICO;COOICO;807-002-125-9;Multiactiva sin seccion de ahorro;NORTE DE SANTANDER;SAN JOSÉ DE CÚCUTA;CALLE 11 3 89 CENTRO;5753994;12;Consumo (comercio);RUBEN DARIO MONTA?EZ LARA;rubemon@hotmail.com;3
585;ANTIOQUIA;SANTA ROSA DE OSOS;SI;;;NO;2020-12-31;12620;12/31/2020 05:00:00 PM;DICIEMBRE;2020;COOPERATIVA DE TRABAJO ASOCIADO LA AMISTAD N1;C.T.A LA AMISTAD N1;900-381-825-8;Cooperativas de trabajo asociado;ANTIOQUIA;SANTA ROSA DE OSOS;MUNICIPIO DE SANTA ROSA DE OSOS;;99;Otras actividades;JOSE OSSA JIMENEZ;beatrizmonsalve76@hotmail.com;3
586;ATLÁNTICO;SABANALARGA;SI;;;NO;2017-12-31;13838;12/31/2017 05:00:00 PM;DICIEMBRE;2017;COOPERATIVA DE TRABAJO ASOCIADO LA CORDIALIDAD CTA;COOTRACORDIALIDAD CTA;800-031-110-7;Cooperativas de trabajo asociado;ATLÁNTICO;SABANALARGA;CRA 9 17- 23;3234795;19;Aseo mantenimiento y reciclaje;ALFREDO MU?OZ AVILA;cootracordialidad1@gmail.com;3
587;NORTE DE SANTANDER;TOLEDO;SI;;;NO;2024-12-31;7551;12/31/2024 12:00:00 AM;DICIEMBRE;2024;COOPERATIVA DE TRABAJO ASOCIADO LA MEZA;COOTRAMEZA;807-008-112-0;Cooperativas de trabajo asociado;NORTE DE SANTANDER;TOLEDO;KDX  121 VEREDA LA MEZA;;16;Obras publicas;ANGEL RUBIEL RINCON JAIMES;cooptrameza@hotmail.com;3
588;NORTE DE SANTANDER;SARDINATA;SI;;;NO;2024-12-31;3600;12/31/2024 12:00:00 AM;DICIEMBRE;2024;COOPERATIVA DE TRABAJO ASOCIADO LA UNION;COTRAUNION;800-087-516-4;Cooperativas de trabajo asociado;NORTE DE SANTANDER;SARDINATA;CR 0 # 2-23 URB/BOTELLO;5282521;16;Obras publicas;HERMINIO VILLAMIZAR LAZARO;cootraunion_cta@hotmail.com;3
589;BOLÍVAR;CARTAGENA DE INDIAS;SI;;;NO;2020-06-30;12088;06/30/2020 05:00:00 PM;JUNIO;2020;COOPERATIVA DE TRABAJO ASOCIADO LABORAL;COOTRALABORAL;900-123-454-3;Cooperativas de trabajo asociado;BOLÍVAR;CARTAGENA DE INDIAS;AV. PEDRO DE HEREDIA CAALLE 32 N 19 33  SEG PISO;;99;Otras actividades;ROSALBA SEVILLA AGUILAR;cootralaboral@yahoo.es;3
590;ATLÁNTICO;BARRANQUILLA;SI;;;NO;2021-06-30;11317;06/30/2021 05:00:00 PM;JUNIO;2021;COOPERATIVA DE TRABAJO ASOCIADO MUNDO SALUD CTA;MUNDO SALUD CTA;900-158-167-5;Cooperativas de trabajo asociado;ATLÁNTICO;BARRANQUILLA;CL 47 43-57 P2;3406159;22;Salud;VISITACION GENES CORREA;formadorescta@gmail.com;3
591;NORTE DE SANTANDER;LABATECA;SI;;;NO;2017-12-31;10248;12/31/2017 05:00:00 PM;DICIEMBRE;2017;COOPERATIVA DE TRABAJO ASOCIADO PARA EL DESARROLLO DEL NORTE DE SANTANDER;COOTRADESNOR;807-005-395-4;Cooperativas de trabajo asociado;NORTE DE SANTANDER;LABATECA;CARRERA 3  3-37;5922094;19;Aseo mantenimiento y reciclaje;CESAR ALFONSO DURAN MONOGA;yaesur21@hotmail.com;3
592;CUNDINAMARCA;SOACHA;SI;;;NO;2023-06-30;15719;06/30/2023 05:00:00 PM;JUNIO;2023;COOPERATIVA DE TRABAJO ASOCIADO PARA LA GESTION;PROACTIVOS OC CTA;900-441-747-1;Cooperativas de trabajo asociado;CUNDINAMARCA;SOACHA;CR 4 E 30 32;;99;Otras actividades;;nominaproactivoscta@gmail.com;3
593;CUNDINAMARCA;FUSAGASUGA;SI;;;NO;2018-06-30;9573;06/30/2018 05:00:00 PM;JUNIO;2018;COOPERATIVA DE TRABAJO ASOCIADO PARA LA PRESTACION DE SERVICIOS A ENTIDADES DEL SECTOR SALUD;COOMEDSALUD;808-003-421-2;Cooperativas de trabajo asociado;CUNDINAMARCA;FUSAGASUGÁ;TRV 12 #23-15;8678604;22;Salud;LUZ ANGELICA MONCADA MAYORGA;coomedsalud@yahoo.es;3
594;NORTE DE SANTANDER;SAN JOSE DE CUCUTA;SI;;;NO;2025-02-28;16407;02/28/2025 12:00:00 AM;FEBRERO;2025;COOPERATIVA DE TRABAJO ASOCIADO PROCESOS AUDITORIA Y CONTROL ESPECIALIZADOS;SOCICONTROL CTA;901-148-395-9;Cooperativas de trabajo asociado;NORTE DE SANTANDER;SAN JOSÉ DE CÚCUTA;CLL 6 9E 39 EDIFICIO LA POPA BRR COLSAG;;99;Otras actividades;;contabilidad.socicontrol@gmail.com;3
595;ANTIOQUIA;SANTO DOMINGO;SI;;;NO;2023-06-30;12602;06/30/2023 05:00:00 PM;JUNIO;2023;COOPERATIVA DE TRABAJO ASOCIADO SANTIAGO 1;CTA SANTIAGO;900-364-338-0;Cooperativas de trabajo asociado;ANTIOQUIA;SANTO DOMINGO;CORREGIMIENTO DE SANTIAGO;;99;Otras actividades;NICOLAS ALBERTO CARVAJAL CALDERON;beatrizmonsalve76@hotmail.com;3
596;CUNDINAMARCA;SOPO;SI;;;NO;2020-06-30;9534;06/30/2020 05:00:00 PM;JUNIO;2020;COOPERATIVA DE TRABAJO ASOCIADO SEMBRANDO FUTURO;SF;830-133-063-6;Cooperativas de trabajo asociado;CUNDINAMARCA;SOPÓ;CALLE 2 SUR # 4- 65;8789289;4;Agricola;EDUARDO GIL TORRES;tasembrandofuturo@hotmail.com;3
597;ATLÁNTICO;BARRANQUILLA;SI;;;NO;2021-06-30;11316;06/30/2021 05:00:00 PM;JUNIO;2021;COOPERATIVA DE TRABAJO ASOCIADO SERVICIO FORMATIVO DEL CARIBE CTA;FORMADORES CTA;900-158-166-8;Cooperativas de trabajo asociado;ATLÁNTICO;BARRANQUILLA;CL 47 43-57 P2;3406159;9;Educacion;ROVIRO MARRIAGA REBOLLEDO;formadorescta@gmail.com;3
598;CUNDINAMARCA;TABIO;SI;;;NO;2019-12-31;7412;12/31/2019 05:00:00 PM;DICIEMBRE;2019;COOPERATIVA DE TRABAJO ASOCIADO SERVICIOS DE ELECTRICIDAD RURAL COOPSER;COOPSER;832-004-377-8;Cooperativas de trabajo asociado;CUNDINAMARCA;TABIO;VEREDA JUAICA SECTOR MATADERO FINCA EL PARAISO KM;8648202;99;Otras actividades;ANDRES FELIPE HERRERA NIETO;liquidacioncoopser@gmail.com;3
599;ANTIOQUIA;CALDAS;SI;;;NO;2018-06-30;5385;06/30/2018 05:00:00 PM;JUNIO;2018;COOPERATIVA DE TRABAJO ASOCIADO VINCULOS ESTRATEGICOS;VINCULOS ESTRATEGICOS C.T.A.;830-104-170-2;Cooperativas de trabajo asociado;ANTIOQUIA;CALDAS;CR 79 B 55 16;4513946;99;Otras actividades;AMPARO ALVAREZ GLORIA;vincutoscta@gmail.com;3
600;NORTE DE SANTANDER;TOLEDO;SI;;;NO;2024-12-31;9529;12/31/2024 12:00:00 AM;DICIEMBRE;2024;COOPERATIVA DE TRABAJO ASOCIADO Y SERVICIOS MULTIPLES DE GIBRALTAR;COOTRASERMUGIB;807-008-392-6;Cooperativas de trabajo asociado;NORTE DE SANTANDER;TOLEDO;KDX 125 VEREDA GIBRALTAR;;16;Obras publicas;ANANIAS SANTOS CONTRERAS;cootrasermulgib_cta@hotmail.com;3
601;NORTE DE SANTANDER;SAN JOSE DE CUCUTA;SI;;;NO;2019-12-31;11667;12/31/2019 05:00:00 PM;DICIEMBRE;2019;COOPERATIVA DE TRABAJO ASOCIADO Y SERVICIOS T&S COOPERATIVA;T&S COOPERATIVA;807-006-296-8;Cooperativas de trabajo asociado;NORTE DE SANTANDER;SAN JOSÉ DE CÚCUTA;AV 4  10-46 OFC 505;;99;Otras actividades;GLADYS MERY CELY ALVAREZ;tyscooperativa1@hotmail.com;3
602;ANTIOQUIA;MEDELLIN;SI;;;NO;2025-06-30;10487;06/30/2025 05:00:00 PM;JUNIO;2025;COOPERATIVA DE TRABAJO ASOCIADO ZONAS VERDES DE ANTIOQUIA;COOTRAZOOVERDE;811-031-722-4;Cooperativas de trabajo asociado;ANTIOQUIA;MEDELLÍN;CL 47D 72 97;;99;Otras actividades;JUAN DIEGO SANCHEZ TAMAYO;constantino.contabilidad@gmial.com;3
603;NORTE DE SANTANDER;EL ZULIA;SI;;;NO;2024-12-31;3381;12/31/2024 12:00:00 AM;DICIEMBRE;2024;COOPERATIVA DE TRABAJO ASOCIADO ZUYEPAL LTDA;ZUYEPAL;800-016-891-8;Cooperativas de trabajo asociado;NORTE DE SANTANDER;EL ZULIA;AV 1 NO. 12 - 93 APTO 1 BRR EL TRIUNFO;;16;Obras publicas;ALEXANDER ROJAS SERRANO;cootrazuyepalcta@hotmail.com;3
604;ATLÁNTICO;BARRANQUILLA;SI;;;NO;2020-06-30;2925;06/30/2020 05:00:00 PM;JUNIO;2020;COOPERATIVA DE TRANSP.Y DISTRIBU.INDEPEND.DE LA COSTA NORTE LTDA.;COODIROMAN;800-056-988-4;Cooperativas de trabajo asociado;ATLÁNTICO;BARRANQUILLA;CRA 20 # 31 -14 PISO 2;3049731;24;Servicios de credito;MELVIN  DAVID FONTALVO VILORIA;coodiroman@yahoo.com;3
605;NORTE DE SANTANDER;SAN JOSE DE CUCUTA;SI;;;NO;2020-12-31;12185;12/31/2020 05:00:00 PM;DICIEMBRE;2020;COOPERATIVA DE TRANSPORTADORES DE LA FRONTERA NORORIENTAL LTDA.;COOTRANSFRONORTE LTDA.;807-001-647-7;Especializada sin seccion de ahorro;NORTE DE SANTANDER;SAN JOSÉ DE CÚCUTA;MZ G3 LOTE 2 BRR LA CONCORDIA;5951890;10;Vivienda;JOSE HERNANDEZ CAMACHO;cootransfronorte@hotmail.com;3
606;NORTE DE SANTANDER;TOLEDO;SI;;;NO;2023-12-31;16187;12/31/2023 05:00:00 PM;DICIEMBRE;2023;COOPERATIVA DE TURISMO RURAL BRISAS DE LAS CASCADAS;COOTUBRICA;901-693-154-7;Especializada sin seccion de ahorro;NORTE DE SANTANDER;TOLEDO;VEREDA CUBOGON;;18;Turismo;;cascadacubogon@gmail.com;3
607;BOLÍVAR;CARTAGENA DE INDIAS;SI;;;NO;2022-12-31;16075;12/31/2022 05:00:00 PM;DICIEMBRE;2022;COOPERATIVA DE VETERANOS Y ACTIVOS DEL CARIBE;COOVACAR;901-494-130-7;Cooperativas de trabajo asociado;BOLÍVAR;CARTAGENA DE INDIAS;EL CARMELO MZ J LT 9;6901712;99;Otras actividades;LUIS ENRIQUE ROMERO RODRIGUEZ;cooperativaveteranos.delcaribe@gmail.com;3
608;CUNDINAMARCA;VIOTA;SI;;;NO;2019-12-31;12681;12/31/2019 05:00:00 PM;DICIEMBRE;2019;COOPERATIVA DE VIVIENDA DE INTERES SOCIAL BRISAS DEL TEQUENDAMA;BRISAS DEL TEQUENDAMA;900-116-508-3;Especializada sin seccion de ahorro;CUNDINAMARCA;VIOTÁ;CALLE  NO. 9  21;3101082;11;Transporte;GUSTAVO ROJAS FONTECHA;gustilomejor@hotmail.com;3
609;CUNDINAMARCA;LA CALERA;SI;;;NO;2023-06-30;16383;06/30/2023 05:00:00 PM;JUNIO;2023;COOPERATIVA DE VIVIENDA LA CALERA;COOVICAL;860-515-061-0;Aportes y credito;CUNDINAMARCA;LA CALERA;CL 11 A 3 08;;11;Transporte;;coovicalcooperativa@gmail.com;3
610;NORTE DE SANTANDER;OCANA;SI;;;NO;2019-06-30;4831;06/30/2019 05:00:00 PM;JUNIO;2019;COOPERATIVA DE VOLQUETEROS DE OCA??A;COOVOLQUET;807-002-214-6;Multiactiva sin seccion de ahorro;NORTE DE SANTANDER;OCAÑA;A.V CIRCUNVALAR CR.11#19-332LC201TERMINAL DE TRANS;5691921;8;Mineria;LUIS EMIRO ALVAREZ SANCHEZ;coovolquet2011@hotmail.com;3
611;ATLÁNTICO;BARRANQUILLA;SI;;;NO;2022-12-31;7670;12/31/2022 05:00:00 PM;DICIEMBRE;2022;COOPERATIVA DECOMERCIALIZADORES DE BANANOS Y VARIOS DEL ATLANTCO LTDA;COOBATLAN;802-019-556-6;Especializada sin seccion de ahorro;ATLÁNTICO;BARRANQUILLA;CL 9 41N 80;3445754;12;Consumo (comercio);PATROCINIO ROMERO ZU??IGA;coobatlanltda@hotmail.com;3
612;NORTE DE SANTANDER;TOLEDO;SI;;;NO;2023-06-30;16190;06/30/2023 05:00:00 PM;JUNIO;2023;COOPERATIVA DEL AGRO PORCICOLA BONGOTA;COOAGROPOB;901-693-153-1;Especializada sin seccion de ahorro;NORTE DE SANTANDER;TOLEDO;VEREDA BONGOTA;;5;Pecuaria;;cooagropob@gmail.com;3
613;BOLÍVAR;CARTAGENA DE INDIAS;SI;;;NO;2018-12-31;13025;12/31/2018 05:00:00 PM;DICIEMBRE;2018;COOPERATIVA DEL CARIBE CARIBECOOP;CARIBECOOP;900-138-359-7;Especializada sin seccion de ahorro;BOLÍVAR;CARTAGENA DE INDIAS;CENTRO COMERCIAL CENTRO UNO OF. 414;6700321;24;Servicios de credito;ALBERTO ENRIQUE TRIANA CASTRO;caribecoop@hotmail.com;3
614;CUNDINAMARCA;CHIA;SI;;;NO;2018-06-30;952;06/30/2018 05:00:00 PM;JUNIO;2018;COOPERATIVA DEL PERSONAL DOCENTE ADTVO Y DE S S COL JJC;COOPACOL LTDA;860-501-266-2;Multiactiva sin seccion de ahorro;CUNDINAMARCA;CHÍA;CALLE9 N 8-16;8635455;99;Otras actividades;ANDRES LEONARDO GUZMAN PEYUELA;coopacol_ltda@hotmail.com;3
615;CUNDINAMARCA;TENA;SI;;;NO;2024-06-30;16223;06/30/2024 12:00:00 AM;JUNIO;2024;COOPERATIVA ECOTURISTICA MULTIACTIVA MANANTIAL DEL TEQUENDAMA;COOTUMAN;901-553-987-5;Multiactiva sin seccion de ahorro;CUNDINAMARCA;TENA;VDA ESCALANTE FCA SANTA LUCIA;;18;Turismo;ANGIE BRUCE ORTIZ;ecoturismocootuman@gmail.com;3
616;ATLÁNTICO;BARRANQUILLA;SI;;;NO;2024-12-31;7659;12/31/2024 12:00:00 AM;DICIEMBRE;2024;COOPERATIVA EL AGUILA LTDA;COOPEAGUILA LTDA;802-020-502-0;Multiactiva sin seccion de ahorro;ATLÁNTICO;BARRANQUILLA;CARRERA 32 43 55;3465684;99;Otras actividades;SANDIER CANO ACEVEDO;coopeaguilaltda@hotmail.com;3
617;NORTE DE SANTANDER;SAN JOSE DE CUCUTA;SI;;;NO;2023-06-30;16336;06/30/2023 05:00:00 PM;JUNIO;2023;COOPERATIVA ERA (EMPRENDEDORES RURALES DE AGUACLARA);COERA;901-701-346-1;Especializada sin seccion de ahorro;NORTE DE SANTANDER;SAN JOSÉ DE CÚCUTA;KDX 275 20 URB PRADOS C AGUA CLARA;;12;Consumo (comercio);;yjaimes.ipk42664@gmail.com;3
618;ATLÁNTICO;BARRANQUILLA;SI;;;NO;2023-12-31;10513;12/31/2023 05:00:00 PM;DICIEMBRE;2023;COOPERATIVA ESPECIALIZADA DE APORTES Y CREDITO DE TRABAJADORES HOTELEROS DE LA COSTA;COOTRAHOTELCO;900-084-254-9;Especializada sin seccion de ahorro;ATLÁNTICO;BARRANQUILLA;CALLE 98 52B 10;3677723;99;Otras actividades;MARLIT BARRAZA CASTRO;cooperativa-cootrahotelco@hotmail.com;3
619;ANTIOQUIA;TURBO;SI;;;NO;2023-12-31;16066;12/31/2023 05:00:00 PM;DICIEMBRE;2023;COOPERATIVA INTEGRAL DE ABASTECIMIENTO AGROALIMENATRIO DE URABA;DIA URABA;901-592-399-0;Integral sin seccion de ahorro;ANTIOQUIA;TURBO;CRR EL TRES CARRERA 30 CON CALLE 30 - 35 MANZANA 3;;4;Agricola;;diauraba22@gmail.com;3
620;ATLÁNTICO;BARRANQUILLA;SI;;;NO;2017-12-31;10403;12/31/2017 05:00:00 PM;DICIEMBRE;2017;COOPERATIVA INTEGRAL DE AYUDA MUTUA;COOPINAM;900-072-947-2;Multiactiva sin seccion de ahorro;ATLÁNTICO;BARRANQUILLA;Calle 34 42 28 Oficina B11 P 2;3707048;12;Consumo (comercio);MIGUEL OSPINO FONSECA;coopinam@hotmail.com;3
621;ATLÁNTICO;BARRANQUILLA;SI;;;NO;2022-06-30;11509;06/30/2022 05:00:00 PM;JUNIO;2022;COOPERATIVA INTEGRAL DE CONSULTORIA COOPERATIVA DE TRABAJO ASOCIADO COINTEGRAL CONSULTING C.T.A.;COINTEGRAL CONSULTING C.T.A.;900-125-376-6;Multiactiva sin seccion de ahorro;ATLÁNTICO;BARRANQUILLA;CL 3 42 174;3854043;99;Otras actividades;LUIS FERNANDO ACOSTA OSIO;info@cointegralconsulting.co;3
622;ANTIOQUIA;JARDIN;SI;;;NO;2017-12-31;1763;12/31/2017 05:00:00 PM;DICIEMBRE;2017;COOPERATIVA INTEGRAL DE JARDIN LTDA;COOPINJAR;890-933-320-5;Multiactiva sin seccion de ahorro;ANTIOQUIA;JARDÍN;CRA 7 9-37;8455814;12;Consumo (comercio);EMPERATRIZ GALLEGO VELEZ;coopijar@hotmail.com;3
623;BOLÍVAR;CARTAGENA DE INDIAS;SI;;;NO;2024-12-31;3661;12/31/2024 12:00:00 AM;DICIEMBRE;2024;COOPERATIVA INTEGRAL DE LOS PENSIONADOS PETROLEROS DE LA COSTA  ATLANTICA LTD;COOPECOSTA LTDA;890-480-763-9;Integral sin seccion de ahorro;BOLÍVAR;CARTAGENA DE INDIAS;CENTRO AV VENEZUELA EDIF SAN JOSE -202;6056543;24;Servicios de credito;FERNANDO PERNETT TIRADO;ccoopecosta@gmail.com;3
624;NORTE DE SANTANDER;CHITAGA;SI;;;NO;2020-06-30;3184;06/30/2020 05:00:00 PM;JUNIO;2020;COOPERATIVA INTEGRAL DE PROFESORES DE CHITAGA LTDA;COOINPROF LTDA;890-505-418-2;Integral sin seccion de ahorro;NORTE DE SANTANDER;CHITAGÁ;CRA 6 ESQUINA CASA CURAL;;24;Servicios de credito;NYDIA YAMILE RODRIGUEZ LIZCANO;cooinprof@hotmail.com;3
625;BOLÍVAR;CARTAGENA DE INDIAS;SI;;;NO;2017-12-31;8516;12/31/2017 05:00:00 PM;DICIEMBRE;2017;COOPERATIVA INTEGRAL DE SERVICIOS;COOINSER;806-013-053-0;Integral sin seccion de ahorro;BOLÍVAR;CARTAGENA DE INDIAS;CCIAL UNO LOCAL 409;3116967;99;Otras actividades;MONICA MERCEDES LOZANO TORRES;coopcooinser@hotmail.com;3
626;CUNDINAMARCA;SOACHA;SI;;;NO;2017-06-30;7642;06/30/2017 05:00:00 PM;JUNIO;2017;COOPERATIVA INTEGRAL DE USUARIOS DE VIVIENDA Y SERVICIOS A LA COMUNIDAD;COOPHABITAD LTDA.;832-000-820-1;Integral sin seccion de ahorro;CUNDINAMARCA;SOACHA;Carrera 3 25F 11 Apartamento 302;3163511;11;Transporte;AURA MERCEDES RODRIGUEZ PACHON;rauramercedes@gmail.com;3
627;CUNDINAMARCA;CHIA;SI;;;NO;2023-12-31;4866;12/31/2023 05:00:00 PM;DICIEMBRE;2023;COOPERATIVA INTEGRAL DE VIVIENDA PUENTE COMUN EN LIQUIDACIONA;COOPERATIVA INTEGRAL DE VIVIENDA PUENTE EL COMUN;832-003-739-6;Integral sin seccion de ahorro;CUNDINAMARCA;CHÍA;CALLE 22  11-49/69 CC VALBANERA T 5;;11;Transporte;GLORIA ESPERANZA CRUZ AGUILERA;coovivienda@yahoo.com;3
628;ANTIOQUIA;MEDELLIN;SI;;;NO;2020-06-30;11374;06/30/2020 05:00:00 PM;JUNIO;2020;COOPERATIVA INTEGRAL PARA EL ASOCIADO Y SU FAMILIA;COOPFAMINCO;900-162-584-9;Multiactiva sin seccion de ahorro;ANTIOQUIA;MEDELLÍN;CALLE  127  7 51;7465590;99;Otras actividades;JAIME ALBERTO NIETO;contador@asercoopi.com;3
629;ANTIOQUIA;MEDELLIN;SI;;;NO;2024-06-30;16507;06/30/2024 12:00:00 AM;JUNIO;2024;COOPERATIVA INTEGRAL SIEMBRA;COOINSIEM;901-772-718-1;Multiactiva sin seccion de ahorro;ANTIOQUIA;MEDELLÍN;CRA 80 CC 20D 138;8007619;99;Otras actividades;LUZ NAYIVE GIRALDO;lizarango4325@gmail.com;3
630;ANTIOQUIA;AMALFI;SI;;;NO;2020-06-30;4947;06/30/2020 05:00:00 PM;JUNIO;2020;COOPERATIVA LECHERA DE AMALFI;COOLAMALFI;800-250-277-7;Especializada sin seccion de ahorro;ANTIOQUIA;AMALFI;CL BOLIVAR;8301680;12;Consumo (comercio);JUAN BAUTISTA ARENAS CARVAJAL;coolamalfi@hotmail.com;3
631;ANTIOQUIA;MEDELLIN;SI;;;NO;2021-12-31;15756;12/31/2021 05:00:00 PM;DICIEMBRE;2021;COOPERATIVA LIBERTREE;COOLIBER;901-438-747-2;Especializada sin seccion de ahorro;ANTIOQUIA;MEDELLÍN;CARRERA 32 13 49 OF 406;3042083;4;Agricola;;gerencia@libertree.com.co;3
632;NORTE DE SANTANDER;TOLEDO;SI;;;NO;2023-12-31;16198;12/31/2023 05:00:00 PM;DICIEMBRE;2023;COOPERATIVA METALURGICA LA COLMENA;COOMETCOL;901-693-129-2;Especializada sin seccion de ahorro;NORTE DE SANTANDER;TOLEDO;VEREDA CUBUGON;;99;Otras actividades;;cootmetcol@gmail.com;3
633;NORTE DE SANTANDER;SAN JOSE DE CUCUTA;SI;;;NO;2024-08-31;3302;08/31/2024 12:00:00 AM;AGOSTO;2024;COOPERATIVA MINERA COLCARBEX;COLCARBEX;807-002-164-6;Multiactiva sin seccion de ahorro;NORTE DE SANTANDER;SAN JOSÉ DE CÚCUTA;CLL 18 # 0E-18 BRR CAOBOS;;12;Consumo (comercio);JAIME RODRIGUEZ OVIEDO;colcabexmeapoya@gmail.com;3
634;NORTE DE SANTANDER;EL CARMEN;SI;;;NO;2022-06-30;15627;06/30/2022 05:00:00 PM;JUNIO;2022;COOPERATIVA MULTI ACTIVA DE LA VERADA CULEBRITAS;COOCULEBRITAS;901-235-307-3;Multiactiva sin seccion de ahorro;NORTE DE SANTANDER;EL CARMEN;KDX 601 290;;99;Otras actividades;;cooculebritas@gmail.com;3
635;NORTE DE SANTANDER;EL CARMEN;SI;;;NO;2022-06-30;15634;06/30/2022 05:00:00 PM;JUNIO;2022;COOPERATIVA MULTI ACTIVA VEREDA VILLA NUEVA;COOPMULVILLANUEVA;901-235-017-2;Especializada sin seccion de ahorro;NORTE DE SANTANDER;EL CARMEN;CARRERA 8 8 67;;99;Otras actividades;;coopmulvillanueva@gmail.com;3
636;ATLÁNTICO;BARRANQUILLA;SI;;;NO;2024-12-31;15919;12/31/2024 12:00:00 AM;DICIEMBRE;2024;COOPERATIVA MULTIACATIVA DE TRABAJADORES Y SOLUCIONES INMEDIATAS;COOMULTRASOLI;901-506-019-0;Multiactiva sin seccion de ahorro;ATLÁNTICO;BARRANQUILLA;CALLE 40  N 43 125 PI 2 OF 21B IN;;12;Consumo (comercio);ROSA MARIA DE LA HOZ BARBOSA;coomultrasoli@gmail.com;3
637;ATLÁNTICO;BARRANQUILLA;SI;;;NO;2024-12-31;15868;12/31/2024 12:00:00 AM;DICIEMBRE;2024;COOPERATIVA MULTIACITVA DE OPERACIONES SOLIDARIAS;COOPSOL;901-469-058-9;Multiactiva sin seccion de ahorro;ATLÁNTICO;BARRANQUILLA;CL 38 41 39 OF 401 ED CALDAS;;99;Otras actividades;ANGIE CHARLOTH YEPES SANDOVAL;coopsol2021@outlook.com;3
638;ANTIOQUIA;ITAGUI;SI;;;NO;2021-12-31;15442;12/31/2021 05:00:00 PM;DICIEMBRE;2021;COOPERATIVA MULTIACTIACTIVA DE LAS MALVINAS COOMALVINAS;COOMALVINAS;901-214-013-3;Multiactiva sin seccion de ahorro;ANTIOQUIA;ITAGÜÍ;CL 85 # 48-01 BL 31 OF 219;;99;Otras actividades;;coomalvinas@gmail.com;3
639;BOLÍVAR;CARTAGENA DE INDIAS;SI;;;NO;2024-12-31;16311;12/31/2024 12:00:00 AM;DICIEMBRE;2024;COOPERATIVA MULTIACTIVA AGRO Y SERVICIOS DE COLOMBIA;COOAGROSERCOL;901-231-098-0;Multiactiva sin seccion de ahorro;BOLÍVAR;CARTAGENA DE INDIAS;BRR EL MILAGRO TV 58 15-112;;4;Agricola;LUIS FERNANDO APOLINARIO VILLADIEGO;cooagrosercol@gmail.com;3
640;NORTE DE SANTANDER;CONVENCION;SI;;;NO;2021-12-31;15785;12/31/2021 05:00:00 PM;DICIEMBRE;2021;COOPERATIVA MULTIACTIVA AGROPECUARIA CARRIZAL;COOMULZAL;901-253-734-1;Multiactiva sin seccion de ahorro;NORTE DE SANTANDER;CONVENCIÓN;CL 3 14 54;;99;Otras actividades;;coomulzal@gmail.com;3
641;ANTIOQUIA;GUARNE;SI;;;NO;2017-12-31;6601;12/31/2017 05:00:00 PM;DICIEMBRE;2017;COOPERATIVA MULTIACTIVA AGROPECUARIA DE ANTIOQUIA;COAGROANTIOQUIA;890-904-867-8;Multiactiva sin seccion de ahorro;ANTIOQUIA;GUARNE;Calle 49 Nro.48A 18;5510503;12;Consumo (comercio);JOSE EUSEBIO GARCIA RENDON;ccoagroantioquia@yahoo.es;3
642;BOLÍVAR;EL CARMEN DE BOLIVAR;SI;;;NO;2023-12-31;16099;12/31/2023 05:00:00 PM;DICIEMBRE;2023;COOPERATIVA MULTIACTIVA AGROPECUARIA DE EL CARMEN DE BOLIVAR;COOMUCAR;901-232-113-8;Multiactiva sin seccion de ahorro;BOLÍVAR;EL CARMEN DE BOLÍVAR;CR 33 40 68 BRR PUEBLO NUEVO;;5;Pecuaria;;coomucar1918@gmail.com;3
643;CUNDINAMARCA;GUAYABETAL;SI;;;NO;2022-06-30;16276;06/30/2022 05:00:00 PM;JUNIO;2022;COOPERATIVA MULTIACTIVA AGROPECUARIA DE GUAYABETAL;COOMAGU;900-952-079-0;Multiactiva sin seccion de ahorro;CUNDINAMARCA;GUAYABETAL;CALLE 3 NO 3 13;;4;Agricola;;coomagu@gmail.com;3
644;ANTIOQUIA;LA UNION;SI;;;NO;2017-12-31;13529;12/31/2017 05:00:00 PM;DICIEMBRE;2017;COOPERATIVA MULTIACTIVA AGROPECUARIA DE LA UNION;COAGROUNION;900-148-316-3;Cooperativas de trabajo asociado;ANTIOQUIA;LA UNIÓN;CLLE 9 6 57;5560920;4;Agricola;JOSE URIEL BOTERO VERA;coagrounion@hotmail.com;3
645;CUNDINAMARCA;VENECIA;SI;;;NO;2024-06-30;16247;06/30/2024 12:00:00 AM;JUNIO;2024;COOPERATIVA MULTIACTIVA AGROPECUARIA DE SUMAPAZ BUEN VIVIR;COOSUMAPAZ;901-348-341-1;Multiactiva sin seccion de ahorro;CUNDINAMARCA;VENECIA;CLUB GALLISTICO EL TIGRE;;4;Agricola;CAMPO ELIAS CELEITA MORA;coosumapaz@gmail.com;3
646;ATLÁNTICO;BARRANQUILLA;SI;;;NO;2024-12-31;12268;12/31/2024 12:00:00 AM;DICIEMBRE;2024;COOPERATIVA MULTIACTIVA AGROPECUARIA Y DE INVERSIONES;COOMULTINAGRO;900-308-745-7;Especializada sin seccion de ahorro;ATLÁNTICO;BARRANQUILLA;CRA 41 # 76 - 98;;21;Seguros;JOSE DAVID MONTOYA ACOSTA;coomultinagro@hotmail.com;3
647;BOLÍVAR;CARTAGENA DE INDIAS;SI;;;NO;2024-12-31;16151;12/31/2024 12:00:00 AM;DICIEMBRE;2024;COOPERATIVA MULTIACTIVA AGROSERVICIOS;COOMASER;901-225-526-7;Multiactiva sin seccion de ahorro;BOLÍVAR;CARTAGENA DE INDIAS;CR 30 CL 53 MZ D LT 47 BRR LA MARIA;;7;Pesca;ARGEMIRO SOLANA ESPINOSA;coopagroservicioscoomaser@gmail.com;3
648;ATLÁNTICO;BARRANQUILLA;SI;;;NO;2021-12-31;15844;12/31/2021 05:00:00 PM;DICIEMBRE;2021;COOPERATIVA MULTIACTIVA ALIANZA ESTRATEGICA;COOPALIADAS;900-837-418-2;Multiactiva sin seccion de ahorro;ATLÁNTICO;BARRANQUILLA;CR 40C 91-42;;24;Servicios de credito;;coop.alianzas@gmail.com;3
649;CUNDINAMARCA;ZIPAQUIRA;SI;;;NO;2024-12-31;16577;12/31/2024 12:00:00 AM;DICIEMBRE;2024;COOPERATIVA MULTIACTIVA ANDOCOOPERANDO;;901-785-317-6;Aportes y credito;CUNDINAMARCA;ZIPAQUIRÁ;TV 7 NO 22 50;8548002;24;Servicios de credito;;andocooperando@gmail.com;3
650;ATLÁNTICO;BARRANQUILLA;SI;;;NO;2024-06-30;16124;06/30/2024 12:00:00 AM;JUNIO;2024;COOPERATIVA MULTIACTIVA AQUARELA;COOMULAQUARELA;901-642-161-0;Multiactiva sin seccion de ahorro;ATLÁNTICO;BARRANQUILLA;CARRERA 43 NA? 93 - 17;3529264;99;Otras actividades;SINDY MENA DIAZ;aquarelacooperativabq@gmail.com;3
651;ATLÁNTICO;BARRANQUILLA;SI;;;NO;2024-12-31;12911;12/31/2024 12:00:00 AM;DICIEMBRE;2024;COOPERATIVA MULTIACTIVA ASOCIADOS DEL CARIBE;COOMERCAR;900-376-785-1;Multiactiva sin seccion de ahorro;ATLÁNTICO;BARRANQUILLA;CL 40 44 39;3452111;99;Otras actividades;MARIO JOSE MACHADO NIETO;coomercar@hotmail.com;3
652;ANTIOQUIA;MEDELLIN;SI;;;NO;2025-06-30;16104;06/30/2025 05:00:00 PM;JUNIO;2025;COOPERATIVA MULTIACTIVA ASOCIEMOS;ASOCIEMOS;901-648-375-7;Aportes y credito;ANTIOQUIA;MEDELLÍN;CL 82 43 28;;99;Otras actividades;Gabriel Antonio Gaviria Cano;asociemoscoop@gmail.com;3
653;NORTE DE SANTANDER;SAN JOSE DE CUCUTA;SI;;;NO;2023-06-30;16337;06/30/2023 05:00:00 PM;JUNIO;2023;COOPERATIVA MULTIACTIVA BRISAS DEL ORIENTE CUCUTA;COOMULBRIORCU;901-701-388-9;Especializada sin seccion de ahorro;NORTE DE SANTANDER;SAN JOSÉ DE CÚCUTA;KDX-2 VDA BRISAS DEL ORIENTE CGTO BUENA;;5;Pecuaria;;yinethbuitrago.367@gmail.com;3
654;BOLÍVAR;CARTAGENA DE INDIAS;SI;;;NO;2021-06-30;15855;06/30/2021 05:00:00 PM;JUNIO;2021;COOPERATIVA MULTIACTIVA CARTAGENA;COOMULC;901-248-132-8;Multiactiva sin seccion de ahorro;BOLÍVAR;CARTAGENA DE INDIAS;EDF COLSEGURO OF 307 CL COCHERA DEL GOBERNADOR;;99;Otras actividades;;anfitrion.mineria@gmail.com;3
655;NORTE DE SANTANDER;TIBU;SI;;;NO;2023-12-31;15682;12/31/2023 05:00:00 PM;DICIEMBRE;2023;COOPERATIVA MULTIACTIVA CERRO MADERA;COOMULCEMA;901-234-823-8;Multiactiva sin seccion de ahorro;NORTE DE SANTANDER;TIBÚ;ESC. RURAL CAMPO HERMOSO KM 15 VDA CERRO MADERA;;99;Otras actividades;;rubianzamora123@gmail.com;3
656;NORTE DE SANTANDER;EL CARMEN;SI;;;NO;2022-06-30;15626;06/30/2022 05:00:00 PM;JUNIO;2022;COOPERATIVA MULTIACTIVA COMUNITARIA DE BELLA LUZ;COOMULCOBEL;901-235-382-6;Multiactiva sin seccion de ahorro;NORTE DE SANTANDER;EL CARMEN;VDA BELLA LUZ;;99;Otras actividades;;coomulcobel@gmail.com;3
657;ANTIOQUIA;MEDELLIN;SI;;;NO;2018-12-31;15262;12/31/2018 05:00:00 PM;DICIEMBRE;2018;COOPERATIVA MULTIACTIVA CON EL SER;COOPERASER;900-945-809-1;Multiactiva sin seccion de ahorro;ANTIOQUIA;MEDELLÍN;CALLE 50 A 86 450 APTO 1108 BRR CALAZANS;5787956;99;Otras actividades;JORGE IVAN ZAPATA BETANCUR;andreazuleta214@gmail.com;3
658;ATLÁNTICO;BARRANQUILLA;SI;;;NO;2020-12-31;12794;12/31/2020 05:00:00 PM;DICIEMBRE;2020;COOPERATIVA MULTIACTIVA CON SECCION DE APORTE Y CREDITO;BUEN FUTURO;900-377-443-2;Multiactiva sin seccion de ahorro;ATLÁNTICO;BARRANQUILLA;CALLE 41 43-65;3799246;24;Servicios de credito;EDUARDO LUIS CUERVO HERNANDEZ;gerencia@coobuenfuturo.co;3
659;NORTE DE SANTANDER;SAN JOSE DE CUCUTA;SI;;;NO;2020-06-30;3639;06/30/2020 05:00:00 PM;JUNIO;2020;COOPERATIVA MULTIACTIVA COOEDUCAR;COOEDUCAR;807-002-272-3;Multiactiva sin seccion de ahorro;NORTE DE SANTANDER;SAN JOSÉ DE CÚCUTA;AV 4 # 13-75 LOCAL 9 BARRIO LA PLAY;;9;Educacion;WILLIAM RICARDO JAIMES OROZCO;cooeducar08@hotmail.com;3
660;ATLÁNTICO;BARRANQUILLA;SI;;;SI;2025-12-31;20059;12/31/2025 05:00:00 PM;DICIEMBRE;2025;COOPERATIVA MULTIACTIVA COOFINANCREDIT;;901-945-817-4;Multiactiva sin seccion de ahorro;ATLÁNTICO;BARRANQUILLA;CALLE 70 # 45 - 53 P 3 OF 1B;;12;Consumo (comercio);;financredicoop7@gmail.com;3
661;ATLÁNTICO;BARRANQUILLA;SI;;;NO;2020-12-31;15287;12/31/2020 05:00:00 PM;DICIEMBRE;2020;COOPERATIVA MULTIACTIVA COOINVERSION;COOINVERSION;900-951-409-3;Multiactiva sin seccion de ahorro;ATLÁNTICO;BARRANQUILLA;CALLE 42 #41-118 OFI 3B;3705866;24;Servicios de credito;;cooinversion@gmail.com;3
662;ATLÁNTICO;BARRANQUILLA;SI;;;NO;2022-06-30;15345;06/30/2022 05:00:00 PM;JUNIO;2022;COOPERATIVA MULTIACTIVA COOPCEKAN;COOPCEKAN;901-061-782-0;Multiactiva sin seccion de ahorro;ATLÁNTICO;BARRANQUILLA;CALLE 38 41 30 LOCAL 2;3707935;24;Servicios de credito;CESAR REBOLLEDO SARMIENTO;coocekan1314@gmail.com;3
663;ATLÁNTICO;BARRANQUILLA;SI;;;NO;2021-06-30;15197;06/30/2021 05:00:00 PM;JUNIO;2021;COOPERATIVA MULTIACTIVA COOPMERTEX;COOPMERTEX;900-913-466-1;Multiactiva sin seccion de ahorro;ATLÁNTICO;BARRANQUILLA;CALLE 80 NO 42 D 191 APTO 901;;24;Servicios de credito;FREDDY DIAZ MAURY;coopmertex1@hotmail.com;3
664;ANTIOQUIA;MEDELLIN;SI;;;NO;2024-12-31;16496;12/31/2024 12:00:00 AM;DICIEMBRE;2024;COOPERATIVA MULTIACTIVA COOPNOBLE;COOPNOLBE;901-722-850-0;Aportes y credito;ANTIOQUIA;MEDELLÍN;CL 29 45 31;;99;Otras actividades;OSCAR MANUEL RODRIGUEZ;contabilidad@finocompany.com;3
665;CUNDINAMARCA;CHIA;SI;;;NO;2023-06-30;11069;06/30/2023 05:00:00 PM;JUNIO;2023;COOPERATIVA MULTIACTIVA COOPROGRESAR LTDA;COOPROGRESAR;900-013-440-9;Multiactiva sin seccion de ahorro;CUNDINAMARCA;CHÍA;CALLE 11 NO. 11-49;3000122;99;Otras actividades;YEZID GACHANCIPA HOYOS;cooprogresarcartera@yahoo.com;3
666;BOLÍVAR;CARTAGENA DE INDIAS;SI;;;NO;2024-12-31;10375;12/31/2024 12:00:00 AM;DICIEMBRE;2024;COOPERATIVA MULTIACTIVA COOPROMED;COOPROMED;806-015-341-6;Multiactiva sin seccion de ahorro;BOLÍVAR;CARTAGENA DE INDIAS;BRR AMBERES CL 30 38 06 OF 202;;24;Servicios de credito;NELSON TABORDA FERRER NELSON TABORDA FER NELSON TABORDA;luje_23@yahoo.es;3
667;ATLÁNTICO;BARRANQUILLA;SI;;;NO;2024-06-30;12937;06/30/2024 12:00:00 AM;JUNIO;2024;COOPERATIVA MULTIACTIVA COOSURGIR LTDA;COOSURGIR LTDA;830-137-956-6;Multiactiva sin seccion de ahorro;ATLÁNTICO;BARRANQUILLA;CL 90 40 A 58 PI 1;3737975;99;Otras actividades;JAMIDES ELJAIK POLO;coosurgirje@hotmail.com;3
668;BOLÍVAR;CARTAGENA DE INDIAS;SI;;;NO;2018-12-31;13525;12/31/2018 05:00:00 PM;DICIEMBRE;2018;COOPERATIVA MULTIACTIVA COPERFIN;COPERFIN;900-365-200-8;Multiactiva sin seccion de ahorro;BOLÍVAR;CARTAGENA DE INDIAS;BRR PIE DE LA POPA URB LA MACARENA AP 101A;6664553;24;Servicios de credito;JUAN CARLOS SERRANO MERLANO;coperfinanciera@hotmail.com;3
669;ANTIOQUIA;MEDELLIN;SI;;;NO;2024-12-31;1701;12/31/2024 12:00:00 AM;DICIEMBRE;2024;COOPERATIVA MULTIACTIVA COSECHAR;COSECHAR;890-985-644-9;Especializada sin seccion de ahorro;ANTIOQUIA;MEDELLÍN;CARRERA 66 A 33 25;3510432;99;Otras actividades;DARIO - QUINTERO POSADA;ninguno@cosechar.com;3
670;ANTIOQUIA;GRANADA;SI;;;NO;2024-12-31;15290;12/31/2024 12:00:00 AM;DICIEMBRE;2024;COOPERATIVA MULTIACTIVA CRECER GRANADA;CRECER;811-012-770-7;Especializada sin seccion de ahorro;ANTIOQUIA;GRANADA;CRA 23 17 33;;99;Otras actividades;GLORIA AMPARO GARCIA GOMEZ;coopcrecergranada@gmail.com;3
671;NORTE DE SANTANDER;SAN JOSE DE CUCUTA;SI;;;NO;2018-12-31;15424;12/31/2018 05:00:00 PM;DICIEMBRE;2018;COOPERATIVA  MULTIACTIVA DE APORTE CREDITO Y SERVICIOS;COOMACRESER;901-076-420-5;Multiactiva sin seccion de ahorro;NORTE DE SANTANDER;SAN JOSÉ DE CÚCUTA;AV 6 15 30 BRR EL PARAMO;;99;Otras actividades;ROQUE ALEXANDER CASTELLANOS FERNANDEZ;coomacreser@gmail.com;3
672;ATLÁNTICO;BARRANQUILLA;SI;;;NO;2023-12-31;16455;12/31/2023 05:00:00 PM;DICIEMBRE;2023;COOPERATIVA MULTIACTIVA DE APORTE DE FAMILIAS DEL CARIBE;COOAFADE;901-679-064-4;Multiactiva sin seccion de ahorro;ATLÁNTICO;BARRANQUILLA;CRA 44 37 21 PISO 7 OFICINA 702;;99;Otras actividades;;lghb123@gmail.com;3
673;ATLÁNTICO;BARRANQUILLA;SI;;;NO;2018-12-31;12857;12/31/2018 05:00:00 PM;DICIEMBRE;2018;COOPERATIVA MULTIACTIVA DE ASESORES ALIADOS;COOALIADOS;900-364-950-9;Multiactiva sin seccion de ahorro;ATLÁNTICO;BARRANQUILLA;CRA 44 NRO 38 11 PISO 5;6053799;99;Otras actividades;FERNANDO MATOS FONTALVO;coaliados@yahoo.com.co;3
674;ATLÁNTICO;BARRANQUILLA;SI;;;NO;2024-12-31;13003;12/31/2024 12:00:00 AM;DICIEMBRE;2024;COOPERATIVA MULTIACTIVA DE ASESORIAS PRODUCTOS Y SERVICIOS DEL ATLANTICO;COOPSOLUCIONAR;900-395-902-8;Multiactiva sin seccion de ahorro;ATLÁNTICO;BARRANQUILLA;CA????E 40 # 43-166;3462338;24;Servicios de credito;YOBANI MERCADO VARGAS;solucionarcoop@hotmail.com;3
675;ATLÁNTICO;BARRANQUILLA;SI;;;NO;2021-06-30;15886;06/30/2021 05:00:00 PM;JUNIO;2021;COOPERATIVA MULTIACTIVA DE ASESORIAS Y CREDITO;CREASCOOP;900-837-397-6;Multiactiva sin seccion de ahorro;ATLÁNTICO;BARRANQUILLA;CL 39 41 132 OF 302;;24;Servicios de credito;;creascoop1@gmail.com;3
676;ATLÁNTICO;BARRANQUILLA;SI;;;NO;2023-06-30;15705;06/30/2023 05:00:00 PM;JUNIO;2023;COOPERATIVA MULTIACTIVA DE ASOCIADOS Y SERVICIOS;COOPASOCIADOS;901-364-396-1;Multiactiva sin seccion de ahorro;ATLÁNTICO;BARRANQUILLA;CLL 77 NA? 59 - 35 OF 1006;;99;Otras actividades;;coopasociadosyservicios@gmail.com;3
677;CUNDINAMARCA;CABRERA;SI;;;NO;2024-12-31;433;12/31/2024 12:00:00 AM;DICIEMBRE;2024;COOPERATIVA MULTIACTIVA DE CABRERA COOALTAMIRA ALTAMIRA LTDA;COOALTAMIRA LTDA;890-680-175-6;Multiactiva sin seccion de ahorro;CUNDINAMARCA;CABRERA;CALLE 6 NO. 2-48;;99;Otras actividades;;cooaltamira@gmail.com;3
678;NORTE DE SANTANDER;SAN JOSE DE CUCUTA;SI;;;NO;2024-12-31;3311;12/31/2024 12:00:00 AM;DICIEMBRE;2024;COOPERATIVA MULTIACTIVA DE COMERCIANTES UNIDOS EXITOS;COOPERATIVA EXITOS;807-001-428-0;Multiactiva sin seccion de ahorro;NORTE DE SANTANDER;SAN JOSÉ DE CÚCUTA;AV 6 7 40 CENTRO;;12;Consumo (comercio);ILIA TERESA CALIXTO CONTRERAS;iliacalixto@hotmail.com;3
679;ANTIOQUIA;GRANADA;SI;;;NO;2023-12-31;13782;12/31/2023 05:00:00 PM;DICIEMBRE;2023;COOPERATIVA MULTIACTIVA DE CONSTRUCTORES DE GRANADA;COONSTRUGRANADA;900-711-601-2;Multiactiva sin seccion de ahorro;ANTIOQUIA;GRANADA;CR 22 20 07;;99;Otras actividades;GONZALO GIRALDO RIOS;coonstrugranada@gmail.com;3
680;ANTIOQUIA;MEDELLIN;SI;;;NO;2024-12-31;15485;12/31/2024 12:00:00 AM;DICIEMBRE;2024;COOPERATIVA MULTIACTIVA DE CONSTRUCTORES UNIDOS PARA OBRAS CIVILES Y SERVICIOS A LA COMUNIDAD;COONSTRUCIVILES;811-013-164-8;Multiactiva sin seccion de ahorro;ANTIOQUIA;MEDELLÍN;CARRERA 86 NO. 42C-105;2520669;16;Obras publicas;ORLANDO DE JESUS HERNANDEZ MU?OZ;coonstruciviles@yahoo.es;3
681;ATLÁNTICO;BARRANQUILLA;SI;;;NO;2024-12-31;9946;12/31/2024 12:00:00 AM;DICIEMBRE;2024;COOPERATIVA MULTIACTIVA DE CREDICOM;COOMCREDICOM;900-027-669-9;Multiactiva sin seccion de ahorro;ATLÁNTICO;BARRANQUILLA;CC GRAN CENTRO CR 53 N 68 B 87 L 212;3093601;24;Servicios de credito;CARLOS MERCADO LUNA;cooperativa@coomcredicom.com;3
682;ANTIOQUIA;MEDELLIN;SI;;;NO;2023-06-30;7704;06/30/2023 05:00:00 PM;JUNIO;2023;COOPERATIVA MULTIACTIVA DE CREDITO LIMITADA;COOMULTICREDITO;811-038-717-9;Multiactiva sin seccion de ahorro;ANTIOQUIA;MEDELLÍN;CL 57 47 28 PISO 13 OFICINA 1303 INT 1;4797316;24;Servicios de credito;BLANCA ARRUBLA GOMEZ;coomulticredito@une.net.co;3
683;ATLÁNTICO;BARRANQUILLA;SI;;;NO;2023-12-31;16435;12/31/2023 05:00:00 PM;DICIEMBRE;2023;COOPERATIVA MULTIACTIVA DE CREDITO UNO;COOPCREDIUNO;901-439-948-0;Multiactiva sin seccion de ahorro;ATLÁNTICO;BARRANQUILLA;CL 39 43 141 LC102;;24;Servicios de credito;ANDREINA JOSELIN ORTEGA CASTRO;coopcrediuno@gmail.com;3
684;BOLÍVAR;CARTAGENA DE INDIAS;SI;;;NO;2019-06-30;12763;06/30/2019 05:00:00 PM;JUNIO;2019;COOPERATIVA MULTIACTIVA DE CREDITO VALORES Y SERVICIOS;COVALORES;900-030-573-1;Multiactiva sin seccion de ahorro;BOLÍVAR;CARTAGENA DE INDIAS;CARRERA 4A NA? 83-92;6601671;24;Servicios de credito;MARCO ALEXANDER JURADO LEON;covalores.cooperativa@gmail.com;3
685;ATLÁNTICO;BARRANQUILLA;SI;;;NO;2022-12-31;13547;12/31/2022 05:00:00 PM;DICIEMBRE;2022;COOPERATIVA MULTIACTIVA DE CREDITO Y SERVICIOS SOCIALES;COOMULCRES;900-638-925-1;Multiactiva sin seccion de ahorro;ATLÁNTICO;BARRANQUILLA;CL 39 # 43-123;;24;Servicios de credito;WILLIAM MERLANO PE?AFIEL;coomulcres@live.com;3
686;CUNDINAMARCA;NARINO;SI;;;NO;2023-06-30;9671;06/30/2023 05:00:00 PM;JUNIO;2023;COOPERATIVA MULTIACTIVA DE DESARROLLO Y SERVICIOS LIMITADA;COPDYSER LTDA;830-146-627-6;Multiactiva sin seccion de ahorro;CUNDINAMARCA;NARIÑO;CR 4 NO. 4 - 11;7944004;2;Servicios de ahorro y credito;ADRIANA POVEDA SANCHEZ;acontable1@cash24-7.co;3
687;NORTE DE SANTANDER;OCANA;SI;;;NO;2024-12-31;16135;12/31/2024 12:00:00 AM;DICIEMBRE;2024;COOPERATIVA MULTIACTIVA DE DISTRIBUIDORES DE DERIVADOS DEL PETROLEO Y SIMILARES;COODIPETROL;901-498-693-1;Multiactiva sin seccion de ahorro;NORTE DE SANTANDER;OCAÑA;CARRERA 11 19 242;;24;Servicios de credito;CARLOS VEGA CORONEL;cooperativacoodipetrol@gmail.com;3
688;ANTIOQUIA;MEDELLIN;SI;;;NO;2022-12-31;16357;12/31/2022 05:00:00 PM;DICIEMBRE;2022;COOPERATIVA MULTIACTIVA DE ECONOMIA SOLIDARIA AGROCAFETERA;ECOOSOLIDA;901-499-580-0;Multiactiva sin seccion de ahorro;ANTIOQUIA;MEDELLÍN;CALLE 1 SUR 50 C 07;;4;Agricola;;ecoosolida@gmail.com;3
689;CUNDINAMARCA;FUSAGASUGA;SI;;;NO;2017-06-30;181;06/30/2017 05:00:00 PM;JUNIO;2017;COOPERATIVA MULTIACTIVA DE EMPLEADOS DE COLOMBIANA DE INCUBACION LTDA;COINCUBACOL LTDA;890-680-244-6;Multiactiva sin seccion de ahorro;CUNDINAMARCA;FUSAGASUGÁ;Calle 10 Nro.3-33;8671867;99;Otras actividades;FREDY GUARIN MORENO;cooincubacolltda@hotmail.com;3
690;ATLÁNTICO;BARRANQUILLA;SI;;;NO;2024-06-30;1587;06/30/2024 12:00:00 AM;JUNIO;2024;COOPERATIVA MULTIACTIVA DE EMPLEADOS DE LA UNIVERSIDAD DEL NORTE.;COOUNINORTE;890-108-562-2;Multiactiva sin seccion de ahorro;ATLÁNTICO;BARRANQUILLA;ALLE 106 #50-67 OFICINA 208 H CC GRAN BOULEVARD;;24;Servicios de credito;BEYCY ELENA ROMERO FRANCO;gerente@coouninorte.com;3
691;ATLÁNTICO;BARRANQUILLA;SI;;;NO;2022-12-31;15174;12/31/2022 05:00:00 PM;DICIEMBRE;2022;COOPERATIVA MULTIACTIVA DE GESTION Y EJECUCION DE LIBRANZA;COOPLIBRANZA;900-790-107-2;Multiactiva sin seccion de ahorro;ATLÁNTICO;BARRANQUILLA;CL 70 B 41 132 OF 7;;24;Servicios de credito;MARIA FERNANDA ISAZA FORERO;cooplibranzas@gmail.com;3
692;NORTE DE SANTANDER;TIBU;SI;;;NO;2023-12-31;15678;12/31/2023 05:00:00 PM;DICIEMBRE;2023;COOPERATIVA MULTIACTIVA DE JUNTAS DE ACCION COMUNAL DEL CATATUMBO;COOPJACAT;901-232-824-6;Multiactiva sin seccion de ahorro;NORTE DE SANTANDER;TIBÚ;SALON COMUNAL VDA EL LIBANO CORR ORU;;99;Otras actividades;;avendanogalvanheider@gmail.com;3
693;ATLÁNTICO;BARRANQUILLA;SI;;;NO;2023-12-31;11672;12/31/2023 05:00:00 PM;DICIEMBRE;2023;COOPERATIVA MULTIACTIVA DE LA COSTA ATLANTICA;COOPATLANTICA;900-088-401-3;Multiactiva sin seccion de ahorro;ATLÁNTICO;BARRANQUILLA;CR 44  37 21 PISO 12 OF 1203;3452111;99;Otras actividades;CANDELARIA CA??AVERA ACOSTA;coopatlantica@hotmail.com;3
694;ATLÁNTICO;BARRANQUILLA;SI;;;NO;2018-06-30;13520;06/30/2018 05:00:00 PM;JUNIO;2018;COOPERATIVA MULTIACTIVA DE LA REGION CARIBE DE COLOMBIA;COORECARGO;900-565-755-1;Multiactiva sin seccion de ahorro;ATLÁNTICO;BARRANQUILLA;CALLE 34 NO. 43 - 109 OF 511;3206666;99;Otras actividades;JULIE MERCEDES PALACIO TAPIAS;coorecarco@hotmail.com;3
695;NORTE DE SANTANDER;SAN JOSE DE CUCUTA;SI;;;NO;2024-12-31;15786;12/31/2024 12:00:00 AM;DICIEMBRE;2024;COOPERATIVA MULTIACTIVA DE LA VEREDA EL CAJON;COOPVECA;901-231-132-3;Multiactiva sin seccion de ahorro;NORTE DE SANTANDER;SAN JOSÉ DE CÚCUTA;VDA EL CAJON CA KDX 06 200;;99;Otras actividades;WALMIS ENRIQUE MARQUEZ QUINTERO;coopveca@gmail.com;3
696;NORTE DE SANTANDER;EL CARMEN;SI;;;NO;2022-06-30;15619;06/30/2022 05:00:00 PM;JUNIO;2022;COOPERATIVA MULTIACTIVA DE LA VEREDA EL COBRE;COOMULVELCO;901-235-213-1;Multiactiva sin seccion de ahorro;NORTE DE SANTANDER;EL CARMEN;CA KDX 389 280;;99;Otras actividades;;coomulvelco@gmail.com;3
697;NORTE DE SANTANDER;EL CARMEN;SI;;;NO;2022-06-30;15641;06/30/2022 05:00:00 PM;JUNIO;2022;COOPERATIVA MULTIACTIVA DE LA VEREDA EL LORITO;COOMULTIVERLORITO;901-235-376-1;Multiactiva sin seccion de ahorro;NORTE DE SANTANDER;EL CARMEN;CARRERA KDX 3;;99;Otras actividades;;coomultiverlorito@gmail.com;3
698;NORTE DE SANTANDER;EL TARRA;SI;;;NO;2022-06-30;15792;06/30/2022 05:00:00 PM;JUNIO;2022;COOPERATIVA MULTIACTIVA DE LA VEREDA EL ROSAL;COOMULROSAL;901-258-026-8;Multiactiva sin seccion de ahorro;NORTE DE SANTANDER;EL TARRA;VEREDA EL ROSAL;;99;Otras actividades;;coomulrosal@gmail.com;3
699;NORTE DE SANTANDER;EL TARRA;SI;;;NO;2024-12-31;15791;12/31/2024 12:00:00 AM;DICIEMBRE;2024;COOPERATIVA MULTIACTIVA DE LA VEREDA LA FRIA;COOMULFRIA;901-254-372-3;Multiactiva sin seccion de ahorro;NORTE DE SANTANDER;EL TARRA;VEREDA LA FRIA KDX 10;;99;Otras actividades;LUIS ANTONIO GUERRERO AVENDA?O;coomulfria@gmail.com;3
700;NORTE DE SANTANDER;OCANA;SI;;;NO;2022-06-30;15635;06/30/2022 05:00:00 PM;JUNIO;2022;COOPERATIVA MULTIACTIVA DE LA VEREDA MARIQUITA;COOMULCALA;901-235-233-7;Especializada sin seccion de ahorro;NORTE DE SANTANDER;OCAÑA;CARRERA 7 6 36;;99;Otras actividades;;jac-mariquita@hotmail.com;3
701;NORTE DE SANTANDER;TIBU;SI;;;NO;2024-12-31;15677;12/31/2024 12:00:00 AM;DICIEMBRE;2024;COOPERATIVA MULTIACTIVA DE LAS VEREDAS WUACHIMAN CAMPO SEIS MIRAMONTE;COOPWHACAMI;901-234-824-5;Multiactiva sin seccion de ahorro;NORTE DE SANTANDER;TIBÚ;CASA COMUNAL VEREDA CAMPO SEIS;;99;Otras actividades;;juancarlosbautistaesteban@hotmail.com;3
702;ANTIOQUIA;MEDELLIN;SI;;;NO;2017-12-31;9840;12/31/2017 05:00:00 PM;DICIEMBRE;2017;COOPERATIVA MULTIACTIVA DE LIDERAZGO EN APORTACION Y CREDITO;COOCREDITO;830-512-162-3;Multiactiva sin seccion de ahorro;ANTIOQUIA;MEDELLÍN;Calle 49 Nro. 50 21 LOCAL 9939;4446070;24;Servicios de credito;LOPEZ RESTREPO JAIME ALBER LOPEZ RESTREPO JAI LOPEZ RESTREPO;coocreditoenliquidacion@hotmail.com;3
703;ANTIOQUIA;COPACABANA;SI;;;NO;2024-06-30;5210;06/30/2024 12:00:00 AM;JUNIO;2024;COOPERATIVA MULTIACTIVA DE MANIPULADORES COPACABANA;COMADECOP;811-013-857-3;Multiactiva sin seccion de ahorro;ANTIOQUIA;COPACABANA;CL 50 23 50;2742744;4;Agricola;LUIS CARLOS RAMIREZ;lualdihe26@gmail.com;3
704;NORTE DE SANTANDER;TOLEDO;SI;;;NO;2023-12-31;16199;12/31/2023 05:00:00 PM;DICIEMBRE;2023;COOPERATIVA MULTIACTIVA DE MUJERES EMPRENDEDORAS EL CUBOGON;COOMUEMCU;901-693-152-2;Multiactiva sin seccion de ahorro;NORTE DE SANTANDER;TOLEDO;VEREDA CUBOGON;;99;Otras actividades;;coomuemcu@gmail.com;3
705;NORTE DE SANTANDER;TIBU;SI;;;NO;2024-12-31;15684;12/31/2024 12:00:00 AM;DICIEMBRE;2024;COOPERATIVA MULTIACTIVA DE PERSONAS TRABAJADORAS DE NORTE DE SANTANDER;COOTRANORSA;901-229-675-4;Multiactiva sin seccion de ahorro;NORTE DE SANTANDER;TIBÚ;KDX 4 2C VEREDA LA LLANA;;99;Otras actividades;;carrickdeiner@gmail.com;3
706;CUNDINAMARCA;SIBATE;SI;;;NO;2024-12-31;15984;12/31/2024 12:00:00 AM;DICIEMBRE;2024;COOPERATIVA MULTIACTIVA DE PLANTAS MEDICINALES Y AROMATICAS DE COLOMBIA;CANNAPCOOP;901-570-942-6;Multiactiva sin seccion de ahorro;CUNDINAMARCA;SIBATÉ;FCA PIEDRA DEL INDIO;;4;Agricola;JAN FRANCO SUAREZ HILE;cannapcoop@gmail.com;3
707;ATLÁNTICO;BARRANQUILLA;SI;;;NO;2024-12-31;15331;12/31/2024 12:00:00 AM;DICIEMBRE;2024;COOPERATIVA MULTIACTIVA DE POLICIAS RETIRADOS-COOMPOR;;802-005-935-3;Cooperativas de trabajo asociado;ATLÁNTICO;BARRANQUILLA;CALLE 35B # 8D-84;3636443;12;Consumo (comercio);EDILBERTO RODRIGUEZ OROZCO;coompor2014@hotmail.com;3
708;BOLÍVAR;MARIA LA BAJA;SI;;;NO;2024-06-30;15745;06/30/2024 12:00:00 AM;JUNIO;2024;COOPERATIVA MULTIACTIVA DE PRODUCTORES DE LECHE DE MARIALABAJA;COOLEMA;806-005-511-9;Multiactiva sin seccion de ahorro;BOLÍVAR;MARÍA LA BAJA;CR 15 12 63 CL DEL COMERCIO;6260130;4;Agricola;YOLIMA DEL CARMEN GARCIA CASTRO;coolemabolivar@gmail.com;3
709;NORTE DE SANTANDER;SAN JOSE DE CUCUTA;SI;;;NO;2021-06-30;15821;06/30/2021 05:00:00 PM;JUNIO;2021;COOPERATIVA MULTIACTIVA DE PRODUCTORES DE SACHA INCHI DE PUERTO;COPMSACHA;901-198-662-4;Multiactiva sin seccion de ahorro;NORTE DE SANTANDER;SAN JOSÉ DE CÚCUTA;CL 6B 6-76 BRR LA PUNTA.;3114435;4;Agricola;;jhocosan@gmail.com;3
710;NORTE DE SANTANDER;EL TARRA;SI;;;NO;2025-06-30;15787;06/30/2025 05:00:00 PM;JUNIO;2025;COOPERATIVA MULTIACTIVA DE PRODUCTORES DEL TARRA;COOMULPROTA;901-239-570-2;Multiactiva sin seccion de ahorro;NORTE DE SANTANDER;EL TARRA;FINCA BUENOS AIRES VEREDA K.92;;99;Otras actividades;SANDRA MILENA CANO ASCANIO;coomulprota@gmail.com;3
711;ANTIOQUIA;MEDELLIN;SI;;;NO;2023-06-30;10479;06/30/2023 05:00:00 PM;JUNIO;2023;COOPERATIVA MULTIACTIVA DE PRODUCTOS Y SERVICIOS PARA EL TRANSPORTE;COPSERVIT;900-067-754-8;Multiactiva sin seccion de ahorro;ANTIOQUIA;MEDELLÍN;CR 100 31 B 28;3453814;99;Otras actividades;JHON JAIME VALLEJO CIFUENTES;copservit@gmail.com;3
712;ATLÁNTICO;BARRANQUILLA;SI;;;NO;2019-12-31;15624;12/31/2019 05:00:00 PM;DICIEMBRE;2019;COOPERATIVA MULTIACTIVA DE PROFESIONALES Y TECNICOS DE LA COSTA ATLANTICA;PROECOOP;901-205-885-0;Multiactiva sin seccion de ahorro;ATLÁNTICO;BARRANQUILLA;CALL 41 43-19 PISO 4 OF 4C;3338094;24;Servicios de credito;JORGE LUIS MARTINEZ HERAZO;precoop@outlook.com;3
713;BOLÍVAR;ARJONA;SI;;;NO;2024-12-31;9020;12/31/2024 12:00:00 AM;DICIEMBRE;2024;COOPERATIVA MULTIACTIVA DE PROYECCION SOCIAL;COOPERAMOS;806-017-004-8;Multiactiva sin seccion de ahorro;BOLÍVAR;ARJONA;CARRETERA TRONCAL BARRIO LAS NIEVES, KRA 47 0-52;6284177;12;Consumo (comercio);Jose Espinoza Cervantes;cooepramosdos@gmail.com;3
714;ATLÁNTICO;BARRANQUILLA;SI;;;NO;2019-06-30;11586;06/30/2019 05:00:00 PM;JUNIO;2019;COOPERATIVA MULTIACTIVA DE RECAUDOS Y SERVICIOOS E-COOP;ECOOP;900-182-508-4;Multiactiva sin seccion de ahorro;ATLÁNTICO;BARRANQUILLA;CALLE 40 44 39;3683876;24;Servicios de credito;LUZ ELENA VILLEGAS DE NUDEZ;ecoop_recaudos@hotmail.com;3
715;ATLÁNTICO;BARRANQUILLA;SI;;;NO;2024-06-30;16561;06/30/2024 12:00:00 AM;JUNIO;2024;COOPERATIVA MULTIACTIVA DE RECICLAJE INTELIGENTE;COOPRUI;901-654-190-6;Multiactiva sin seccion de ahorro;ATLÁNTICO;BARRANQUILLA;CL 74 NO 42 - 329;;12;Consumo (comercio);JACQUELINE MARGARTIA PEREZ CASTRO;notificacionesreciclajeinteligente@gmail.com;3
716;ATLÁNTICO;BARRANQUILLA;SI;;;NO;2024-06-30;16170;06/30/2024 12:00:00 AM;JUNIO;2024;COOPERATIVA MULTIACTIVA DE RESPALDO SOLIDARIO;RESPALCOOP;901-694-833-4;Multiactiva sin seccion de ahorro;ATLÁNTICO;BARRANQUILLA;CLLE 114 CRA 42 27 TO4 OFC 403;3013655;99;Otras actividades;KELLYS SOLIS VILLA;respalcoop@gmail.com;3
717;ATLÁNTICO;BARRANQUILLA;SI;;;NO;2023-06-30;13716;06/30/2023 05:00:00 PM;JUNIO;2023;COOPERATIVA MULTIACTIVA DE SERVICIO DE CREDITO PARA TRABAJADORES DE LA CONSTRUCCION Y AFINES;ARKASCOOP;900-719-235-6;Multiactiva sin seccion de ahorro;ATLÁNTICO;BARRANQUILLA;CALLE 91 A # 75 A -124;;24;Servicios de credito;GUSTAVO ALONSO TORRADO CASADIEGO;arkascoop@gmail.com;3
718;ATLÁNTICO;BARRANQUILLA;SI;;;NO;2024-06-30;16598;06/30/2024 12:00:00 AM;JUNIO;2024;COOPERATIVA MULTIACTIVA DE SERVICIO JULUANM;COOPMULTJULUANM;901-581-669-7;Multiactiva sin seccion de ahorro;ATLÁNTICO;BARRANQUILLA;CR 43 NO. 72 - 122 OFC 707;;12;Consumo (comercio);ANTONIO MIGUEL MARIN CARO;coopmultjuluanm94@gmail.com;3
719;ATLÁNTICO;BARRANQUILLA;SI;;;NO;2021-06-30;15843;06/30/2021 05:00:00 PM;JUNIO;2021;COOPERATIVA MULTIACTIVA DE SERVICIO W;COOMULTW;901-333-209-1;Multiactiva sin seccion de ahorro;ATLÁNTICO;BARRANQUILLA;CR 43 72 122 OF 601B;;24;Servicios de credito;ANDRES ULISES LOPEZ POLO;cooperativamultiactivawya@gmail.com;3
720;ATLÁNTICO;BARRANQUILLA;SI;;;NO;2024-12-31;15848;12/31/2024 12:00:00 AM;DICIEMBRE;2024;COOPERATIVA MULTIACTIVA DE SERVICIOS AGROPECUARIOS DE LA COSTA CARIBE;COODAROD;901-316-913-5;Multiactiva sin seccion de ahorro;ATLÁNTICO;BARRANQUILLA;CALLE 72 # 39- 175;;4;Agricola;DALMIRO JOSE RODRIGUEZ BELTRAN;coodarod.atl@gmail.com;3
721;ATLÁNTICO;BARRANQUILLA;SI;;;NO;2024-12-31;12132;12/31/2024 12:00:00 AM;DICIEMBRE;2024;COOPERATIVA MULTIACTIVA DE SERVICIOS ASOCIADOS;COOCREDIS;802-022-749-1;Multiactiva sin seccion de ahorro;ATLÁNTICO;BARRANQUILLA;CALLE 40  44 39;3452111;99;Otras actividades;MARIO MACHADO NIETO MARIO MARIO;coocredis@hotmail.com;3
722;ATLÁNTICO;BARRANQUILLA;SI;;;NO;2022-12-31;12922;12/31/2022 05:00:00 PM;DICIEMBRE;2022;COOPERATIVA MULTIACTIVA DE SERVICIOS COMERCIALES;COOSERCOM;900-349-469-4;Multiactiva sin seccion de ahorro;ATLÁNTICO;BARRANQUILLA;CALLE 40 41-134 OF 203;3309022;24;Servicios de credito;EDGAR MONTA??O SOMOZA;coosercom_@hotmail.com;3
723;ATLÁNTICO;BARRANQUILLA;SI;;;NO;2021-12-31;15989;12/31/2021 05:00:00 PM;DICIEMBRE;2021;COOPERATIVA MULTIACTIVA DE SERVICIOS DEL MILAGRO;COOMILAGRO;901-547-940-5;Multiactiva sin seccion de ahorro;ATLÁNTICO;BARRANQUILLA;CALLE 41 43-98;;24;Servicios de credito;DIEGO MENDOZA ZABALA;coopmultiactivamilagros@gmail.com;3
724;ATLÁNTICO;BARRANQUILLA;SI;;;NO;2022-12-31;15965;12/31/2022 05:00:00 PM;DICIEMBRE;2022;COOPERATIVA MULTIACTIVA DE SERVICIOS EFICREDITOS;COOPEFICREDITOS;901-488-238-9;Multiactiva sin seccion de ahorro;ATLÁNTICO;BARRANQUILLA;CL 39 41 72 P 6;;99;Otras actividades;CAROLINA ESTHER MIRANDA GARCIA;cooeficreditos@gmail.com;3
725;ATLÁNTICO;BARRANQUILLA;SI;;;NO;2024-12-31;16309;12/31/2024 12:00:00 AM;DICIEMBRE;2024;COOPERATIVA MULTIACTIVA DE SERVICIOS ESPECIALES DE COLOMBIA;COOMULSECOL;901-629-749-7;Multiactiva sin seccion de ahorro;ATLÁNTICO;BARRANQUILLA;CRA 44 40 20 P 8 OF 805;3005732;24;Servicios de credito;FREDY JIMENEZ BLANCO;coomulsecol@gmail.com;3
726;ATLÁNTICO;BARRANQUILLA;SI;;;NO;2023-12-31;15966;12/31/2023 05:00:00 PM;DICIEMBRE;2023;COOPERATIVA MULTIACTIVA DE SERVICIOS INDEPENDIENTES DEL CARIBE COOPMULSERVICA;COOPMULSERVICA;901-476-997-9;Multiactiva sin seccion de ahorro;ATLÁNTICO;BARRANQUILLA;CL 45 44 103;;99;Otras actividades;;coopsericacooperativa@gmail.com;3
727;ATLÁNTICO;BARRANQUILLA;SI;;;NO;2024-12-31;16019;12/31/2024 12:00:00 AM;DICIEMBRE;2024;COOPERATIVA MULTIACTIVA DE SERVICIOS INDUSTRIALES DEL CARIBE;COOINDUSTRIAL;900-595-809-9;Multiactiva sin seccion de ahorro;ATLÁNTICO;BARRANQUILLA;CRA 5B  17E 19;;99;Otras actividades;HANS MIRANDA HERRERA;cooindustriales@gmai.com;3
728;ATLÁNTICO;BARANOA;SI;;;NO;2024-12-31;16320;12/31/2024 12:00:00 AM;DICIEMBRE;2024;COOPERATIVA MULTIACTIVA DE SERVICIOS INTEGRALES;BARACOOP;901-368-774-0;Aportes y credito;ATLÁNTICO;BARANOA;CARRERA 43 43-166;;24;Servicios de credito;YOBANI MERCADO VARGAS;ymerva44@hotmail.com;3
729;CUNDINAMARCA;GIRARDOT;SI;;;NO;2018-06-30;12442;06/30/2018 05:00:00 PM;JUNIO;2018;COOPERATIVA MULTIACTIVA DE SERVICIOS INTEGRALES PENSIONADOS COLOMBIANOS;COOPPENCOL;900-295-244-0;Multiactiva sin seccion de ahorro;CUNDINAMARCA;GIRARDOT;CALLE 16 NO. 11-82;8351493;24;Servicios de credito;ADRIANA MILENA NAVAS ORTIZ;cooppencol@hotmail.com;3
730;ANTIOQUIA;ENVIGADO;SI;;;NO;2018-06-30;9379;06/30/2018 05:00:00 PM;JUNIO;2018;COOPERATIVA MULTIACTIVA DE SERVICIOS PARA EL DESARROLLO AMBIENTAL, SOCIAL Y CULTURAL;PREAMBIENTAL;811-037-664-2;Multiactiva sin seccion de ahorro;ANTIOQUIA;ENVIGADO;TV 33 A SUR 32D 52;3321577;99;Otras actividades;EUGENIO SANCHEZ RESTREPO;eugenio.restrepo@preambiental.coop;3
731;ATLÁNTICO;BARRANQUILLA;SI;;;NO;2025-06-30;12474;06/30/2025 05:00:00 PM;JUNIO;2025;COOPERATIVA MULTIACTIVA DE SERVICIOS PARA FUNCIONARIOS PUBLICOS DEL DEPARTAMENTO DEL ATLANTICO;COOPESER;900-219-144-9;Multiactiva sin seccion de ahorro;ATLÁNTICO;BARRANQUILLA;CALLE 542 NO 43-146;;24;Servicios de credito;LIGIA MARTA POLO ZU?IGA;coopeser1@hotmail.com;3
732;CUNDINAMARCA;COTA;SI;;;NO;2024-06-30;12867;06/30/2024 12:00:00 AM;JUNIO;2024;COOPERATIVA MULTIACTIVA DE SERVICIOS SU AMIGA;COOPSUAMIGA;900-375-020-1;Multiactiva sin seccion de ahorro;CUNDINAMARCA;COTA;TV 4 12-09;;99;Otras actividades;COOPERATIVA MULTIACTIVA DE SERVICIOS INTEGRALES SU AMIGA;admin@coopsuamiga.com;3
733;ATLÁNTICO;BARRANQUILLA;SI;;;NO;2024-12-31;7620;12/31/2024 12:00:00 AM;DICIEMBRE;2024;COOPERATIVA MULTIACTIVA DE SERVICIOS Y ASESORIAS GENERALES;COOPSAGEN;802-017-109-8;Multiactiva sin seccion de ahorro;ATLÁNTICO;BARRANQUILLA;CR 44 NO 37-21-OF 703;3468094;99;Otras actividades;EDWIN RODRIGUEZ CARDONA;coopsagen@hotmail.com;3
734;ATLÁNTICO;BARRANQUILLA;SI;;;NO;2024-12-31;16563;12/31/2024 12:00:00 AM;DICIEMBRE;2024;COOPERATIVA MULTIACTIVA DE SERVICIOS Y OPERACION COMERCIAL DM;COOMULTISERVIDM;901-710-992-6;Aportes y credito;ATLÁNTICO;BARRANQUILLA;CALLE 70 #45-53;;24;Servicios de credito;EDUARDO ENRIQUE BARRERA VASQUEZ;comultiservidm@gmail.com;3
735;CUNDINAMARCA;SESQUILE;SI;;;NO;2023-12-31;8167;12/31/2023 05:00:00 PM;DICIEMBRE;2023;COOPERATIVA MULTIACTIVA DE SESQUILE;COOPSESQUILE;800-152-997-1;Multiactiva sin seccion de ahorro;CUNDINAMARCA;SESQUILÉ;CRA 10 CALLE 8;;9;Educacion;MARIA CRISTINA CHAVEZ MURCIA;gerenciacooperativoses@gmail.com;3
736;ANTIOQUIA;MEDELLIN;SI;;;NO;2019-06-30;9322;06/30/2019 05:00:00 PM;JUNIO;2019;COOPERATIVA MULTIACTIVA DE TRABAJADORES  ASOCIADOS DEL NARE;COOTAN;800-220-466-4;Multiactiva sin seccion de ahorro;ANTIOQUIA;MEDELLÍN;CALLE 41  51-15;8338181;99;Otras actividades;EDIL ENRIQUE NU?EZ MOSCOTE;cootan.contabilidad@hotmail.con;3
737;NORTE DE SANTANDER;EL CARMEN;SI;;;NO;2022-06-30;15617;06/30/2022 05:00:00 PM;JUNIO;2022;COOPERATIVA MULTIACTIVA DE TRABAJADORES DE LA ESPERANZA;COOMULTRAESPER;901-235-041-1;Multiactiva sin seccion de ahorro;NORTE DE SANTANDER;EL CARMEN;CALLE 12 7 35;;99;Otras actividades;;coomultraesper@gmail.com;3
738;NORTE DE SANTANDER;SAN JOSE DE CUCUTA;SI;;;NO;2025-01-31;16661;01/31/2025 12:00:00 AM;ENERO;2025;COOPERATIVA MULTIACTIVA DE TRABAJADORES INDEPENDIENTES DE COLOMBIA;COOMULTRAINCOL;901-915-281-9;Multiactiva sin seccion de ahorro;NORTE DE SANTANDER;SAN JOSÉ DE CÚCUTA;CALLE 4 # 10-23;;99;Otras actividades;;coomultraincol@gmail.com;3
739;ANTIOQUIA;CALDAS;SI;;;NO;2017-12-31;4379;12/31/2017 05:00:00 PM;DICIEMBRE;2017;COOPERATIVA MULTIACTIVA  DE  TRANSPORTADORES  DE  CALDAS;COOTRACAL;811-005-029-8;Multiactiva sin seccion de ahorro;ANTIOQUIA;CALDAS;CALLE 129 SUR 49-56;3664574;99;Otras actividades;JUAN  JOSE MORALES VIDES;cooperativacootracal1201@gmail.com;3
740;BOLÍVAR;MAGANGUE;SI;;;NO;2017-06-30;13289;06/30/2017 05:00:00 PM;JUNIO;2017;COOPERATIVA MULTIACTIVA DE TRANSPORTE DE PASAJEROS DE MAGANGUE;COOMULTRAMAG;806-001-620-5;Multiactiva sin seccion de ahorro;BOLÍVAR;MAGANGUÉ;Carrera 2 Nro.15-09 Piso 2 Apartamento 2;6888303;10;Vivienda;FAIDER ALBERTO TORRES HERNANDEZ;cooperativafluvial@hotmail.com;3
741;CUNDINAMARCA;VILLETA;SI;;;NO;2017-12-31;10212;12/31/2017 05:00:00 PM;DICIEMBRE;2017;COOPERATIVA MULTIACTIVA DE TRANSPORTES LA YE;COOTRANSYE;832-002-379-3;Multiactiva sin seccion de ahorro;CUNDINAMARCA;VILLETA;Carrera 7 Nro.3 70;8445226;99;Otras actividades;DIANA CAROLINA ESGUERRA GALINDO;cootransye@hotmail.com;3
742;ATLÁNTICO;BARRANQUILLA;SI;;;NO;2022-06-30;11969;06/30/2022 05:00:00 PM;JUNIO;2022;COOPERATIVA MULTIACTIVA DE VENDEDORES COOJASAN;COJASAN;802-023-951-8;Multiactiva sin seccion de ahorro;ATLÁNTICO;BARRANQUILLA;CL 40 43 125 OF 1 A;;24;Servicios de credito;MILTON DAVID PALMERA SUAREZ;cojasan@hotmail.com;3
743;ATLÁNTICO;BARRANQUILLA;SI;;;NO;2021-12-31;5522;12/31/2021 05:00:00 PM;DICIEMBRE;2021;COOPERATIVA MULTIACTIVA DE VENDEDORES DE PRODUCTOS Y SERVICIOS FAMILIARES;COOPRODUCTOS;802-020-624-0;Especializada sin seccion de ahorro;ATLÁNTICO;BARRANQUILLA;CRA 44 NRO 38 11 PISO 5;6053708;99;Otras actividades;ROSA QUESADA BARBESI;cooproductosc@gmail.com;3
744;NORTE DE SANTANDER;SAN JOSE DE CUCUTA;SI;;;NO;2017-12-31;12210;12/31/2017 05:00:00 PM;DICIEMBRE;2017;COOPERATIVA MULTIACTIVA DEL MERCADO NUESTRA SE??ORA DE LAS ANGUSTIAS;COOMERCAN;900-263-760-2;Multiactiva sin seccion de ahorro;NORTE DE SANTANDER;SAN JOSÉ DE CÚCUTA;CALLE 22 # 19-63 BARRIO SANTANDER MERCADO LAS ANGU;5822202;99;Otras actividades;JESUS GABRIEL SERRANO CORZO;yanethbarreto03@hotmail.com;3
745;ANTIOQUIA;VALPARAISO;SI;;;NO;2017-12-31;15479;12/31/2017 05:00:00 PM;DICIEMBRE;2017;COOPERATIVA MULTIACTIVA DEL MUNICIPIO DE VALPARAISO ANTIOQUIA;COOPEMVAL;900-296-840-5;Multiactiva sin seccion de ahorro;ANTIOQUIA;VALPARAÍSO;CALLE 10 7 A 40;8492066;13;Industria;ANGELA MARIA GARCIA;angelamariagarcia712@gmail.com;3
746;CUNDINAMARCA;FOMEQUE;SI;;;NO;2022-12-31;16024;12/31/2022 05:00:00 PM;DICIEMBRE;2022;COOPERATIVA MULTIACTIVA DEL ORIENTE CUNDINAMARQUES;COONVOCAR;901-530-938-5;Multiactiva sin seccion de ahorro;CUNDINAMARCA;FÓMEQUE;CRA 6 NO 5-47 OFICINA 101;;99;Otras actividades;JAVIER RODRIGO VARELA BARRETO;coonvocarcooperativa@gmail.com;3
747;NORTE DE SANTANDER;EL TARRA;SI;;;NO;2024-12-31;16482;12/31/2024 12:00:00 AM;DICIEMBRE;2024;COOPERATIVA MULTIACTIVA DEL TARRA POR LA PAZ;COOMTARPAZ;901-616-408-4;Multiactiva sin seccion de ahorro;NORTE DE SANTANDER;EL TARRA;CA 236 - JARDINES;;4;Agricola;ELIECER CARDOZA AVENDA?O;coomtarpaz@gmail.com;3
748;ATLÁNTICO;BARRANQUILLA;SI;;;NO;2024-12-31;10225;12/31/2024 12:00:00 AM;DICIEMBRE;2024;COOPERATIVA MULTIACTIVA DUMIAL;DUMIALCOOP;900-014-681-1;Especializada sin seccion de ahorro;ATLÁNTICO;BARRANQUILLA;CL 39 43 110;5372375;24;Servicios de credito;ALEXANDER HERNANDEZ ANAYA;dumialcoop@metrotel.net.co;3
749;CUNDINAMARCA;MOSQUERA;SI;;;NO;2023-12-31;16347;12/31/2023 05:00:00 PM;DICIEMBRE;2023;COOPERATIVA MULTIACTIVA EMMANUEL APORTES & CREDITOS;COOPEMM A;901-716-251-4;Aportes y credito;CUNDINAMARCA;MOSQUERA;CRA 1 NUMERO 2-57 PISO 2;;99;Otras actividades;;coopemmac@gmail.com;3
750;NORTE DE SANTANDER;CONVENCION;SI;;;NO;2019-12-31;15623;12/31/2019 05:00:00 PM;DICIEMBRE;2019;COOPERATIVA MULTIACTIVA EMPRENDEDORES DE CAMPO ALEGRE;COOMULCAL;901-235-324-9;Multiactiva sin seccion de ahorro;NORTE DE SANTANDER;CONVENCIÓN;CRA 14 # 9B-14;;4;Agricola;DELMIS ANTONIO PALACIO FRANCO;coomulcal@gmail.com;3
751;NORTE DE SANTANDER;EL TARRA;SI;;;NO;2023-12-31;16222;12/31/2023 05:00:00 PM;DICIEMBRE;2023;COOPERATIVA MULTIACTIVA EMPRENDEDORES DE EL TARRA;COOEMPRENDERT;901-691-936-0;Multiactiva sin seccion de ahorro;NORTE DE SANTANDER;EL TARRA;CA KDX 39 121;;4;Agricola;;toro2429@gmail.com;3
752;NORTE DE SANTANDER;OCANA;SI;;;NO;2025-06-30;15788;06/30/2025 05:00:00 PM;JUNIO;2025;COOPERATIVA MULTIACTIVA EMPRENDEDORES UNIDOS KILOMETRO 84;COOMUN84;901-239-588-4;Multiactiva sin seccion de ahorro;NORTE DE SANTANDER;OCAÑA;VEREDA KILOMETRO 84;;99;Otras actividades;JUAN NELSON CRUZ CONTRERAS;coomun84@gmail.com;3
753;NORTE DE SANTANDER;EL TARRA;SI;;;NO;2023-06-30;16219;06/30/2023 05:00:00 PM;JUNIO;2023;COOPERATIVA MULTIACTIVA EMPRENDIMIENTO POR LA VIDA EL TARRA;COOEMPRENVIDT;901-692-111-6;Multiactiva sin seccion de ahorro;NORTE DE SANTANDER;EL TARRA;CORREGIMIENTO FILO GRINGO;;7;Pesca;;cristo10101993@hotmail.com;3
754;ATLÁNTICO;CAMPO DE LA CRUZ;SI;;;NO;2025-06-30;16514;06/30/2025 05:00:00 PM;JUNIO;2025;COOPERATIVA MULTIACTIVA EMPRESARIAL DEL SUR;COOMUEMPRESUR;901-229-654-1;Multiactiva sin seccion de ahorro;ATLÁNTICO;CAMPO DE LA CRUZ;CALLE 11 9 84;3600000;99;Otras actividades;ANGELICA MARIA VILLAMIZAR CASTILLO;coomuempresur@hotmail.com;3
755;ATLÁNTICO;BARRANQUILLA;SI;;;NO;2023-12-31;15772;12/31/2023 05:00:00 PM;DICIEMBRE;2023;COOPERATIVA MULTIACTIVA FAMILIAR DE COMERCIO NACIONAL;COOPMILCENA;901-398-494-1;Multiactiva sin seccion de ahorro;ATLÁNTICO;BARRANQUILLA;CR 44 37 21 PISO 9 OF 903;3452111;99;Otras actividades;;lghb123@gmail.com;3
756;ATLÁNTICO;BARRANQUILLA;SI;;;NO;2024-06-30;15921;06/30/2024 12:00:00 AM;JUNIO;2024;COOPERATIVA MULTIACTIVA FINANCOOP DE LA COSTA;COFINANCOOP;901-344-727-0;Aportes y credito;ATLÁNTICO;BARRANQUILLA;CRA 44 90 58;;24;Servicios de credito;LUIS FERNANDO ACOSTA VELEZ;gerencia@financoop.com.co;3
757;ATLÁNTICO;BARRANQUILLA;SI;;;NO;2021-12-31;15608;12/31/2021 05:00:00 PM;DICIEMBRE;2021;COOPERATIVA MULTIACTIVA FREELINE;COOPFREELINE;901-319-213-1;Multiactiva sin seccion de ahorro;ATLÁNTICO;BARRANQUILLA;CR 53 NO 82 - 26 OFC 211;3321797;99;Otras actividades;ENRIQUE JOYA CENTENO;coop_freeline@hotmail.com;3
758;ATLÁNTICO;BARRANQUILLA;SI;;;NO;2019-12-31;15668;12/31/2019 05:00:00 PM;DICIEMBRE;2019;COOPERATIVA MULTIACTIVA HAGACOOP;HAGACOOP;901-291-299-0;Multiactiva sin seccion de ahorro;ATLÁNTICO;BARRANQUILLA;CALLE 38 N 41-84 PI 2 OF 2020;3700496;24;Servicios de credito;ERNESTO DAVID AFANADOR GARCIA;cooperativahaga@gmail.com;3
759;CUNDINAMARCA;COTA;SI;;;NO;2018-06-30;15250;06/30/2018 05:00:00 PM;JUNIO;2018;COOPERATIVA MULTIACTIVA HIL + ART DE COTA;COOPHIL+ART;901-026-912-3;Multiactiva sin seccion de ahorro;CUNDINAMARCA;COTA;CARRERA 5 NO 13-15 OFICINA 202;8775603;99;Otras actividades;OLGA RUTH ALARCON BAQUERO;hilosartesanos_cota@hotmail.com;3
760;ATLÁNTICO;BARRANQUILLA;SI;;;NO;2022-12-31;13138;12/31/2022 05:00:00 PM;DICIEMBRE;2022;COOPERATIVA MULTIACTIVA INTEGRAL DE SOLIDARIDAD;COOPMULTIPRISSA;900-270-571-6;Multiactiva sin seccion de ahorro;ATLÁNTICO;BARRANQUILLA;CL 70 B 41 132 OF 7;;24;Servicios de credito;MARIA FERNANDA ISAZA FORERO;gerencia.coopmultiprissa@gmail.com;3
761;ATLÁNTICO;BARRANQUILLA;SI;;;NO;2021-06-30;15931;06/30/2021 05:00:00 PM;JUNIO;2021;COOPERATIVA MULTIACTIVA JULCAR;COOMULTIJULCAR;901-031-602-5;Integral sin seccion de ahorro;ATLÁNTICO;BARRANQUILLA;CARRERA 45 54 22;3101541;99;Otras actividades;;coomultijulcar@gmail.com;3
762;NORTE DE SANTANDER;EL TARRA;SI;;;NO;2023-06-30;16220;06/30/2023 05:00:00 PM;JUNIO;2023;COOPERATIVA MULTIACTIVA JUVENTUD EMPRENDEDORA DEL CATATUMBO;COOPJUVEMCA;901-692-713-1;Multiactiva sin seccion de ahorro;NORTE DE SANTANDER;EL TARRA;CALLE CENTRAL NO 58;;12;Consumo (comercio);;mariiarondon2498@gmail.com;3
763;ATLÁNTICO;BARRANQUILLA;SI;;;NO;2024-12-31;13749;12/31/2024 12:00:00 AM;DICIEMBRE;2024;COOPERATIVA MULTIACTIVA LA HERMANDAD EN ASESORIAS Y SERVICIOS;COOMULTIHERAS;900-665-327-1;Multiactiva sin seccion de ahorro;ATLÁNTICO;BARRANQUILLA;CL 39 43 123 OF H18;3722615;24;Servicios de credito;ALVARO ANTONIO HERAS DADUL;coomultiheras@gmail.com;3
764;ANTIOQUIA;PUERTO TRIUNFO;SI;;;NO;2020-06-30;13674;06/30/2020 05:00:00 PM;JUNIO;2020;COOPERATIVA MULTIACTIVA LECHERA DE PUERTO TRIUNFO;COLETRIUNFO;811-011-874-1;Multiactiva sin seccion de ahorro;ANTIOQUIA;PUERTO TRIUNFO;DG 25 2580 LC 102 CORR DORADAL;8342233;99;Otras actividades;GABRIEL MEJIA PALACIO;cooletriunfo@hotmail.com;3
765;NORTE DE SANTANDER;EL TARRA;SI;;;NO;2025-06-30;15629;06/30/2025 05:00:00 PM;JUNIO;2025;COOPERATIVA MULTIACTIVA LOS BALSOS EL TARRA;COOMUBALTAR;901-235-343-9;Multiactiva sin seccion de ahorro;NORTE DE SANTANDER;EL TARRA;CALLE 15 8-06;;99;Otras actividades;ROBINSON DAMIAN AGUDELO CONTRERAS;coomubaltar@gmail.com;3
766;ANTIOQUIA;URRAO;SI;;;NO;2024-12-31;16158;12/31/2024 12:00:00 AM;DICIEMBRE;2024;COOPERATIVA MULTIACTIVA MAND??;COOMAND??;901-379-312-9;Multiactiva sin seccion de ahorro;ANTIOQUIA;URRAO;COMUNIDAD MANDE;7531495;4;Agricola;JUAN ANGEL CUESTAS SANTOS;cooperativacoomande@gmail.com;3
767;ANTIOQUIA;BARBOSA;SI;;;NO;2025-06-30;1486;06/30/2025 05:00:00 PM;JUNIO;2025;COOPERATIVA MULTIACTIVA   MANUEL  POSSO MEJIA;COOMAPOL;890-982-518-5;Multiactiva sin seccion de ahorro;ANTIOQUIA;BARBOSA;CR 11 15 41;4063026;9;Educacion;LUZ ESTELLA FRANCO CORREA;coomapol@gmail.com;3
768;ATLÁNTICO;BARRANQUILLA;SI;;;NO;2020-12-31;11923;12/31/2020 05:00:00 PM;DICIEMBRE;2020;COOPERATIVA MULTIACTIVA MAPECOOP;MAPECOOP;900-175-431-7;Multiactiva sin seccion de ahorro;ATLÁNTICO;BARRANQUILLA;CALLE 70B NO 41-132 OFICINA 7;;24;Servicios de credito;MARIA FERNANDA ISAZA FORERO;mapecoop@gmail.com;3
769;BOLÍVAR;CARTAGENA DE INDIAS;SI;;;NO;2018-12-31;4987;12/31/2018 05:00:00 PM;DICIEMBRE;2018;COOPERATIVA MULTIACTIVA MELANY  LTDA;COOMULMELANY;806-003-407-1;Multiactiva sin seccion de ahorro;BOLÍVAR;CARTAGENA DE INDIAS;EDIF.CONCASA PISO 6 OF.604;6644748;24;Servicios de credito;WILMAN DIAZ CALDERA;coomulmelany33@yahoo.es;3
770;ATLÁNTICO;BARRANQUILLA;SI;;;NO;2019-12-31;15598;12/31/2019 05:00:00 PM;DICIEMBRE;2019;COOPERATIVA MULTIACTIVA MERKASEO;COOMULMERK;901-276-855-3;Multiactiva sin seccion de ahorro;ATLÁNTICO;BARRANQUILLA;CRA 2G 49F25;;12;Consumo (comercio);YANITH DEL CARMEN DIAZ SEPULVEDA;merkaseo@outlook.com;3
771;NORTE DE SANTANDER;SAN JOSE DE CUCUTA;SI;;;NO;2023-06-30;16083;06/30/2023 05:00:00 PM;JUNIO;2023;COOPERATIVA MULTIACTIVA MINERO ENERGETICA DEL CATATUMBO;COOMINEC;901-283-945-7;Multiactiva sin seccion de ahorro;NORTE DE SANTANDER;SAN JOSÉ DE CÚCUTA;AV 4 11 17 OF 501 EDIFICIO BENHUR;;8;Mineria;;coominec@gmail.com;3
772;BOLÍVAR;CARTAGENA DE INDIAS;SI;;;NO;2021-12-31;15937;12/31/2021 05:00:00 PM;DICIEMBRE;2021;COOPERATIVA MULTIACTIVA MONTES DE MARIA;EMMCOOP;901-232-768-1;Multiactiva sin seccion de ahorro;BOLÍVAR;CARTAGENA DE INDIAS;CRA 43 A 18 48 BARRIO ABAJO;;4;Agricola;;mariaejaraba2012@hotmail.com;3
773;NORTE DE SANTANDER;EL TARRA;SI;;;NO;2023-12-31;16226;12/31/2023 05:00:00 PM;DICIEMBRE;2023;COOPERATIVA MULTIACTIVA MUJERES EMPRENDEDORAS DEL LIBANO EL TARRA;COOMELT;901-691-603-3;Multiactiva sin seccion de ahorro;NORTE DE SANTANDER;EL TARRA;CA KDX 93 1;;12;Consumo (comercio);;luzmery8820@gmail.com;3
774;ATLÁNTICO;BARRANQUILLA;SI;;;NO;2023-12-31;15945;12/31/2023 05:00:00 PM;DICIEMBRE;2023;COOPERATIVA MULTIACTIVA NACIONAL DE DESARROLLO SOCIAL;COONALSOCIAL;900-964-508-0;Multiactiva sin seccion de ahorro;ATLÁNTICO;BARRANQUILLA;CR 42 33 30 OF 5 C;3411857;12;Consumo (comercio);;coonalsocialgerencia@gmail.com;3
775;NORTE DE SANTANDER;OCANA;SI;;;NO;2024-12-31;16647;12/31/2024 12:00:00 AM;DICIEMBRE;2024;COOPERATIVA MULTIACTIVA NUEVA GENERACION DE PRODUCTORES AGROPECUARIOS DE OCA??A;COAGROCA??A;901-852-670-9;Multiactiva sin seccion de ahorro;NORTE DE SANTANDER;OCAÑA;CLL 12 # 7 -25 BRR CEMENTERIO CENTRAL;;4;Agricola;MAYRA ALEJANDRA ANGARITA CORONEL;coagroocanacomercial@gmail.com;3
776;NORTE DE SANTANDER;CONVENCION;SI;;;NO;2022-06-30;15784;06/30/2022 05:00:00 PM;JUNIO;2022;COOPERATIVA MULTIACTIVA ORGANIZADA PARA EL PROGRESO Y LA UNIDAD DEL CHAMBACU;COOPUCH;901-235-331-0;Multiactiva sin seccion de ahorro;NORTE DE SANTANDER;CONVENCIÓN;CALLE 5 16 11;;99;Otras actividades;;coopuch@gmail.com;3
777;ANTIOQUIA;MEDELLIN;SI;;;NO;2024-12-31;16248;12/31/2024 12:00:00 AM;DICIEMBRE;2024;COOPERATIVA MULTIACTIVA PARA EL DESAROLLO SOCIAL Y SOSTENIBLE;COOMUDESS;901-498-093-0;Multiactiva sin seccion de ahorro;ANTIOQUIA;MEDELLÍN;CALLE 80 - 80;;99;Otras actividades;CRISTIAN GUEVARA;coomudess@gmail.com;3
778;ANTIOQUIA;ANORI;SI;;;NO;2024-12-31;16089;12/31/2024 12:00:00 AM;DICIEMBRE;2024;COOPERATIVA MULTIACTIVA PARA EL DESARROLLO ECONOMICO Y SOCIAL DEL NORTE DE ANTIOQUIA;COOMULDESNA;901-144-011-8;Multiactiva sin seccion de ahorro;ANTIOQUIA;ANORÍ;VEREDE LA PLANCHA;;99;Otras actividades;YOHN ALBERTO MONTOYA MONTOYA;coomuldesna@gmail.com;3
779;ANTIOQUIA;CAUCASIA;SI;;;NO;2022-06-30;16090;06/30/2022 05:00:00 PM;JUNIO;2022;COOPERATIVA MULTIACTIVA PARA EL DESARROLLO INDUSTRIAL AGROPECUARIO DEL BAJO CAUCA;DIA;901-557-523-1;Multiactiva sin seccion de ahorro;ANTIOQUIA;CAUCASIA;CALLE 30 20 42;;4;Agricola;;cooperativadia2020@gmail.com;3
780;BOLÍVAR;SAN JACINTO;SI;;;NO;2024-12-31;16300;12/31/2024 12:00:00 AM;DICIEMBRE;2024;COOPERATIVA MULTIACTIVA PARA EL DESARROLLO INTEGRAL DE LOS MONTES DE MARIA;COOMULDIM;901-361-956-2;Multiactiva sin seccion de ahorro;BOLÍVAR;SAN JACINTO;CRA 38 BR 18 DE OCT;;99;Otras actividades;RAFAEL GUSTAVO RUIZ CARBAL;coomuldim@gmail.com;3
781;ATLÁNTICO;BARRANQUILLA;SI;;;NO;2023-12-31;11809;12/31/2023 05:00:00 PM;DICIEMBRE;2023;COOPERATIVA MULTIACTIVA PARA EL DESARROLLO MICROEMPRESARIALES;COORODART;900-198-737-4;Multiactiva sin seccion de ahorro;ATLÁNTICO;BARRANQUILLA;CRA 44 NO. 41-30 OFICINA 202;;99;Otras actividades;JOSE RODRIGUEZ CASTRO;coorodart@hotmail.com;3
782;ATLÁNTICO;BARRANQUILLA;SI;;;NO;2023-12-31;15474;12/31/2023 05:00:00 PM;DICIEMBRE;2023;COOPERATIVA MULTIACTIVA PARA EL EMPRENDIMIENTO LABORAL EMPRESARIAL Y SOCIAL;COOMUEMLABORAL;901-244-484-7;Multiactiva sin seccion de ahorro;ATLÁNTICO;BARRANQUILLA;CL 44  43  109 OF 511;3311786;99;Otras actividades;;coomuemlaboral@hotmail.com;3
783;ANTIOQUIA;REMEDIOS;SI;;;NO;2024-12-31;16157;12/31/2024 12:00:00 AM;DICIEMBRE;2024;COOPERATIVA MULTIACTIVA PARA EL PROGRESO DEL NORDESTE ANTIOQUE??O;COOMUPRON;901-137-460-2;Aportes y credito;ANTIOQUIA;REMEDIOS;FINCA LAS CLARAS VEREDA CARRIZAL;;4;Agricola;PEDRO TRUJILLO HERNANDEZ;coomupron@gmail.com;3
784;ATLÁNTICO;BARRANQUILLA;SI;;;NO;2022-12-31;13841;12/31/2022 05:00:00 PM;DICIEMBRE;2022;COOPERATIVA MULTIACTIVA PARA LA SUPERACION Y EL DESARROLLO COLECTIVO;SUDECOOP;900-705-680-1;Multiactiva sin seccion de ahorro;ATLÁNTICO;BARRANQUILLA;CR 59 66 86;;24;Servicios de credito;MARCO ANDRES DUQUE AGUILERA;sudecoop@gmail.com;3
785;NORTE DE SANTANDER;SAN JOSE DE CUCUTA;SI;;;NO;2022-12-31;3272;12/31/2022 05:00:00 PM;DICIEMBRE;2022;COOPERATIVA MULTIACTIVA PARA LOS DOCENTES COLOMBIANOS LTDA;COMULDOCOL;807-001-028-8;Multiactiva sin seccion de ahorro;NORTE DE SANTANDER;SAN JOSÉ DE CÚCUTA;AVENIDA 5 #9-58 OFICINA 209 EDIFICIO MUTUO AUXILIO;;24;Servicios de credito;LUZ KARIME PALENCIA ESPINEL;comuldocoltesoreria@gmail.com;3
786;ANTIOQUIA;PENOL;SI;;;NO;2024-06-30;13540;06/30/2024 12:00:00 AM;JUNIO;2024;COOPERATIVA MULTIACTIVA PENOL ARCESIO BOTERO;COOMPAB;900-529-142-4;Multiactiva sin seccion de ahorro;ANTIOQUIA;PEÑOL;EDIFICIO LA MILAGRO P 4;8515342;13;Industria;LUIS GUILLERMO CIRO VERGARA;contabilidad@coompab.com.co;3
787;ANTIOQUIA;CALDAS;SI;;;NO;2018-12-31;11847;12/31/2018 05:00:00 PM;DICIEMBRE;2018;COOPERATIVA MULTIACTIVA PENSAR TRANSPORTADORES;COOPENSAR TRANS;900-218-488-2;Multiactiva sin seccion de ahorro;ANTIOQUIA;CALDAS;CRA 50 160 SUR 78 PRIMAVERA;3386378;99;Otras actividades;MARIBEL LOPEZ CASTRILLON;coopensartrans@hotmail.com;3
788;ATLÁNTICO;BARRANQUILLA;SI;;;NO;2021-06-30;10706;06/30/2021 05:00:00 PM;JUNIO;2021;COOPERATIVA MULTIACTIVA PRESTADORA DE SERVICIOS;COOMULTIPRESS;830-506-946-6;Multiactiva sin seccion de ahorro;ATLÁNTICO;BARRANQUILLA;CL 39 43 123  PISO 2 OF A4;;99;Otras actividades;YOVANNY ARMANDO CARDONA OROZCO;coomultipress@hotmail.com;3
789;ATLÁNTICO;BARRANQUILLA;SI;;;NO;2022-12-31;15953;12/31/2022 05:00:00 PM;DICIEMBRE;2022;COOPERATIVA MULTIACTIVA PRESTADORA DE SERVICIOS CREDITOS SUPERIOR;COOPCREDITOSUPERIOR;901-490-280-5;Multiactiva sin seccion de ahorro;ATLÁNTICO;BARRANQUILLA;CALLE 39 # 41 - 84;;99;Otras actividades;INGIRD LILIANA GUALTERO TORRES;coopcreditosuperior@gmail.com;3
790;ATLÁNTICO;BARRANQUILLA;SI;;;NO;2018-06-30;15417;06/30/2018 05:00:00 PM;JUNIO;2018;COOPERATIVA MULTIACTIVA PRESTADORA DE SERVICIOS NACIONALES;COOPSENAL;900-415-942-1;Multiactiva sin seccion de ahorro;ATLÁNTICO;BARRANQUILLA;CALLE 78 NO. 55-100 OF 6C;3459089;99;Otras actividades;FELISA DE JESUS GOMEZ DE GUEVARA;coopse2018@gmail.com;3
791;NORTE DE SANTANDER;EL TARRA;SI;;;NO;2023-12-31;16221;12/31/2023 05:00:00 PM;DICIEMBRE;2023;COOPERATIVA MULTIACTIVA PRODUCTORES DE HORTALIZAS Y FRUTAS DEL CATATUMBO;COOPROHORCAT;901-691-849-8;Multiactiva sin seccion de ahorro;NORTE DE SANTANDER;EL TARRA;CA KDX 87 VEREDA TARRA SUR;;4;Agricola;;felixvack@gmail.com;3
792;ATLÁNTICO;BARRANQUILLA;SI;;;NO;2022-06-30;15650;06/30/2022 05:00:00 PM;JUNIO;2022;COOPERATIVA MULTIACTIVA RECIMAXI;COORECIMAX;901-248-946-6;Multiactiva sin seccion de ahorro;ATLÁNTICO;BARRANQUILLA;C L 110 B 17 A 93;3004348;19;Aseo mantenimiento y reciclaje;ANGELO ENRIQUE FERRO DIAZ;cooperativamultiactivarecimaxi@hotmail.com;3
793;ANTIOQUIA;MARINILLA;SI;;;NO;2024-06-30;15737;06/30/2024 12:00:00 AM;JUNIO;2024;COOPERATIVA MULTIACTIVA REVIVIR COOMUN;COOMUN;901-209-760-7;Multiactiva sin seccion de ahorro;ANTIOQUIA;MARINILLA;CLL 29 A 4028;;12;Consumo (comercio);WILMAN HERNAN SERNA LOPEZ;coomuncoperativa@gmail.com;3
794;ATLÁNTICO;BARRANQUILLA;SI;;;NO;2024-12-31;12041;12/31/2024 12:00:00 AM;DICIEMBRE;2024;COOPERATIVA MULTIACTIVA ROSSMAR COOROSSMAR;COOROSSMAR;900-019-098-1;Multiactiva sin seccion de ahorro;ATLÁNTICO;BARRANQUILLA;CALLE 39  43 59 P2;3404487;99;Otras actividades;HILLER JUAN FRUTO CORRALES;coorossmarbq@hotmail.com;3
795;ANTIOQUIA;ITAGUI;SI;;;NO;2023-12-31;10356;12/31/2023 05:00:00 PM;DICIEMBRE;2023;COOPERATIVA MULTIACTIVA SAN JUAN;COOP SAN JUAN;900-028-292-0;Multiactiva sin seccion de ahorro;ANTIOQUIA;ITAGÜÍ;CRA 48 85-220;3610423;12;Consumo (comercio);GERMAN ALEXANDER VELEZ OROZCO;administracion@cosanjuan.com;3
796;ATLÁNTICO;BARRANQUILLA;SI;;;NO;2023-12-31;15905;12/31/2023 05:00:00 PM;DICIEMBRE;2023;COOPERATIVA MULTIACTIVA SOLIDARIA DE CREDITO Y SERVICIOS PARA EL FUTURO;FUTURCOOM;901-466-330-4;Multiactiva sin seccion de ahorro;ATLÁNTICO;BARRANQUILLA;CL 39 43 123 OF 6 G P 8 ED LAS FLORES;;24;Servicios de credito;;futurcoom@gmail.com;3
797;NORTE DE SANTANDER;EL TARRA;SI;;;NO;2025-06-30;15790;06/30/2025 05:00:00 PM;JUNIO;2025;COOPERATIVA MULTIACTIVA SOLIDARIA LA CAMPANA;COOMUSOLCAM;901-254-386-6;Multiactiva sin seccion de ahorro;NORTE DE SANTANDER;EL TARRA;VEREDA LA CAMPANA;;99;Otras actividades;JUAN DAVID BARRIENTOS;coomusolcam@gmail.com;3
798;ATLÁNTICO;BARRANQUILLA;SI;;;NO;2022-06-30;15577;06/30/2022 05:00:00 PM;JUNIO;2022;COOPERATIVA MULTIACTIVA SOLUCIONES MATERIALES;COOSOMA;901-172-622-7;Especializada sin seccion de ahorro;ATLÁNTICO;BARRANQUILLA;TRANS 3 B 23 200 T1 OF 801;;99;Otras actividades;;coosoma@gmail.com;3
799;NORTE DE SANTANDER;CONVENCION;SI;;;NO;2022-06-30;15633;06/30/2022 05:00:00 PM;JUNIO;2022;COOPERATIVA MULTIACTIVA UNIDA DE MESA RICA Y CAROLINA;COOUMERICAR;901-235-099-6;Multiactiva sin seccion de ahorro;NORTE DE SANTANDER;CONVENCIÓN;CARRERA 14 14A 22;;99;Otras actividades;;camilanavarro33@hotmail.com;3
800;ATLÁNTICO;BARRANQUILLA;SI;;;NO;2021-06-30;13267;06/30/2021 05:00:00 PM;JUNIO;2021;COOPERATIVA MULTIACTIVA UNION DE ASESORES;COOUNION;900-364-951-6;Multiactiva sin seccion de ahorro;ATLÁNTICO;BARRANQUILLA;CRA 44 38 11;3708763;99;Otras actividades;SANDRA REGINA NAVARRO NAVARRO;coounionc@gmail.com;3
801;ANTIOQUIA;MEDELLIN;SI;;;NO;2022-06-30;15946;06/30/2022 05:00:00 PM;JUNIO;2022;COOPERATIVA MULTIACTIVA UNISERVIANTIOQUIA;UNISERVIANTIOQUIA;901-426-323-1;Multiactiva sin seccion de ahorro;ANTIOQUIA;MEDELLÍN;CARRERA 49 52 61 EDIFICIO TEQUENDAMA;5741390;99;Otras actividades;DANIELA GIRALDO LARREA;uniserviantioquia@gmail.com;3
802;ATLÁNTICO;BARRANQUILLA;SI;;;NO;2024-12-31;10070;12/31/2024 12:00:00 AM;DICIEMBRE;2024;COOPERATIVA MULTIACTIVA VENGACOOP;VENGACOOP;900-015-322-7;Multiactiva sin seccion de ahorro;ATLÁNTICO;BARRANQUILLA;CL 38 41 110 OF 201;3791166;99;Otras actividades;JUAN CARLOS HERNANDEZ BURGOS;coopconfyprog@gmail.com;3
803;ATLÁNTICO;BARRANQUILLA;SI;;;NO;2025-06-30;13263;06/30/2025 05:00:00 PM;JUNIO;2025;COOPERATIVA MULTIACTIVA VISION DEL CARIBE;COOPVICAR;900-481-352-5;Multiactiva sin seccion de ahorro;ATLÁNTICO;BARRANQUILLA;CRA 40 NO 38 - 26;3200660;24;Servicios de credito;CARLOS ENRIQUE ROJAS AVILA;coopvicar@gmail.com;3
804;ATLÁNTICO;BARRANQUILLA;SI;;;NO;2020-06-30;15008;06/30/2020 05:00:00 PM;JUNIO;2020;COOPERATIVA MULTIACTIVA Y EMPRESARIAL DEL CARIBE;COOMULTIEMPRES;900-607-644-4;Multiactiva sin seccion de ahorro;ATLÁNTICO;BARRANQUILLA;CALLE 60 NO. 46-55;3608519;99;Otras actividades;ANTONIO PIRELA SANTAMARIA;coomultiempresdcaribe@gmail.com;3
805;ATLÁNTICO;BARRANQUILLA;SI;;;NO;2017-12-31;11564;12/31/2017 05:00:00 PM;DICIEMBRE;2017;COOPERATIVA NACIONA EXEQUIAL PARA LA PAZ;COORPAZ;900-081-546-0;Multiactiva sin seccion de ahorro;ATLÁNTICO;BARRANQUILLA;CL 34 42 28 OF 5C;;12;Consumo (comercio);GIL ALBERTO MOLNA ANDRADE;coorpaz@hotmail.com;3
806;ATLÁNTICO;BARRANQUILLA;SI;;;NO;2021-06-30;12551;06/30/2021 05:00:00 PM;JUNIO;2021;COOPERATIVA NACIONAL DE GESTION EJECUCION DE OBRAS Y SERVICIOS SOLIDARIOS;COONALGESS;900-278-194-9;Multiactiva sin seccion de ahorro;ATLÁNTICO;BARRANQUILLA;CRA 44 41 30 PISO 2 OF 4;3418624;99;Otras actividades;ALICIA SOFIA OLMOS DE LA CRUZ;coonalges@hotmail.com;3
807;CUNDINAMARCA;SOACHA;SI;;;NO;2018-06-30;15235;06/30/2018 05:00:00 PM;JUNIO;2018;COOPERATIVA NACIONAL DE LA COMUNIDAD EDUCATIVA COONACE;COONACE;900-106-388-3;Multiactiva sin seccion de ahorro;CUNDINAMARCA;SOACHA;CR 9 NO. 12 40;7323785;9;Educacion;JORGE ELIECER GARZON LOSADA;garzon_coonace@yahoo.es;3
808;CUNDINAMARCA;GIRARDOT;SI;;;NO;2018-06-30;15042;06/30/2018 05:00:00 PM;JUNIO;2018;COOPERATIVA NACIONAL DE PENSIONADOS FERROVIARIOS;COTERPEN;900-622-870-5;Especializada sin seccion de ahorro;CUNDINAMARCA;GIRARDOT;CLL 15 NO 14-01;8355526;99;Otras actividades;VICTOR MANUEL SALAMANCA SILVA;gamadelta5@hotmail.com;3
809;ANTIOQUIA;MEDELLIN;SI;;;NO;2022-12-31;5332;12/31/2022 05:00:00 PM;DICIEMBRE;2022;COOPERATIVA NACIONAL DE VENTAS Y COMERCIO;COONAVENCO LTDA;830-077-416-2;Multiactiva sin seccion de ahorro;ANTIOQUIA;MEDELLÍN;CRA 50 48 53;7943447;24;Servicios de credito;NINFA GABRIELA GARCIA ARGUELLO;coonavenco2012@yahoo.com;3
810;ATLÁNTICO;BARRANQUILLA;SI;;;NO;2024-12-31;9943;12/31/2024 12:00:00 AM;DICIEMBRE;2024;COOPERATIVA NACIONAL EXEQUIAL LOS ANGELES;COONANGELES;830-511-306-2;Multiactiva sin seccion de ahorro;ATLÁNTICO;BARRANQUILLA;Calle 40 Nro.41-134 Piso 2 Oficina 206;3407198;14;Servicios funerarios;ZOILA ROSA BARRAZA CAMACHO;coonangeles@yahoo.com;3
811;NORTE DE SANTANDER;OCANA;SI;;;NO;2021-12-31;16597;12/31/2021 05:00:00 PM;DICIEMBRE;2021;COOPERATIVA OCA??ERA MULTIACTIVA DE CONFECCIONES;COOMULCONFEC;901-535-271-4;;NORTE DE SANTANDER;OCAÑA;KDX 338 - 200 EL MOLINO;;99;Otras actividades;;glatoacosta@gmail.com;3
812;NORTE DE SANTANDER;CACOTA;SI;;;NO;2024-12-31;9472;12/31/2024 12:00:00 AM;DICIEMBRE;2024;COOPERATIVA PANAMERICANA DE CACOTA;PANAMCACOOP;807-009-131-5;Cooperativas de trabajo asociado;NORTE DE SANTANDER;CÁCOTA;KDX 17 VEREDA LICALICUA FINCA SANTA ANA;;16;Obras publicas;FELIX JULIO ISIDRO;panamcacoop-cta@hotmail.com;3
813;ANTIOQUIA;VENECIA;SI;;;NO;2023-12-31;16063;12/31/2023 05:00:00 PM;DICIEMBRE;2023;COOPERATIVA PARA EL DESARROLLO INTEGRAL Y ABASTECIMIENTO DEL SUROESTE ANTIOQUE??O;DIA SUROESTE;901-587-472-0;Multiactiva sin seccion de ahorro;ANTIOQUIA;VENECIA;CORREGIMIENTO DE BOLOMBOLO ANTIGUA ESTACION;;4;Agricola;;diasuroeste@outlook.com;3
814;CUNDINAMARCA;AGUA DE DIOS;SI;;;NO;2020-06-30;15592;06/30/2020 05:00:00 PM;JUNIO;2020;COOPERATIVA PARA EL FUTURO;COOPFUTUROSS;901-083-422-9;Multiactiva sin seccion de ahorro;CUNDINAMARCA;AGUA DE DIOS;CRA 14 B 31 D 15 SUR;;99;Otras actividades;JOHNN BRENNER LONDO?O GARZON;coopfuturoalfa@gmail.com;3
815;ANTIOQUIA;MEDELLIN;SI;;;NO;2024-06-30;15926;06/30/2024 12:00:00 AM;JUNIO;2024;COOPERATIVA PARA LOS EXPOSTADORES Y PRODUCTORES DE CAFE;COEXPROCAFE;901-302-265-1;Multiactiva sin seccion de ahorro;ANTIOQUIA;MEDELLÍN;CR 84 # 34 B 88 OF 101;5176915;4;Agricola;JORGE EDUARDO MONTOYA GUZMAN;coexprocafecop@gmail.com;3
816;CUNDINAMARCA;ZIPAQUIRA;SI;;;NO;2018-06-30;813;06/30/2018 05:00:00 PM;JUNIO;2018;COOPERATIVA POPULAR DE ZIPAQUIR??;ZIPACOOP;860-451-875-2;Multiactiva sin seccion de ahorro;CUNDINAMARCA;ZIPAQUIRÁ;CALLE 4 N 9-42;8522255;24;Servicios de credito;LUIS ALVARO BUITRAGO BARRERA;zipacoop_2@gmail.com;3
817;NORTE DE SANTANDER;TOLEDO;SI;;;NO;2023-12-31;16183;12/31/2023 05:00:00 PM;DICIEMBRE;2023;COOPERATIVA PROCESADORA Y COMERCIALIZADORA DE ALIMENTOS COOPGOURMEATS;COOPGOURMEATS;901-691-950-4;Especializada sin seccion de ahorro;NORTE DE SANTANDER;TOLEDO;CORREGIMIENTO DE GIBRALTAR;;12;Consumo (comercio);;coopgourmeats@gmail.com;3
818;ATLÁNTICO;BARRANQUILLA;SI;;;NO;2017-12-31;13097;12/31/2017 05:00:00 PM;DICIEMBRE;2017;COOPERATIVA PROMOTORA DE SERVICIOS DEL CARIBE;COOPROSER;900-442-718-0;Multiactiva sin seccion de ahorro;ATLÁNTICO;BARRANQUILLA;Calle 34 42 28 Oficina C1;3406282;12;Consumo (comercio);MIGUEL OSPINO FONSECA;cooproser@hotmail.com;3
819;ANTIOQUIA;MEDELLIN;SI;;;NO;2017-12-31;15337;12/31/2017 05:00:00 PM;DICIEMBRE;2017;COOPERATIVA SACHACOLOMBIA;COOPERATIVA SACHACOLOMBIA;900-872-277-9;Multiactiva sin seccion de ahorro;ANTIOQUIA;MEDELLÍN;CRA 89 N 32 C 12;7036574;4;Agricola;MIREYA ANDREA PORRAS CARDENAS;cooperativasachacolombia@gmail.com;3
820;ATLÁNTICO;BARRANQUILLA;SI;;;NO;2024-12-31;12957;12/31/2024 12:00:00 AM;DICIEMBRE;2024;COOPERATIVA SOCIAL E INTEGRAL COLOMBIANA;SOLINCOOP;830-514-865-1;Multiactiva sin seccion de ahorro;ATLÁNTICO;BARRANQUILLA;CALLE 37 43 91 OFI 208;3700578;99;Otras actividades;YADIRA ROSA POLO MANTILLA;gerencia@solincoop.com;3
821;ATLÁNTICO;BARRANQUILLA;SI;;;NO;2023-12-31;11842;12/31/2023 05:00:00 PM;DICIEMBRE;2023;COOPERATIVA SOLIDARIA DE LA COSTA;COOPSOLIDARIA;900-237-194-3;Multiactiva sin seccion de ahorro;ATLÁNTICO;BARRANQUILLA;CALLE 42 41 - 118;;24;Servicios de credito;ROBERTO CARLOS TROCHA SANCHEZ;coopsolidaria@hotmail.com;3
822;BOLÍVAR;CARTAGENA DE INDIAS;SI;;;NO;2022-12-31;12543;12/31/2022 05:00:00 PM;DICIEMBRE;2022;COOPERATIVA TELEPOSTAL DE CARTAGENA LTDA;COOTELEPOSTAL;890-480-770-0;Especializada sin seccion de ahorro;BOLÍVAR;CARTAGENA DE INDIAS;GETSEMANI CL 2DA LA MAGDALENA;6640790;12;Consumo (comercio);ENRIQUE SALAZAR PI??A;rubendb32@hotmail.com;3
823;CUNDINAMARCA;SOPO;SI;;;NO;2019-12-31;4101;12/31/2019 05:00:00 PM;DICIEMBRE;2019;COOPERATIVA UNIDOS DE ORIENTE C.T.A;UNIDOS DE ORIENTE;800-014-479-7;Cooperativas de trabajo asociado;CUNDINAMARCA;SOPÓ;KM 21 VIA A VILLAVICENCIO;3115305;16;Obras publicas;DANIEL ARTURO BOCIGAS MORENO;unidosdeoriente2015@gmail.com;3
824;ATLÁNTICO;BARRANQUILLA;SI;;;NO;2021-12-31;13532;12/31/2021 05:00:00 PM;DICIEMBRE;2021;COOPERATIVA VALOR CONFIANZA;VALOR CONFIANZA;900-622-822-1;Integral sin seccion de ahorro;ATLÁNTICO;BARRANQUILLA;CALLE 39 # 43 33 OF 2;3874959;24;Servicios de credito;ANDRES ORDO?EZ PLATA;valoresconfianza@outlook.com;3
825;ATLÁNTICO;BARRANQUILLA;SI;;;NO;2017-06-30;15275;06/30/2017 05:00:00 PM;JUNIO;2017;COOPERATIVA VALOREN;VALOREN;900-974-098-5;Especializada sin seccion de ahorro;ATLÁNTICO;BARRANQUILLA;Calle 39 Carrera 41-28;3000000;24;Servicios de credito;LEONARDO LOPEZ ARIZA;info@valoren.com.co;3
826;ANTIOQUIA;BETULIA;SI;;;NO;2019-12-31;15524;12/31/2019 05:00:00 PM;DICIEMBRE;2019;COOPERATIVA VELMO;COOPVELMO;901-212-524-6;Multiactiva sin seccion de ahorro;ANTIOQUIA;BETULIA;CL 21 22 35;;12;Consumo (comercio);LEON JAIME BERMUDEZ HERRERA;coopvelmo@gmail.com;3
827;ATLÁNTICO;BARRANQUILLA;SI;;;NO;2022-12-31;15962;12/31/2022 05:00:00 PM;DICIEMBRE;2022;COOPERTIVA MULTIACTIVA CREDILIBRE BARRANQUILLA;COOPCREDILIBREBAQ;901-506-534-2;Multiactiva sin seccion de ahorro;ATLÁNTICO;BARRANQUILLA;CL 37 43-70;;99;Otras actividades;NATALIA ANDREA JARAMILLO CARCAMO;oficina37barranquilla@hotmail.com;3
828;ANTIOQUIA;MEDELLIN;SI;;;NO;2018-12-31;9642;12/31/2018 05:00:00 PM;DICIEMBRE;2018;CORTEJOS PRECOOPERATIVA DE TRABAJO ASOCIADO;CORTEJOS;900-033-861-1;Cooperativas de trabajo asociado;ANTIOQUIA;MEDELLÍN;LOS COLORES;4482359;14;Servicios funerarios;VLADIMIR VASQUEZ GOMEZ;cortejos@une.net.co;3
829;ANTIOQUIA;MEDELLIN;SI;;;NO;2018-06-30;15137;06/30/2018 05:00:00 PM;JUNIO;2018;CREER COOPERATIVA INTEGRAL;CREERCOOP;900-789-684-9;Multiactiva sin seccion de ahorro;ANTIOQUIA;MEDELLÍN;CL 52 47 28 OF 703;5117544;99;Otras actividades;ELIZABETH CRISTINA AGUDELO GOMEZ;creercoop@outlook.com;3
830;BOLÍVAR;CARTAGENA DE INDIAS;SI;;;NO;2024-12-31;2962;12/31/2024 12:00:00 AM;DICIEMBRE;2024;EMPRESA COOPERATIVA  DE  ARTICULOS  VARIOS   LTDA;EMCOOPAV;800-234-300-1;Multiactiva sin seccion de ahorro;BOLÍVAR;CARTAGENA DE INDIAS;CENTRO COMERCIAL UNO BARRIO CENTRO;6644377;12;Consumo (comercio);VICTOR ORTEGA TABORDA;emcopav@hotmail.com;3
831;CUNDINAMARCA;AGUA DE DIOS;SI;;;NO;2024-12-31;16533;12/31/2024 12:00:00 AM;DICIEMBRE;2024;FEDERACION DE ECONOMIA SOCIAL Y SOLIDARIA JUAN DE LA CRUZ VARELA;FEDERACION JUAN DE LA CRUZ VARELA;901-656-577-1;Multiactiva sin seccion de ahorro;CUNDINAMARCA;AGUA DE DIOS;VEREDA IBA??EZ FCA EL PARAISO;;99;Otras actividades;JOSE NICOLAS HURTADO BURITICA;federacion.juan.de.la.cruz@gmail.com;3
832;ANTIOQUIA;MEDELLIN;SI;;;NO;2020-06-30;11982;06/30/2020 05:00:00 PM;JUNIO;2020;INTERAMERICANA COOPERATIVA DE TRABAJO ASOCIADO;INTERAMERICNA CTA;900-018-755-6;Cooperativas de trabajo asociado;ANTIOQUIA;MEDELLÍN;CALLE 21 NO 54-66;4619604;99;Otras actividades;YEIM STIVEN JARAMILLO;interamericana-cta@hotmail.com;3
833;ANTIOQUIA;MEDELLIN;SI;;;NO;2020-12-31;15923;12/31/2020 05:00:00 PM;DICIEMBRE;2020;LA COOPERATIVA DE LOS CONDUCTORES;COOPERDRYVE;901-382-782-8;Multiactiva sin seccion de ahorro;ANTIOQUIA;MEDELLÍN;CL 40 45 32;;99;Otras actividades;;garciasilvadamaris@gmail.com;3
834;ANTIOQUIA;MARINILLA;SI;;;NO;2020-06-30;15676;06/30/2020 05:00:00 PM;JUNIO;2020;LA COOPERATIVA MULTIACTIVA REDES DE EMPRENDIMIENTO SOLIDARIO;COOREDESOL;901-356-807-3;Multiactiva sin seccion de ahorro;ANTIOQUIA;MARINILLA;CL 26 CR E -58;5480680;11;Transporte;Ever Dario Echavarria Taborda;coopredesol@gmail.com;3
835;CUNDINAMARCA;MOSQUERA;SI;;;NO;2024-07-31;16364;07/31/2024 12:00:00 AM;JULIO;2024;LESAX - RESOURCES EMPRESA ASOCIATIVA DE TRABAJO;LESAX;901-743-661-5;Cooperativas de trabajo asociado;CUNDINAMARCA;MOSQUERA;CRA 1 NUMERO 2-57 PISO 2;8291737;99;Otras actividades;;lexasresources@gmail.com;3
836;ANTIOQUIA;MEDELLIN;SI;;;NO;2019-12-31;15342;12/31/2019 05:00:00 PM;DICIEMBRE;2019;LOGYCOO COOPERATIVA MULTIACTIVA;LOGYCOO;901-093-698-7;Multiactiva sin seccion de ahorro;ANTIOQUIA;MEDELLÍN;CR 49 52 170 OF 1203;6042380;99;Otras actividades;PEDRO MANUEL MESTRA MONTES;administracion@coodesival.com.co;3
837;CUNDINAMARCA;CHIA;SI;;;NO;2023-06-30;15913;06/30/2023 05:00:00 PM;JUNIO;2023;OMAC COOPERATIVA MULTIACTIVA;OMAC;901-513-239-3;Cooperativas de trabajo asociado;CUNDINAMARCA;CHÍA;CARRERA 2 #3-29;;4;Agricola;;omagroempresariaschia@gmail.com;3
838;CUNDINAMARCA;SILVANIA;SI;;;NO;2025-06-30;15974;06/30/2025 05:00:00 PM;JUNIO;2025;PRE COOPERATIVA EL NAHUAL  COHI  TIERRA AGUA TIERRA BOSQUE;EL NAHUAL  TA TB;901-435-180-3;Multiactiva sin seccion de ahorro;CUNDINAMARCA;SILVANIA;VEREDA AZAFRANAL SC SIMON BOLIVAR LOTE 11;;4;Agricola;MARIA CRISTINA MARIN JIMENEZ;marinjmariacris@gmail.com;3
839;ANTIOQUIA;MEDELLIN;SI;;;SI;2025-12-31;16700;12/31/2025 05:00:00 PM;DICIEMBRE;2025;Precooperativa comercial de Antioquia;;901-961-226-9;Precooperativas;ANTIOQUIA;MEDELLÍN;Calle 8b # 65 - 191 Oficina 541;3142521493;8;Mineria;;precoomantioquia@gmail.com;3
840;CUNDINAMARCA;GIRARDOT;SI;;;NO;2022-12-31;10038;12/31/2022 05:00:00 PM;DICIEMBRE;2022;PRECOOPERATIVA COMERCIALIZADORA DE CAFE;ROCAFE LTDA;900-026-537-0;Especializada sin seccion de ahorro;CUNDINAMARCA;GIRARDOT;CL 35 7 94 BRR ROSA BLANCA;;4;Agricola;EDGRA ERNENESTO ROMERO SABOGAL;rocafegirardot@gmail.com;3
841;ATLÁNTICO;BARRANQUILLA;SI;;;NO;2018-06-30;10579;06/30/2018 05:00:00 PM;JUNIO;2018;PRECOOPERATIVA DE SERVICIOS EMPRESARIALES;COOEMPRESARIALES;900-058-517-0;Cooperativas de trabajo asociado;ATLÁNTICO;BARRANQUILLA;CRA  51B FRENTE CEM JARD DEL RCDO LC 2;3548181;99;Otras actividades;OSCAR TARUD JAAR;cooempresarial@gmail.com;3
842;ATLÁNTICO;BARRANQUILLA;SI;;;NO;2021-12-31;7687;12/31/2021 05:00:00 PM;DICIEMBRE;2021;PRECOOPERATIVA DE TRABAJO ASOCIADO DE COMFAMILIAR;PRECOMFA;802-020-869-8;Cooperativas de trabajo asociado;ATLÁNTICO;BARRANQUILLA;CL 47 43-57 P2;3406152;99;Otras actividades;JESUS RAFAEL BARRAGAN BAYONA;precomfa@comfamiliar.com;3
843;ANTIOQUIA;MEDELLIN;SI;;;NO;2024-06-30;6543;06/30/2024 12:00:00 AM;JUNIO;2024;PRECOOPERATIVA DE TRABAJO ASOCIADO PROMOVER;PROMOVER;811-014-783-1;Cooperativas de trabajo asociado;ANTIOQUIA;MEDELLÍN;CRA 78 NRO 45 A -98;;99;Otras actividades;ADAN DE JESUS MONTOYA GALVEZ;promovercoopta@gmail.com;3
844;CUNDINAMARCA;SUBACHOQUE;SI;;;NO;2022-12-31;15924;12/31/2022 05:00:00 PM;DICIEMBRE;2022;PRECOOPERATIVA DE TRABAJO ASOCIADO SERVICIOS COLABORATIVOS PARA EL DESARROLLO LOCA L - PRECOOPERATIVA SERVICOLAB;PRECOOPERATIVA SERVICOLAB;901-533-428-4;Cooperativas de trabajo asociado;CUNDINAMARCA;SUBACHOQUE;LA CALLE 3 NA? 2-62,;;99;Otras actividades;;julio.balcazar1@gmail.com;3
845;CUNDINAMARCA;COTA;SI;;;NO;2017-12-31;13129;12/31/2017 05:00:00 PM;DICIEMBRE;2017;PRECOOPERATIVA DE TRABAJO ASOCIADO TIERRA DE LABRANZA;PRECTA TIERRA DE LABRANZA;900-202-819-7;Cooperativas de trabajo asociado;CUNDINAMARCA;COTA;Autopista a MEDELLIN GL SIBERIA 500MT Via COTA;3353600;99;Otras actividades;ALINA ROMERO VARGAS;precta@gmail.com;3
846;ANTIOQUIA;MEDELLIN;SI;;;SI;2025-12-31;16699;12/31/2025 05:00:00 PM;DICIEMBRE;2025;PRECOOPERATIVA MERCANTIL DE COLOMBIA;;901-964-640-9;Precooperativas;ANTIOQUIA;MEDELLÍN;CALLE 8B  # 65 - 191 Oficina 540;3176420438;12;Consumo (comercio);;precomercantilco@gmail.com;3
847;ANTIOQUIA;CAUCASIA;SI;;;SI;2025-12-31;20087;12/31/2025 05:00:00 PM;DICIEMBRE;2025;PRECOOPERATIVA MHG GOLDEN METALS;;901-978-912-8;Precooperativas;ANTIOQUIA;CAUCASIA;CARRERA 2 # 17 - 27;;12;Consumo (comercio);;precogolden@gmail.com;3
848;ATLÁNTICO;BARRANQUILLA;SI;;;NO;2018-06-30;15335;06/30/2018 05:00:00 PM;JUNIO;2018;PRECOOPERATIVA MULTIACTIVA Y SERVICIOS CREDIFAM;CREDIFAMCOOP;900-939-231-0;Multiactiva sin seccion de ahorro;ATLÁNTICO;BARRANQUILLA;CRA 53 NO. 90B-42  APTO 601 T 8;3008692;99;Otras actividades;DORA MARTINEZ DE CASTRO;credifamcoop@hotmail.com;3
849;ATLÁNTICO;BARRANQUILLA;SI;;;NO;2017-12-31;13853;12/31/2017 05:00:00 PM;DICIEMBRE;2017;PRECOOPERATIVA SURTIABARROTES DEL CARIBE;SURTIABARROTES DEL CARIBE E.P.;900-653-802-7;Integral sin seccion de ahorro;ATLÁNTICO;BARRANQUILLA;CR 43B 6 109;3446478;12;Consumo (comercio);JOSE YESID OLIVERA CASALIN;contabilidad@surtiabarrotes.com;3
850;ANTIOQUIA;SAN CARLOS;SI;;;NO;2024-06-30;16011;06/30/2024 12:00:00 AM;JUNIO;2024;PRECOOPERATIVA VISION MUJER;VIMUR;901-133-030-0;Aportes y credito;ANTIOQUIA;SAN CARLOS;CL 19 18 71 PM;;4;Agricola;GLORIA AMPARO MORALES GARCIA;vimur2017@hotmail.com;3
851;ANTIOQUIA;MEDELLIN;SI;;;NO;2023-12-31;16130;12/31/2023 05:00:00 PM;DICIEMBRE;2023;PRECOOPERATIVS MINERA AMIGABLE DE COLOMBIA;MINACOL;901-611-100-9;Cooperativas de trabajo asociado;ANTIOQUIA;MEDELLÍN;CRA 2 N 22B 67 LC 1;3194529;8;Mineria;;preminacol02@gmail.com;3
852;ANTIOQUIA;MEDELLIN;SI;;;NO;2017-06-30;10622;06/30/2017 05:00:00 PM;JUNIO;2017;PRECOPERATIVA AGROPECUARIA DE ANTIOQUIA;PRECOOP;900-118-889-3;Multiactiva sin seccion de ahorro;ANTIOQUIA;MEDELLÍN;Calle 35 65 D 103 AP203;2659556;12;Consumo (comercio);GUSTAVO ADOLFO SANCHEZ G;tabares412@hotmail.com;3
853;ATLÁNTICO;BARRANQUILLA;SI;;;NO;2019-12-31;13416;12/31/2019 05:00:00 PM;DICIEMBRE;2019;SERVICIO NACIONAL COOPERATIVO;SERNALCOOP;900-549-665-1;Especializada sin seccion de ahorro;ATLÁNTICO;BARRANQUILLA;CL 72 N 41B 09 OF 506;3851889;24;Servicios de credito;JANILET DEL SOCORRO ARANGO NIEBLES;sernalcoop12@hotmail.com;3
854;ATLÁNTICO;BARRANQUILLA;SI;;;NO;2022-06-30;15307;06/30/2022 05:00:00 PM;JUNIO;2022;SERVICIOS INTEGRALES COOPERATIVO DEL CARIBE;SERINTECOOP;900-891-705-0;Multiactiva sin seccion de ahorro;ATLÁNTICO;BARRANQUILLA;CARRERA 53 68 180 OF 20;3198553;99;Otras actividades;ALBERT ENRIQUE CARDENAS FUENTES;serintecoop@hotmail.com;3
855;CUNDINAMARCA;SILVANIA;SI;;;NO;2023-12-31;16297;12/31/2023 05:00:00 PM;DICIEMBRE;2023;ZERATEMA PRECOPERATIVA MULTIACTIVA DE LA MUJER;COOPZERATEMA;901-723-472-4;Multiactiva sin seccion de ahorro;CUNDINAMARCA;SILVANIA;CALLE 1 NA?. 3-74;3108568;99;Otras actividades;LAURENTINA BAQUERO FELIPE;coopzeratema@gmail.com;3
