bd_ranking_tamano;bd_departamento;bd_municipio;bd_es_cooperativa;bd_activos_pesos;bd_fecha_activos;bd_reporta_actualmente;bd_ultimo_reporte;codentidad;fechaultirepo;mes;ano;nombreentidad;sigla;nit;nombretipo;departamento;municipio;direccion;telefono;codactividad;nombreactividad;representantelegal;correo;supervision
1;ANTIOQUIA;MEDELLIN;SI;;;SI;2026-07-31;1632;07/31/2026 05:00:00 PM;JULIO;2026;AVANCOP COOPERATIVA DE AHORRO Y CREDITO;AVANCOP;890-981-212-2;Especializada de ahorro y credito;ANTIOQUIA;MEDELLÍN;CRA 47 50 24 OF 704;5908704;1;Intermediacion financiera;YERLY TATIANA CIFUENTES TANGARIFE;administracion@avancop.co;1
2;ANTIOQUIA;MEDELLIN;SI;;;SI;2026-07-31;1615;07/31/2026 05:00:00 PM;JULIO;2026;COMFAMIGOS COOPERATIVA DE AHORRO Y CREDITO;COMFAMIGOS;890-982-409-0;Especializada de ahorro y credito;ANTIOQUIA;MEDELLÍN;CRA 43 ?49-58;4483594;1;Intermediacion financiera;ALEYDA MARIA RUIZ DUQUE;contabilidad@comfamigos.coop;1
3;ANTIOQUIA;ITAGUI;SI;;;SI;2026-07-31;1644;07/31/2026 05:00:00 PM;JULIO;2026;COOCERVUNION COOPERATIVA DE AHORRO Y CREDITO;COOCERVUNION;890-982-364-8;Especializada de ahorro y credito;ANTIOQUIA;ITAGÜÍ;CR 50 A # 37 34;4480396;1;Intermediacion financiera;LEIDY CRISTINA ACOSTA HINESTROZA;gerencia@coocervunion.com;1
4;ANTIOQUIA;BELLO;SI;;;SI;2026-07-31;4617;07/31/2026 05:00:00 PM;JULIO;2026;COOPANTEX COOPERATIVA DE AHORRO Y CREDITO;COOPANTEX;890-904-843-1;Especializada de ahorro y credito;ANTIOQUIA;BELLO;CRA 50 A # 37 31;4484884;1;Intermediacion financiera;Luis Herman Tirado Cadavid;jefecontabilidad@coopantex.coop;1
5;NORTE DE SANTANDER;SAN JOSE DE CUCUTA;SI;;;SI;2026-07-31;3292;07/31/2026 05:00:00 PM;JULIO;2026;COOPERATIVA AGROPECUARIA DEL NORTE DE SANTANDER;COAGRONORTE;890-500-571-9;Multiactiva sin seccion de ahorro;NORTE DE SANTANDER;SAN JOSÉ DE CÚCUTA;KM 8 VIA EL ZULIA;5784747;4;Agricola;GUILLERMO ALEXANDER INFANTE SANTOS;financiero@coagronorte.com.co;1
6;ANTIOQUIA;GOMEZ PLATA;SI;;;SI;2026-07-31;1756;07/31/2026 05:00:00 PM;JULIO;2026;COOPERATIVA AHORRO Y CREDITO GOMEZ PLATA LTDA.;COOGOMEZPLATA;890-985-772-3;Especializada de ahorro y credito;ANTIOQUIA;GÓMEZ PLATA;CRA51 50 17;6043376;1;Intermediacion financiera;NORELI ANDREA RESTREPO RUIZ;gerencia@coogomezplata.com;1
7;ANTIOQUIA;MEDELLIN;SI;;;SI;2026-07-31;1411;07/31/2026 05:00:00 PM;JULIO;2026;COOPERATIVA ANTIOQUEYA DE TRABAJADORES GRUPO CAFETERO;COOAGRUPO;890-985-172-4;Especializada de ahorro y credito;ANTIOQUIA;MEDELLÍN;CARRERA 80A  #32EE-72;4445834;1;Intermediacion financiera;KAREN JULIEDT ATEHORTUA RIVERA;somoscafe@coagrupo.com;1
8;ANTIOQUIA;MEDELLIN;SI;;;SI;2026-07-31;8487;07/31/2026 05:00:00 PM;JULIO;2026;COOPERATIVA BELEN AHORRO Y CREDITO;COBELEN;890-909-246-7;Especializada de ahorro y credito;ANTIOQUIA;MEDELLÍN;CALLE 30A 27 60;;1;Intermediacion financiera;MONICA JANETH AGUDELO BOLIVAR;contabilidad@cobelen.com;1
9;ANTIOQUIA;MEDELLIN;SI;;;SI;2026-07-31;1646;07/31/2026 05:00:00 PM;JULIO;2026;COOPERATIVA COLANTA;COLANTA;890-904-478-6;Multiactiva sin seccion de ahorro;ANTIOQUIA;MEDELLÍN;CALLE 74 #64A-51;4455555;13;Industria;SERGIO LEON GONZALEZ VILLA;carolinavz@colanta.com.co;1
10;ANTIOQUIA;MEDELLIN;SI;;;SI;2026-07-31;1363;07/31/2026 05:00:00 PM;JULIO;2026;COOPERATIVA CONSUMO;SUMEMOS COOP;890-901-172-4;Multiactiva sin seccion de ahorro;ANTIOQUIA;MEDELLÍN;CRA 81 32 204 OF 512;5804999;12;Consumo (comercio);GUILLERMO  LEON ARBOLEDA GOMEZ;tesoreria@sumemoscoop.com;1
11;NORTE DE SANTANDER;SAN JOSE DE CUCUTA;SI;;;SI;2026-07-31;11488;07/31/2026 05:00:00 PM;JULIO;2026;COOPERATIVA DE AHORRO Y CREDITO CAJA UNION;UNION COOPERATIVA;900-206-146-7;Especializada de ahorro y credito;NORTE DE SANTANDER;SAN JOSÉ DE CÚCUTA;AV 1 # 11-66 CENTRO;;1;Intermediacion financiera;WALTER EMILIO ROMERO CARRILLO;contacto@cajaunion.coop;1
12;ANTIOQUIA;MEDELLIN;SI;;;SI;2026-07-31;11128;07/31/2026 05:00:00 PM;JULIO;2026;COOPERATIVA DE AHORRO Y CREDITO COLANTA;AYC COLANTA;900-175-962-6;Especializada de ahorro y credito;ANTIOQUIA;MEDELLÍN;CARRERA 64 C NO 72-160 PISO 3;3220303;1;Intermediacion financiera;CAMILO BOTERO BOTERO;contabilidad@ayccolanta.com.co;1
13;ANTIOQUIA;MEDELLIN;SI;;;SI;2026-07-31;1442;07/31/2026 05:00:00 PM;JULIO;2026;COOPERATIVA DE AHORRO Y CREDITO COOSERVUNAL;COOSERVUNAL;890-984-981-1;Especializada de ahorro y credito;ANTIOQUIA;MEDELLÍN;CR 66 49B 20;6051844;1;Intermediacion financiera;MANUELA TORO ZAPATA;manuelat@cooservunal.coop;1
14;ANTIOQUIA;MEDELLIN;SI;;;SI;2026-07-31;1319;07/31/2026 05:00:00 PM;JULIO;2026;COOPERATIVA DE AHORRO Y CREDITO COOTRAMED;COOTRAMED;890-905-859-3;Especializada de ahorro y credito;ANTIOQUIA;MEDELLÍN;CR 54 40 A 26;4446111;1;Intermediacion financiera;JUAN GABRIEL ARCILA MONTOYA;info@cootramed.coop;1
15;ANTIOQUIA;MEDELLIN;SI;;;SI;2026-07-31;1512;07/31/2026 05:00:00 PM;JULIO;2026;COOPERATIVA DE AHORRO Y CREDITO COOYAMOR;COYAMOR;811-010-302-4;Especializada de ahorro y credito;ANTIOQUIA;MEDELLÍN;CL 34 43 66 OF 223;2320221;1;Intermediacion financiera;MARIA ISABEL GOMEZ OSSA;cooperativa@coyamor.com;1
16;ANTIOQUIA;GRANADA;SI;;;SI;2026-07-31;1390;07/31/2026 05:00:00 PM;JULIO;2026;COOPERATIVA DE AHORRO Y CREDITO CREAFAM;COOCREAFAM;800-201-989-3;Especializada de ahorro y credito;ANTIOQUIA;GRANADA;CL 21 BOLIVAR CR 21 54;2315009;1;Intermediacion financiera;MYRIAM SHIRLEY ARISTIZABAL LOPEZ;corporativo@creafam.coop;1
17;ANTIOQUIA;MEDELLIN;SI;;;SI;2026-07-31;1760;07/31/2026 05:00:00 PM;JULIO;2026;COOPERATIVA DE AHORRO Y CREDITO CREAR LTDA CREARCOP;CREARCOOP;890-981-459-4;Especializada de ahorro y credito;ANTIOQUIA;MEDELLÍN;CALLE 113 # 64 D 119;4613030;1;Intermediacion financiera;CARMEN JACINTA RAMIREZ ARISTIZABAL;gerencia@crearcoop.com;1
18;CUNDINAMARCA;CHIPAQUE;SI;;;SI;2026-07-31;912;07/31/2026 05:00:00 PM;JULIO;2026;COOPERATIVA DE AHORRO Y CREDITO DE CHIPAQUE;COOPCHIPAQUE;860-065-351-1;Especializada de ahorro y credito;CUNDINAMARCA;CHIPAQUE;CRA 4 #5-31;9184108;1;Intermediacion financiera;MAGDA GARIBELLO BARBOSA;coopchipaque@gmail.com;1
19;ANTIOQUIA;MEDELLIN;SI;;;SI;2026-07-31;1630;07/31/2026 05:00:00 PM;JULIO;2026;COOPERATIVA DE AHORRO Y CREDITO DE EMPLEADOS DEL SECTOR FINANCIERO;COOEBAN;800-023-773-6;Especializada de ahorro y credito;ANTIOQUIA;MEDELLÍN;CALLE 51 # 48-09;6044809;1;Intermediacion financiera;HENRY VELEZ OSORIO;gerencia@cooeban.com.co;1
20;ANTIOQUIA;ENTRERRIOS;SI;;;SI;2026-07-31;1755;07/31/2026 05:00:00 PM;JULIO;2026;COOPERATIVA DE AHORRO Y CREDITO DE ENTRERRIOS LTDA;COOPECREDITO;890-910-254-8;Especializada de ahorro y credito;ANTIOQUIA;ENTRERRÍOS;CLL 10 12 07;8670147;1;Intermediacion financiera;SANDRA MARIA BUSTAMANTE GAVIRIA;coopecredito@coopecredito.com.co;1
21;ATLÁNTICO;BARRANQUILLA;SI;;;SI;2026-07-31;2944;07/31/2026 05:00:00 PM;JULIO;2026;COOPERATIVA DE AHORRO Y CREDITO DE LOS TRABJ. Y JUB. DE LA E.M.T.;COOTRATEL;890-102-302-7;Especializada sin seccion de ahorro;ATLÁNTICO;BARRANQUILLA;CALLE 42 41 27;3511510;24;Servicios de credito;ALEJANDRINA ESCORCIA NIEBLES;cootratelbq@gmail.com;1
22;NORTE DE SANTANDER;SAN JOSE DE CUCUTA;SI;;;SI;2026-07-31;3282;07/31/2026 05:00:00 PM;JULIO;2026;COOPERATIVA DE AHORRO Y CREDITO DE TELECOMUNICACIONES DE CUCUTA LTDA.;COOPTELECUC;890-506-144-4;Especializada de ahorro y credito;NORTE DE SANTANDER;SAN JOSÉ DE CÚCUTA;CALLE 13 5 23 LC 105 ED JARAMILLO MENDOZA;5960230;1;Intermediacion financiera;DENNIS JISEL GONZALEZ MONSALVE;contabillidadcooptelecuc@gmail.com;1
23;CUNDINAMARCA;TENJO;SI;;;SI;2026-07-31;1198;07/31/2026 05:00:00 PM;JULIO;2026;COOPERATIVA DE AHORRO Y CREDITO DE TENJO;COOPTENJO;860-032-342-1;Especializada de ahorro y credito;CUNDINAMARCA;TENJO;CRA 3 NO 2 48;5939966;1;Intermediacion financiera;VICTOR HUGO CAMACHO CORREA;cooptenjo@cooptenjo.com.co;1
24;CUNDINAMARCA;ZIPAQUIRA;SI;;;SI;2026-07-31;757;07/31/2026 05:00:00 PM;JULIO;2026;COOPERATIVA DE AHORRO Y CREDITO DE TRABAJADORES DE PELDAR Y OTROS DE COLOMBIA;COOTRAPELDAR;860-023-189-2;Especializada de ahorro y credito;CUNDINAMARCA;ZIPAQUIRÁ;CRA 8 6 20;8810987;1;Intermediacion financiera;WILLIAM HERNAN NAVARRETE FORERO;cootrapeldar@cootrapeldar.coop;1
25;BOLÍVAR;SANTA ROSA DEL SUR;SI;;;SI;2026-07-31;4458;07/31/2026 05:00:00 PM;JULIO;2026;COOPERATIVA DE AHORRO Y CREDITO FINANCIERA COAGROSUR;FINANCIERA COAGROSUR;890-270-045-8;Especializada de ahorro y credito;BOLÍVAR;SANTA ROSA DEL SUR;CRA 13 NO 9-36;3330333503;1;Intermediacion financiera;DISNEY BARRETO ARDILA;financiera@financieracoagrosur.com;1
26;ANTIOQUIA;ABEJORRAL;SI;;;SI;2026-07-31;1437;07/31/2026 05:00:00 PM;JULIO;2026;COOPERATIVA DE AHORRO Y CREDITO JUAN DE DIOS GOMEZ;COOABEJORRAL;890-904-868-5;Especializada de ahorro y credito;ANTIOQUIA;ABEJORRAL;CALLE 50 50 19;3220050;1;Intermediacion financiera;LUCELLY JARAMILLO JARAMILLO;gerencia@cooabejorral.com;1
27;NORTE DE SANTANDER;LA PLAYA;SI;;;SI;2026-07-31;3316;07/31/2026 05:00:00 PM;JULIO;2026;COOPERATIVA DE AHORRO Y CREDITO LA PLAYA DE BELEN LTDA;COODIN;800-038-375-3;Especializada de ahorro y credito;NORTE DE SANTANDER;LA PLAYA;CARRERA 2 3 07;;1;Intermediacion financiera;ALVARO GARCIA CELIS;contabilidad@coodin.co;1
28;CUNDINAMARCA;ZIPAQUIRA;SI;;;SI;2026-07-31;1128;07/31/2026 05:00:00 PM;JULIO;2026;COOPERATIVA DE AHORRO Y CREDITO LIMITADA;ALCALICOOP;860-009-359-1;Especializada de ahorro y credito;CUNDINAMARCA;ZIPAQUIRÁ;CR 10 12 57;8882498;1;Intermediacion financiera;LUCERO GOMEZ ABRIL;dir_financiera@alcalicoop.coop;1
29;ANTIOQUIA;AMALFI;SI;;;SI;2026-07-31;1377;07/31/2026 05:00:00 PM;JULIO;2026;COOPERATIVA DE AHORRO Y CREDITO RIACHON LTDA.;COOPRIACHON;890-910-087-4;Especializada de ahorro y credito;ANTIOQUIA;AMALFI;CRA 21 20 34;8301300;1;Intermediacion financiera;JOHN FREDY ORTEGA RESTREPO;gerencia@coopriachon.coop;1
30;ANTIOQUIA;MEDELLIN;SI;;;SI;2026-07-31;1827;07/31/2026 05:00:00 PM;JULIO;2026;COOPERATIVA DE AHORRO Y CREDITO SAN LUIS;COOSANLUIS;890-922-066-1;Especializada de ahorro y credito;ANTIOQUIA;MEDELLÍN;CR. 47 NO.52-66 PISO 2;4448427;1;Intermediacion financiera;JAIME ADOLFO OROZCO TOBON;dirfinanciero@coosanluis.coop;1
31;ANTIOQUIA;SANTA ROSA DE OSOS;SI;;;SI;2026-07-31;1703;07/31/2026 05:00:00 PM;JULIO;2026;COOPERATIVA DE AHORRO Y CREDITO SANTA ROSA DE OSOS LIMITADA;COOPACREDITO SANTA ROSA;890-908-823-2;Especializada de ahorro y credito;ANTIOQUIA;SANTA ROSA DE OSOS;CALLE REAL 29-33;8608522;1;Intermediacion financiera;FLOR EMILCE ALVAREZ HERNANDEZ;gerente@coopacredito.com;1
32;ANTIOQUIA;MEDELLIN;SI;;;SI;2026-03-31;1450;03/31/2026 05:00:00 PM;MARZO;2026;COOPERATIVA DE AHORRO Y CREDITO SOYCOOP;SOYCOOP;890-926-570-0;Especializada de ahorro y credito;ANTIOQUIA;MEDELLÍN;CRA 47 NRO 52 122;4809270;1;Intermediacion financiera;JUAN PABLO MEJIA SANTA;ahorroycredito@soycoop.com.co;1
33;ANTIOQUIA;YALI;SI;;;SI;2026-07-31;20009;07/31/2026 05:00:00 PM;JULIO;2026;COOPERATIVA DE AHORRO Y CREDITO SUYA LTDA;COOPSUYA;890-911-402-6;Especializada de ahorro y credito;ANTIOQUIA;YALÍ;CR 20 19 45;6050114;1;Intermediacion financiera;HERNANDO ALBERTO ARCILA POSADA;cooperativa@suya.coop;1
34;ANTIOQUIA;MEDELLIN;SI;;;SI;2026-07-31;10555;07/31/2026 05:00:00 PM;JULIO;2026;COOPERATIVA DE AHORRO Y CREDITO UNION COLOMBIANA;COMUNION;900-068-438-1;Especializada de ahorro y credito;ANTIOQUIA;MEDELLÍN;CL 33AA #82A-112;;24;Servicios de credito;MARIO FERNANDO MERA RODRIGUEZ;contabilidad@coomunion.com;1
35;ANTIOQUIA;MEDELLIN;SI;;;SI;2026-07-31;1811;07/31/2026 05:00:00 PM;JULIO;2026;COOPERATIVA DE AHORRO Y CREDITO UNIVERSITARIA BOLIVARIANA;CUB;890-907-038-2;Especializada de ahorro y credito;ANTIOQUIA;MEDELLÍN;CIRCULAR 1 # 68-90;4484308;1;Intermediacion financiera;CARLOS ALBERTO OSORNO;gerencia@bolivariana.coop;1
36;ANTIOQUIA;ANDES;SI;;;SI;2026-07-31;1402;07/31/2026 05:00:00 PM;JULIO;2026;COOPERATIVA DE CAFICULTORES DE ANDES LTDA;COOPERAN;890-907-638-1;Multiactiva sin seccion de ahorro;ANTIOQUIA;ANDES;CRA 50 49A 52;;4;Agricola;JUAN DAVID RENDON CANAVERAL;info@delosandescooperativa.com;1
37;ANTIOQUIA;MEDELLIN;SI;;;SI;2026-07-31;7759;07/31/2026 05:00:00 PM;JULIO;2026;COOPERATIVA DE CAFICULTORES DE ANTIOQUIA;CCA;811-025-861-5;Multiactiva sin seccion de ahorro;ANTIOQUIA;MEDELLÍN;CARRERA 77 NRO 34 41;2505286;12;Consumo (comercio);RAFAEL IGNACIO GOMEZ GIRALDO;rafael.gomez@cafedeantioquia.com;1
38;ANTIOQUIA;SALGAR;SI;;;SI;2026-07-31;1603;07/31/2026 05:00:00 PM;JULIO;2026;COOPERATIVA DE CAFICULTORES DE SALGAR LTDA.;COOCAFISA;890-907-323-7;Multiactiva sin seccion de ahorro;ANTIOQUIA;SALGAR;CALLE 30 # 28 - 69;6048442029;4;Agricola;HERNANDO DE JESUS RESTREPO PIEDRAHITA;coocafisa@coocafisa.com;1
39;ANTIOQUIA;MEDELLIN;SI;;;SI;2026-07-31;1489;07/31/2026 05:00:00 PM;JULIO;2026;COOPERATIVA DE CAFICULTORES DEL OCCIDENTE DE ANTIOQUIA;COOPEOCCIDENTE;800-021-698-2;Multiactiva sin seccion de ahorro;ANTIOQUIA;MEDELLÍN;CRA 50#5014 ED BANCO POPULAR PISO 20 PARQUE BERRIO;4443075;4;Agricola;JORGE ALBERTO GIRALDO GARCIA;contabilidad@coopeoccidente.com.co;1
40;ANTIOQUIA;BETULIA;SI;;;SI;2026-07-31;13426;07/31/2026 05:00:00 PM;JULIO;2026;COOPERATIVA DE CAFICULTORES DELSUROSTE DE ANTIOQUIA;COOPESUR;900-547-850-7;Multiactiva sin seccion de ahorro;ANTIOQUIA;BETULIA;CALLE 21 23 11 LOCAL 3;8436703;12;Consumo (comercio);EDUARD ESTEBAN PIEDRAHITA BEDOYA;cooperativacoopesur@hotmail.com;1
41;BOLÍVAR;CARTAGENA DE INDIAS;SI;;;SI;2026-06-30;1506;06/30/2026 05:00:00 PM;JUNIO;2026;COOPERATIVA DE DESARROLLO INTEGRAL COOSALUD;COOSALUD;800-249-241-0;Multiactiva sin seccion de ahorro;BOLÍVAR;CARTAGENA DE INDIAS;CALLE 31D # 52 # 136 PISO 3;;99;Otras actividades;;notificacionescoopmultiactiva@coosalud.coop;1
42;BOLÍVAR;CARTAGENA DE INDIAS;SI;;;SI;2026-07-31;1583;07/31/2026 05:00:00 PM;JULIO;2026;COOPERATIVA DE EDUCADORES Y EMPLAEADOS DE LA EDUCACION;COOACEDED LTDA;890-401-658-6;Especializada sin seccion de ahorro;BOLÍVAR;CARTAGENA DE INDIAS;URB. SANTA LUCIA CRA 31 D2 MZA B2 LT 1;6424120;9;Educacion;ALVARO ALFONSO JIMENEZ PEREZ;cooaceded@cooaceded.coop;1
43;ATLÁNTICO;BARRANQUILLA;SI;;;SI;2026-07-31;2931;07/31/2026 05:00:00 PM;JULIO;2026;COOPERATIVA DE EMPLEADOS DEL SECTOR ENERGETICO COLOMBIANO;CEDEC;890-104-291-3;Multiactiva sin seccion de ahorro;ATLÁNTICO;BARRANQUILLA;CRA. 60 75-130;3854446;24;Servicios de credito;ROBERTO JOSE LATTA ARIAS;cedec@cedec.com.co;1
44;ANTIOQUIA;MEDELLIN;SI;;;SI;2026-07-31;1663;07/31/2026 05:00:00 PM;JULIO;2026;COOPERATIVA DE EMPLEADOS SURAMERICANA;COOPEMSURA;800-117-821-6;Especializada de ahorro y credito;ANTIOQUIA;MEDELLÍN;CRA 64B 49B 21;4939131;1;Intermediacion financiera;ANGELA PATRICIA HERRERA PINEDA;contabilidad@coopemsura.com.co;1
45;ANTIOQUIA;MEDELLIN;SI;;;SI;2026-07-31;1474;07/31/2026 05:00:00 PM;JULIO;2026;COOPERATIVA DE HOSPITALES DE ANTIOQUIA;COHAN;890-985-122-6;Multiactiva sin seccion de ahorro;ANTIOQUIA;MEDELLÍN;CRA 48 24 104 AV LOS INDUSTRIALES;6054949;22;Salud;JAMEL ALBERTO HENAO CARDONA;gerencia@cohan.org.co;1
46;ANTIOQUIA;MEDELLIN;SI;;;NO;2024-08-31;1476;08/31/2024 12:00:00 AM;AGOSTO;2024;COOPERATIVA DE IMPRESORES Y PAPELEROS DE COLOMBIA;COIMPRESORES DE COLOMBIA;890-904-769-4;Multiactiva sin seccion de ahorro;ANTIOQUIA;MEDELLÍN;CL 16 45 180;;12;Consumo (comercio);BETTY FERNANDEZ RUIZ;contabilidad@ecocrea.com.co;1
47;ANTIOQUIA;MEDELLIN;SI;;;NO;2022-03-31;1818;03/31/2022 05:00:00 PM;MARZO;2022;COOPERATIVA DE PILOTOS CIVILES DE COLOMBIA;COOPICOL;800-216-442-2;Especializada de ahorro y credito;ANTIOQUIA;MEDELLÍN;CARRERA 76 # 35 35;4164500;1;Intermediacion financiera;DIANA DEL PILAR CASTRILLON TORRES;contabilidad@coopicol.com;1
48;NORTE DE SANTANDER;SAN JOSE DE CUCUTA;SI;;;SI;2026-07-31;4958;07/31/2026 05:00:00 PM;JULIO;2026;COOPERATIVA DE PRODUCTORES DE CARBON DE CERRO GUAYABO COOPROCARCEGUA;COOPROCARCEGUA;807-000-829-6;Especializada sin seccion de ahorro;NORTE DE SANTANDER;SAN JOSÉ DE CÚCUTA;AV 3 11 40 EDF SAN MARTIN;5487011;8;Mineria;OSCAR MAURICIO ORTEGA BALLESTEROS;info@cooprocarcegua.com;1
49;ATLÁNTICO;BARRANQUILLA;SI;;;SI;2026-06-30;2910;06/30/2026 05:00:00 PM;JUNIO;2026;COOPERATIVA DE PRODUCTORES DE LECHE DEL ATLANTICO LTDA.;COOLECHERA;890-101-897-2;Integral sin seccion de ahorro;ATLÁNTICO;BARRANQUILLA;CALLE 17 N0 16 55;;13;Industria;JOSE VICENTE MARIN PEREA;gerencia@coolechera.com;1
50;ANTIOQUIA;MEDELLIN;SI;;;SI;2026-07-31;1477;07/31/2026 05:00:00 PM;JULIO;2026;COOPERATIVA DE PROFESORES U DE A;COOPRUDEA;890-985-032-1;Especializada de ahorro y credito;ANTIOQUIA;MEDELLÍN;CALLE 67 #53-108;5167686;1;Intermediacion financiera;LUIS FERNANDO GOMEZ GIRALDO;cooperativa@cooprudea.com;1
51;ANTIOQUIA;MEDELLIN;SI;;;SI;2026-07-31;1388;07/31/2026 05:00:00 PM;JULIO;2026;COOPERATIVA DE TRABAJADORES DE LAS EMPRESAS DEPARTAMENTALES DE ANTIOQU;COEDA;890-904-252-9;Multiactiva con ahorro y credito;ANTIOQUIA;MEDELLÍN;CRA 49 50 58 OFICINA 406 EDIF SAN FERNANDO;4489129;1;Intermediacion financiera;AMPARO OSPINA RESTREPO;coeda@coeda.com.co;1
52;ANTIOQUIA;MEDELLIN;SI;;;SI;2026-07-31;1370;07/31/2026 05:00:00 PM;JULIO;2026;COOPERATIVA DE TRABAJADORES DE PINTUCO LTDA. A Y C.;COOPINTUCO LTDA. A;890-907-772-0;Especializada de ahorro y credito;ANTIOQUIA;MEDELLÍN;CALLE 19A # 43B - 41;3225122;1;Intermediacion financiera;LUISA FERNANDA CARDONA OCHOA;operaciones@orbiscoop.com;1
53;ANTIOQUIA;MEDELLIN;SI;;;SI;2026-07-31;1414;07/31/2026 05:00:00 PM;JULIO;2026;COOPERATIVA DE TRABAJADORES DEL SENA;COOTRASENA;890-906-852-7;Especializada de ahorro y credito;ANTIOQUIA;MEDELLÍN;CR 65A CL 48D-02;4442533;1;Intermediacion financiera;OSMAR YEISON RIVERA PEREZ;cootrasena@cootrasena.com.co;1
54;ANTIOQUIA;MEDELLIN;SI;;;SI;2026-07-31;1457;07/31/2026 05:00:00 PM;JULIO;2026;COOPERATIVA DE TRABAJADORES DEPARTAMENTALES DE ANTIOQUIA;COONECTA;890-909-288-6;Especializada de ahorro y credito;ANTIOQUIA;MEDELLÍN;CARRERA 51 # 41 - 144;4035600;1;Intermediacion financiera;LUZ ESTELLA ZULUAGA ARISTIZABAL;gerencia@coonecta.coop;1
55;ANTIOQUIA;MEDELLIN;SI;;;SI;2026-07-31;1344;07/31/2026 05:00:00 PM;JULIO;2026;COOPERATIVA DE TT DE EL COLOMBIANO LTDA.;CODELCO;890-905-709-7;Especializada de ahorro y credito;ANTIOQUIA;MEDELLÍN;CALLE 5 A  N 43 B 25;4447461;1;Intermediacion financiera;SANDRA CECILIA BUITRAGO DIEZ;codelco@codelco.com.co;1
56;ANTIOQUIA;YARUMAL;SI;;;SI;2026-07-31;1648;07/31/2026 05:00:00 PM;JULIO;2026;COOPERATIVA DE YARUMAL;COOYARUMAL;890-905-206-4;Especializada de ahorro y credito;ANTIOQUIA;YARUMAL;CALLE 20 19 18;6045011780;1;Intermediacion financiera;LILIANA RESTREPO YEPES;cooyal@cooyal.co;1
57;ATLÁNTICO;BARRANQUILLA;SI;;;SI;2026-07-31;2890;07/31/2026 05:00:00 PM;JULIO;2026;COOPERATIVA DEL MAGISTERIO DEL ATLANTICO;COOPEMA;890-104-195-4;Multiactiva sin seccion de ahorro;ATLÁNTICO;BARRANQUILLA;CALLE 47 41 109;;99;Otras actividades;JOSE PEREZ IZQUIERDO;gerencia@coopema.com;1
58;ATLÁNTICO;BARRANQUILLA;SI;;;NO;2021-04-30;10698;04/30/2021 05:00:00 PM;ABRIL;2021;COOPERATIVA DEL SERVIDOR Y DEL USUARIO PUBLICO DE LA COSTA ATLANTICA;COOSUPERCREDITO;900-083-694-1;Multiactiva sin seccion de ahorro;ATLÁNTICO;BARRANQUILLA;CL 41 43 19 OF 1B BRR EL ROSARIO;;24;Servicios de credito;MAIDEN MARGARITA GUTIERREZ DONADO;atencionalusuario@coosupercredito.com;1
59;NORTE DE SANTANDER;EL CARMEN;SI;;;SI;2026-07-31;3278;07/31/2026 05:00:00 PM;JULIO;2026;COOPERATIVA ESPECIALIZADA DE AHORRO Y CREDITO COINPROGUA LTDA;COINPROGUA;800-113-429-3;Especializada de ahorro y credito;NORTE DE SANTANDER;EL CARMEN;CRA 7 NO 6A 24 CENTRO GUAMALITO;;1;Intermediacion financiera;MARITZA QUINTANA TORRES;coinprogua@coinprogua.com;1
60;ANTIOQUIA;MEDELLIN;SI;;;SI;2026-07-31;1649;07/31/2026 05:00:00 PM;JULIO;2026;COOPERATIVA ESPECIALIZADA DE AHORRO Y CREDITO COOPERENKA;COOPERENKA;890-907-710-4;Especializada de ahorro y credito;ANTIOQUIA;MEDELLÍN;CALLE 48 B 66 45;4442673;1;Intermediacion financiera;CARLOS ANDRES LOPEZ SIERRA;contador@cooperenka.com.co;1
61;ATLÁNTICO;BARRANQUILLA;SI;;;SI;2026-07-31;2871;07/31/2026 05:00:00 PM;JULIO;2026;COOPERATIVA ESPECIALIZADA DE AHORRO Y CREDITO COOTRACERREJON;COOTRACERREJON;800-020-034-8;Especializada de ahorro y credito;ATLÁNTICO;BARRANQUILLA;CRA. 53 # 68B - 57 LOCAL 2-230;3854923;1;Intermediacion financiera;CESAR AUGUSTO OSPINO ARIZA;contador@cootracerrejon.coop;1
62;ANTIOQUIA;MEDELLIN;SI;;;NO;2023-05-31;1448;05/31/2023 05:00:00 PM;MAYO;2023;COOPERATIVA ESPECIALIZADA DE AHORRO Y CREDITO UNIVERSIDAD DE MEDELLIN;COMUDEM;890-985-444-2;Especializada de ahorro y credito;ANTIOQUIA;MEDELLÍN;CALLE 30 N 86 - 12;5402790;1;Intermediacion financiera;FRANCISCO JAVIER BETANCUR ZULUAGA;comudem@une.net.co;1
63;NORTE DE SANTANDER;OCANA;SI;;;SI;2026-07-31;3246;07/31/2026 05:00:00 PM;JULIO;2026;COOPERATIVA ESPECIALIZADA DE AHRRO Y CREDITO CREDISERVIR;CREDISERVIR;890-505-363-6;Especializada de ahorro y credito;NORTE DE SANTANDER;OCAÑA;CRA 12 10 00;5694444;1;Intermediacion financiera;EDUARDO CARRE?O BUENO;analistafinanciero@crediservir.com;1
64;CUNDINAMARCA;SAN FRANCISCO;SI;;;SI;2026-07-31;271;07/31/2026 05:00:00 PM;JULIO;2026;COOPERATIVA FINANCIERA SAN FRANCISCO;COOPSANFRANCISCO;860-045-262-7;Especializada de ahorro y credito;CUNDINAMARCA;SAN FRANCISCO;CR 7 N 3 50;;1;Intermediacion financiera;ROSA TEMILDA BALLEN CHACON;coopsanfrancisco@hotmail.com;1
65;ANTIOQUIA;MEDELLIN;SI;;;SI;2026-07-31;1813;07/31/2026 05:00:00 PM;JULIO;2026;COOPERATIVA FRATERNIDAD SACERDOTAL LTDA;COOFRASA;890-982-420-2;Especializada de ahorro y credito;ANTIOQUIA;MEDELLÍN;CRA 49 57-51;;1;Intermediacion financiera;FRANCISCOJAVIER LONDO?O LONDO?O;contabilidad@coofrasa.coop;1
66;ATLÁNTICO;BARRANQUILLA;SI;;;NO;2019-09-30;2894;09/30/2019 05:00:00 PM;SEPTIEMBRE;2019;COOPERATIVA INDUSTRIAL LECHERA DE COLOMBIA;CILEDCO;890-100-372-3;Multiactiva sin seccion de ahorro;ATLÁNTICO;BARRANQUILLA;CR 36 53 47;3711600;13;Industria;RICARDO EDMUNDO ROSALES ZAMBRANO;contabilidad.bquilla@ciledco.com.co;1
67;ANTIOQUIA;ITAGUI;SI;;;NO;2020-02-29;1387;02/29/2020 05:00:00 PM;FEBRERO;2020;COOPERATIVA INTEGRAL DE PRODUCCION Y TRABAJO ASOCIADO RECUPERAR;COOPERATIVA RECUPERAR;890-985-000-6;Cooperativas de trabajo asociado;ANTIOQUIA;ITAGÜÍ;CLL 52  50-32 LOC 506;4440720;19;Aseo mantenimiento y reciclaje;JORGE GONZALEZ SANCHEZ;recupera@recuperar.com.co;1
68;NORTE DE SANTANDER;TEORAMA;SI;;;SI;2026-07-31;3249;07/31/2026 05:00:00 PM;JULIO;2026;COOPERATIVA INTEGRAL PARA EL DESARROLLO SOCIAL Y ECONOMICO DE TEORAMA;COOPINTEGRATE;800-103-677-0;Especializada de ahorro y credito;NORTE DE SANTANDER;TEORAMA;CRA 4 CL 5 ESQUINA;;1;Intermediacion financiera;Yaneth Madariaga Montejo;gerencia@coopintegrate.com;1
69;ANTIOQUIA;MACEO;SI;;;SI;2026-07-31;1356;07/31/2026 05:00:00 PM;JULIO;2026;COOPERATIVA LEON XIII DE MACEO LTDA;COOPMACEO LTDA.;890-904-028-5;Multiactiva con ahorro y credito;ANTIOQUIA;MACEO;CRA 30 N?. 30 - 20;6048640152;1;Intermediacion financiera;INES DEL SOCORRO PULGARIN AGUDELO;coopmaceolimitada@yahoo.es;1
70;ANTIOQUIA;GUATAPE;SI;;;SI;2026-07-31;1365;07/31/2026 05:00:00 PM;JULIO;2026;COOPERATIVA LEON XIII LTDA DE GUATAPE;;890-904-945-4;Multiactiva con ahorro y credito;ANTIOQUIA;GUATAPÉ;CR 30 30-29;3222433;1;Intermediacion financiera;GASPAR ELIAS SALAZAR JARAMILLO;cooperativa@leonxiii.coop;1
71;ANTIOQUIA;MEDELLIN;SI;;;SI;2026-07-31;1421;07/31/2026 05:00:00 PM;JULIO;2026;COOPERATIVA MEDICA DE ANTIOQUIA LTDA;COMEDAL;890-905-574-1;Especializada de ahorro y credito;ANTIOQUIA;MEDELLÍN;CR 48 # 20 34;6043223231;1;Intermediacion financiera;RICARDO LEON ALVAREZ GARCIA;comedal@comedal.com.co;1
72;ANTIOQUIA;BELMIRA;SI;;;SI;2026-07-31;1339;07/31/2026 05:00:00 PM;JULIO;2026;COOPERATIVA MULTIACTIVA ANTONIO JOSE JARAMILLO TOBON;COOBELMIRA;890-903-152-6;Multiactiva con ahorro y credito;ANTIOQUIA;BELMIRA;CARRERA 21 NO 20-29;8674027;;;RAFAEL ANGEL VALENCIA VILLA;contabilidad@coobelmira.com;1
73;ATLÁNTICO;BARRANQUILLA;SI;;;SI;2026-07-31;2878;07/31/2026 05:00:00 PM;JULIO;2026;COOPERATIVA MULTIACTIVA COOMONOMEROS;COOMONOMEROS;800-000-122-2;Especializada de ahorro y credito;ATLÁNTICO;BARRANQUILLA;MONOMEROS VIA 40 LAS FLORES;3618191;1;Intermediacion financiera;CARLOS HORACIO RODRIGUEZ MARTINEZ;coomonomeros@coomonomeros.com.co;1
74;ANTIOQUIA;BETULIA;SI;;;SI;2026-07-31;15548;07/31/2026 05:00:00 PM;JULIO;2026;COOPERATIVA MULTIACTIVA DE CAFICULTORES UNIDOS DE COLOMBIA;CAFEUCOL;901-302-387-1;Multiactiva sin seccion de ahorro;ANTIOQUIA;BETULIA;CALLE 21 23 05 LOCAL 2 SECTOR BOYACA;8436123;12;Consumo (comercio);;cafeucol@gmail.com;1
75;CUNDINAMARCA;MOSQUERA;SI;;;SI;2026-07-31;199;07/31/2026 05:00:00 PM;JULIO;2026;COOPERATIVA MULTIACTIVA DE DETALLISTAS DE COLOMBIA;COORATIENDAS;860-051-170-2;Multiactiva sin seccion de ahorro;CUNDINAMARCA;MOSQUERA;AV TRONCAL DE OCC 18 76 STO DOMINGO;4100599;12;Consumo (comercio);EDER CASTELLANOS SOCHA;gerencia@cooratiendas.com;1
76;NORTE DE SANTANDER;SAN JOSE DE CUCUTA;SI;;;SI;2026-07-31;8587;07/31/2026 05:00:00 PM;JULIO;2026;COOPERATIVA MULTIACTIVA DE EDUCADORES DEL NORTE DE SANTANDER LTDA;COOMULDENORTE;807-007-570-6;Multiactiva sin seccion de ahorro;NORTE DE SANTANDER;SAN JOSÉ DE CÚCUTA;CALLE 15A 1E-77 CAOBOS;;99;Otras actividades;RUBEN ANGEL BECERRA AREVALO;contabilidad@coomuldenorte.com.co;1
77;NORTE DE SANTANDER;SAN JOSE DE CUCUTA;SI;;;SI;2026-07-31;13576;07/31/2026 05:00:00 PM;JULIO;2026;COOPERATIVA MULTIACTIVA DE PIMPINEROS DEL NORTE;COOMULPINORT;900-297-348-7;Multiactiva sin seccion de ahorro;NORTE DE SANTANDER;SAN JOSÉ DE CÚCUTA;AV 0B  N. 21-09 BARRIO BLANCO;5951857;12;Consumo (comercio);MARIO ALBERTO AREVALO PERDOMO;coomulpinort@hotmail.com;1
78;ANTIOQUIA;EL BAGRE;SI;;;SI;2026-07-31;1824;07/31/2026 05:00:00 PM;JULIO;2026;COOPERATIVA MULTIACTIVA EL BAGRE LTDA;COOBAGRE;890-904-368-4;Multiactiva con ahorro y credito;ANTIOQUIA;EL BAGRE;CALLE 50 # 47A 31,;8372170;2;Servicios de ahorro y credito;YUNEIDA DEL CARMEN BENAVIDES ROMERO;contabilidad@coobagre.com;1
79;ANTIOQUIA;MEDELLIN;SI;;;SI;2026-07-31;1435;07/31/2026 05:00:00 PM;JULIO;2026;COOPERATIVA MULTIACTIVA UNIVERSITARIA NACIONAL;COMUNA;890-985-077-2;Especializada de ahorro y credito;ANTIOQUIA;MEDELLÍN;CALLE 50 NO. 42-55;4310331;24;Servicios de credito;JORGE MARIO URIBE VELEZ;gestiondocumental@comuna.com.co;1
80;CUNDINAMARCA;COTA;SI;;;SI;2026-07-31;1250;07/31/2026 05:00:00 PM;JULIO;2026;COOPERATIVA NACIONAL DE DROGUISTAS DETALLISTAS;COOPIDROGAS;860-026-123-0;Multiactiva sin seccion de ahorro;CUNDINAMARCA;COTA;AUTOP. BOGOTA-MEDELLIN KM 4.7 ANTES PUENTE SIBERIA;4375150;12;Consumo (comercio);HERNANDO AGUDELO PE?A;notificacion.judicial@coopidrogas.com.co;1
81;ANTIOQUIA;MEDELLIN;SI;;;SI;2026-07-31;1355;07/31/2026 05:00:00 PM;JULIO;2026;COOPERATIVA NACIONAL DE TRABAJADORES;COOPETRABAN;890-905-085-1;Especializada de ahorro y credito;ANTIOQUIA;MEDELLÍN;CALLE 25A  43B-115;2318065;1;Intermediacion financiera;JUAN   MANUEL MOSQUERA ARBELAEZ;riesgos@coopetraban.com.co;1
82;ANTIOQUIA;COCORNA;SI;;;SI;2026-07-31;1661;07/31/2026 05:00:00 PM;JULIO;2026;COOPERATIVA PIO XLL DE COCORNA;89;890-904-902-8;Especializada de ahorro y credito;ANTIOQUIA;COCORNÁ;CALLE 21 N? 21-03;5011737;1;Intermediacion financiera;NESTOR ALIRIO LOPEZ GIRALDO;cocorna@cpioxii.com.co;1
83;ANTIOQUIA;MEDELLIN;SI;;;SI;2026-07-31;1360;07/31/2026 05:00:00 PM;JULIO;2026;COOPERATIVA SAN PIO X DE GRANADA LTDA;COOGRANADA;890-981-912-1;Especializada de ahorro y credito;ANTIOQUIA;MEDELLÍN;CL. 46 N. 52 A- 14;2041155;1;Intermediacion financiera;ALBA DORYS ARIAS GIRALDO;mgomez@coogranada.com.co;1
84;ANTIOQUIA;SAN ROQUE;SI;;;SI;2026-07-31;1386;07/31/2026 05:00:00 PM;JULIO;2026;COOPERATIVA SAN ROQUE;COOSANROQUE;890-907-575-6;Especializada de ahorro y credito;ANTIOQUIA;SAN ROQUE;CL 20 20 38;8656720;1;Intermediacion financiera;WALTER DARIO LONDO?O OSPINA;agenciasanroque@coosanroque.com;1
85;ANTIOQUIA;MEDELLIN;SI;;;SI;2026-07-31;1751;07/31/2026 05:00:00 PM;JULIO;2026;COOPERATIVA SAN VICENTE DE PAUL LTDA.;COOSVICENTE;890-981-497-4;Especializada de ahorro y credito;ANTIOQUIA;MEDELLÍN;CL 31 A 65 F 30;4445219;1;Intermediacion financiera;EDWARD PINZON COGOLLO;coosvicente@coosvicente.com;1
86;ANTIOQUIA;MEDELLIN;SI;;;SI;2026-07-31;1459;07/31/2026 05:00:00 PM;JULIO;2026;COOPERATIVA TELEPOSTAL LTDA;TELEPOSTAL;890-904-894-7;Especializada de ahorro y credito;ANTIOQUIA;MEDELLÍN;CALLE 50 46 36 OF 404 ED FURATENA;4447424;1;Intermediacion financiera;RAUL EDUARDO PE?A RAMIREZ;contabilidad@telepostal.coop;1
87;ANTIOQUIA;MEDELLIN;SI;;;SI;2026-07-31;1306;07/31/2026 05:00:00 PM;JULIO;2026;COOPEREN, COOPERATIVA DE AHORRO Y CREDITO;COOPEREN;890-982-530-4;Especializada de ahorro y credito;ANTIOQUIA;MEDELLÍN;CRA 44 NO. 49-26;4441718;1;Intermediacion financiera;YUDI LILLIANA AGUILAR MARIN;clopez@cooperen.com;1
88;ANTIOQUIA;MEDELLIN;SI;;;SI;2026-07-31;1302;07/31/2026 05:00:00 PM;JULIO;2026;COPERATIVA INDEPENDIENTE DE EMPLEADOS DE ANTIOQUIA;CIDESA;890-982-297-2;Especializada de ahorro y credito;ANTIOQUIA;MEDELLÍN;CRA 47 N 52-86  INT   322;6040982;1;Intermediacion financiera;FANNY EUGENIA LOPERA JARAMILLO;cidesa@cidea.com.co;1
89;ANTIOQUIA;MEDELLIN;SI;;;SI;2026-07-31;1805;07/31/2026 05:00:00 PM;JULIO;2026;FORJAR CAJA COOPERATIVA;FORJAR;890-905-327-7;Especializada de ahorro y credito;ANTIOQUIA;MEDELLÍN;CALLE 52 # 47 - 42;4482894;1;Intermediacion financiera;FRANCISCO LUIS CASTRILLON SALAZAR;contabilidad@forjarcooperativa.com;1
90;ANTIOQUIA;MEDELLIN;SI;;;SI;2026-07-31;11327;07/31/2026 05:00:00 PM;JULIO;2026;MICROEMPRESAS DE COLOMBIA COOPERATIVA DE AHORRO Y CREDITO;MICROEMPRESAS DE COLOMBIA A.C.;900-189-084-5;Especializada de ahorro y credito;ANTIOQUIA;MEDELLÍN;CALLE 57 A 48 31;;1;Intermediacion financiera;GLORIA PATRICIA PEREZ GUERRA;gerencia@microempresas.co;1
91;ANTIOQUIA;CAUCASIA;SI;;;SI;2026-03-31;20091;03/31/2026 05:00:00 PM;MARZO;2026;PRECOOPERATIVA METAL DORADO;;902-049-019-3;Precooperativas;ANTIOQUIA;CAUCASIA;carrera 22 No. 2 48 LC 1;;8;Mineria;;gerencia.precomed@gmail.com;1
92;ANTIOQUIA;MEDELLIN;SI;;;SI;2026-07-31;1422;07/31/2026 05:00:00 PM;JULIO;2026;PREVISORA SOCIAL COOPERATIVA VIVIR;VIVIR;800-108-302-7;Organismo de representacion;ANTIOQUIA;MEDELLÍN;CARRERA 47 N.55- 55;5204420;3;Organismos de representacion;EDWIN ALBEIRO PEREZ RIVERA;coopvivirmedellin@losolivos.co;1
93;NORTE DE SANTANDER;SAN JOSE DE CUCUTA;SI;;;SI;2026-07-31;3283;07/31/2026 05:00:00 PM;JULIO;2026;SERVICIOS FUNERARIOS COOPERATIVOS DE NORTE DE SANTANDER;SERFUNORTE;800-254-697-5;Organismo de caracter economico;NORTE DE SANTANDER;SAN JOSÉ DE CÚCUTA;AVENIDA GRAN COLOMBIA  4E-39 BRR POPULAR;5755210;14;Servicios funerarios;BERTHA MARINA LEAL ALARCON;cucuta@losolivos.co;1
94;ANTIOQUIA;MEDELLIN;SI;;;SI;2026-07-31;7049;07/31/2026 05:00:00 PM;JULIO;2026;UNIVERSIDAD COOPERATIVA DE COLOMBIA;UCC;860-029-924-7;Organismo de caracter economico;ANTIOQUIA;MEDELLÍN;CALLE 50 A NO 41 - 20 BLOQUE 7;4446065;9;Educacion;MARITZA RONDON RANGEL;luz.vega@ucc.edu.co;1
95;ATLÁNTICO;BARRANQUILLA;SI;;;SI;2026-06-30;2913;06/30/2026 05:00:00 PM;JUNIO;2026;ACOOLSURE ATLANTICO;ACOOLSURE;800-065-607-1;Especializada sin seccion de ahorro;ATLÁNTICO;BARRANQUILLA;CALLE 76 38C 110;3586360;9;Educacion;GALAN LOPEZ FELIPE;acoolsure@hotmail.com;2
96;BOLÍVAR;CARTAGENA DE INDIAS;SI;;;SI;2026-06-30;1589;06/30/2026 05:00:00 PM;JUNIO;2026;CENTRAL COOPERATIVA DE SERVICIOS FUNERARIOS DE C/GENA;CARTAFUN;800-149-226-0;Organismo de caracter economico;BOLÍVAR;CARTAGENA DE INDIAS;LA CORDIALIDAD TV 54 NO 31J-27;6631301;14;Servicios funerarios;CLARA ESTER ROSA PUERTA MONTERO;cartafun@losolivos.co;2
97;NORTE DE SANTANDER;PAMPLONA;SI;;;SI;2026-06-30;3234;06/30/2026 05:00:00 PM;JUNIO;2026;COOP MULTIACTIVA DE EMP. OFI UNIVERSIDAD Y PROVINCIA DE PAMPLONA;COOMULTRUP;890-502-419-6;Aportes y credito;NORTE DE SANTANDER;PAMPLONA;CARRERA 7 # 3-52;;24;Servicios de credito;OLGA LUCIA FERNANDEZ ROMERO;info@coomultrup.com;2
98;ANTIOQUIA;ANDES;SI;;;SI;2026-06-30;4771;06/30/2026 05:00:00 PM;JUNIO;2026;COOPERATIVA AGROMULTIACTIVA SAN BARTOLO;COMSAB;800-229-735-1;Multiactiva sin seccion de ahorro;ANTIOQUIA;ANDES;DG 53 53 47;8415713;12;Consumo (comercio);GLORIA LILIANA VELEZ QUINTERO;d.administrativo@sanbartolo.co;2
99;ANTIOQUIA;ENTRERRIOS;SI;;;SI;2026-06-30;1653;06/30/2026 05:00:00 PM;JUNIO;2026;COOPERATIVA AGROPECUARIA DE ENTRERRIOS LTDA;COOAGROPECUARIA;890-982-515-3;Multiactiva sin seccion de ahorro;ANTIOQUIA;ENTRERRÍOS;CR 11 11A 42;8670170;12;Consumo (comercio);JAIME HUMBERTO VARELA LONDO?O;gerencia@cooagropecuaria.coop;2
100;CUNDINAMARCA;MADRID;SI;;;SI;2026-06-30;802;06/30/2026 05:00:00 PM;JUNIO;2026;COOPERATIVA DE AHORRO Y CREDITO CORONA;COOPCORONA;860-027-888-0;Multiactiva sin seccion de ahorro;CUNDINAMARCA;MADRID;CALLE 6 14 25;8541381;99;Otras actividades;DIEGO ARMANDO CORTES MUNOZ;coopcorona1@yahoo.com;2
101;ANTIOQUIA;MEDELLIN;SI;;;SI;2025-12-31;3552;12/31/2025 05:00:00 PM;DICIEMBRE;2025;COOPERATIVA DE AHORRO Y CREDITO DE VIGILANCIA Y ESCOLTAS DE ANTIOQUIA;COOVIESAN LTDA;800-092-327-9;Especializada sin seccion de ahorro;ANTIOQUIA;MEDELLÍN;CL 52  49-61 OF 304;4798045;24;Servicios de credito;CAMPO ELIAS ORTIZ SANCHEZ;cooviesan89@gmail.com;2
102;CUNDINAMARCA;ZIPAQUIRA;SI;;;SI;2026-06-30;1261;06/30/2026 05:00:00 PM;JUNIO;2026;COOPERATIVA DE APORTES Y CREDITO SAN JOSE;;860-024-712-1;Aportes y credito;CUNDINAMARCA;ZIPAQUIRÁ;CARRERA 10 A 6 66 P 2;6018514766;24;Servicios de credito;LISET MARLEN OBANDO AREVALO;coopsanjose05@yahoo.es;2
103;ANTIOQUIA;MEDELLIN;SI;;;SI;2026-07-31;1324;07/31/2026 05:00:00 PM;JULIO;2026;COOPERATIVA DE ASESORES EN INVERSIONES COOASESORES;COOASESORES CTA;800-152-512-3;Cooperativas de trabajo asociado;ANTIOQUIA;MEDELLÍN;CRA 71 #C4-22;3699900;99;Otras actividades;ANA YASMIN GALLEGO MONTOYA;provision@provision.com.co;2
104;ANTIOQUIA;CAUCASIA;SI;;;NO;2024-10-31;16655;10/31/2024 12:00:00 AM;OCTUBRE;2024;COOPERATIVA DE BAREQUEROS Y MINEROS ARTESANALES DE COLOMBIA;COOPBARMINERCOL;901-882-276-8;Cooperativas de trabajo asociado;ANTIOQUIA;CAUCASIA;CAEERA 2 NUMERO 22 - 16;;8;Mineria;;infocoopbarminercol@gmail.com;2
105;NORTE DE SANTANDER;OCANA;SI;;;SI;2026-06-30;3264;06/30/2026 05:00:00 PM;JUNIO;2026;COOPERATIVA DE CAFICULTORES DEL CATATUMBO LTDA.;COOPERACAFE;890-503-586-2;Multiactiva sin seccion de ahorro;NORTE DE SANTANDER;OCAÑA;CALLE 7 # 28-27;3103760222;12;Consumo (comercio);TERESA ASCANIO GUTIERREZ;info@cooperacafe.com;2
106;ANTIOQUIA;MEDELLIN;SI;;;SI;2026-07-31;3522;07/31/2026 05:00:00 PM;JULIO;2026;COOPERATIVA DE DESARROLLO Y EMPLEO SOCIAL;PRECOODES;800-122-815-1;Cooperativas de trabajo asociado;ANTIOQUIA;MEDELLÍN;CALLE 53A 79 - 23;4444942;99;Otras actividades;ANDRES HERNANDEZ CHALARCA;precoodes@precoodes.com;2
107;CUNDINAMARCA;COGUA;SI;;;NO;2025-06-30;684;06/30/2025 05:00:00 PM;JUNIO;2025;COOPERATIVA DE EDUCACION DE CAMPESINOS DE COGUA LTDA;COOEDCOGUA LTDA;860-028-267-1;Integral sin seccion de ahorro;CUNDINAMARCA;COGUA;CR 4  1 93;;9;Educacion;YOHANA DEL PILAR CASTIBLANCO RODRIGUEZ;cooedcogua@hotmail.com;2
108;ANTIOQUIA;APARTADO;SI;;;SI;2026-06-30;1817;06/30/2026 05:00:00 PM;JUNIO;2026;COOPERATIVA DE EDUCACION DE URABA;EDUCOOP;890-917-555-1;Especializada sin seccion de ahorro;ANTIOQUIA;APARTADÓ;DIAGONAL 105C # 99C 51;8156569;9;Educacion;LIGIA IBARRA IBARRA ARBOLEDA;gerencia@educoop.com.co;2
109;CUNDINAMARCA;FUNZA;SI;;;SI;2026-06-30;1110;06/30/2026 05:00:00 PM;JUNIO;2026;COOPERATIVA DE EDUCACION Y OTROS SERVICIOS DE FUNZA;CODEFUNZA;860-031-432-1;Especializada sin seccion de ahorro;CUNDINAMARCA;FUNZA;CALLE 15 # 16 - 50;;9;Educacion;WILSON GUZMAN CIFUENTES;gerencia@codefunza.edu.co;2
110;CUNDINAMARCA;FUNZA;SI;;;SI;2026-06-30;1258;06/30/2026 05:00:00 PM;JUNIO;2026;COOPERATIVA DE EMPLEADOS DE ITALCOL  ITALCOOP;ITALCOOP;860-090-873-8;Multiactiva sin seccion de ahorro;CUNDINAMARCA;FUNZA;KM 13 VIA OCCIDENTE;4221370;12;Consumo (comercio);EDWIN IBAGUE COTRINO;contador@italcoop.com;2
111;ATLÁNTICO;BARRANQUILLA;SI;;;SI;2026-06-30;2954;06/30/2026 05:00:00 PM;JUNIO;2026;COOPERATIVA DE EMPLEADOS DE LA DIAN BARRANQUILLA;COOEDIAN;802-003-136-6;Multiactiva sin seccion de ahorro;ATLÁNTICO;BARRANQUILLA;CRA 53  #74-86 OF 405;6053024;24;Servicios de credito;CLAUDIA DEL CARMEN GUZMAN CASTRO;cooedian@hotmail.com;2
112;NORTE DE SANTANDER;SAN JOSE DE CUCUTA;SI;;;SI;2026-06-30;3263;06/30/2026 05:00:00 PM;JUNIO;2026;COOPERATIVA DE EMPLEADOS DEL HOSPITAL ERASMO MEOZ;COOHEM;800-126-897-3;Multiactiva sin seccion de ahorro;NORTE DE SANTANDER;SAN JOSÉ DE CÚCUTA;AV 11E 3N-10 GOVIKA;5956214;24;Servicios de credito;HECTOR SAMUEL TARAZONA DURAN;coohem@hotmail.com;2
113;NORTE DE SANTANDER;TIBU;SI;;;SI;2026-06-30;20014;06/30/2026 05:00:00 PM;JUNIO;2026;COOPERATIVA DE FAMILIAS AGRICULTORAS DEL CATATUMBO;COOAGROVIDA;901-868-853-1;Cooperativas de trabajo asociado;NORTE DE SANTANDER;TIBÚ;CL 11A 14-52 VILLA PAZ;;4;Agricola;;gerencia@cooagrovida.com;2
114;NORTE DE SANTANDER;SAN JOSE DE CUCUTA;SI;;;SI;2026-03-31;8894;03/31/2026 05:00:00 PM;MARZO;2026;COOPERATIVA DE LA CONSTRUCCION EL PALUSTRE;COOPALUSTRE;807-008-519-4;Multiactiva sin seccion de ahorro;NORTE DE SANTANDER;SAN JOSÉ DE CÚCUTA;AV 1 N 7-02;;12;Consumo (comercio);JOSE ARMANDO MOJICA CHACON;contadorpalustre@gmail.com;2
115;BOLÍVAR;CARTAGENA DE INDIAS;SI;;;NO;2019-12-31;15483;12/31/2019 05:00:00 PM;DICIEMBRE;2019;COOPERATIVA DE LA COSTA CARIBE;COSTACOOP;900-840-598-0;Multiactiva sin seccion de ahorro;BOLÍVAR;CARTAGENA DE INDIAS;DIAGONAL 21 NA? 53-17 PISO 1 LOCAL 02;6431619;12;Consumo (comercio);SEBASTIAN ALZATE MORA;jsab1926@hotmail.com;2
116;ANTIOQUIA;CHIGORODO;SI;;;NO;2020-12-31;13633;12/31/2020 05:00:00 PM;DICIEMBRE;2020;COOPERATIVA DE PEQUE??OS PRODUCTORES DE BANANO BONITO AMANECER;BONAMANCOOP;900-576-276-2;Multiactiva sin seccion de ahorro;ANTIOQUIA;CHIGORODÓ;CRA 105 98B 45;8258146;4;Agricola;MARISOL NOBLES PALACIOS;bonamancoop@hotmail.com;2
117;ANTIOQUIA;APARTADO;SI;;;SI;2026-06-30;3613;06/30/2026 05:00:00 PM;JUNIO;2026;COOPERATIVA DE TRABAJADORES  DE BANACOL;COOTRABAN LTDA;800-134-095-7;Multiactiva sin seccion de ahorro;ANTIOQUIA;APARTADÓ;CALLE 97 99 33 AV LAS MARGARITAS;8155930;12;Consumo (comercio);OSCAR SALAS JULIO;contabilidad@cootraban.com;2
118;ATLÁNTICO;BARRANQUILLA;SI;;;SI;2026-06-30;2945;06/30/2026 05:00:00 PM;JUNIO;2026;COOPERATIVA DE TRABAJADORES DE COMFAMILIAR;COOTRACOM;890-112-343-1;Multiactiva sin seccion de ahorro;ATLÁNTICO;BARRANQUILLA;CL 47 43-57 P2;3406159;99;Otras actividades;LILIANA CASTILLO COMAS;cootracom@comfamiliar.com.co;2
119;ANTIOQUIA;MEDELLIN;SI;;;SI;2026-07-31;1468;07/31/2026 05:00:00 PM;JULIO;2026;COOPERATIVA DE TRABAJO ASOCIADO SERCONAL;SERCONAL;800-249-637-3;Cooperativas de trabajo asociado;ANTIOQUIA;MEDELLÍN;CRA 69 #32C - 24;;19;Aseo mantenimiento y reciclaje;HUGO NICOLAS USME HOYOS;financiera@serconal.com;2
120;CUNDINAMARCA;SOACHA;SI;;;NO;2022-09-30;9564;09/30/2022 05:00:00 PM;SEPTIEMBRE;2022;COOPERATIVA DE TRABAJO ASOCIADO SERVICIOS INTEGRALES;COOPSIN;830-123-989-8;Cooperativas de trabajo asociado;CUNDINAMARCA;SOACHA;CL 32 6D 07 ESTE 2 PISO SAN MATEO;6317632;22;Salud;MONICA MARCELA MORENO GARCIA;ctacoopsin@gmail.com;2
121;CUNDINAMARCA;FACATATIVA;SI;;;SI;2026-06-30;5148;06/30/2026 05:00:00 PM;JUNIO;2026;COOPERATIVA EMPLEADOS DEL HOSPITAL SAN RAFAEL DE FACATATIVA;COOPEMHOS;860-527-952-1;Aportes y credito;CUNDINAMARCA;FACATATIVÁ;CARRERA 3 NO.2-96;8900590;24;Servicios de credito;GUSTAVO CONTRERAS ALFONSO;coopemhos@hotmail.com;2
122;ANTIOQUIA;MARINILLA;SI;;;SI;2026-06-30;8379;06/30/2026 05:00:00 PM;JUNIO;2026;COOPERATIVA INDUSTRIAL DE MARINILLA;COOPIMAR CTA;811-013-986-5;Cooperativas de trabajo asociado;ANTIOQUIA;MARINILLA;CALLE 27 51 391;3229913;13;Industria;MARIA CRISTINA HURTADO GOMEZ;contabilida@coopimar.co;2
123;NORTE DE SANTANDER;SAN JOSE DE CUCUTA;SI;;;SI;2026-06-30;5135;06/30/2026 05:00:00 PM;JUNIO;2026;COOPERATIVA INTEGRAL DE LA FAMILIA CRISTIANA BETHEL;COOBETHEL;800-160-167-9;Aportes y credito;NORTE DE SANTANDER;SAN JOSÉ DE CÚCUTA;AV 9E 5N-10 LOS PINOS;;24;Servicios de credito;JESUS HERNAN CONTRERAS VARGAS;cooperativacoobethel@hotmail.com;2
124;CUNDINAMARCA;ZIPAQUIRA;SI;;;NO;2025-03-31;125;03/31/2025 12:00:00 AM;MARZO;2025;COOPERATIVA INTEGRAL DE PRODUCTORES DE CARBON;PROCARBON;860-015-555-1;Integral sin seccion de ahorro;CUNDINAMARCA;ZIPAQUIRÁ;CRA 10 1 86;;12;Consumo (comercio);JOSE MARIA LEON POVEDA;gerencia@procarbon.coop;2
125;ATLÁNTICO;BARRANQUILLA;SI;;;SI;2025-12-31;7066;12/31/2025 05:00:00 PM;DICIEMBRE;2025;COOPERATIVA INTEGRAL EN SALUD;CONSALUD;802-007-499-2;Cooperativas de trabajo asociado;ATLÁNTICO;BARRANQUILLA;K 58 NO 74 -71;3680858;22;Salud;MADELAYNE MOLINA DE LA TORRE;contabilidadconsalud@gmail.com;2
126;NORTE DE SANTANDER;SAN JOSE DE CUCUTA;SI;;;SI;2026-06-30;3193;06/30/2026 05:00:00 PM;JUNIO;2026;COOPERATIVA MULTIACTIV DE TRABAJADORES DEL NORTE DE SANTANDER LTDA.;COOMUTRANORT LTDA.;890-501-609-4;Multiactiva sin seccion de ahorro;NORTE DE SANTANDER;SAN JOSÉ DE CÚCUTA;CL 13 2  55 BR LA PLAYA;;24;Servicios de credito;GUSTAVO ACEVEDO RUEDA;cooperativacoomutranort@hotmail.com;2
127;ANTIOQUIA;LA UNION;SI;;;NO;2019-06-30;12239;06/30/2019 05:00:00 PM;JUNIO;2019;COOPERATIVA MULTIACTIVA DE GANADEROS Y PRODUCTORES DE LECHE DEL ORIENTE ANTIOQUE??O;UNILAC;900-107-388-8;Multiactiva sin seccion de ahorro;ANTIOQUIA;LA UNIÓN;KM 1.5 VIA LA UNION - LA CEJA;5563282;12;Consumo (comercio);LUASKIN PEREZ OCAMPO;contactenos@unilac.com.co;2
128;ANTIOQUIA;CAUCASIA;SI;;;SI;2026-06-30;1485;06/30/2026 05:00:00 PM;JUNIO;2026;COOPERATIVA MULTIACTIVA DE MADRES COMUNITARIAS;COOMACO;811-001-810-6;Multiactiva sin seccion de ahorro;ANTIOQUIA;CAUCASIA;CALLE 11 N 22-43 TRIANGULO;;99;Otras actividades;MARITZA RODRIGUEZ DE RICO;contabilidnomina.coomaco@gmail.com;2
129;CUNDINAMARCA;VILLA DE SAN DIEGO DE UBATE;SI;;;SI;2026-06-30;934;06/30/2026 05:00:00 PM;JUNIO;2026;COOPERATIVA MULTIACTIVA DE PRODUCTORES DE CARBON DEL VALLE DE UBATE;COOCARBON LTDA.;860-075-788-7;Multiactiva sin seccion de ahorro;CUNDINAMARCA;VILLA DE SAN DIEGO DE UBATÉ;CRA. 6 4-120;;12;Consumo (comercio);JAVIER SOLIM ANGEL MATEUS;subgerente@coocarbon.com;2
130;BOLÍVAR;CARTAGENA DE INDIAS;SI;;;SI;2026-06-30;7561;06/30/2026 05:00:00 PM;JUNIO;2026;COOPERATIVA MULTIACTIVA DE SEGURIDAD SOCIAL COMSES;COMSES;806-008-243-3;Aportes y credito;BOLÍVAR;CARTAGENA DE INDIAS;CR48 NO 30-154;6740162;12;Consumo (comercio);VERONICA PEREZ RAMOS;gerencia@comses.org;2
131;ATLÁNTICO;BARRANQUILLA;SI;;;NO;2017-12-31;13483;12/31/2017 05:00:00 PM;DICIEMBRE;2017;COOPERATIVA MULTIACTIVA DE SERVICIOS Y SOLUCIONES INTEGRALES;MULTISOLUCIONES INTEGRALES;900-436-089-1;Multiactiva sin seccion de ahorro;ATLÁNTICO;BARRANQUILLA;Via 40 73-290 Oficina 512 MIX Via 40;3604001;24;Servicios de credito;MARIA INES FONSECA QUIROGA;atencionalcliente@multisolucionesintegrales.com.co;2
132;CUNDINAMARCA;SOPO;SI;;;SI;2025-12-31;1216;12/31/2025 05:00:00 PM;DICIEMBRE;2025;COOPERATIVA MULTIACTIVA DE SOPO;COOMSOPO;860-040-816-4;Multiactiva sin seccion de ahorro;CUNDINAMARCA;SOPÓ;CRA 5 7 12;;9;Educacion;WALDO GOMEZ MANRIQUE;gerencia@ccs.edu.co;2
133;ANTIOQUIA;MEDELLIN;SI;;;SI;2026-06-30;6970;06/30/2026 05:00:00 PM;JUNIO;2026;COOPERATIVA MULTIACTIVA DE VIVIENDA Y PRODUCCION LA CABA#A;COOVIPROC;800-072-480-2;Multiactiva sin seccion de ahorro;ANTIOQUIA;MEDELLÍN;CALLE 52 52 11 OF 205;4440227;24;Servicios de credito;JOSE ALBAN MEDINA ARIAS;contabilidad@cooviproc.com;2
134;NORTE DE SANTANDER;SAN JOSE DE CUCUTA;SI;;;SI;2026-06-30;3261;06/30/2026 05:00:00 PM;JUNIO;2026;COOPERATIVA MULTIACTIVA   DEL MAGISTERIO PARA EL DESARROLLO DEL NORTE;COOMADENORT;800-209-940-1;Multiactiva sin seccion de ahorro;NORTE DE SANTANDER;SAN JOSÉ DE CÚCUTA;AVENIDA 0 15.45 LC 1;;24;Servicios de credito;MIGUEL FERNANDO CONTRERAS TORRES;coomadenort@hotmail.com;2
135;ATLÁNTICO;BARRANQUILLA;SI;;;SI;2026-06-30;2934;06/30/2026 05:00:00 PM;JUNIO;2026;COOPERATIVA MULTIACTIVA DEL SECTOR ENERGETICO;COOTRAELECTRANTA;890-100-369-0;Multiactiva sin seccion de ahorro;ATLÁNTICO;BARRANQUILLA;CALLE 70 NO 52 54  LOCAL 2-215;6053457825;24;Servicios de credito;MARTHA JOSEFINA PALACIO CABARCAS;cootrael1963@hotmail.com;2
136;NORTE DE SANTANDER;SAN JOSE DE CUCUTA;SI;;;NO;2024-12-31;4169;12/31/2024 12:00:00 AM;DICIEMBRE;2024;COOPERATIVA MULTIACTIVA GUASIMALES;COOGUASIMALES;807-000-949-1;Multiactiva sin seccion de ahorro;NORTE DE SANTANDER;SAN JOSÉ DE CÚCUTA;CALLE 5E NO 5 18 BRR POPULAR;5962462;99;Otras actividades;MARIELA AREVALO ALVAREZ;gerencia@cooguasimales.com;2
137;ATLÁNTICO;BARRANQUILLA;SI;;;NO;2024-12-31;15736;12/31/2024 12:00:00 AM;DICIEMBRE;2024;COOPERATIVA MULTIACTIVA MATERIALES DEL CARIBE;COOMACAR;901-243-274-2;Multiactiva sin seccion de ahorro;ATLÁNTICO;BARRANQUILLA;CALLE 77 B CR 57 103 PI 10 77;3162378;19;Aseo mantenimiento y reciclaje;YOLANDA CASTRO GARCIA;gerencia@coomacar.com;2
138;BOLÍVAR;SANTA ROSA DEL SUR;SI;;;NO;2023-06-30;12384;06/30/2023 05:00:00 PM;JUNIO;2023;COOPERATIVA MULTIACTIVA MINERA DEL CARIBONA;COOPCARIBONA;900-099-061-1;Multiactiva sin seccion de ahorro;BOLÍVAR;SANTA ROSA DEL SUR;CRA 11#10-27 PISO 2;5697000;8;Mineria;MILTON OSWALDO PARRADO VELASCO;coopcaribona@hotmail.com;2
139;ANTIOQUIA;ITAGUI;SI;;;SI;2026-06-30;1449;06/30/2026 05:00:00 PM;JUNIO;2026;COOPERATIVA MULTIACTIVA PARA LA EDUCACION DE ITAGUI;COOMEI;800-171-406-1;Multiactiva sin seccion de ahorro;ANTIOQUIA;ITAGÜÍ;CR 49 44 15;3741335;99;Otras actividades;JORGE IGNACIO RESTREPO MONTOYA;contabilidad@coomei.co;2
140;ANTIOQUIA;MEDELLIN;SI;;;SI;2026-06-30;16282;06/30/2026 05:00:00 PM;JUNIO;2026;COOPERATIVA MULTIACTIVA PROGRESA CHOCO;COOPPROGRESA;901-670-940-0;Multiactiva sin seccion de ahorro;ANTIOQUIA;MEDELLÍN;CR 42 3 SUR 81;;8;Mineria;;contabilidad@coopprogresa.com;2
141;CUNDINAMARCA;ZIPAQUIRA;SI;;;SI;2026-06-30;11;06/30/2026 05:00:00 PM;JUNIO;2026;COOPERATIVA MULTIACTIVA SALINAS DE COLOMBIA-COOPSALINAS;COOPSALINAS;860-029-633-9;Multiactiva sin seccion de ahorro;CUNDINAMARCA;ZIPAQUIRÁ;CARRERA 10A NO. 6 -66;8826666;24;Servicios de credito;DIANA MARCELA HELO GONZALEZ;contabilidad@coopsalinas.com;2
142;ANTIOQUIA;MEDELLIN;SI;;;SI;2026-06-30;1372;06/30/2026 05:00:00 PM;JUNIO;2026;COOPERATIVA MULTIACTIVA SAN ANTONIO DE PRADO;COOMULSAP;800-055-169-4;Multiactiva sin seccion de ahorro;ANTIOQUIA;MEDELLÍN;CALLE 42 SUR 69 A -58;4444262;9;Educacion;MARIA TERESA GOMEZ SALAZAR;coomulsap@coomulsap.com;2
143;ATLÁNTICO;BARRANQUILLA;SI;;;NO;2021-12-31;13843;12/31/2021 05:00:00 PM;DICIEMBRE;2021;COOPERATIVA MULTIACTIVA VISION Y TALENTO;COOPMULVITAL;900-705-277-4;Multiactiva sin seccion de ahorro;ATLÁNTICO;BARRANQUILLA;CL 70B 41-132 OF 7;;24;Servicios de credito;PLINIO ALEJANDRO MOSQUERA BARRAZA;coopmulvital@gmail.com;2
144;ANTIOQUIA;MEDELLIN;SI;;;SI;2026-06-30;13233;06/30/2026 05:00:00 PM;JUNIO;2026;COOPERATIVA NUEVA PORCICULTURA;COOPORCICULTORES;900-469-860-6;Integral sin seccion de ahorro;ANTIOQUIA;MEDELLÍN;CALLE 48 75 24;;5;Pecuaria;AUGUSTO OSORNO GIL;diradmon@cooporcicultores.com.co;2
145;ANTIOQUIA;MEDELLIN;SI;;;SI;2025-12-31;1361;12/31/2025 05:00:00 PM;DICIEMBRE;2025;COOPERATIVA ODONTOLOGICA DE ANTIOQUIA LTDA. COODAN;COODAN;890-908-522-0;Multiactiva sin seccion de ahorro;ANTIOQUIA;MEDELLÍN;CL 54 45 63 OF 400;;22;Salud;MARGARITA EUSSE LOPEZ;coodancontabilidad@gmail.com;2
146;NORTE DE SANTANDER;EL ZULIA;SI;;;SI;2026-06-30;3365;06/30/2026 05:00:00 PM;JUNIO;2026;COOPERATIVA PALMAS RISARALDA LTDA;COOPAR;800-159-103-6;Especializada sin seccion de ahorro;NORTE DE SANTANDER;EL ZULIA;KM 7 VIA TIBU VDA AGUALAZAR;;13;Industria;BLADIMIR PEREZ NI?O;info@cooparcolombia.com;2
147;ATLÁNTICO;BARRANQUILLA;SI;;;SI;2026-06-30;9135;06/30/2026 05:00:00 PM;JUNIO;2026;COOPERATIVADE COMERCIANTE DEL CARIBE;COOPDECOOP;802-022-615-3;Multiactiva sin seccion de ahorro;ATLÁNTICO;BARRANQUILLA;CALLE 41 46-158;3791848;99;Otras actividades;FRANKLIN ANTONIO CADAVID DAZA;contabilidad@coopdecoc.com;2
148;ANTIOQUIA;MEDELLIN;SI;;;SI;2026-06-30;1812;06/30/2026 05:00:00 PM;JUNIO;2026;COOPERATVA DE MILITARES EN RETIRO DE ANTIOQUIA;COOMITAN;890-901-173-1;Multiactiva sin seccion de ahorro;ANTIOQUIA;MEDELLÍN;CALLE 49 40 63;2161022;9;Educacion;ALVARO MORANTES ACU?A;contabilidad@colmiljosemariacordoba.edu.co;2
149;ANTIOQUIA;EL SANTUARIO;SI;;;SI;2026-07-31;1409;07/31/2026 05:00:00 PM;JULIO;2026;EMPRESA COOPERATIVA EL SANTUARIO COOPERATIVA DE TRABAJO ASOCIADO;ECOOELSA CTA;890-985-389-5;Cooperativas de trabajo asociado;ANTIOQUIA;EL SANTUARIO;CRA 40C 49B-10;6043207510;13;Industria;FANNY HELDA GOMEZ OROZCO;contabilidad@ecooelsa.co;2
150;ANTIOQUIA;EL CARMEN DE VIBORAL;SI;;;SI;2026-06-30;6474;06/30/2026 05:00:00 PM;JUNIO;2026;EMPRESA COOPERATIVA MANANTIALES;CTA MANANTIALES;811-014-361-7;Cooperativas de trabajo asociado;ANTIOQUIA;EL CARMEN DE VIBORAL;CRA 31  44 182;5667005;99;Otras actividades;DIANA PATRICIA SALAZAR GOMEZ;gerencia.coopmanantiales@gmail.com;2
151;ANTIOQUIA;MARINILLA;SI;;;SI;2026-07-31;1416;07/31/2026 05:00:00 PM;JULIO;2026;INDUSTRIA COOPERATIVA DE MARINILLA;INCOOMAR;890-932-766-1;Cooperativas de trabajo asociado;ANTIOQUIA;MARINILLA;CALLE 28A #37-20;5484474;13;Industria;NORA RAMIREZ GOMEZ;contabilidad@incoomar.co;2
152;ANTIOQUIA;MEDELLIN;SI;;;SI;2026-06-30;13290;06/30/2026 05:00:00 PM;JUNIO;2026;PRE COOPERATIVA AGRICOLA Y MINERA COOAGROSUR;COOAGROSUR;900-415-486-2;Especializada sin seccion de ahorro;ANTIOQUIA;MEDELLÍN;CL 6 SUR 43 A 200;4795552;12;Consumo (comercio);Alejandra Marcela Diez Salazar;c.cooagrosur@gmail.com;2
153;ANTIOQUIA;BETULIA;SI;;;SI;2026-06-30;16362;06/30/2026 05:00:00 PM;JUNIO;2026;PRECOOPERATIVA CAFETERA DE ANTIOQUIA;;901-688-979-6;Multiactiva sin seccion de ahorro;ANTIOQUIA;BETULIA;CL 21 18 31;;4;Agricola;;info@coopcafeantioquia.com;2
154;ANTIOQUIA;EL BAGRE;SI;;;SI;2026-06-30;16630;06/30/2026 05:00:00 PM;JUNIO;2026;PRECOOPERATIVA INTEGRADA SOLIDARIA DE COLOMBIA;PRECOTRASAN;901-684-232-5;Precooperativas;ANTIOQUIA;EL BAGRE;CALLE 51 # 49-12;;8;Mineria;;precotrasan@gmail.com;2
155;CUNDINAMARCA;CHOACHI;SI;;;SI;2025-12-31;15517;12/31/2025 05:00:00 PM;DICIEMBRE;2025;ALTOGRANDE COOPERATIVA AGROTURISTICA CHOACHI;ALTOGRANDE;901-132-110-7;Integral sin seccion de ahorro;CUNDINAMARCA;CHOACHÍ;VDA PROTEROGRANDE CHOACHI CUNDINAMARCA;8102201;18;Turismo;;coopchoachialtogrande@gmail.com;3
156;ANTIOQUIA;MEDELLIN;SI;;;SI;2025-12-31;6971;12/31/2025 05:00:00 PM;DICIEMBRE;2025;ASOCIACION ANTIOQUE??A DE COOPERATIVAS;CONFECOOP ANTIOQUIA;800-015-746-3;Organismo de representacion;ANTIOQUIA;MEDELLÍN;CR 49  53 19  OF 404;4448383;3;Organismos de representacion;LUIS FERNANDO GOMEZ GIRALDO;administracion@confecoopantioquia.coop;3
157;ATLÁNTICO;BARRANQUILLA;SI;;;SI;2025-12-31;2933;12/31/2025 05:00:00 PM;DICIEMBRE;2025;ASOCIACION DE COOPERATIVAS Y ENTIDADES SOLIDARIAS DEL ATLANTICO;CONFECOOPATLANTICO;890-116-620-5;Organismo de representacion;ATLÁNTICO;BARRANQUILLA;CLLE 56 # 45 - 80;;3;Organismos de representacion;ALINA ELEDITH ARIZA ORTIZ;acsa_confecoopatlantico@msn.com;3
158;ANTIOQUIA;MEDELLIN;SI;;;SI;2025-12-31;16091;12/31/2025 05:00:00 PM;DICIEMBRE;2025;ASOCIACION FEDERACION DE ECONOMIA SOLIDARIA EFRAIN GUZMAN;FEDERACION EFRAIN GUZMAN;901-589-097-0;Multiactiva sin seccion de ahorro;ANTIOQUIA;MEDELLÍN;CALLE 30A 78A 11;;99;Otras actividades;;info@efrainguzman.org;3
159;ANTIOQUIA;MEDELLIN;SI;;;SI;2025-12-31;6498;12/31/2025 05:00:00 PM;DICIEMBRE;2025;AUDITORIA Y CONSULTORIA INTEGRALES E.C.;ACI;811-019-050-4;Multiactiva sin seccion de ahorro;ANTIOQUIA;MEDELLÍN;CR 43A 17 106 OF 801 ED LATITUDE;3492420;99;Otras actividades;WILMAR ROLDAN ZAPATA;asistente@acintegrales.com.co;3
160;ANTIOQUIA;APARTADO;SI;;;NO;2018-12-31;11388;12/31/2018 05:00:00 PM;DICIEMBRE;2018;C.T.A. COMERCIALIZADORA NACIONAL DE BANANO Y PRODUCTOS DEL TROPICO;COOMERCIALIZAR;811-046-114-1;Multiactiva sin seccion de ahorro;ANTIOQUIA;APARTADÓ;CALLE 94A 103-22;;12;Consumo (comercio);ORLANDO ANTONIO DIOSSA VELEZ;contadorcc@hotmail.com;3
161;ATLÁNTICO;BARRANQUILLA;SI;;;NO;2019-06-30;11834;06/30/2019 05:00:00 PM;JUNIO;2019;CCOPERATIVA MULTIACTIVA DE COMERCIO Y SERVICIOS DRAM DINAMYK;COODINAMIK;900-229-562-7;Multiactiva sin seccion de ahorro;ATLÁNTICO;BARRANQUILLA;CALLE 3A?51B-505 OFICINA 121;3406001;12;Consumo (comercio);ALBERTO DIAZ RODRIGUEZ;coodinamyk@hotmail.com;3
162;ATLÁNTICO;BARRANQUILLA;SI;;;NO;2019-12-31;7610;12/31/2019 05:00:00 PM;DICIEMBRE;2019;CENTRAL COOPERATIVA DEL ATLANTICO;CEANCOOP;802-015-762-9;Multiactiva sin seccion de ahorro;ATLÁNTICO;BARRANQUILLA;CALLE 38 41 60 OF 2;3851840;99;Otras actividades;JANETH CORDOBA ARIZA;cartera@ceancoop.co;3
163;NORTE DE SANTANDER;SAN JOSE DE CUCUTA;SI;;;SI;2025-12-31;3237;12/31/2025 05:00:00 PM;DICIEMBRE;2025;CENTRAL DE COOPERATIVAS DEL NORTE DE SANTANDER LIMITADA;CENCONORTE LTDA.;890-505-732-0;Organismo de representacion;NORTE DE SANTANDER;SAN JOSÉ DE CÚCUTA;CLLE 8A 0 75 BRR LATINO;;3;Organismos de representacion;CARLOS JULIO MORA PE??ALOZA;confecoopnorte@gmail.com;3
164;ANTIOQUIA;MEDELLIN;SI;;;SI;2025-12-31;16424;12/31/2025 05:00:00 PM;DICIEMBRE;2025;COOMBO COOPERATIVA DE DISE??O;COOMBO;901-487-192-4;Integral sin seccion de ahorro;ANTIOQUIA;MEDELLÍN;CALLE 34A 85A 49;;99;Otras actividades;;jess@coombo.co;3
165;BOLÍVAR;CARTAGENA DE INDIAS;SI;;;NO;2021-06-30;8207;06/30/2021 05:00:00 PM;JUNIO;2021;COOMERCIALIZADORA MULTINACIONAL COOPERATIVA DE COLOMBIA LTDA;COOPMULCOL;800-250-747-7;Multiactiva sin seccion de ahorro;BOLÍVAR;CARTAGENA DE INDIAS;BRR CENTRO SEC MATUNA CL 32 9 45 ED BCO ESTADO OF;6648520;12;Consumo (comercio);ISABEL HERNANDEZ UCROS;ihernandez@hotmail.com;3
166;ATLÁNTICO;BARRANQUILLA;SI;;;SI;2025-12-31;15781;12/31/2025 05:00:00 PM;DICIEMBRE;2025;COOMIBAR;COOMIBAR;900-900-449-1;Multiactiva sin seccion de ahorro;ATLÁNTICO;BARRANQUILLA;CALLE 38 NRO 41-39 OF 304;;24;Servicios de credito;;coomibar@outlook.com;3
167;ATLÁNTICO;BARRANQUILLA;SI;;;NO;2021-12-31;3818;12/31/2021 05:00:00 PM;DICIEMBRE;2021;COOMULCARIBE;COOMULCARIBE;802-002-782-1;Multiactiva sin seccion de ahorro;ATLÁNTICO;BARRANQUILLA;CRA 46 74-16 PISO 3;;24;Servicios de credito;SANDRA MILENA GOMEZ SERRANO;coomulcaribe@coomulcaribe.com;3
168;ATLÁNTICO;SABANAGRANDE;SI;;;SI;2025-12-31;4979;12/31/2025 05:00:00 PM;DICIEMBRE;2025;COOP.MULTIAC.DE.DOC.Y.EMPLEAD.DE.LA.COSTA;COOMADEC;802-005-816-5;Multiactiva sin seccion de ahorro;ATLÁNTICO;SABANAGRANDE;CALLE 7A  16-306;;99;Otras actividades;RITA ISABEL MARRIAGA FANG;coomadec@hotmail.com;3
169;BOLÍVAR;CARTAGENA DE INDIAS;SI;;;SI;2025-12-31;7089;12/31/2025 05:00:00 PM;DICIEMBRE;2025;COOP.MULTIACTIVA DE LOS TRABAJADORES DEL SENA;COOPTRASENA;800-050-833-4;Multiactiva sin seccion de ahorro;BOLÍVAR;CARTAGENA DE INDIAS;BRR EL CARMEN CRA 66 30-07;6725600;12;Consumo (comercio);FREDY PAJARO OSORIO;cooptrtasena@yahoo.es;3
170;BOLÍVAR;CARTAGENA DE INDIAS;SI;;;SI;2025-12-31;4359;12/31/2025 05:00:00 PM;DICIEMBRE;2025;COOPERATIVA A SU SERVICIO LTDA.;COOAS LTDA;806-004-525-7;Integral sin seccion de ahorro;BOLÍVAR;CARTAGENA DE INDIAS;CALLE 33 8 20;6644753;99;Otras actividades;ELECTO ALARCON SERGE;contabilidad@cooas.com.co;3
171;ANTIOQUIA;BETULIA;SI;;;SI;2026-06-30;16153;06/30/2026 05:00:00 PM;JUNIO;2026;COOPERATIVA AGRICOLA CARDINAL;COAGROCARDINAL;901-666-880-1;Multiactiva sin seccion de ahorro;ANTIOQUIA;BETULIA;CL 20 18 20;;12;Consumo (comercio);;coagrocardinal.rl@gmail.com;3
172;CUNDINAMARCA;FOMEQUE;SI;;;SI;2025-12-31;3735;12/31/2025 05:00:00 PM;DICIEMBRE;2025;COOPERATIVA AGRICOLA DEL ORIENTE DE CUNDINAMARCA;COOAGRORIENTE;860-047-584-2;Multiactiva sin seccion de ahorro;CUNDINAMARCA;FÓMEQUE;CL 4 # 3-21;;12;Consumo (comercio);ROSA ELVIRA SARAY MILLAN;cooagroriente@gmail.com;3
173;ANTIOQUIA;CIUDAD BOLIVAR;SI;;;SI;2025-12-31;16583;12/31/2025 05:00:00 PM;DICIEMBRE;2025;COOPERATIVA AGRICOLA DEL SUROESTE ANTIOQUE??O;COAGROSUAN;901-652-847-7;Multiactiva sin seccion de ahorro;ANTIOQUIA;CIUDAD BOLÍVAR;CL 48 53 68;;99;Otras actividades;;coagrosuan@hotmail.com;3
174;ANTIOQUIA;MEDELLIN;SI;;;NO;2024-07-31;16601;07/31/2024 12:00:00 AM;JULIO;2024;COOPERATIVA AGRICOLA MULTIACTIVA GRUESCO;GRUESCO;901-862-696-2;Multiactiva sin seccion de ahorro;ANTIOQUIA;MEDELLÍN;CLL 16 SUR NA? 43A-49 OF. 304;;4;Agricola;;cogruesco@gmail.com;3
175;ANTIOQUIA;BETULIA;SI;;;SI;2025-12-31;16603;12/31/2025 05:00:00 PM;DICIEMBRE;2025;COOPERATIVA AGRICOLA SAN JOSE;COAGROSANJOSE;901-829-605-3;Integral sin seccion de ahorro;ANTIOQUIA;BETULIA;CL 21 # 19- 24/26 BARRIO CENTRO;;99;Otras actividades;;cooperativaagricolasanjose@gmail.com;3
176;ANTIOQUIA;ITAGUI;SI;;;NO;2019-12-31;15362;12/31/2019 05:00:00 PM;DICIEMBRE;2019;COOPERATIVA AGRO Y CAFE UNIDOS;CAFEUNIDOS;900-723-423-1;Multiactiva sin seccion de ahorro;ANTIOQUIA;ITAGÜÍ;CL 32 41 140;3774271;12;Consumo (comercio);GUSTAVO ADOLFO SANCHEZ GUTIERREZ;cafeunidos@hotmail.com;3
177;ANTIOQUIA;GOMEZ PLATA;SI;;;SI;2026-06-30;16027;06/30/2026 05:00:00 PM;JUNIO;2026;COOPERATIVA AGROPECUARIA COAGROMILENIO;COAGROMILENIO;811-047-133-6;Cooperativas de trabajo asociado;ANTIOQUIA;GÓMEZ PLATA;CR 48 45 57;8627268;4;Agricola;;coagromilenio@hotmail.com;3
178;ANTIOQUIA;GIRARDOTA;SI;;;NO;2024-12-31;16678;12/31/2024 12:00:00 AM;DICIEMBRE;2024;COOPERATIVA AGROPECUARIA DE GIRARDOTA;CAMPOGIR;900-399-432-6;Multiactiva sin seccion de ahorro;ANTIOQUIA;GIRARDOTA;CRA 15 # 5B-45 LOCAL 201;;;;;;3
179;CUNDINAMARCA;GUASCA;SI;;;SI;2025-12-31;15208;12/31/2025 05:00:00 PM;DICIEMBRE;2025;COOPERATIVA AGROPECUARIA DE GUAVIO;COOAGROGUAVIO;900-102-054-0;Multiactiva sin seccion de ahorro;CUNDINAMARCA;GUASCA;VRDA LA CONCEPCION;;4;Agricola;MOISES RODRIGUEZ OSPINA;cooagroguaviomr@gmail.com;3
180;CUNDINAMARCA;SUBACHOQUE;SI;;;SI;2025-12-31;11677;12/31/2025 05:00:00 PM;DICIEMBRE;2025;COOPERATIVA AGROPECUARIA DE PRODUCTORES DE LECHE DE SUBACHOQUE;SUCOLAC;832-008-119-2;Especializada sin seccion de ahorro;CUNDINAMARCA;SUBACHOQUE;CALLE 3 N 2-62;;4;Agricola;FRANISCO GUAQUETA HEMELBERG;sucolac@gmail.com;3
181;NORTE DE SANTANDER;SAN JOSE DE CUCUTA;SI;;;SI;2025-12-31;15506;12/31/2025 05:00:00 PM;DICIEMBRE;2025;COOPERATIVA AGROPECUARIA DE RAGONVALIA;COAGRONVALIA;807-008-542-4;Multiactiva sin seccion de ahorro;NORTE DE SANTANDER;SAN JOSÉ DE CÚCUTA;LOTE COAGRONVALIA VDA. SANTA BARBARA;3202126194;4;Agricola;;coagronvalia@yahoo.es;3
182;CUNDINAMARCA;TENJO;SI;;;SI;2025-12-31;16028;12/31/2025 05:00:00 PM;DICIEMBRE;2025;COOPERATIVA AGROPECUARIA DE TENJO;COLATTE;901-566-018-1;Especializada sin seccion de ahorro;CUNDINAMARCA;TENJO;KM 1 SIBERIA CHURUGUACO BAJO SEC BOMBEROS;3153348;4;Agricola;;colattecooperativadeproductores@gmail.com;3
183;CUNDINAMARCA;SESQUILE;SI;;;NO;2020-12-31;9647;12/31/2020 05:00:00 PM;DICIEMBRE;2020;COOPERATIVA AGROPECUARIA LECHERA DE SESQUILE COAGROLES;COAGROLES;830-503-420-0;Cooperativas de trabajo asociado;CUNDINAMARCA;SESQUILÉ;CR  5 NO- 3-79;;4;Agricola;JUSTO DOMINGO MANCERA JIMENEZ;coagroles2011@hotmail.com;3
184;CUNDINAMARCA;CHOACHI;SI;;;SI;2025-12-31;11728;12/31/2025 05:00:00 PM;DICIEMBRE;2025;COOPERATIVA AGROPECUARIA Y AGROINDUSTRIAL;AGROLACTEOS;900-201-810-7;Multiactiva sin seccion de ahorro;CUNDINAMARCA;CHOACHÍ;VEREDA POTREROGRANDE;;4;Agricola;ELSA MARINA BARON BARON;agrolacteos@hotmail.com;3
185;BOLÍVAR;CANTAGALLO;SI;;;NO;2023-12-31;16288;12/31/2023 05:00:00 PM;DICIEMBRE;2023;COOPERATIVA AGROPECUARIA Y PORCICOLA LOS MANGUITOS;AGROMANGUITOS;901-695-225-0;Multiactiva sin seccion de ahorro;BOLÍVAR;CANTAGALLO;C BRISAS DE BOLIVAR;;4;Agricola;;cooperativaagromanguitos@gmail.com;3
186;ATLÁNTICO;BARRANQUILLA;SI;;;SI;2025-12-31;1581;12/31/2025 05:00:00 PM;DICIEMBRE;2025;COOPERATIVA AL SERVICIO DEL TRABAJADOR EN LA COSTA NORTE;COOTRASERVES;890-110-076-0;Especializada sin seccion de ahorro;ATLÁNTICO;BARRANQUILLA;CARRERA 44 54-25;6053375729;99;Otras actividades;PEDRO PABLO BARCELO THOMAS;gerencia@cootraserves.com;3
187;ANTIOQUIA;MEDELLIN;SI;;;SI;2025-12-31;12125;12/31/2025 05:00:00 PM;DICIEMBRE;2025;COOPERATIVA ANTIOQUE??A CAFETERA;COPEANCAFE;900-273-749-3;Multiactiva sin seccion de ahorro;ANTIOQUIA;MEDELLÍN;CR 51  14  242;3229149;12;Consumo (comercio);CARLOS ARIEL ORTIZ GIRALDO;copeancafe1@hotmail.com;3
188;ANTIOQUIA;MEDELLIN;SI;;;NO;2018-12-31;1337;12/31/2018 05:00:00 PM;DICIEMBRE;2018;COOPERATIVA APORTES Y CREDITO DE  TRABAJADORES DE ERECOS;COTRERECOS;890-926-714-4;Especializada sin seccion de ahorro;ANTIOQUIA;MEDELLÍN;CALLE 23 # 54-14;5835735;24;Servicios de credito;CARMEN CORONADO AVILEZ;cotrerecos@une.net.co;3
189;CUNDINAMARCA;COGUA;SI;;;SI;2025-12-31;18;12/31/2025 05:00:00 PM;DICIEMBRE;2025;COOPERATIVA ASOCIADOS COMERCIALIZACION Y PRODUCCION  CARBONIFERA DE COLOMBIA;COACPROCOL;860-519-602-3;Especializada sin seccion de ahorro;CUNDINAMARCA;COGUA;KM 5 VIA ZIPAQUIRA UBATE;3104528;12;Consumo (comercio);ANDREA CAROLINA VEGA RODRIGUEZ;coacprocolltda@hotmaill.com;3
190;ATLÁNTICO;BARRANQUILLA;SI;;;NO;2018-12-31;13737;12/31/2018 05:00:00 PM;DICIEMBRE;2018;COOPERATIVA BARMECOST CTA;900614682;900-614-682-3;Cooperativas de trabajo asociado;ATLÁNTICO;BARRANQUILLA;CR 53 N. 64 - 72 OF 108 EDI. ALQUIN;3601364;99;Otras actividades;JOSE LUIS ARCINIEGAS ANGARITA;barmecost@gmail.com;3
191;BOLÍVAR;CARTAGENA DE INDIAS;SI;;;SI;2026-06-30;1588;06/30/2026 05:00:00 PM;JUNIO;2026;COOPERATIVA BOLIVARENSE DE LAS FF.MM EN RETIRO;COOABOLSURE LTDA;800-121-486-7;Aportes y credito;BOLÍVAR;CARTAGENA DE INDIAS;BARRIO LOS ALPES TRV 71 71-36;6601067;12;Consumo (comercio);MAYTER ALICIA PERI?AN LUGO;cooabolsureltda@yahoo.com.co;3
192;NORTE DE SANTANDER;SAN JOSE DE CUCUTA;SI;;;SI;2025-12-31;3180;12/31/2025 05:00:00 PM;DICIEMBRE;2025;COOPERATIVA CASA NACIONAL DEL PROFESOR REGIONAL NORTE DE SANTANDER;CANAPRONORT LTDA;890-501-239-2;Multiactiva sin seccion de ahorro;NORTE DE SANTANDER;SAN JOSÉ DE CÚCUTA;AV 3 11 26 ED ARCADA BERTI LOCAL B8;;24;Servicios de credito;VIVIAM ROCIO GARCIA GUEVARA;canapronort@gmail.com;3
193;CUNDINAMARCA;SOPO;SI;;;SI;2025-12-31;8817;12/31/2025 05:00:00 PM;DICIEMBRE;2025;COOPERATIVA COHESION ESTRATEGICA PARA EL DESARROLLO COOPERATIVO;COESDECOOP;900-001-314-7;Especializada sin seccion de ahorro;CUNDINAMARCA;SOPÓ;CALLE 6 6 97;;24;Servicios de credito;LINA JANETHE BARACALDO MARTIN;coesdecoop@yahoo.es;3
194;ANTIOQUIA;MEDELLIN;SI;;;NO;2020-06-30;12527;06/30/2020 05:00:00 PM;JUNIO;2020;COOPERATIVA COMERCIALIZADORA DE BIENES AGROPECUARIOS;BIENAGRO;811-040-654-1;Multiactiva sin seccion de ahorro;ANTIOQUIA;MEDELLÍN;CR 53 1 78 PISO 2;3529711;4;Agricola;JUAN CAMILO ORREGO ALVAREZ;bienagrocontabilidad@une.net.co;3
195;ATLÁNTICO;BARRANQUILLA;SI;;;NO;2024-12-31;9783;12/31/2024 12:00:00 AM;DICIEMBRE;2024;COOPERATIVA COMPARTIMOS DESARROLLO INTEGRAL;COMPARTIMOS;900-055-856-9;Integral sin seccion de ahorro;ATLÁNTICO;BARRANQUILLA;Calle 39 Nro.43-123 Piso 9 Oficina H23;3407198;99;Otras actividades;ZOILA ROSA BARRAZA CAMACHO;comparti05@ yahoo.com;3
196;ANTIOQUIA;EL SANTUARIO;SI;;;SI;2026-06-30;7216;06/30/2026 05:00:00 PM;JUNIO;2026;COOPERATIVA COMUNITARIA EL SANTUARIO;COOMUNELSA CTA;811-013-354-0;Cooperativas de trabajo asociado;ANTIOQUIA;EL SANTUARIO;CR 42 49 99;5463939;13;Industria;LUIS ALBERTO CHAVARRO MARQUEZ;contabilidadcoomunelsacta@gmail.com;3
197;NORTE DE SANTANDER;OCANA;SI;;;NO;2020-06-30;15590;06/30/2020 05:00:00 PM;JUNIO;2020;COOPERATIVA COOP CREDIEFECTIVA;CREDIEFECTIVA;901-170-556-1;Integral sin seccion de ahorro;NORTE DE SANTANDER;OCAÑA;CALLE 11 N. 17-10 OF 105;8207924;24;Servicios de credito;YOHEN ALVAREZ OVALLOS;corjireh@hotmail.com;3
198;ATLÁNTICO;BARRANQUILLA;SI;;;NO;2021-12-31;13448;12/31/2021 05:00:00 PM;DICIEMBRE;2021;COOPERATIVA COOPMAXIVALORES;COOPMAXIVALORES;900-478-113-0;Multiactiva sin seccion de ahorro;ATLÁNTICO;BARRANQUILLA;CL 85 50 159 OF 1507;;99;Otras actividades;KAREN PATRICIA BUELVAS ACOSTA;coopmaxivalores@hotmail.com;3
199;NORTE DE SANTANDER;SARDINATA;SI;;;NO;2022-12-31;4530;12/31/2022 05:00:00 PM;DICIEMBRE;2022;COOPERATIVA COOPULSAR SARDINATA;COOPULSAR;807-000-512-7;Multiactiva sin seccion de ahorro;NORTE DE SANTANDER;SARDINATA;CALLE 4 4-45 SAN MARTIN;;24;Servicios de credito;MYRIAM GAITAN FLOREZ;coopulsarsardinata@hotmail.com;3
200;ATLÁNTICO;BARRANQUILLA;SI;;;NO;2022-12-31;13859;12/31/2022 05:00:00 PM;DICIEMBRE;2022;COOPERATIVA COOTECHNOLOGY;COOTECHNOLOGY;900-635-726-9;Multiactiva sin seccion de ahorro;ATLÁNTICO;BARRANQUILLA;CL 77 NO 59 - 35 OF 1503;;24;Servicios de credito;KELLYS BARROS OROZCO;ccootechnology@gmail.com;3
201;CUNDINAMARCA;GUATAVITA;SI;;;SI;2025-12-31;16709;12/31/2025 05:00:00 PM;DICIEMBRE;2025;COOPERATIVA CORALES;;900-234-958-1;Multiactiva sin seccion de ahorro;CUNDINAMARCA;GUATAVITA;VDA CORALES;;5;Pecuaria;;coopcorales@hotmail.com;3
202;ANTIOQUIA;LA UNION;SI;;;SI;2026-06-30;12036;06/30/2026 05:00:00 PM;JUNIO;2026;COOPERATIVA CREAR LA UNION;COOPCREAR;800-075-907-9;Multiactiva sin seccion de ahorro;ANTIOQUIA;LA UNIÓN;CALLE15 N 9 49;;13;Industria;MONICA MARSELLA PATI?O DURANGO;coopcrearlaunion@yahoo.es;3
203;ATLÁNTICO;BARRANQUILLA;SI;;;NO;2022-12-31;15959;12/31/2022 05:00:00 PM;DICIEMBRE;2022;COOPERATIVA CREDIPENSION 72 BARRANQUILLA;COOPCREDIPENSION 72;901-488-575-6;Multiactiva sin seccion de ahorro;ATLÁNTICO;BARRANQUILLA;CALLE 39 41 - 72 PISO 8;3015239;99;Otras actividades;INES ELENA VILLANUEVA ROMERO;coopcredipension72bq@gmail.com;3
204;ANTIOQUIA;MEDELLIN;SI;;;NO;2025-06-30;13811;06/30/2025 05:00:00 PM;JUNIO;2025;COOPERATIVA CRISTIANA MULTIACTIVA CREER;COOPCREER;900-674-979-1;Especializada sin seccion de ahorro;ANTIOQUIA;MEDELLÍN;CR 74 49B-17 AP 201;;99;Otras actividades;LUZ MARITZA RAMIREZ PEREZ;ccoopcreer@gmail.com;3
205;NORTE DE SANTANDER;SAN JOSE DE CUCUTA;SI;;;NO;2017-06-30;15494;06/30/2017 05:00:00 PM;JUNIO;2017;COOPERATIVA DE ACEITES RESIDUALES SOLUCION INDUSTRIAL NORTE DE SANTANDER;COOARSINORTE;901-099-725-5;Cooperativas de trabajo asociado;NORTE DE SANTANDER;SAN JOSÉ DE CÚCUTA;AV 4 A 7 91 SANTA ANA;;19;Aseo mantenimiento y reciclaje;JOSE ABEL CORREA MONTERREY;cooarsinorte@gmail.com;3
206;ANTIOQUIA;MEDELLIN;SI;;;SI;2025-12-31;6801;12/31/2025 05:00:00 PM;DICIEMBRE;2025;COOPERATIVA DE AFILIACIONES AL POS PEQUE#A Y MEDIANA EMPRESA;COOAPPYME;811-009-732-6;Multiactiva sin seccion de ahorro;ANTIOQUIA;MEDELLÍN;CL 47 40 24;4482122;9;Educacion;LUIS FERNANDO VALENCIA TORO;cooappyme@gmail.com;3
207;ANTIOQUIA;MEDELLIN;SI;;;NO;2017-12-31;1702;12/31/2017 05:00:00 PM;DICIEMBRE;2017;COOPERATIVA DE AFILIADOS A AES COLOMBIA;COOPAFA;800-160-980-0;Integral sin seccion de ahorro;ANTIOQUIA;MEDELLÍN;Calle 29 C 55 -25;4443553;12;Consumo (comercio);JAVIER DARIO LASSO BONILLA;contabilidad@coopafa.com;3
208;NORTE DE SANTANDER;TOLEDO;SI;;;NO;2023-12-31;16188;12/31/2023 05:00:00 PM;DICIEMBRE;2023;COOPERATIVA DE AGROINSUMOS LA ABUNDANCIA;COOAGROAB;901-694-267-5;Especializada sin seccion de ahorro;NORTE DE SANTANDER;TOLEDO;VEREDA EL PORVENIR;;4;Agricola;HECTOR YECID NU?EZ VILLAMIZR;dulceporvenir123@gmail.com;3
209;ANTIOQUIA;MEDELLIN;SI;;;SI;2026-06-30;1338;06/30/2026 05:00:00 PM;JUNIO;2026;COOPERATIVA DE AHORRO Y CREDITO DE EMPLEADOS LUIS AMIGO;COOPERAMIGO;800-191-482-7;Multiactiva sin seccion de ahorro;ANTIOQUIA;MEDELLÍN;CL 50 N. 67-129;4089474;24;Servicios de credito;ALVARO ALONSO LONDONO PEREZ;info@cooperamigo.coop;3
210;CUNDINAMARCA;GIRARDOT;SI;;;NO;2020-06-30;347;06/30/2020 05:00:00 PM;JUNIO;2020;COOPERATIVA DE AHORRO Y CREDITO DE GIRARDOT LTDA.;COOACREGIR;890-680-253-2;Multiactiva sin seccion de ahorro;CUNDINAMARCA;GIRARDOT;MANZANA 65 CASA 5 KENNEDY;;24;Servicios de credito;ISMAEL ORTIZ BARRERO;cooacregirltda@gmail.com;3
211;ANTIOQUIA;REMEDIOS;SI;;;SI;2025-12-31;5098;12/31/2025 05:00:00 PM;DICIEMBRE;2025;COOPERATIVA DE AHORRO Y CREDITO SANTA ISABEL;COOP.A. Y C.STA. I.;800-039-659-4;Multiactiva sin seccion de ahorro;ANTIOQUIA;REMEDIOS;CRA11-NRO 809;;24;Servicios de credito;MARIA ELSA JIMENEZ MENESES;santaisabelcoop@hotmail.com;3
212;CUNDINAMARCA;FACATATIVA;SI;;;SI;2025-12-31;16447;12/31/2025 05:00:00 PM;DICIEMBRE;2025;COOPERATIVA DE APORTE Y CR??DITO SOLIDHAR+;SOLIDHAR+;901-771-447-4;Aportes y credito;CUNDINAMARCA;FACATATIVÁ;CALLE 16 # 10 - 15 TORRE 15 501;3057842;24;Servicios de credito;;solidharmas@gmail.com;3
213;ATLÁNTICO;BARRANQUILLA;SI;;;SI;2026-06-30;11220;06/30/2026 05:00:00 PM;JUNIO;2026;COOPERATIVA DE APORTE Y CREDITO DEL SECTOR GANADERO Y AFINES;GANACOOP;900-149-889-6;Multiactiva sin seccion de ahorro;ATLÁNTICO;BARRANQUILLA;CALLE  75  56-54;;24;Servicios de credito;MARIA ELVIRA LOPEZ PARDO;ganacoop@coolechera.com;3
214;ANTIOQUIA;MEDELLIN;SI;;;NO;2019-06-30;1352;06/30/2019 05:00:00 PM;JUNIO;2019;COOPERATIVA DE APORTES Y CREDITO CONSUMO DE TRANSPORTADORES ANTIOQUE??OS;COOACTRA;890-985-397-4;Multiactiva sin seccion de ahorro;ANTIOQUIA;MEDELLÍN;CL 55 70 59;4481008;99;Otras actividades;JUAN CARLOS RESTREPO BUENO;contador@masmedellin.com;3
215;ATLÁNTICO;BARRANQUILLA;SI;;;SI;2025-12-31;2922;12/31/2025 05:00:00 PM;DICIEMBRE;2025;COOPERATIVA DE APORTES Y CREDITO DE LOS PENSIONADOS Y CAUSAHABIENTES DE LA EMPRESA PUERTOS DE COLOMBIA;COOPEMPUCOL;890-105-173-7;Especializada sin seccion de ahorro;ATLÁNTICO;BARRANQUILLA;CALLE 45 - 45-12;;99;Otras actividades;MARIA TERESA GALINDO POLO;coopepumcol@coopempucol.com;3
216;NORTE DE SANTANDER;SAN JOSE DE CUCUTA;SI;;;SI;2025-12-31;3178;12/31/2025 05:00:00 PM;DICIEMBRE;2025;COOPERATIVA DE APORTES Y CREDITO DE PENSIONADOS ECOPETROL NORTE DE SANTANDER;COOPENOR;800-231-088-0;Multiactiva sin seccion de ahorro;NORTE DE SANTANDER;SAN JOSÉ DE CÚCUTA;CL 12 #4-19 OF 301 EDIF PANAMERICANO;5723636;99;Otras actividades;oscar hernando leal casta??eda;coopenorgerencia@gmail.com;3
217;CUNDINAMARCA;ZIPAQUIRA;SI;;;SI;2026-06-30;1232;06/30/2026 05:00:00 PM;JUNIO;2026;COOPERATIVA DE APORTES Y CREDITO DE TRABAJADORES DE EMPRESAS REGIONALES DE ZIPAQUIRA LTDA.;COOPEDEREZ;860-023-320-1;Especializada sin seccion de ahorro;CUNDINAMARCA;ZIPAQUIRÁ;CL 4 # 9 42;8522255;99;Otras actividades;PEDRO ALFONSO CHIQUIZA VALBUENA;cooperederez@yahoo.com;3
218;NORTE DE SANTANDER;SAN JOSE DE CUCUTA;SI;;;SI;2025-12-31;6630;12/31/2025 05:00:00 PM;DICIEMBRE;2025;COOPERATIVA DE APOYO DOCENTE LTDA.;COADO LTDA.;890-504-342-7;Aportes y credito;NORTE DE SANTANDER;SAN JOSÉ DE CÚCUTA;AV 3 11 26 LC B4 ED ARCADA BERTI;5501223;24;Servicios de credito;ANA FRANCISCA SOLANO GUERRERO;coadoltda@hotmail.com;3
219;ANTIOQUIA;MEDELLIN;SI;;;SI;2025-12-31;10314;12/31/2025 05:00:00 PM;DICIEMBRE;2025;COOPERATIVA DE ARTESANOS DE ANTIOQUIA;COASDA;811-036-536-3;Especializada sin seccion de ahorro;ANTIOQUIA;MEDELLÍN;CALLE 52 50 19 OF 501;;99;Otras actividades;FRANCISCO DE PAULA CARDENAS OSPINA;gerenciacooasda@gmail.com;3
220;NORTE DE SANTANDER;SAN JOSE DE CUCUTA;SI;;;NO;2017-12-31;11628;12/31/2017 05:00:00 PM;DICIEMBRE;2017;COOPERATIVA DE ASESORES EMPRESARIALES Y DE SEGUROS;COASECOL;800-160-143-2;Integral sin seccion de ahorro;NORTE DE SANTANDER;SAN JOSÉ DE CÚCUTA;CC BOLIVAR LOCAL I 6;5841539;99;Otras actividades;YOLANDA BECERRA DE RONDON;cooasecol@hotmail.com;3
221;ATLÁNTICO;BARRANQUILLA;SI;;;NO;2018-12-31;7999;12/31/2018 05:00:00 PM;DICIEMBRE;2018;COOPERATIVA DE ASESORIAS JURIDICAS;COAS;802-012-050-1;Multiactiva sin seccion de ahorro;ATLÁNTICO;BARRANQUILLA;CL 40  44 93 OF 6A;3336304;24;Servicios de credito;RICARDO JOSE MAESTRE BARRETO;gasuru@hotmail.com;3
222;ATLÁNTICO;BARRANQUILLA;SI;;;NO;2021-12-31;12633;12/31/2021 05:00:00 PM;DICIEMBRE;2021;COOPERATIVA DE ASESORIAS JURIDICAS COBRANZAS E INVERSIONES;COACOBRIN;802-013-180-3;Multiactiva sin seccion de ahorro;ATLÁNTICO;BARRANQUILLA;CARRERA 44 # 37-21 PISO 13 OFIC 1303;3394802;99;Otras actividades;MARIA GUZMAN SIERRA;coacobrin@yahoo.es;3
223;ATLÁNTICO;BARRANQUILLA;SI;;;NO;2020-12-31;15465;12/31/2020 05:00:00 PM;DICIEMBRE;2020;COOPERATIVA DE ASISTENCIA JURIDICA INTEGRAL;COOPJURIDICA DE COLOMBIA;901-178-931-5;Multiactiva sin seccion de ahorro;ATLÁNTICO;BARRANQUILLA;CL 41 43 19 P2 AP 2E;;99;Otras actividades;;coopjuridicadecolombia@gmail.com;3
224;NORTE DE SANTANDER;EL ZULIA;SI;;;NO;2023-06-30;3260;06/30/2023 05:00:00 PM;JUNIO;2023;COOPERATIVA DE CA#ICULTORES DEL VALLE DEL RIO ZULIA LTDA.;COOPECA#A;800-220-198-5;Multiactiva sin seccion de ahorro;NORTE DE SANTANDER;EL ZULIA;AVENIDA 2 2 30;;4;Agricola;LUIS ALFONSO POTES;coopecana1993@yahoo.com;3
225;NORTE DE SANTANDER;OCANA;SI;;;NO;2021-12-31;15452;12/31/2021 05:00:00 PM;DICIEMBRE;2021;COOPERATIVA DE CAFETEROS Y CACAOTEROS DEL CATATUMBO;COOPCACAT;900-878-127-1;Especializada sin seccion de ahorro;NORTE DE SANTANDER;OCAÑA;CALLE 13 A 6-57 BARRIO EL MERCADO;5623461;4;Agricola;;coopcacat@gmail.com;3
226;ANTIOQUIA;MEDELLIN;SI;;;NO;2024-06-30;16237;06/30/2024 12:00:00 AM;JUNIO;2024;COOPERATIVA DE CAFICULTORES DEL NORTE;COOCAFINORTE;901-358-226-3;Especializada sin seccion de ahorro;ANTIOQUIA;MEDELLÍN;CR 6A 47A 40;;4;Agricola;WENDY MARILIN MARIN MONTOYA;coocafinortecol@gmail.com;3
227;ANTIOQUIA;SAN JUAN DE URABA;SI;;;NO;2023-06-30;16432;06/30/2023 05:00:00 PM;JUNIO;2023;COOPERATIVA DE CAMPESINOS AGROPECUARIA Y PISCICOLA CORREGIMIENTO SIETE;COOAGROSIETEVUELTAS;901-307-388-1;Integral sin seccion de ahorro;ANTIOQUIA;SAN JUAN DE URABÁ;CORREGIMIENTO 7 VUELTAS;;4;Agricola;;cooagro7vuieltas@gmail.com;3
228;ANTIOQUIA;MEDELLIN;SI;;;SI;2025-12-31;1654;12/31/2025 05:00:00 PM;DICIEMBRE;2025;COOPERATIVA DE COMERCIALIZADORES DEL AGRO LTDA.;COMERAGRO LTDA.;800-190-099-4;Multiactiva sin seccion de ahorro;ANTIOQUIA;MEDELLÍN;CR 65 8 B91 OF 308;;12;Consumo (comercio);HERNAN RAMIRO ALVAREZ CANO;comeragrocontabilidad@gmail.com;3
229;ANTIOQUIA;BELLO;SI;;;NO;2023-12-31;16430;12/31/2023 05:00:00 PM;DICIEMBRE;2023;COOPERATIVA  DE COMERCIANTES DE LA PLAZA DE MERCADO DE BELLO;COOPEMERCA-B;901-777-528-1;Multiactiva sin seccion de ahorro;ANTIOQUIA;BELLO;CR 47 50 95;3047359;99;Otras actividades;;bedoyaneider4@gmail.com;3
230;ATLÁNTICO;BARRANQUILLA;SI;;;SI;2025-12-31;13726;12/31/2025 05:00:00 PM;DICIEMBRE;2025;COOPERATIVA DE CREDITO PARA EL FOMENTO SOLIDARIO;ARMYCOOP;900-709-525-4;Multiactiva sin seccion de ahorro;ATLÁNTICO;BARRANQUILLA;CRA 43 72 122  OFICNA 601B;3202056;99;Otras actividades;MILAGROS DE JESUS SALTARIN RAMOS;armycoopbogota@gmail.com;3
231;BOLÍVAR;CARTAGENA DE INDIAS;SI;;;SI;2025-12-31;8591;12/31/2025 05:00:00 PM;DICIEMBRE;2025;COOPERATIVA DE CREDITO Y DISTRIBUCION DE COLOMBIA LTDA.;COOBC;806-002-501-1;Integral sin seccion de ahorro;BOLÍVAR;CARTAGENA DE INDIAS;AV PEDRO D HEREDIA ALMACEN BC;6445489;99;Otras actividades;MIGUEL ANGEL BLANCO CAMPANO;coobc@hotmail.com;3
232;ATLÁNTICO;BARRANQUILLA;SI;;;NO;2021-12-31;11754;12/31/2021 05:00:00 PM;DICIEMBRE;2021;COOPERATIVA DE CREDITO Y SERVICIO;INCRECOOP;900-239-713-5;Multiactiva sin seccion de ahorro;ATLÁNTICO;BARRANQUILLA;CALLE 40 43 123;;99;Otras actividades;DENNYS PETRONA ORDO??EZ LOPEZ;increcoop_01@hotmail.com;3
233;ATLÁNTICO;BARRANQUILLA;SI;;;NO;2022-12-31;15686;12/31/2022 05:00:00 PM;DICIEMBRE;2022;COOPERATIVA DE CREDITOS JURIDICOS C-S;COOPCREDIJU;901-361-898-3;Multiactiva sin seccion de ahorro;ATLÁNTICO;BARRANQUILLA;CARRERA 63A NA? 7A - 52;3103712;99;Otras actividades;;cooperativadecreditosjuridico@gmail.com;3
234;ANTIOQUIA;SANTA ROSA DE OSOS;SI;;;NO;2023-12-31;16065;12/31/2023 05:00:00 PM;DICIEMBRE;2023;COOPERATIVA DE DESARROLLO INTEGRAL Y AGROALIMENTARIO DEL NORTE ANTIOQUE??O;DIA NORTE;901-586-922-9;Multiactiva sin seccion de ahorro;ANTIOQUIA;SANTA ROSA DE OSOS;CRA 30 # 30 A 135;;4;Agricola;;cooperativadianorte@gmail.com;3
235;ANTIOQUIA;GUARNE;SI;;;NO;2024-12-31;16071;12/31/2024 12:00:00 AM;DICIEMBRE;2024;COOPERATIVA DE DISTRIBUCION E INTEGRACION AGROALIMENTARIA DEL ORIENTE;DIA ORIENTE;901-594-665-4;Integral sin seccion de ahorro;ANTIOQUIA;GUARNE;CRA 50 42 100;;4;Agricola;ANGELA MARIA GIRALDO GARCES;visionab18@gmail.com;3
236;ATLÁNTICO;BARRANQUILLA;SI;;;SI;2026-06-30;16333;06/30/2026 05:00:00 PM;JUNIO;2026;COOPERATIVA DE ECONOMIA DE CAPITAL PARA OPORTUNIDADES;;901-681-842-4;Multiactiva sin seccion de ahorro;ATLÁNTICO;BARRANQUILLA;CALLE 72 52 44 LC 7;;12;Consumo (comercio);;contabilidad@ecocooperativa.co;3
237;ATLÁNTICO;BARRANQUILLA;SI;;;SI;2025-12-31;8226;12/31/2025 05:00:00 PM;DICIEMBRE;2025;COOPERATIVA DE ELECTRODOMESTICOS Y MUEBLES DEL CARIBE;COOMEC;802-013-046-4;Especializada sin seccion de ahorro;ATLÁNTICO;BARRANQUILLA;CL 38 41 113;3703737;24;Servicios de credito;KELLY JOHANNA COTES SERRANO;cooperativa.coomec@gmail.com;3
238;BOLÍVAR;CARTAGENA DE INDIAS;SI;;;SI;2025-12-31;4954;12/31/2025 05:00:00 PM;DICIEMBRE;2025;COOPERATIVA DE EMPLEADOS  DE ABOCOL;COOABOCAR LTDA;800-085-829-5;Integral sin seccion de ahorro;BOLÍVAR;CARTAGENA DE INDIAS;MAMONAL KM 11;;99;Otras actividades;RONALD DE JESUS RONCALLO MEZA;cooabocar@gmail.com;3
239;CUNDINAMARCA;MOSQUERA;SI;;;SI;2026-06-30;8726;06/30/2026 05:00:00 PM;JUNIO;2026;COOPERATIVA DE EMPLEADOS DE COORATIENDAS LTDA;COOPEMCOR;830-138-191-3;Especializada sin seccion de ahorro;CUNDINAMARCA;MOSQUERA;AV TRONCAL DE OCC 18 - 76 MZ J LT 4;4100599;2;Servicios de ahorro y credito;LUIS JOSE LEON RAMOS;ayda.sequeda@cooratiendas.com;3
240;BOLÍVAR;CARTAGENA DE INDIAS;SI;;;SI;2026-06-30;4720;06/30/2026 05:00:00 PM;JUNIO;2026;COOPERATIVA DE EMPLEADOS DE LA DIRECCION DE IMPUESTOS Y ADUANA NACIONAL DE CARTAGENA COODIANCAR;COODIANCAR;890-401-179-1;Instituciones auxiliares especializadas;BOLÍVAR;CARTAGENA DE INDIAS;EDIFICIO DIAN MANGA;;99;Otras actividades;FERNANDO ENRIQUE DE ORO CASTELLAR;nuestracoop@gmail.com;3
241;NORTE DE SANTANDER;SAN JOSE DE CUCUTA;SI;;;SI;2025-12-31;3371;12/31/2025 05:00:00 PM;DICIEMBRE;2025;COOPERATIVA DE EMPLEADOS DE LA PENITENCIARIA NACIONAL DE CUCUTA;COOEMPENALCUT;807-000-494-2;Multiactiva sin seccion de ahorro;NORTE DE SANTANDER;SAN JOSÉ DE CÚCUTA;PENITENCIERIA NACIONAL BRR EL SALADO;5849429;99;Otras actividades;EDGAR JAVIER BALLESTEROS LOPEZ;cooepenalcut@hotmail.com;3
242;ATLÁNTICO;BARRANQUILLA;SI;;;NO;2024-12-31;7302;12/31/2024 12:00:00 AM;DICIEMBRE;2024;COOPERATIVA DE EMPLEADOS DE LA SALUD;COOPES;802-003-795-1;Multiactiva sin seccion de ahorro;ATLÁNTICO;BARRANQUILLA;CL 80 49C 85;3305200;99;Otras actividades;ALVARO REDONDO PADILLA PADILLA;gustavocorream@hotmail.com;3
243;NORTE DE SANTANDER;SAN JOSE DE CUCUTA;SI;;;SI;2025-12-31;3290;12/31/2025 05:00:00 PM;DICIEMBRE;2025;COOPERATIVA DE EMPLEADOS DEL CASD DE CUCUTA.;COOPEMCASD LTDA;890-504-669-1;Especializada sin seccion de ahorro;NORTE DE SANTANDER;SAN JOSÉ DE CÚCUTA;AV 11 E 2 N 117 QUINTA ORIEN CUCUTA, N;5742571;24;Servicios de credito;JAIME SOLANO NINNO;coopemcasd@hotmail.com;3
244;NORTE DE SANTANDER;PAMPLONA;SI;;;SI;2025-12-31;3376;12/31/2025 05:00:00 PM;DICIEMBRE;2025;COOPERATIVA DE EMPLEADOS DEL COLEGIO PROVINCIAL;COOEMCOLPROV;890-506-023-1;Especializada sin seccion de ahorro;NORTE DE SANTANDER;PAMPLONA;CRA 6 2-30;;9;Educacion;LUIS ERNESTO SUAREZ BAUTISTA;yasminparadamendoza@hotmail.com;3
245;NORTE DE SANTANDER;SAN JOSE DE CUCUTA;SI;;;SI;2025-12-31;3913;12/31/2025 05:00:00 PM;DICIEMBRE;2025;COOPERATIVA DE EMPLEADOS DEL SECTOR ENERGETICO DEL NORTE DE SANTANDER;COOPESENS;800-040-229-2;Multiactiva sin seccion de ahorro;NORTE DE SANTANDER;SAN JOSÉ DE CÚCUTA;MZ 13 D 4 LT 19 BRR CUCUTA;;24;Servicios de credito;PAOLA ANDREA MENA LOZANO;consejoacoopesens@gmail.com;3
246;NORTE DE SANTANDER;SAN JOSE DE CUCUTA;SI;;;SI;2025-12-31;16452;12/31/2025 05:00:00 PM;DICIEMBRE;2025;COOPERATIVA DE EMPLEADOS VENTURA PLAZA;COOPVENTURA;901-635-015-4;Aportes y credito;NORTE DE SANTANDER;SAN JOSÉ DE CÚCUTA;CL 10 Y 11 DG SANTANDER CC VENTURA PLAZA;5756194;99;Otras actividades;;cooperativa.ventura@outlook.com;3
247;ATLÁNTICO;BARRANQUILLA;SI;;;SI;2026-06-30;4216;06/30/2026 05:00:00 PM;JUNIO;2026;COOPERATIVA DE EMPLEADOS Y FAMILIARES DE MARCO TULIO PORRAS;COOPECREDITOS;802-002-841-6;Integral sin seccion de ahorro;ATLÁNTICO;BARRANQUILLA;KRA 51B 82 186;;24;Servicios de credito;ERICA COLL ARIZA;coopecreditos@gmail.com;3
248;ANTIOQUIA;MEDELLIN;SI;;;NO;2024-12-31;1313;12/31/2024 12:00:00 AM;DICIEMBRE;2024;COOPERATIVA DE ESTIBADORES DEL NORTE  LTDA.;COOESTINOR;811-002-397-1;Cooperativas de trabajo asociado;ANTIOQUIA;MEDELLÍN;CALLE 52 N 47 28 OFICINA 404;4084745;99;Otras actividades;DAVIAN ESTEBAN LOPEZ FORONDA;contabilidad.cooestinor@gmail.com;3
249;ANTIOQUIA;MEDELLIN;SI;;;SI;2025-12-31;6968;12/31/2025 05:00:00 PM;DICIEMBRE;2025;COOPERATIVA DE EXCEDENTES INDUSTRIALES Y MEDIO AMBIENTE MULTIACTIVA;COODEXIN;811-016-571-6;Cooperativas de trabajo asociado;ANTIOQUIA;MEDELLÍN;CR 63 59 107 BG 47;;19;Aseo mantenimiento y reciclaje;NEFTALI GALVIS ALZATE;contabilidad@coodexin.com;3
250;ANTIOQUIA;YARUMAL;SI;;;NO;2020-06-30;1634;06/30/2020 05:00:00 PM;JUNIO;2020;COOPERATIVA DE EXPENDEDORES DE CARNE DE YARUMAL;COEXCAYA;811-005-023-4;Multiactiva sin seccion de ahorro;ANTIOQUIA;YARUMAL;KILOMETRO 1 VIA A LA COSTA  PLAZA DE FERIAS;;99;Otras actividades;JUAN GUILLERMO VELEZ MUNERA;cooexcaya@hotmail.com;3
251;ANTIOQUIA;ANDES;SI;;;SI;2025-12-31;7103;12/31/2025 05:00:00 PM;DICIEMBRE;2025;COOPERATIVA DE EXPENDEDORES DE CARNES DE ANDES;COOPEXCA;811-009-304-7;Multiactiva sin seccion de ahorro;ANTIOQUIA;ANDES;CRA 50 A 51-13;8417241;10;Vivienda;ANDRES FELIPE VARGAS ESCOBAR;coopexca@gmail.com;3
252;NORTE DE SANTANDER;OCANA;SI;;;NO;2025-06-30;7279;06/30/2025 05:00:00 PM;JUNIO;2025;COOPERATIVA DE EXTRABAJADORES DELMUNICIPIO  DE OCA??A;COOEXTRAMUNICIPALES;807-003-440-9;Cooperativas de trabajo asociado;NORTE DE SANTANDER;OCAÑA;CRA 11 10 43;5626658;24;Servicios de credito;JORGE ELIECER MARTINEZ GARCIA;coextramunicipales23@hotmail.com;3
253;NORTE DE SANTANDER;TOLEDO;SI;;;NO;2023-12-31;16195;12/31/2023 05:00:00 PM;DICIEMBRE;2023;COOPERATIVA DE GANADERIA BONGOTA;COOGANB;901-691-955-0;Especializada sin seccion de ahorro;NORTE DE SANTANDER;TOLEDO;VEREDA BONGOTA;;5;Pecuaria;;cooganb12@gmail.com;3
254;NORTE DE SANTANDER;SAN JOSE DE CUCUTA;SI;;;NO;2023-06-30;16334;06/30/2023 05:00:00 PM;JUNIO;2023;COOPERATIVA DE GANADERIA LLANO SECO;COOPELLANOS;901-696-262-8;Especializada sin seccion de ahorro;NORTE DE SANTANDER;SAN JOSÉ DE CÚCUTA;ALTO GUARAMITO VRD LLANO SECO;;5;Pecuaria;;dennis_vp@outlook.com;3
255;NORTE DE SANTANDER;SAN JOSE DE CUCUTA;SI;;;NO;2023-06-30;16335;06/30/2023 05:00:00 PM;JUNIO;2023;COOPERATIVA DE GANADEROS DEL CORREGIMIENTO DE SAN FAUSTINO;COOPGASAFA;901-702-140-4;Especializada sin seccion de ahorro;NORTE DE SANTANDER;SAN JOSÉ DE CÚCUTA;CL 2 NRO.2-04 CORREG SAN FAUSTINO;;5;Pecuaria;;alejandro_k_o@hotmail.com;3
256;ANTIOQUIA;ITAGUI;SI;;;SI;2025-12-31;1349;12/31/2025 05:00:00 PM;DICIEMBRE;2025;COOPERATIVA DE INDUSTRIALES DE LA MADERA Y EL METAL;COOPERMUEBLES;800-239-746-5;Multiactiva sin seccion de ahorro;ANTIOQUIA;ITAGÜÍ;CL 52 50-32 OF 202;3730901;12;Consumo (comercio);JULIO CESAR RESTREPO DUQUE;coopermuebles@yahoo.es;3
257;NORTE DE SANTANDER;SAN JOSE DE CUCUTA;SI;;;NO;2023-06-30;16202;06/30/2023 05:00:00 PM;JUNIO;2023;COOPERATIVA DE INVERSIONES Y SERVICIOS EMPRESARIALES;INSERCOOP;807-008-278-4;Multiactiva sin seccion de ahorro;NORTE DE SANTANDER;SAN JOSÉ DE CÚCUTA;CALLE 15 # 0 - 39;5784901;12;Consumo (comercio);MARTHA ESPERANZA PARADA MONTES;contabilidad@insercoop.com.co;3
258;BOLÍVAR;CARTAGENA DE INDIAS;SI;;;SI;2025-12-31;8436;12/31/2025 05:00:00 PM;DICIEMBRE;2025;COOPERATIVA DE LA ORGANIZACION SAN NICOLAS;SANICOOP;806-009-463-1;Multiactiva sin seccion de ahorro;BOLÍVAR;CARTAGENA DE INDIAS;CENTRO EDIFICIO BANCO DEL ESTADO PISO 5;6686995;99;Otras actividades;CLARA INES ACOSTA HERNANDEZ;sanicoop@hotmail.com;3
259;ANTIOQUIA;LA CEJA;SI;;;NO;2019-12-31;7078;12/31/2019 05:00:00 PM;DICIEMBRE;2019;COOPERATIVA DE LA PLAZA DE MERCADO DE LA CEJA (ANTIOQUIA);MERCOOPLAZA;811-011-495-1;Multiactiva sin seccion de ahorro;ANTIOQUIA;LA CEJA;CARRERA 18 NO 19 40;5537422;12;Consumo (comercio);AXEL ENRIQUE LOPEZ V.;mecooplaza@hotmail.com;3
260;ANTIOQUIA;MEDELLIN;SI;;;SI;2025-12-31;12573;12/31/2025 05:00:00 PM;DICIEMBRE;2025;COOPERATIVA DE LA SEGURIDAD SOCIAL;NO TIENE;900-274-435-0;Multiactiva sin seccion de ahorro;ANTIOQUIA;MEDELLÍN;CR 52 67 76;4086794;20;Inmobiliarias y de alquiler;OSWALDO ANTONIO SALGADO CA??AVERAL;cooperativacopses@gmail.com;3
261;CUNDINAMARCA;COTA;SI;;;SI;2025-12-31;521;12/31/2025 05:00:00 PM;DICIEMBRE;2025;COOPERATIVA DE LAS EMPRESAS EDUCAR S.A,CULTURAL RECREATIVA S.A.,VENTA;COOPEDUCAR LTDA;800-037-385-2;Multiactiva sin seccion de ahorro;CUNDINAMARCA;COTA;AUT MEDELLIN KM 3.5 ED CEN P4;8764300;24;Servicios de credito;ANDRES E URREGO CARDENAS;andres.urrego@educar.com.co;3
262;CUNDINAMARCA;GUATAVITA;SI;;;SI;2025-12-31;7844;12/31/2025 05:00:00 PM;DICIEMBRE;2025;COOPERATIVA DE LECHEROS DE GUATVITA;COLEGA;832-004-101-2;Multiactiva sin seccion de ahorro;CUNDINAMARCA;GUATAVITA;VEREDA MONQUENTIVA;3102312;5;Pecuaria;JOSE IGNACIO TAMAYO CASTRO;cooperativacolega@msn.com;3
263;CUNDINAMARCA;GUATAVITA;SI;;;SI;2025-12-31;16708;12/31/2025 05:00:00 PM;DICIEMBRE;2025;COOPERATIVA DE LECHEROS DE LAS VEREDAS ASOCIADAS CARBONERA ALTA Y BAJA DE GUATAVITA;COOPERATIVA LEVACAR;900-075-256-5;Multiactiva sin seccion de ahorro;CUNDINAMARCA;GUATAVITA;VDA CARBONERA ALTA;;4;Agricola;;contabilidad@levacar.com.co;3
264;CUNDINAMARCA;MOSQUERA;SI;;;SI;2026-06-30;15875;06/30/2026 05:00:00 PM;JUNIO;2026;COOPERATIVA DE LOGISTICA E IMPORTADORA DE AUTOPARTES;CLEIDA;901-365-840-5;Multiactiva sin seccion de ahorro;CUNDINAMARCA;MOSQUERA;CR 13 A 05 A 20 BG 26 A;;99;Otras actividades;;coopautopartes@outlook.com;3
265;ATLÁNTICO;BARRANQUILLA;SI;;;NO;2018-06-30;2923;06/30/2018 05:00:00 PM;JUNIO;2018;COOPERATIVA DE LOS TRABAJADORES DE CILEDCO Y SIMILARES;COOPETRACIL;890-104-472-1;Multiactiva sin seccion de ahorro;ATLÁNTICO;BARRANQUILLA;CR 35 #53 - 170;3707713;99;Otras actividades;IVAN RAFAEL COMAS CARRASQUILLA;coopetracil64@gmail.com;3
266;ATLÁNTICO;BARRANQUILLA;SI;;;NO;2021-06-30;2976;06/30/2021 05:00:00 PM;JUNIO;2021;COOPERATIVA DE LOTEROS DEL ATLANTICO;COODELOT;890-102-584-7;Especializada sin seccion de ahorro;ATLÁNTICO;BARRANQUILLA;CALLE  36 43 130;3701040;99;Otras actividades;GLORIA ESTHER ZU?IGA BERMEJO;dariana03@gmail.com;3
267;ANTIOQUIA;ITAGUI;SI;;;NO;2023-06-30;15893;06/30/2023 05:00:00 PM;JUNIO;2023;COOPERATIVA DE METALES DEL CARIBE;COOMECARIBE;901-463-246-1;Integral sin seccion de ahorro;ANTIOQUIA;ITAGÜÍ;CR 42 64 A 55;;19;Aseo mantenimiento y reciclaje;ANGELO ENRIQUE FERRO DIAZ;coomecaribe2021@hotmail.com;3
268;NORTE DE SANTANDER;SAN JOSE DE CUCUTA;SI;;;NO;2022-06-30;13706;06/30/2022 05:00:00 PM;JUNIO;2022;COOPERATIVA DE MINEROS COOPMINERCOL DE COLOMBIA;COOPMINERCOL;900-672-514-1;Multiactiva sin seccion de ahorro;NORTE DE SANTANDER;SAN JOSÉ DE CÚCUTA;AV 0 10-78 OF 601 COLWGIO MEDICO;;8;Mineria;HERLY CELINA CASTIBLANCO MENDOZA;coopminercol@hotmail.com;3
269;ANTIOQUIA;CAUCASIA;SI;;;NO;2025-06-30;16591;06/30/2025 05:00:00 PM;JUNIO;2025;COOPERATIVA DE MINEROS DEL BAJO CAUCA Y SUR DE CORDOBA;COMINBAC;901-845-937-0;Multiactiva sin seccion de ahorro;ANTIOQUIA;CAUCASIA;CL 22 A 02  48 LC 2;3104464;8;Mineria;SEBASTIAN VILLACOT GARCIA;coomina2024@gmail.com;3
270;ANTIOQUIA;PEQUE;SI;;;SI;2025-12-31;5229;12/31/2025 05:00:00 PM;DICIEMBRE;2025;COOPERATIVA DE MUJERES ANSIOSAS DEL PROGRESO ORGANIZADO;COOMAPRO;811-016-586-6;Multiactiva sin seccion de ahorro;ANTIOQUIA;PEQUE;CRA.10 NO 8-36;8552176;12;Consumo (comercio);SANDRA PATRICIA AVALOS DAVID;sandriyun@hotmail.com;3
271;CUNDINAMARCA;ZIPAQUIRA;SI;;;NO;2024-12-31;4128;12/31/2024 12:00:00 AM;DICIEMBRE;2024;COOPERATIVA DE PENSIONADOS EMPLEADOS E INDEPENDIENTES DE ZIPAQUIRA LTDA;COOPEINZ LTDA;860-024-455-1;Multiactiva sin seccion de ahorro;CUNDINAMARCA;ZIPAQUIRÁ;CALLE 4 13 30 LC 129;;99;Otras actividades;JAIRO LUIS POLO SOLANO;gerente.coopeinz@gmail.com;3
272;ATLÁNTICO;BARRANQUILLA;SI;;;NO;2024-06-30;9817;06/30/2024 12:00:00 AM;JUNIO;2024;COOPERATIVA DE PENSIONADOS Y ASIGNACION DE RETIROS PONAL ESPERANZA Y PAZ;COOPEPAZ;830-512-571-2;Multiactiva sin seccion de ahorro;ATLÁNTICO;BARRANQUILLA;KRA 4 45A 20;;9;Educacion;MANUEL PABA GUETE;coopepaz_@hotmail.com;3
273;ATLÁNTICO;BARRANQUILLA;SI;;;SI;2025-12-31;15609;12/31/2025 05:00:00 PM;DICIEMBRE;2025;COOPERATIVA DE PENSIONADOS Y EMPLEADOS DE LA COSTA;COOPEMCOSTA;901-293-990-1;Multiactiva sin seccion de ahorro;ATLÁNTICO;BARRANQUILLA;KRA 41D 74-95 EDIF OPORTO;;24;Servicios de credito;;coopemcosta@gmail.com;3
274;CUNDINAMARCA;GUATAVITA;SI;;;SI;2025-12-31;16707;12/31/2025 05:00:00 PM;DICIEMBRE;2025;COOPERATIVA DE PRODRUCTORES DE LECHE DE GUATAVITA;COPROLEG;832-009-355-9;Multiactiva sin seccion de ahorro;CUNDINAMARCA;GUATAVITA;VEREDA GUANDITA;;4;Agricola;;coprolegcontabilidad@hotmail.com;3
275;ANTIOQUIA;MEDELLIN;SI;;;SI;2026-06-30;3746;06/30/2026 05:00:00 PM;JUNIO;2026;COOPERATIVA DE PRODUCCION Y CONSUMO DE LOS TRABAJADORES Y PENSIONADOS DE ANTIOQU;COOTRAPEN;890-982-446-3;Multiactiva sin seccion de ahorro;ANTIOQUIA;MEDELLÍN;CR 49 50 58 OF 210;5114149;12;Consumo (comercio);LUIS EDUARDO VALENCIA GAVIRIA;contactenos@cootrapen.com.co;3
276;CUNDINAMARCA;COGUA;SI;;;NO;2022-12-31;16131;12/31/2022 05:00:00 PM;DICIEMBRE;2022;COOPERATIVA DE PRODUCTORES AGRICOLAS DE COGUA FRESCOOP;FRESCOOP;901-493-004-2;Cooperativas de trabajo asociado;CUNDINAMARCA;COGUA;VDA OJO DE AGUA FINCA EL PARAISO;;4;Agricola;;agricolafrescoop@gmail.com;3
277;CUNDINAMARCA;LENGUAZAQUE;SI;;;NO;2024-12-31;13185;12/31/2024 12:00:00 AM;DICIEMBRE;2024;COOPERATIVA DE PRODUCTORES AGROPECUARIOS DE LENGUAZAQUE Y AREAS CIRCUNVECINAS;COOPALAC;900-440-446-3;Multiactiva sin seccion de ahorro;CUNDINAMARCA;LENGUAZAQUE;CARRERA 5 NO 2-09;;4;Agricola;RUTH MAYERLY AREVALO ABRIL;coopalac.lenguazaque@gmail.com;3
278;ANTIOQUIA;COCORNA;SI;;;NO;2024-12-31;6093;12/31/2024 12:00:00 AM;DICIEMBRE;2024;COOPERATIVA DE PRODUCTORES CAMPESINOS DE COCORNA COOPROCAM LTDA;COOPROCAM;800-014-538-3;Multiactiva sin seccion de ahorro;ANTIOQUIA;COCORNÁ;CL 21  21 24;8343646;12;Consumo (comercio);CARLOS MARIO GONZALEZ GIRALDO;cooprocam.cocorna@gmail.com;3
279;BOLÍVAR;MAHATES;SI;;;SI;2025-12-31;13246;12/31/2025 05:00:00 PM;DICIEMBRE;2025;COOPERATIVA DE PRODUCTORES DE LECHE MAHATES;PROLASAM;800-240-854-4;Multiactiva sin seccion de ahorro;BOLÍVAR;MAHATES;LA VERA TV 32A N 17A-24;6397200;4;Agricola;ANGEL MORENO ELLES;prolasam_mahates@hotmail.com;3
280;CUNDINAMARCA;GUATAVITA;SI;;;SI;2025-12-31;16710;12/31/2025 05:00:00 PM;DICIEMBRE;2025;COOPERATIVA DE PRODUCTORES LECHEROS Y AGRICOLAS HATILLO GUATAVITA;PROLEAG;900-234-954-0;Multiactiva sin seccion de ahorro;CUNDINAMARCA;GUATAVITA;VRD HATILLO;;4;Agricola;;prolehag3146@yahoo.com;3
281;NORTE DE SANTANDER;SAN JOSE DE CUCUTA;SI;;;NO;2018-06-30;3816;06/30/2018 05:00:00 PM;JUNIO;2018;COOPERATIVA DE PRODUCTORES Y COMERCIALIZADORES DE CACAO DEL NORTE;COPROCACAO;807-004-511-8;Multiactiva sin seccion de ahorro;NORTE DE SANTANDER;SAN JOSÉ DE CÚCUTA;AV 7A # 0B N-26 L- 7 TERMINAL;5781657;99;Otras actividades;ENRIQUE HERNANDEZ FLOREZ;coprocacao@hotmail.com;3
282;CUNDINAMARCA;GUATAVITA;SI;;;SI;2025-12-31;16711;12/31/2025 05:00:00 PM;DICIEMBRE;2025;COOPERATIVA DE PRODUCTOS LECHEROS DE PALACIO QUE;COOPRODELAP;900-250-172-5;Multiactiva sin seccion de ahorro;CUNDINAMARCA;GUATAVITA;VEREDA POTREROLARGO;;5;Pecuaria;;gerencia@cooprodelap.com.co;3
283;CUNDINAMARCA;FUSAGASUGA;SI;;;NO;2023-12-31;20002;12/31/2023 05:00:00 PM;DICIEMBRE;2023;COOPERATIVA DE PROFESORES DE FUSAGASUGA;COOVIPROF;860-512-968-1;Multiactiva sin seccion de ahorro;CUNDINAMARCA;FUSAGASUGÁ;CL 23A40 15;;11;Transporte;LEONEL JIMENEZ MORA;leonelivan8@hotmail.com;3
284;ATLÁNTICO;BARRANQUILLA;SI;;;SI;2025-12-31;4361;12/31/2025 05:00:00 PM;DICIEMBRE;2025;COOPERATIVA DE PROFESORES DE LA UNIVERSIDAD DEL ATLCO;COOPRUDELA;800-146-224-2;Especializada sin seccion de ahorro;ATLÁNTICO;BARRANQUILLA;CARRERA 44 # 90-42;;24;Servicios de credito;VICTOR SILVERA SOLANO;cooprudela01@gmail.com;3
285;ATLÁNTICO;BARRANQUILLA;SI;;;SI;2025-12-31;3588;12/31/2025 05:00:00 PM;DICIEMBRE;2025;COOPERATIVA DE PROFESORES DEL INSTITUTO PESTALOZZI;COOPROINSPES;800-193-376-3;Especializada sin seccion de ahorro;ATLÁNTICO;BARRANQUILLA;CALLE 76 44 25 2 PISO;3854792;99;Otras actividades;ALVARO ESPRIELLA CUENTO;cooproinspes@gmail.com;3
286;ANTIOQUIA;EL CARMEN DE VIBORAL;SI;;;NO;2024-12-31;5116;12/31/2024 12:00:00 AM;DICIEMBRE;2024;COOPERATIVA DE REABAJO ASOCIADO ALBORADA;ALBORADA;811-006-758-3;Cooperativas de trabajo asociado;ANTIOQUIA;EL CARMEN DE VIBORAL;CR 26 43 B 204;5431616;19;Aseo mantenimiento y reciclaje;ELCY MORENO BETANCUR;gerencia@cooperativaalborada.org.co;3
287;ATLÁNTICO;SOLEDAD;SI;;;NO;2021-06-30;15035;06/30/2021 05:00:00 PM;JUNIO;2021;COOPERATIVA DE SERVICIOS ACTIVOS DE LA COSTA;COOSERVIACTIVOS;900-771-334-7;Multiactiva sin seccion de ahorro;ATLÁNTICO;SOLEDAD;TRANSVERSAL 49 44 A 18;3929755;24;Servicios de credito;CARLOS MARIO JIMENEZ SIERRA;cooserviactivo@hotmail.com;3
288;NORTE DE SANTANDER;SAN JOSE DE CUCUTA;SI;;;SI;2025-12-31;16501;12/31/2025 05:00:00 PM;DICIEMBRE;2025;COOPERATIVA DE SERVICIOS DE APORTE Y CREDITO PROGRESANDO;COOPSERPROG;901-814-236-3;Aportes y credito;NORTE DE SANTANDER;SAN JOSÉ DE CÚCUTA;CALLE 21A 0B-75 BARRIO EL ROSAL;5489755;24;Servicios de credito;;gerencia@ipsprogresandoensalud.com;3
289;ANTIOQUIA;MEDELLIN;SI;;;NO;2024-06-30;13509;06/30/2024 12:00:00 AM;JUNIO;2024;COOPERATIVA DE SERVICIOS DE PROFESORES DEL POLIT??CNICO COLOMBIANO JAIME ISAZA CADAVID;COOSERPOLI;900-359-246-1;Especializada sin seccion de ahorro;ANTIOQUIA;MEDELLÍN;CARRERA 48 NO. 7#151;3197900;99;Otras actividades;LUZ NELLY FLOREZ URIBE;cooserpoli@gmail.com;3
290;CUNDINAMARCA;EL ROSAL;SI;;;SI;2025-12-31;1238;12/31/2025 05:00:00 PM;DICIEMBRE;2025;COOPERATIVA DE SERVICIOS EL ROSAL LTDA;COOSERAL;860-029-804-1;Integral sin seccion de ahorro;CUNDINAMARCA;EL ROSAL;CRA 10 6 34 OF 206;;20;Inmobiliarias y de alquiler;LEIDY MARISTELLA MARTIN BARRERA;coseral@gmail.com;3
291;ANTIOQUIA;SABANETA;SI;;;NO;2024-12-31;16150;12/31/2024 12:00:00 AM;DICIEMBRE;2024;COOPERATIVA DE SERVICIOS ESPECIALIZADOS DE ANTIOQUIA;COOPSEA;901-053-821-6;Multiactiva sin seccion de ahorro;ANTIOQUIA;SABANETA;CARRERA 43A  #71SUR 103;6046118;99;Otras actividades;RAMON ABELARDO PARRA ARISTIZABAL;coopsealtda@gmail.com;3
292;ANTIOQUIA;MEDELLIN;SI;;;NO;2024-06-30;11556;06/30/2024 12:00:00 AM;JUNIO;2024;COOPERATIVA DE SERVICIOS EXEQUIALES;COOSERCUN;811-031-127-1;Cooperativas de trabajo asociado;ANTIOQUIA;MEDELLÍN;CRA 65 #80 325 INT 02;2572482;14;Servicios funerarios;MAURICIO HENAO GALVIS;coosercun@gmail.com;3
293;ATLÁNTICO;BARRANQUILLA;SI;;;NO;2023-06-30;15340;06/30/2023 05:00:00 PM;JUNIO;2023;COOPERATIVA DE SERVICIOS INDUSTRIALES Y COMERCIALES DEL CARIBE;COOSERVICOCARIBE;900-655-647-0;Multiactiva sin seccion de ahorro;ATLÁNTICO;BARRANQUILLA;CALLE 39 41-131 OFIC 303;3706536;24;Servicios de credito;;cooservicocaribe@gmail.com;3
294;ANTIOQUIA;MEDELLIN;SI;;;NO;2024-06-30;4821;06/30/2024 12:00:00 AM;JUNIO;2024;COOPERATIVA DE SERVICIOS INTEGRALES DE COLOMBIA;COSEICO;811-027-836-1;Integral sin seccion de ahorro;ANTIOQUIA;MEDELLÍN;CALLE 33 66B 115;6044447;99;Otras actividades;DIANA PATRICIA TORRES SAN MARTIN;coseicoc@yahoo.com;3
295;CUNDINAMARCA;FACATATIVA;SI;;;NO;2021-12-31;10974;12/31/2021 05:00:00 PM;DICIEMBRE;2021;COOPERATIVA DE SERVICIOS INTEGRALES Y TRABAJO ASOCIADO;COOPSEIN CTA;832-006-423-8;Cooperativas de trabajo asociado;CUNDINAMARCA;FACATATIVÁ;CL 2 3 17 PISO 2;8430959;22;Salud;EDGAR MAURICIO CIFUENTES RAMIREZ;coopsein@yahoo.com;3
296;NORTE DE SANTANDER;SAN JOSE DE CUCUTA;SI;;;SI;2025-12-31;8259;12/31/2025 05:00:00 PM;DICIEMBRE;2025;COOPERATIVA DE SERVICIOS NUEVA ARMONIA;NUEVA ARMONIA;807-005-418-5;Especializada sin seccion de ahorro;NORTE DE SANTANDER;SAN JOSÉ DE CÚCUTA;CALLE 9 0 84 P 2 BARRIO LATINO;5758305;99;Otras actividades;SANDRA PATRICIA LIZCANO MONTA??EZ;coopnuevaarmonia@gmail.com;3
297;NORTE DE SANTANDER;SAN JOSE DE CUCUTA;SI;;;SI;2026-06-30;3362;06/30/2026 05:00:00 PM;JUNIO;2026;COOPERATIVA DE SERVICIOS SAN PEDRO CLAVER.;SERCOOPSAN;800-167-270-1;Multiactiva sin seccion de ahorro;NORTE DE SANTANDER;SAN JOSÉ DE CÚCUTA;AV GRAN COLOMBIA 5E 54 56 BR POPULAR;5755087;99;Otras actividades;ADA LUZ ZABALA REYES;tesorsercoopsan@hotmail.com;3
298;ATLÁNTICO;BARRANQUILLA;SI;;;SI;2025-12-31;9460;12/31/2025 05:00:00 PM;DICIEMBRE;2025;COOPERATIVA DE SERVICIOS Y CREDITOS;CRECOOP;830-510-138-7;Multiactiva sin seccion de ahorro;ATLÁNTICO;BARRANQUILLA;CALLE 88 N 47 134;;24;Servicios de credito;GUSTAVO ADOLFO CRUZ SAGBINI;infocrecoop@gmail.com;3
299;ATLÁNTICO;BARRANQUILLA;SI;;;NO;2021-12-31;15655;12/31/2021 05:00:00 PM;DICIEMBRE;2021;COOPERATIVA DE SERVICIOS Y CREDITOS SUMACOOP;SUMACOOP;901-377-116-2;Multiactiva sin seccion de ahorro;ATLÁNTICO;BARRANQUILLA;CALLE 77B N 59 61;3093387;24;Servicios de credito;;cooperativasumacoop@gmail.com;3
300;ANTIOQUIA;RIONEGRO;SI;;;SI;2026-06-30;3509;06/30/2026 05:00:00 PM;JUNIO;2026;COOPERATIVA  DE SERVICIOS Y PRODUCCION;SERVIMOS;800-114-538-2;Cooperativas de trabajo asociado;ANTIOQUIA;RIONEGRO;CARRERA 52 48A 15;;19;Aseo mantenimiento y reciclaje;LUZ DARY ESCOBAR OSPINA;servimos408@gmail.com;3
301;ANTIOQUIA;MEDELLIN;SI;;;SI;2026-06-30;8793;06/30/2026 05:00:00 PM;JUNIO;2026;COOPERATIVA DE SERVICIOS Y TRANSPORTE;COOSERTRA;811-036-424-7;Cooperativas de trabajo asociado;ANTIOQUIA;MEDELLÍN;CR 52 14 30 OF 203;4446236;99;Otras actividades;ALEX ALBERTO GALLEGO VELEZ;contabilidad.coosertra@gmail.com;3
302;BOLÍVAR;CARTAGENA DE INDIAS;SI;;;NO;2019-12-31;12035;12/31/2019 05:00:00 PM;DICIEMBRE;2019;COOPERATIVA DE SUMINISTROS DE ALIMENTOS DE COLOMBIA;COOSUACOL;800-185-713-9;Cooperativas de trabajo asociado;BOLÍVAR;CARTAGENA DE INDIAS;CRA 33 N 12 15;8323333;99;Otras actividades;Saul Andres Diaz Correa;narvaezydiazconsultores@gmail.com;3
303;ANTIOQUIA;SANTA ROSA DE OSOS;SI;;;SI;2025-12-31;12433;12/31/2025 05:00:00 PM;DICIEMBRE;2025;COOPERATIVA DE TECNICOS DEL ALTIPLANO NORTE DE ANTIOQUIA;COTAN;900-013-846-5;Multiactiva sin seccion de ahorro;ANTIOQUIA;SANTA ROSA DE OSOS;CARRERA 31A CALLE 35A 03;;5;Pecuaria;MARIA ELENA PRECIADO LOPEZ;cotan2007@gmail.com;3
304;ATLÁNTICO;BARRANQUILLA;SI;;;NO;2017-12-31;13093;12/31/2017 05:00:00 PM;DICIEMBRE;2017;COOPERATIVA DE TECNICOS DEL COLOMBO ALEMAN COOPETECA CTA;COOPETECA CTA;800-124-015-5;Cooperativas de trabajo asociado;ATLÁNTICO;BARRANQUILLA;CALLE 43 46 33;3707719;13;Industria;EDIBALDO PE?A RAMOS;coopeteca@gmail.com;3
305;CUNDINAMARCA;MOSQUERA;SI;;;SI;2026-06-30;6777;06/30/2026 05:00:00 PM;JUNIO;2026;COOPERATIVA DE TRAB ASOCIADO DE ESTIBADORES DE LA SABANA;COEDSA;832-002-320-1;Cooperativas de trabajo asociado;CUNDINAMARCA;MOSQUERA;KM 12 VIA MOSQUERA;8293800;4;Agricola;JOSE RICARDO PI?A OROZCO;coedsacta@gmail.com;3
306;ANTIOQUIA;MEDELLIN;SI;;;NO;2018-06-30;5612;06/30/2018 05:00:00 PM;JUNIO;2018;COOPERATIVA DE TRABAJADORES ASOCIADOS DEL AGRO;COOTRASAGRO;811-026-681-0;Especializada sin seccion de ahorro;ANTIOQUIA;MEDELLÍN;CRA 26 NO 32-46;6114545;4;Agricola;JUAN JOSE ANGEL TOBON;cootrasagro@gmail.com;3
307;CUNDINAMARCA;MOSQUERA;SI;;;SI;2025-12-31;792;12/31/2025 05:00:00 PM;DICIEMBRE;2025;COOPERATIVA DE TRABAJADORES DE FIBERGLASS COLOMBIA LTDA;COOPTRAFIBER;860-024-042-3;Especializada sin seccion de ahorro;CUNDINAMARCA;MOSQUERA;CALLE 5 NO 3 45;;99;Otras actividades;ALBERTO VILLAMIL ACU??A;lizrg0608@hotmail.com;3
308;ANTIOQUIA;MEDELLIN;SI;;;SI;2025-12-31;16679;12/31/2025 05:00:00 PM;DICIEMBRE;2025;COOPERATIVA DE TRABAJADORES DE LA CLINICA MEDELLIN;COOTRASIMED;901-747-626-5;Aportes y credito;ANTIOQUIA;MEDELLÍN;Calle 47 # 43 - 96;3113147329;12;Consumo (comercio);;cootrasimed@gmail.com;3
309;BOLÍVAR;CARTAGENA DE INDIAS;SI;;;NO;2024-12-31;3593;12/31/2024 12:00:00 AM;DICIEMBRE;2024;COOPERATIVA DE TRABAJADORES DE LA EDUCACI??N Y FAMILIARES;COOTRAEFA;890-480-971-4;Especializada sin seccion de ahorro;BOLÍVAR;CARTAGENA DE INDIAS;AV PEDRO DE HEREDIA EDIFICIO COLEGIO DEPARTAMENTAL;;99;Otras actividades;GUILLERMO MU?OZ MARTINEZ;cootraefa_ctg@yahoo.com;3
310;BOLÍVAR;MAGANGUE;SI;;;SI;2025-12-31;7254;12/31/2025 05:00:00 PM;DICIEMBRE;2025;COOPERATIVA DE TRABAJADORES DE LA EMPRESAS DE ENERGIA ELECTRICA DE MAGANGUE S.A.;COOTRAEMA LTDA.;800-013-177-3;Especializada sin seccion de ahorro;BOLÍVAR;MAGANGUÉ;URB. MONTECARLO CALLE 16 MZ A LOTE 5;;99;Otras actividades;GUSTAVO DIAZ EBRATH;cotraema@gmail.com;3
311;NORTE DE SANTANDER;SAN JOSE DE CUCUTA;SI;;;SI;2025-12-31;3986;12/31/2025 05:00:00 PM;DICIEMBRE;2025;COOPERATIVA DE TRABAJADORES DE LA FEDERACION NAL DE CAF Y ALMACAFE S.A. - JUBULADOS Y FAMILIARES;COOTRASFENOR;890-501-820-2;Multiactiva sin seccion de ahorro;NORTE DE SANTANDER;SAN JOSÉ DE CÚCUTA;CL 5 0A 114 PISO 2 BRR LLERAS;5750143;24;Servicios de credito;WALTER EMILIO ROMERO CARRILLO;cootrasfenor@gmail.com;3
312;NORTE DE SANTANDER;SAN JOSE DE CUCUTA;SI;;;SI;2026-06-30;3248;06/30/2026 05:00:00 PM;JUNIO;2026;COOPERATIVA DE TRABAJADORES DE LA SALUD DEL NORTE DE SANTANDER;COOSERVISALUD;800-041-929-4;Especializada sin seccion de ahorro;NORTE DE SANTANDER;SAN JOSÉ DE CÚCUTA;CALLE 10 EDIFICIO ROSETAL;;1;Intermediacion financiera;JOSE ALFREDO CORREDOR VERA;cooservisalud@yahoo.es;3
313;ATLÁNTICO;BARRANQUILLA;SI;;;SI;2025-12-31;2879;12/31/2025 05:00:00 PM;DICIEMBRE;2025;COOPERATIVA DE TRABAJADORES DE LA UNIVERSIDAD LIBRE LTDA;COOUNILIBRE;800-004-564-2;Especializada sin seccion de ahorro;ATLÁNTICO;BARRANQUILLA;KRA 54 55 39 OFICINA 504;;99;Otras actividades;JAIRO COLL GALLOR;coounilibre@yahoo.es;3
314;ATLÁNTICO;BARRANQUILLA;SI;;;NO;2019-12-31;1598;12/31/2019 05:00:00 PM;DICIEMBRE;2019;COOPERATIVA DE TRABAJADORES DE METROTEL;COOTRAMET;802-001-256-2;Multiactiva sin seccion de ahorro;ATLÁNTICO;BARRANQUILLA;CR 7 B  34  183;;24;Servicios de credito;ALICIA MARIA MEZA NAVARRO;everueda@hotmail.com.co;3
315;CUNDINAMARCA;FACATATIVA;SI;;;SI;2025-12-31;430;12/31/2025 05:00:00 PM;DICIEMBRE;2025;COOPERATIVA DE TRABAJADORES DE PROMASA;COOTRAPROMASA;860-055-056-9;Multiactiva sin seccion de ahorro;CUNDINAMARCA;FACATATIVÁ;CARRERA 1A  NO. 21-84 ESTE BRR. EL PRADO;8913701;24;Servicios de credito;LUIS ANTONIO IZQUIERDO MORALES;cootrapromasa@gmail.com;3
316;ANTIOQUIA;MEDELLIN;SI;;;NO;2019-06-30;15170;06/30/2019 05:00:00 PM;JUNIO;2019;COOPERATIVA DE TRABAJADORES DEL GRUPO MUNDIAL;I.A.C. COOPINTUCO;900-877-410-5;Otras organizaciones;ANTIOQUIA;MEDELLÍN;CALLE 19A NO. 43B 41;3225122;12;Consumo (comercio);ANGELA PATRICIA HERRERA PINEDA;contabilidad@orbiscoop.com;3
317;ATLÁNTICO;BARRANQUILLA;SI;;;SI;2025-12-31;2884;12/31/2025 05:00:00 PM;DICIEMBRE;2025;COOPERATIVA DE TRABAJADORES Y EMPREADOS DISTRITALES DE LA SALUD;COOTRAEMDISA;802-004-448-3;Multiactiva sin seccion de ahorro;ATLÁNTICO;BARRANQUILLA;CRA 41 54 68;3106598341;99;Otras actividades;ADALBERTO PEREZ CANTILLO;cootraemdisa23@gmail.com;3
318;ATLÁNTICO;BARRANQUILLA;SI;;;NO;2019-06-30;5917;06/30/2019 05:00:00 PM;JUNIO;2019;COOPERATIVA DE TRABAJADORES Y PENSIONADOS DE C/BIA;COOTRAPENCOL;802-007-485-1;Multiactiva sin seccion de ahorro;ATLÁNTICO;BARRANQUILLA;CRA 51NO.90-06 A2;3134560;12;Consumo (comercio);GREGORIO DIAZ MONTES;cootrapencol@yahoo.com;3
319;ANTIOQUIA;APARTADO;SI;;;SI;2026-06-30;13032;06/30/2026 05:00:00 PM;JUNIO;2026;COOPERATIVA DE TRABAJO ASOCIADO AGRO Y DERIVADOS;AGRODER;900-210-676-4;Cooperativas de trabajo asociado;ANTIOQUIA;APARTADÓ;CALLE 92 # 95A - 73 BARRIO PARROQUIAL;8240994;4;Agricola;CARLOS JULIO ZULUAICA LONDO?O;administrativa@agroder.org;3
320;ANTIOQUIA;MEDELLIN;SI;;;SI;2025-12-31;7174;12/31/2025 05:00:00 PM;DICIEMBRE;2025;COOPERATIVA DE TRABAJO ASOCIADO AGROPECUARIO GENETICA Y TECNOLOGIA;GENYTEC;811-018-984-3;Cooperativas de trabajo asociado;ANTIOQUIA;MEDELLÍN;CL 74 64 A 22 PISO 3;4443899;4;Agricola;HERNANDO AUGUSTO GIL TORO;contabilidad@genytec.com.co;3
321;CUNDINAMARCA;COTA;SI;;;SI;2025-12-31;13608;12/31/2025 05:00:00 PM;DICIEMBRE;2025;COOPERATIVA DE TRABAJO ASOCIADO ALTERNATIVA EFICIENTE;;900-640-055-5;Cooperativas de trabajo asociado;CUNDINAMARCA;COTA;AUT. MEDELLIN GL SIBERIA 500 MTS VIA COTA;8418402;99;Otras actividades;GUILLERMO CHAPARRO LUQUE;precta@gmail.com;3
322;NORTE DE SANTANDER;VILLA CARO;SI;;;SI;2026-06-30;3963;06/30/2026 05:00:00 PM;JUNIO;2026;COOPERATIVA DE TRABAJO ASOCIADO ALTO DEL POZO;COOTRALTO LTDA;807-001-828-3;Cooperativas de trabajo asociado;NORTE DE SANTANDER;VILLA CARO;VEREDA ALTO DEL POZO MPIO VILLACARO;;19;Aseo mantenimiento y reciclaje;DIOMEDES ORTIZ MORA;cootraltocta@outlook.com;3
323;ANTIOQUIA;CAUCASIA;SI;;;SI;2025-12-31;16642;12/31/2025 05:00:00 PM;DICIEMBRE;2025;COOPERATIVA DE TRABAJO ASOCIADO APOYO EMPRESARIAL Y REGIONAL;APOYANDO CTA;901-653-808-4;Cooperativas de trabajo asociado;ANTIOQUIA;CAUCASIA;CARRERA 3 # 20-34;;8;Mineria;;ctaapoyoempresarial@hotmail.com;3
324;ATLÁNTICO;BARRANQUILLA;SI;;;NO;2017-06-30;11248;06/30/2017 05:00:00 PM;JUNIO;2017;COOPERATIVA DE TRABAJO ASOCIADO BARMECOST EN LIQUIDACI??N;BARMECOST;900-124-065-6;Cooperativas de trabajo asociado;ATLÁNTICO;BARRANQUILLA;Carrera 53 Nro.64 72 Oficina 108 EDI ALQUIN;3601364;99;Otras actividades;JOSE LUIS ARCINIEGAS ANGARITA;barmecost@gmail.com;3
325;CUNDINAMARCA;FUNZA;SI;;;SI;2026-06-30;9784;06/30/2026 05:00:00 PM;JUNIO;2026;COOPERATIVA DE TRABAJO ASOCIADO BRACEROS DE FUNZA;COOBRAZFUNZA;900-017-379-5;Cooperativas de trabajo asociado;CUNDINAMARCA;FUNZA;KM 2 VIA FUNZA COTA;5951630;99;Otras actividades;LUIS GUILLERMO VALENZUELA CHAPARRO;coobrazfunza2017@gmail.com;3
326;CUNDINAMARCA;PUERTO SALGAR;SI;;;NO;2025-06-30;2573;06/30/2025 05:00:00 PM;JUNIO;2025;COOPERATIVA DE TRABAJO ASOCIADO CAAYO ALEGRE LTDA;COCA??OALEGRE CTA;860-527-600-2;Cooperativas de trabajo asociado;CUNDINAMARCA;PUERTO SALGAR;CRA 5 N. 8-64;;99;Otras actividades;JOSE VIANOR CARDENAS LONDO?O;cooservivialcta@gmail.com;3
327;NORTE DE SANTANDER;OCANA;SI;;;SI;2025-12-31;5162;12/31/2025 05:00:00 PM;DICIEMBRE;2025;COOPERATIVA DE TRABAJO ASOCIADO CALISERVICIOS LTDA;CALISERVICIOS LTDA;807-005-593-6;Cooperativas de trabajo asociado;NORTE DE SANTANDER;OCAÑA;CARRERA 28 10-19 BARRIO EL CARMEN;;16;Obras publicas;EVELIO RANGEL RANGEL;luisfrancaliservicios@gmail.com;3
328;NORTE DE SANTANDER;CHITAGA;SI;;;SI;2026-06-30;3310;06/30/2026 05:00:00 PM;JUNIO;2026;COOPERATIVA DE TRABAJO ASOCIADO CHITAGA;COOTRACHITAGA;800-016-893-2;Cooperativas de trabajo asociado;NORTE DE SANTANDER;CHITAGÁ;CARRERA 6 2 50;;19;Aseo mantenimiento y reciclaje;FABIO HERNANDO CARRILLO;alivillamizar27@hotmail.com;3
329;ANTIOQUIA;MEDELLIN;SI;;;NO;2021-12-31;5557;12/31/2021 05:00:00 PM;DICIEMBRE;2021;COOPERATIVA DE TRABAJO ASOCIADO CONTRATAMOS;CONTRATAMOS C.T.A;811-032-951-9;Cooperativas de trabajo asociado;ANTIOQUIA;MEDELLÍN;CALLE 32B 69-16;3511474;99;Otras actividades;LUIS JAVIER MONTOYA MARIN;g.financiera@universalservice.com.co;3
330;ANTIOQUIA;MEDELLIN;SI;;;NO;2023-12-31;9408;12/31/2023 05:00:00 PM;DICIEMBRE;2023;COOPERATIVA DE TRABAJO ASOCIADO COODESIVAL CTA;COODESIVAL CTA;811-030-443-1;Cooperativas de trabajo asociado;ANTIOQUIA;MEDELLÍN;CR 46 SUR N 46 C 100;3411728;99;Otras actividades;CARLOS MARIO BETANCUR VARGAS;franciscogomezf19@gmail.com;3
331;CUNDINAMARCA;CHIPAQUE;SI;;;SI;2025-12-31;8366;12/31/2025 05:00:00 PM;DICIEMBRE;2025;COOPERATIVA DE TRABAJO ASOCIADO COOPMANTVIAS;COOPMANTVIAS;832-005-370-1;Cooperativas de trabajo asociado;CUNDINAMARCA;CHIPAQUE;CRA 1 1 52;6018677679;99;Otras actividades;REINEL ANTONIO MENDEZ ANGEL;coopmantvias@yahoo.com;3
332;NORTE DE SANTANDER;LA ESPERANZA;SI;;;NO;2017-12-31;4460;12/31/2017 05:00:00 PM;DICIEMBRE;2017;COOPERATIVA DE TRABAJO ASOCIADO COOPNORTE;COOPNORTE;804-005-540-5;Cooperativas de trabajo asociado;NORTE DE SANTANDER;LA ESPERANZA;CORREGIMIENTO EL TROPEZON;;4;Agricola;FERNEL ANTONIO PEREZ AREVALO;cooptnorte@hotmail.com;3
333;CUNDINAMARCA;FACATATIVA;SI;;;NO;2020-12-31;12932;12/31/2020 05:00:00 PM;DICIEMBRE;2020;COOPERATIVA DE TRABAJO ASOCIADO COOPSEIN OUTSOURSING;COOPSEIN OUTSOURSING CTA;900-401-674-1;Cooperativas de trabajo asociado;CUNDINAMARCA;FACATATIVÁ;CLL 2 3 17 PISO 2;8430959;99;Otras actividades;EDGAR MAURICIO CIFUENTES RAMIREZ;coopseinoutsourcing@gmail.com;3
334;ANTIOQUIA;GUARNE;SI;;;SI;2025-12-31;5696;12/31/2025 05:00:00 PM;DICIEMBRE;2025;COOPERATIVA DE TRABAJO ASOCIADO COOTAAR;COOTAAR;811-014-871-1;Multiactiva sin seccion de ahorro;ANTIOQUIA;GUARNE;CRA 53 59 126;;19;Aseo mantenimiento y reciclaje;JHON JAIRO GALLEGO LOPEZ;proveedorescootaar@gmail.com;3
335;ANTIOQUIA;GUATAPE;SI;;;SI;2025-12-31;8035;12/31/2025 05:00:00 PM;DICIEMBRE;2025;COOPERATIVA DE TRABAJO ASOCIADO CRECER Y CREAR;COOPCRECER;811-023-637-2;Cooperativas de trabajo asociado;ANTIOQUIA;GUATAPÉ;CL 32 30 35;8610346;13;Industria;LUIS ADOLFO GARCES ZULUAGA;creceradmon@hotmail.com;3
336;ANTIOQUIA;MEDELLIN;SI;;;NO;2017-12-31;4416;12/31/2017 05:00:00 PM;DICIEMBRE;2017;COOPERATIVA DE TRABAJO ASOCIADO CRECIMIENTO Y SERVICIO;COOPERATIVA CRESER;811-014-053-3;Cooperativas de trabajo asociado;ANTIOQUIA;MEDELLÍN;CARRERA 79 45 GG  76;;99;Otras actividades;EDELMIRO RUA MUNOZ;edelmiro.rua@creser.com.co;3
337;CUNDINAMARCA;SOPO;SI;;;NO;2022-06-30;15998;06/30/2022 05:00:00 PM;JUNIO;2022;COOPERATIVA DE TRABAJO ASOCIADO DE CADDIES Y SERVICIOS INTEGRALES;SERVYPARTNERS;901-586-097-7;Cooperativas de trabajo asociado;CUNDINAMARCA;SOPÓ;AUTO NORTE KM 30 VIA SOPO;;99;Otras actividades;;servypartners@gmail.com;3
338;ANTIOQUIA;COPACABANA;SI;;;NO;2018-12-31;15144;12/31/2018 05:00:00 PM;DICIEMBRE;2018;COOPERATIVA DE TRABAJO ASOCIADO DE CARGUE Y DESCARGUE DE MERCANCIAS;SERMACOOP;900-786-453-0;Cooperativas de trabajo asociado;ANTIOQUIA;COPACABANA;CL 50 49 46 IN 301;3225498;99;Otras actividades;LINA MARCELA RESTREPO;marcelarestrepo101@hotmail.com;3
339;ANTIOQUIA;MEDELLIN;SI;;;SI;2025-12-31;16639;12/31/2025 05:00:00 PM;DICIEMBRE;2025;COOPERATIVA DE TRABAJO ASOCIADO DE CARGUE Y DESCARGUE LE CARGA;;900-597-586-0;Cooperativas de trabajo asociado;ANTIOQUIA;MEDELLÍN;CL 31 61 28;;99;Otras actividades;;lecarga05@hotmail.com;3
340;ATLÁNTICO;BARRANQUILLA;SI;;;SI;2025-12-31;728;12/31/2025 05:00:00 PM;DICIEMBRE;2025;COOPERATIVA DE TRABAJO ASOCIADO DE COMUNICADORES SOCIALES DE LA COSTA ATL??NTICA;COOPERCOM CTA;800-181-197-1;Cooperativas de trabajo asociado;ATLÁNTICO;BARRANQUILLA;CL 73 41B 39;3868043;99;Otras actividades;RITA MARIA ALVAREZ CORREA;coopercomdelacosta@coopercom.co;3
341;CUNDINAMARCA;FUNZA;SI;;;SI;2025-12-31;6688;12/31/2025 05:00:00 PM;DICIEMBRE;2025;COOPERATIVA DE TRABAJO ASOCIADO DE ESTBADORES DE CUNDINAMARCA LTDA;COESCUNDI;832-003-219-8;Cooperativas de trabajo asociado;CUNDINAMARCA;FUNZA;KM 2 VIA FUNZA SIBERIA PARQUE LA ARGELIA;5223900;99;Otras actividades;ISMAEL ENRIQUE HERNANDEZ HERNANDEZ;coescundi45@yahoo.es;3
342;ANTIOQUIA;MEDELLIN;SI;;;NO;2020-12-31;13363;12/31/2020 05:00:00 PM;DICIEMBRE;2020;COOPERATIVA DE TRABAJO ASOCIADO DE ESTIBADORES DE COLOMBIA;COESCO CTA;900-483-514-0;Cooperativas de trabajo asociado;ANTIOQUIA;MEDELLÍN;CR44 A 64 SUR 4;5201280;99;Otras actividades;CATALINA GUTIERREZ ARBOLEDA;gerencia@coesco.com.co;3
343;NORTE DE SANTANDER;SAN JOSE DE CUCUTA;SI;;;NO;2024-12-31;10777;12/31/2024 12:00:00 AM;DICIEMBRE;2024;COOPERATIVA DE TRABAJO ASOCIADO DE FACTURADORES EN SALUD;COFAENSA;900-054-771-7;Cooperativas de trabajo asociado;NORTE DE SANTANDER;SAN JOSÉ DE CÚCUTA;AVENIDA 11E NO 8-41 COLSAG;;99;Otras actividades;HENRY JUVENAL BASTO CAMACHO;cotrasco@hotmail.com;3
344;ANTIOQUIA;ITAGUI;SI;;;SI;2026-06-30;5982;06/30/2026 05:00:00 PM;JUNIO;2026;COOPERATIVA DE TRABAJO ASOCIADO DE LA CENTRAL MAYORISTA DE ANTIOQUIA;COOTRAMA;811-033-292-8;Cooperativas de trabajo asociado;ANTIOQUIA;ITAGÜÍ;CALLE 73 A 45 A 61;4485145;19;Aseo mantenimiento y reciclaje;GERARDO ALFONSO BALAGUERA ESCOBAR;gerencia@cootrama.com;3
345;ANTIOQUIA;ITAGUI;SI;;;NO;2020-12-31;13214;12/31/2020 05:00:00 PM;DICIEMBRE;2020;COOPERATIVA DE TRABAJO ASOCIADO DE RESTAURANTES DE COLOMBIA;COOTRARESCOL CTA;900-439-368-5;Cooperativas de trabajo asociado;ANTIOQUIA;ITAGÜÍ;CALLE 76 52D 96;6049991;17;Hoteles, restaurantes, bares y similares;julieta murillo cortez;nomina@brosty.com;3
346;CUNDINAMARCA;MOSQUERA;SI;;;NO;2021-12-31;5215;12/31/2021 05:00:00 PM;DICIEMBRE;2021;COOPERATIVA DE TRABAJO ASOCIADO DE SERVIC.COMPL.PARA PLANTAS INDUSTRIALES;SERVICOOP;832-009-272-6;Cooperativas de trabajo asociado;CUNDINAMARCA;MOSQUERA;KM 18 VIA BOGOTA MOSQUERA LC 79 PARQUE AGROINDUST;;99;Otras actividades;YANETH SILVA CARDOZA;servicoopfunza@hotmail.com;3
347;ANTIOQUIA;CALDAS;SI;;;NO;2023-03-31;15653;03/31/2023 05:00:00 PM;MARZO;2023;COOPERATIVA DE TRABAJO ASOCIADO DE SERVICIO AUTOMOTOR;COOP SERVIMOTOR;901-255-253-1;Cooperativas de trabajo asociado;ANTIOQUIA;CALDAS;CR 45 143 SUR 273 KM 10 VARIANTE CALDAS;;99;Otras actividades;;gerencia@servimotor.co;3
348;BOLÍVAR;CARTAGENA DE INDIAS;SI;;;SI;2026-06-30;15830;06/30/2026 05:00:00 PM;JUNIO;2026;COOPERATIVA DE TRABAJO ASOCIADO DE SERVICIOS DE ASEO EN GENERAL;SERVIASEG;901-344-299-1;Cooperativas de trabajo asociado;BOLÍVAR;CARTAGENA DE INDIAS;BARRIO ARMENIA CRA 48 #30 - 145 MZ F LOTE 13;6740162;19;Aseo mantenimiento y reciclaje;;talentohumano@serviaseg.com;3
349;ATLÁNTICO;BARRANQUILLA;SI;;;SI;2025-12-31;7518;12/31/2025 05:00:00 PM;DICIEMBRE;2025;COOPERATIVA DE TRABAJO ASOCIADO DE SERVICIOS TECNICOS AUTOMOTRIZ;COOTRASERTECA;802-011-099-5;Cooperativas de trabajo asociado;ATLÁNTICO;BARRANQUILLA;CARRERA 41 # 48 - 17;3513240;99;Otras actividades;ESTHER CECILIA TORRES OSORIO;admoncootraserteca@hotmail.com;3
350;CUNDINAMARCA;SIBATE;SI;;;NO;2018-12-31;3759;12/31/2018 05:00:00 PM;DICIEMBRE;2018;COOPERATIVA DE TRABAJO ASOCIADO DE SIBATE;COOPTAS;832-003-951-1;Cooperativas de trabajo asociado;CUNDINAMARCA;SIBATÉ;CL 10 6 57 PISO 3;5296931;6;Silvicultura;NANCY LILIANA MALDONADO GARCIA;cooptas@hotmail.com;3
351;ANTIOQUIA;MEDELLIN;SI;;;NO;2017-12-31;10780;12/31/2017 05:00:00 PM;DICIEMBRE;2017;COOPERATIVA DE TRABAJO ASOCIADO DEL AGRO;COOTRAGRO;900-009-927-8;Especializada sin seccion de ahorro;ANTIOQUIA;MEDELLÍN;Carrera 64Nro.32-25;3091010;99;Otras actividades;JUNA AMILO MORALES VIDES;mario30julio@gmail.com;3
352;NORTE DE SANTANDER;EL ZULIA;SI;;;NO;2024-12-31;3288;12/31/2024 12:00:00 AM;DICIEMBRE;2024;COOPERATIVA DE TRABAJO ASOCIADO ECOLOGICA AGROAMBIENTAL DE REFORESTACION Y RECICLAJE;COECOAMBIENTAR;807-001-154-8;Cooperativas de trabajo asociado;NORTE DE SANTANDER;EL ZULIA;CALLE 3N  # 6-38  B/PUEBLO  NUEVO;;16;Obras publicas;PEDRO PABLO RIVERA;cootraeco.p@hotmail.com;3
353;NORTE DE SANTANDER;ABREGO;SI;;;SI;2025-12-31;4142;12/31/2025 05:00:00 PM;DICIEMBRE;2025;COOPERATIVA DE TRABAJO ASOCIADO EL TARRA LTDA;COPTARRA;807-001-492-2;Cooperativas de trabajo asociado;NORTE DE SANTANDER;ÁBREGO;VERERA QUEBRADA DE PARAMILLO;;16;Obras publicas;JORGE OMAR SEPULVEDA;cooptarra@hotmail.com;3
354;NORTE DE SANTANDER;SAN JOSE DE CUCUTA;SI;;;SI;2026-06-30;7509;06/30/2026 05:00:00 PM;JUNIO;2026;COOPERATIVA DE TRABAJO ASOCIADO ESCUELA DE AUXILIARES DE ENFERMERIA;COOPEAE;807-008-500-5;Cooperativas de trabajo asociado;NORTE DE SANTANDER;SAN JOSÉ DE CÚCUTA;AVENIDA 3 # 4-52 BARRIO LATINO;;9;Educacion;MIRYAM SOCORRO ACEVEDO DE CARVAJAL;coopeae@gmail.com;3
355;ANTIOQUIA;HISPANIA;SI;;;SI;2025-12-31;3683;12/31/2025 05:00:00 PM;DICIEMBRE;2025;COOPERATIVA DE TRABAJO ASOCIADO HISPANIA LTDA;COOPTAHIS LTDA;800-174-481-8;Cooperativas de trabajo asociado;ANTIOQUIA;HISPANIA;CALLE LISBOA 45-50;8432135;99;Otras actividades;JORGE ELIECER ALZATE ARBOLEDA;ccooptahis@hotmail.com;3
356;NORTE DE SANTANDER;SAN JOSE DE CUCUTA;SI;;;NO;2018-06-30;3325;06/30/2018 05:00:00 PM;JUNIO;2018;COOPERATIVA DE TRABAJO ASOCIADO ICO;COOICO;807-002-125-9;Multiactiva sin seccion de ahorro;NORTE DE SANTANDER;SAN JOSÉ DE CÚCUTA;CALLE 11 3 89 CENTRO;5753994;12;Consumo (comercio);RUBEN DARIO MONTA?EZ LARA;rubemon@hotmail.com;3
357;ANTIOQUIA;SANTA ROSA DE OSOS;SI;;;NO;2020-12-31;12620;12/31/2020 05:00:00 PM;DICIEMBRE;2020;COOPERATIVA DE TRABAJO ASOCIADO LA AMISTAD N1;C.T.A LA AMISTAD N1;900-381-825-8;Cooperativas de trabajo asociado;ANTIOQUIA;SANTA ROSA DE OSOS;MUNICIPIO DE SANTA ROSA DE OSOS;;99;Otras actividades;JOSE OSSA JIMENEZ;beatrizmonsalve76@hotmail.com;3
358;ANTIOQUIA;MEDELLIN;SI;;;SI;2025-12-31;9814;12/31/2025 05:00:00 PM;DICIEMBRE;2025;COOPERATIVA DE TRABAJO ASOCIADO LA COMUNA;LA COMUNA;811-035-705-7;Cooperativas de trabajo asociado;ANTIOQUIA;MEDELLÍN;CALLE 50A 41 34;;99;Otras actividades;MARTHA LUCIA ARANGO GAVIRIA;daniel.echeverry@lacomuna.com.co;3
359;ATLÁNTICO;SABANALARGA;SI;;;NO;2017-12-31;13838;12/31/2017 05:00:00 PM;DICIEMBRE;2017;COOPERATIVA DE TRABAJO ASOCIADO LA CORDIALIDAD CTA;COOTRACORDIALIDAD CTA;800-031-110-7;Cooperativas de trabajo asociado;ATLÁNTICO;SABANALARGA;CRA 9 17- 23;3234795;19;Aseo mantenimiento y reciclaje;ALFREDO MU?OZ AVILA;cootracordialidad1@gmail.com;3
360;NORTE DE SANTANDER;TOLEDO;SI;;;NO;2024-12-31;7551;12/31/2024 12:00:00 AM;DICIEMBRE;2024;COOPERATIVA DE TRABAJO ASOCIADO LA MEZA;COOTRAMEZA;807-008-112-0;Cooperativas de trabajo asociado;NORTE DE SANTANDER;TOLEDO;KDX  121 VEREDA LA MEZA;;16;Obras publicas;ANGEL RUBIEL RINCON JAIMES;cooptrameza@hotmail.com;3
361;NORTE DE SANTANDER;SARDINATA;SI;;;NO;2024-12-31;3600;12/31/2024 12:00:00 AM;DICIEMBRE;2024;COOPERATIVA DE TRABAJO ASOCIADO LA UNION;COTRAUNION;800-087-516-4;Cooperativas de trabajo asociado;NORTE DE SANTANDER;SARDINATA;CR 0 # 2-23 URB/BOTELLO;5282521;16;Obras publicas;HERMINIO VILLAMIZAR LAZARO;cootraunion_cta@hotmail.com;3
362;BOLÍVAR;CARTAGENA DE INDIAS;SI;;;NO;2020-06-30;12088;06/30/2020 05:00:00 PM;JUNIO;2020;COOPERATIVA DE TRABAJO ASOCIADO LABORAL;COOTRALABORAL;900-123-454-3;Cooperativas de trabajo asociado;BOLÍVAR;CARTAGENA DE INDIAS;AV. PEDRO DE HEREDIA CAALLE 32 N 19 33  SEG PISO;;99;Otras actividades;ROSALBA SEVILLA AGUILAR;cootralaboral@yahoo.es;3
363;NORTE DE SANTANDER;OCANA;SI;;;SI;2025-12-31;6588;12/31/2025 05:00:00 PM;DICIEMBRE;2025;COOPERATIVA DE TRABAJO ASOCIADO LAS MERCEDES;COOTRAMER LTDA;800-020-462-7;Cooperativas de trabajo asociado;NORTE DE SANTANDER;OCAÑA;CORREGIMIENTO DE LAS MERCEDES;;16;Obras publicas;JOSE DEL CARMEN PEREZ;cooptramer@hotmail.com;3
364;BOLÍVAR;CARTAGENA DE INDIAS;SI;;;SI;2025-12-31;13746;12/31/2025 05:00:00 PM;DICIEMBRE;2025;COOPERATIVA DE TRABAJO ASOCIADO LIDER EN SALUD LISCOOP CTA;LISCOOP CTA;900-324-647-0;Cooperativas de trabajo asociado;BOLÍVAR;CARTAGENA DE INDIAS;CENTRO EDIFICIO ARAUJO SEXTO PISO OF 605;6646601;22;Salud;NELLY ROMERO FERNANDEZ;jarobla1@hotmail.com;3
365;CUNDINAMARCA;ZIPAQUIRA;SI;;;SI;2025-12-31;462;12/31/2025 05:00:00 PM;DICIEMBRE;2025;COOPERATIVA DE TRABAJO ASOCIADO LOS ARRAYANES CTA.;ARRAYANES;800-014-189-6;Cooperativas de trabajo asociado;CUNDINAMARCA;ZIPAQUIRÁ;CALLE 4 8 83;6313353;19;Aseo mantenimiento y reciclaje;ROQUE JULIO ROCHA;roquearrayanes@gmail.com;3
366;CUNDINAMARCA;CAPARRAPI;SI;;;SI;2025-12-31;8439;12/31/2025 05:00:00 PM;DICIEMBRE;2025;COOPERATIVA DE TRABAJO ASOCIADO LOS CHIGUANOS;CHIGUANOS;830-084-488-1;Cooperativas de trabajo asociado;CUNDINAMARCA;CAPARRAPÍ;MANZANA 35 CASA 13 BARRIO NUEVO;6313353;16;Obras publicas;SANDRA PATRICIA HERNANDEZ ALBA;loschiguanos@hotmail.com;3
367;NORTE DE SANTANDER;SAN JOSE DE CUCUTA;SI;;;SI;2026-06-30;3196;06/30/2026 05:00:00 PM;JUNIO;2026;COOPERATIVA DE TRABAJO ASOCIADO MICROCOLMA;MICROCOLMA;890-506-188-8;Cooperativas de trabajo asociado;NORTE DE SANTANDER;SAN JOSÉ DE CÚCUTA;KDX 79 1 CORR AGUACLARA;6075487477;19;Aseo mantenimiento y reciclaje;MIGUEL ANTONIO SANABRIA BOTELLO;microcolmacta@hotmail.com;3
368;NORTE DE SANTANDER;SARDINATA;SI;;;SI;2026-06-30;3304;06/30/2026 05:00:00 PM;JUNIO;2026;COOPERATIVA DE TRABAJO ASOCIADO MULTIPLE DE SARDINATA;COTRAMULSAR;800-088-203-9;Cooperativas de trabajo asociado;NORTE DE SANTANDER;SARDINATA;CR 3 7 08 BRR SAN FRANCISCO;6075923179;19;Aseo mantenimiento y reciclaje;LUIS ALCIDES ORTIZ ALVAREZ;cootramulsar2018@hotmail.com;3
369;ATLÁNTICO;BARRANQUILLA;SI;;;NO;2021-06-30;11317;06/30/2021 05:00:00 PM;JUNIO;2021;COOPERATIVA DE TRABAJO ASOCIADO MUNDO SALUD CTA;MUNDO SALUD CTA;900-158-167-5;Cooperativas de trabajo asociado;ATLÁNTICO;BARRANQUILLA;CL 47 43-57 P2;3406159;22;Salud;VISITACION GENES CORREA;formadorescta@gmail.com;3
370;NORTE DE SANTANDER;ABREGO;SI;;;SI;2025-12-31;5874;12/31/2025 05:00:00 PM;DICIEMBRE;2025;COOPERATIVA DE TRABAJO ASOCIADO OPLAMAR LTDA;OPLAMAR LTDA;800-178-216-0;Cooperativas de trabajo asociado;NORTE DE SANTANDER;ÁBREGO;CRA 8 7-04;;16;Obras publicas;JESUS EMEL ORTIZ ORTIZ;cooplamar07@hotmail.com;3
371;NORTE DE SANTANDER;LABATECA;SI;;;NO;2017-12-31;10248;12/31/2017 05:00:00 PM;DICIEMBRE;2017;COOPERATIVA DE TRABAJO ASOCIADO PARA EL DESARROLLO DEL NORTE DE SANTANDER;COOTRADESNOR;807-005-395-4;Cooperativas de trabajo asociado;NORTE DE SANTANDER;LABATECA;CARRERA 3  3-37;5922094;19;Aseo mantenimiento y reciclaje;CESAR ALFONSO DURAN MONOGA;yaesur21@hotmail.com;3
372;CUNDINAMARCA;SOACHA;SI;;;NO;2023-06-30;15719;06/30/2023 05:00:00 PM;JUNIO;2023;COOPERATIVA DE TRABAJO ASOCIADO PARA LA GESTION;PROACTIVOS OC CTA;900-441-747-1;Cooperativas de trabajo asociado;CUNDINAMARCA;SOACHA;CR 4 E 30 32;;99;Otras actividades;;nominaproactivoscta@gmail.com;3
373;CUNDINAMARCA;FUSAGASUGA;SI;;;NO;2018-06-30;9573;06/30/2018 05:00:00 PM;JUNIO;2018;COOPERATIVA DE TRABAJO ASOCIADO PARA LA PRESTACION DE SERVICIOS A ENTIDADES DEL SECTOR SALUD;COOMEDSALUD;808-003-421-2;Cooperativas de trabajo asociado;CUNDINAMARCA;FUSAGASUGÁ;TRV 12 #23-15;8678604;22;Salud;LUZ ANGELICA MONCADA MAYORGA;coomedsalud@yahoo.es;3
374;ANTIOQUIA;RIONEGRO;SI;;;SI;2026-06-30;10973;06/30/2026 05:00:00 PM;JUNIO;2026;COOPERATIVA DE TRABAJO ASOCIADO PLANETA VERDE;CTA PLANETA VERDE;811-026-010-9;Cooperativas de trabajo asociado;ANTIOQUIA;RIONEGRO;TV 49 N 33 100;5321817;19;Aseo mantenimiento y reciclaje;MARTHA ELENA IGLESIAS ESCOBAR;cooplanetaverde@gmail.com;3
375;CUNDINAMARCA;VILLA DE SAN DIEGO DE UBATE;SI;;;SI;2025-12-31;4079;12/31/2025 05:00:00 PM;DICIEMBRE;2025;COOPERATIVA DE TRABAJO ASOCIADO PRESTADORA DE BIENES Y SERVICIOS UBATE;COPBISER UBATE;832-007-306-9;Cooperativas de trabajo asociado;CUNDINAMARCA;VILLA DE SAN DIEGO DE UBATÉ;CRA 5 4 98;8553580;99;Otras actividades;OSCAR FERNANDO TORRES CORTES;copbiserubate@gmail.com;3
376;NORTE DE SANTANDER;SAN JOSE DE CUCUTA;SI;;;NO;2025-02-28;16407;02/28/2025 12:00:00 AM;FEBRERO;2025;COOPERATIVA DE TRABAJO ASOCIADO PROCESOS AUDITORIA Y CONTROL ESPECIALIZADOS;SOCICONTROL CTA;901-148-395-9;Cooperativas de trabajo asociado;NORTE DE SANTANDER;SAN JOSÉ DE CÚCUTA;CLL 6 9E 39 EDIFICIO LA POPA BRR COLSAG;;99;Otras actividades;;contabilidad.socicontrol@gmail.com;3
377;ATLÁNTICO;BARRANQUILLA;SI;;;SI;2025-12-31;13036;12/31/2025 05:00:00 PM;DICIEMBRE;2025;COOPERATIVA DE TRABAJO ASOCIADO RECURSOS CTA;RECURSOS CTA;900-342-094-4;Cooperativas de trabajo asociado;ATLÁNTICO;BARRANQUILLA;CRA 57 72 94 OFC 4A;3044194;99;Otras actividades;YANETT PATRICIA ROJAS ALTAMAR;recursoscta@gmail.com;3
378;NORTE DE SANTANDER;SAN JOSE DE CUCUTA;SI;;;SI;2026-06-30;13058;06/30/2026 05:00:00 PM;JUNIO;2026;COOPERATIVA DE TRABAJO ASOCIADO SANTA MARTA;COOTRASMAR CTA;900-172-416-2;Cooperativas de trabajo asociado;NORTE DE SANTANDER;SAN JOSÉ DE CÚCUTA;AV 4 16 25 IN 11;5836134;99;Otras actividades;MARIO EDGAR PE?ARANDA PE?ARANDA;cootrasmarcta@hotmail.com;3
379;ANTIOQUIA;SANTO DOMINGO;SI;;;NO;2023-06-30;12602;06/30/2023 05:00:00 PM;JUNIO;2023;COOPERATIVA DE TRABAJO ASOCIADO SANTIAGO 1;CTA SANTIAGO;900-364-338-0;Cooperativas de trabajo asociado;ANTIOQUIA;SANTO DOMINGO;CORREGIMIENTO DE SANTIAGO;;99;Otras actividades;NICOLAS ALBERTO CARVAJAL CALDERON;beatrizmonsalve76@hotmail.com;3
380;CUNDINAMARCA;SOPO;SI;;;NO;2020-06-30;9534;06/30/2020 05:00:00 PM;JUNIO;2020;COOPERATIVA DE TRABAJO ASOCIADO SEMBRANDO FUTURO;SF;830-133-063-6;Cooperativas de trabajo asociado;CUNDINAMARCA;SOPÓ;CALLE 2 SUR # 4- 65;8789289;4;Agricola;EDUARDO GIL TORRES;tasembrandofuturo@hotmail.com;3
381;ATLÁNTICO;BARRANQUILLA;SI;;;NO;2021-06-30;11316;06/30/2021 05:00:00 PM;JUNIO;2021;COOPERATIVA DE TRABAJO ASOCIADO SERVICIO FORMATIVO DEL CARIBE CTA;FORMADORES CTA;900-158-166-8;Cooperativas de trabajo asociado;ATLÁNTICO;BARRANQUILLA;CL 47 43-57 P2;3406159;9;Educacion;ROVIRO MARRIAGA REBOLLEDO;formadorescta@gmail.com;3
382;CUNDINAMARCA;TABIO;SI;;;NO;2019-12-31;7412;12/31/2019 05:00:00 PM;DICIEMBRE;2019;COOPERATIVA DE TRABAJO ASOCIADO SERVICIOS DE ELECTRICIDAD RURAL COOPSER;COOPSER;832-004-377-8;Cooperativas de trabajo asociado;CUNDINAMARCA;TABIO;VEREDA JUAICA SECTOR MATADERO FINCA EL PARAISO KM;8648202;99;Otras actividades;ANDRES FELIPE HERRERA NIETO;liquidacioncoopser@gmail.com;3
383;NORTE DE SANTANDER;CACOTA;SI;;;SI;2026-06-30;5015;06/30/2026 05:00:00 PM;JUNIO;2026;COOPERATIVA DE TRABAJO ASOCIADO SERVICIOS MULTIPLES CACOTADE VELAZCO;COOTRASERMULCAV;807-002-949-0;Cooperativas de trabajo asociado;NORTE DE SANTANDER;CÁCOTA;CARRERA 2 3 34;6075923179;19;Aseo mantenimiento y reciclaje;JANVER OSWALDO MANRIQUE CARRILLO;cootrasermulcavcta@outlook.com;3
384;NORTE DE SANTANDER;LOS PATIOS;SI;;;SI;2026-06-30;3710;06/30/2026 05:00:00 PM;JUNIO;2026;COOPERATIVA DE TRABAJO ASOCIADO TONCHALA;COOTRATONCHALA;890-505-329-5;Cooperativas de trabajo asociado;NORTE DE SANTANDER;LOS PATIOS;AV 3E 32 95 LA CORDIALIDAD;6075282521;19;Aseo mantenimiento y reciclaje;JAIRO GUERRERO;cootratonchala-cta@hotmail.com;3
385;ANTIOQUIA;CALDAS;SI;;;NO;2018-06-30;5385;06/30/2018 05:00:00 PM;JUNIO;2018;COOPERATIVA DE TRABAJO ASOCIADO VINCULOS ESTRATEGICOS;VINCULOS ESTRATEGICOS C.T.A.;830-104-170-2;Cooperativas de trabajo asociado;ANTIOQUIA;CALDAS;CR 79 B 55 16;4513946;99;Otras actividades;AMPARO ALVAREZ GLORIA;vincutoscta@gmail.com;3
386;NORTE DE SANTANDER;TOLEDO;SI;;;NO;2024-12-31;9529;12/31/2024 12:00:00 AM;DICIEMBRE;2024;COOPERATIVA DE TRABAJO ASOCIADO Y SERVICIOS MULTIPLES DE GIBRALTAR;COOTRASERMUGIB;807-008-392-6;Cooperativas de trabajo asociado;NORTE DE SANTANDER;TOLEDO;KDX 125 VEREDA GIBRALTAR;;16;Obras publicas;ANANIAS SANTOS CONTRERAS;cootrasermulgib_cta@hotmail.com;3
387;NORTE DE SANTANDER;LABATECA;SI;;;SI;2026-06-30;10060;06/30/2026 05:00:00 PM;JUNIO;2026;COOPERATIVA DE TRABAJO ASOCIADO Y SERVICIOS MULTIPLES LA MORENA DE LABATECA;COOTRASERMORELAB;807-007-079-0;Cooperativas de trabajo asociado;NORTE DE SANTANDER;LABATECA;CLL 4 1 50 BRR DIVINO NI?O;6075923179;19;Aseo mantenimiento y reciclaje;PEDRO ANTONIO VEGA HERNANDEZ;cootrasermorelab2018@gmail.com;3
388;NORTE DE SANTANDER;SAN JOSE DE CUCUTA;SI;;;SI;2026-06-30;6748;06/30/2026 05:00:00 PM;JUNIO;2026;COOPERATIVA DE TRABAJO ASOCIADO Y SERVICIOS MULTIPLES LA SAMARIA LTDA.;LA SAMARIA LTDA.;807-003-506-6;Cooperativas de trabajo asociado;NORTE DE SANTANDER;SAN JOSÉ DE CÚCUTA;AV 3 3 40 CORREGIMIENTO SAN FAUSTINO;6075923179;19;Aseo mantenimiento y reciclaje;GONZALO RIVEROS RIVERAS;cooperativalasamariacta@hotmail.com;3
389;NORTE DE SANTANDER;TOLEDO;SI;;;SI;2026-06-30;9526;06/30/2026 05:00:00 PM;JUNIO;2026;COOPERATIVA DE TRABAJO ASOCIADO Y SERVICIOS MULTIPLES PAMPLONESES EN ACCION;COOTRASERMULPAC;807-007-087-1;Cooperativas de trabajo asociado;NORTE DE SANTANDER;TOLEDO;CALLE 3  #3-27 BARRIO LA FLORESTA SAN BERNARDO DE BATA;5836789;16;Obras publicas;EDGAR FRANCISCO VERA MORENO;empresarialespaf@hotmail.com;3
390;NORTE DE SANTANDER;SAN JOSE DE CUCUTA;SI;;;NO;2019-12-31;11667;12/31/2019 05:00:00 PM;DICIEMBRE;2019;COOPERATIVA DE TRABAJO ASOCIADO Y SERVICIOS T&S COOPERATIVA;T&S COOPERATIVA;807-006-296-8;Cooperativas de trabajo asociado;NORTE DE SANTANDER;SAN JOSÉ DE CÚCUTA;AV 4  10-46 OFC 505;;99;Otras actividades;GLADYS MERY CELY ALVAREZ;tyscooperativa1@hotmail.com;3
391;ANTIOQUIA;BELLO;SI;;;SI;2026-06-30;15689;06/30/2026 05:00:00 PM;JUNIO;2026;COOPERATIVA DE TRABAJO ASOCIADO ZICMA LOGISTICA;;900-918-456-0;Cooperativas de trabajo asociado;ANTIOQUIA;BELLO;CL 57 68 C 163 UNIDAD AGUA CLARA AP 625;;99;Otras actividades;;zicmalogistica2015@gmail.com;3
392;ANTIOQUIA;MEDELLIN;SI;;;NO;2025-06-30;10487;06/30/2025 05:00:00 PM;JUNIO;2025;COOPERATIVA DE TRABAJO ASOCIADO ZONAS VERDES DE ANTIOQUIA;COOTRAZOOVERDE;811-031-722-4;Cooperativas de trabajo asociado;ANTIOQUIA;MEDELLÍN;CL 47D 72 97;;99;Otras actividades;JUAN DIEGO SANCHEZ TAMAYO;constantino.contabilidad@gmial.com;3
393;NORTE DE SANTANDER;EL ZULIA;SI;;;NO;2024-12-31;3381;12/31/2024 12:00:00 AM;DICIEMBRE;2024;COOPERATIVA DE TRABAJO ASOCIADO ZUYEPAL LTDA;ZUYEPAL;800-016-891-8;Cooperativas de trabajo asociado;NORTE DE SANTANDER;EL ZULIA;AV 1 NO. 12 - 93 APTO 1 BRR EL TRIUNFO;;16;Obras publicas;ALEXANDER ROJAS SERRANO;cootrazuyepalcta@hotmail.com;3
394;ATLÁNTICO;BARRANQUILLA;SI;;;NO;2020-06-30;2925;06/30/2020 05:00:00 PM;JUNIO;2020;COOPERATIVA DE TRANSP.Y DISTRIBU.INDEPEND.DE LA COSTA NORTE LTDA.;COODIROMAN;800-056-988-4;Cooperativas de trabajo asociado;ATLÁNTICO;BARRANQUILLA;CRA 20 # 31 -14 PISO 2;3049731;24;Servicios de credito;MELVIN  DAVID FONTALVO VILORIA;coodiroman@yahoo.com;3
395;NORTE DE SANTANDER;SAN JOSE DE CUCUTA;SI;;;NO;2020-12-31;12185;12/31/2020 05:00:00 PM;DICIEMBRE;2020;COOPERATIVA DE TRANSPORTADORES DE LA FRONTERA NORORIENTAL LTDA.;COOTRANSFRONORTE LTDA.;807-001-647-7;Especializada sin seccion de ahorro;NORTE DE SANTANDER;SAN JOSÉ DE CÚCUTA;MZ G3 LOTE 2 BRR LA CONCORDIA;5951890;10;Vivienda;JOSE HERNANDEZ CAMACHO;cootransfronorte@hotmail.com;3
396;BOLÍVAR;VILLANUEVA;SI;;;SI;2025-12-31;12899;12/31/2025 05:00:00 PM;DICIEMBRE;2025;COOPERATIVA DE TRANSPORTADORES DE VILLANUEVA;COOTRANSVI;800-254-485-0;Integral sin seccion de ahorro;BOLÍVAR;VILLANUEVA;CL 15 17-60;3135442741;2;Servicios de ahorro y credito;ANGEL ERNESTO CAMACHO CERQUERA;cootransvilla@yahoo.es;3
397;NORTE DE SANTANDER;TOLEDO;SI;;;NO;2023-12-31;16187;12/31/2023 05:00:00 PM;DICIEMBRE;2023;COOPERATIVA DE TURISMO RURAL BRISAS DE LAS CASCADAS;COOTUBRICA;901-693-154-7;Especializada sin seccion de ahorro;NORTE DE SANTANDER;TOLEDO;VEREDA CUBOGON;;18;Turismo;;cascadacubogon@gmail.com;3
398;BOLÍVAR;CARTAGENA DE INDIAS;SI;;;NO;2022-12-31;16075;12/31/2022 05:00:00 PM;DICIEMBRE;2022;COOPERATIVA DE VETERANOS Y ACTIVOS DEL CARIBE;COOVACAR;901-494-130-7;Cooperativas de trabajo asociado;BOLÍVAR;CARTAGENA DE INDIAS;EL CARMELO MZ J LT 9;6901712;99;Otras actividades;LUIS ENRIQUE ROMERO RODRIGUEZ;cooperativaveteranos.delcaribe@gmail.com;3
399;CUNDINAMARCA;VIOTA;SI;;;NO;2019-12-31;12681;12/31/2019 05:00:00 PM;DICIEMBRE;2019;COOPERATIVA DE VIVIENDA DE INTERES SOCIAL BRISAS DEL TEQUENDAMA;BRISAS DEL TEQUENDAMA;900-116-508-3;Especializada sin seccion de ahorro;CUNDINAMARCA;VIOTÁ;CALLE  NO. 9  21;3101082;11;Transporte;GUSTAVO ROJAS FONTECHA;gustilomejor@hotmail.com;3
400;CUNDINAMARCA;LA CALERA;SI;;;NO;2023-06-30;16383;06/30/2023 05:00:00 PM;JUNIO;2023;COOPERATIVA DE VIVIENDA LA CALERA;COOVICAL;860-515-061-0;Aportes y credito;CUNDINAMARCA;LA CALERA;CL 11 A 3 08;;11;Transporte;;coovicalcooperativa@gmail.com;3
401;NORTE DE SANTANDER;OCANA;SI;;;NO;2019-06-30;4831;06/30/2019 05:00:00 PM;JUNIO;2019;COOPERATIVA DE VOLQUETEROS DE OCA??A;COOVOLQUET;807-002-214-6;Multiactiva sin seccion de ahorro;NORTE DE SANTANDER;OCAÑA;A.V CIRCUNVALAR CR.11#19-332LC201TERMINAL DE TRANS;5691921;8;Mineria;LUIS EMIRO ALVAREZ SANCHEZ;coovolquet2011@hotmail.com;3
402;ATLÁNTICO;BARRANQUILLA;SI;;;NO;2022-12-31;7670;12/31/2022 05:00:00 PM;DICIEMBRE;2022;COOPERATIVA DECOMERCIALIZADORES DE BANANOS Y VARIOS DEL ATLANTCO LTDA;COOBATLAN;802-019-556-6;Especializada sin seccion de ahorro;ATLÁNTICO;BARRANQUILLA;CL 9 41N 80;3445754;12;Consumo (comercio);PATROCINIO ROMERO ZU??IGA;coobatlanltda@hotmail.com;3
403;NORTE DE SANTANDER;TOLEDO;SI;;;NO;2023-06-30;16190;06/30/2023 05:00:00 PM;JUNIO;2023;COOPERATIVA DEL AGRO PORCICOLA BONGOTA;COOAGROPOB;901-693-153-1;Especializada sin seccion de ahorro;NORTE DE SANTANDER;TOLEDO;VEREDA BONGOTA;;5;Pecuaria;;cooagropob@gmail.com;3
404;BOLÍVAR;CARTAGENA DE INDIAS;SI;;;NO;2018-12-31;13025;12/31/2018 05:00:00 PM;DICIEMBRE;2018;COOPERATIVA DEL CARIBE CARIBECOOP;CARIBECOOP;900-138-359-7;Especializada sin seccion de ahorro;BOLÍVAR;CARTAGENA DE INDIAS;CENTRO COMERCIAL CENTRO UNO OF. 414;6700321;24;Servicios de credito;ALBERTO ENRIQUE TRIANA CASTRO;caribecoop@hotmail.com;3
405;NORTE DE SANTANDER;SARDINATA;SI;;;SI;2025-12-31;3268;12/31/2025 05:00:00 PM;DICIEMBRE;2025;COOPERATIVA DEL MAGISTERIO DE SARDINATA;COOPMASAR;800-214-781-5;Especializada sin seccion de ahorro;NORTE DE SANTANDER;SARDINATA;CLL 2 NO. 4.49 LA VICTORIA;5665597;24;Servicios de credito;LUVING MOLINA BALLESTEROS;ramonropa@hotmail.com;3
406;CUNDINAMARCA;CHIA;SI;;;NO;2018-06-30;952;06/30/2018 05:00:00 PM;JUNIO;2018;COOPERATIVA DEL PERSONAL DOCENTE ADTVO Y DE S S COL JJC;COOPACOL LTDA;860-501-266-2;Multiactiva sin seccion de ahorro;CUNDINAMARCA;CHÍA;CALLE9 N 8-16;8635455;99;Otras actividades;ANDRES LEONARDO GUZMAN PEYUELA;coopacol_ltda@hotmail.com;3
407;ATLÁNTICO;BARRANQUILLA;SI;;;SI;2025-12-31;15056;12/31/2025 05:00:00 PM;DICIEMBRE;2025;COOPERATIVA EASY CREDIT COL;COOPEASYCOL;900-822-370-2;Integral sin seccion de ahorro;ATLÁNTICO;BARRANQUILLA;CALLE 41 NO 43 19 OFI 4 A;3701219;24;Servicios de credito;OLGA PAULINA BORRES BUSTILLOS;gerenciacoopeasycredit@gmail.com;3
408;CUNDINAMARCA;TENA;SI;;;NO;2024-06-30;16223;06/30/2024 12:00:00 AM;JUNIO;2024;COOPERATIVA ECOTURISTICA MULTIACTIVA MANANTIAL DEL TEQUENDAMA;COOTUMAN;901-553-987-5;Multiactiva sin seccion de ahorro;CUNDINAMARCA;TENA;VDA ESCALANTE FCA SANTA LUCIA;;18;Turismo;ANGIE BRUCE ORTIZ;ecoturismocootuman@gmail.com;3
409;ATLÁNTICO;BARRANQUILLA;SI;;;NO;2024-12-31;7659;12/31/2024 12:00:00 AM;DICIEMBRE;2024;COOPERATIVA EL AGUILA LTDA;COOPEAGUILA LTDA;802-020-502-0;Multiactiva sin seccion de ahorro;ATLÁNTICO;BARRANQUILLA;CARRERA 32 43 55;3465684;99;Otras actividades;SANDIER CANO ACEVEDO;coopeaguilaltda@hotmail.com;3
410;NORTE DE SANTANDER;SAN JOSE DE CUCUTA;SI;;;NO;2023-06-30;16336;06/30/2023 05:00:00 PM;JUNIO;2023;COOPERATIVA ERA (EMPRENDEDORES RURALES DE AGUACLARA);COERA;901-701-346-1;Especializada sin seccion de ahorro;NORTE DE SANTANDER;SAN JOSÉ DE CÚCUTA;KDX 275 20 URB PRADOS C AGUA CLARA;;12;Consumo (comercio);;yjaimes.ipk42664@gmail.com;3
411;ATLÁNTICO;BARRANQUILLA;SI;;;NO;2023-12-31;10513;12/31/2023 05:00:00 PM;DICIEMBRE;2023;COOPERATIVA ESPECIALIZADA DE APORTES Y CREDITO DE TRABAJADORES HOTELEROS DE LA COSTA;COOTRAHOTELCO;900-084-254-9;Especializada sin seccion de ahorro;ATLÁNTICO;BARRANQUILLA;CALLE 98 52B 10;3677723;99;Otras actividades;MARLIT BARRAZA CASTRO;cooperativa-cootrahotelco@hotmail.com;3
412;ATLÁNTICO;BARRANQUILLA;SI;;;SI;2025-12-31;11873;12/31/2025 05:00:00 PM;DICIEMBRE;2025;COOPERATIVA ESPECIALIZADA DE CREDITOS;COOPALIANZA;900-219-148-8;Aportes y credito;ATLÁNTICO;BARRANQUILLA;CALLE 40 46 - 66;3704198;24;Servicios de credito;ENITH MARGARITA LAGARES BALLESTAS;gerencia@coopalianza.co;3
413;NORTE DE SANTANDER;SAN JOSE DE CUCUTA;SI;;;SI;2025-12-31;3294;12/31/2025 05:00:00 PM;DICIEMBRE;2025;COOPERATIVA ESPECIALIZADA DE EDUCACION DEL BARRIO ATALAYA CUCUTA LTDA;COOPEBACUC;890-501-707-8;Especializada sin seccion de ahorro;NORTE DE SANTANDER;SAN JOSÉ DE CÚCUTA;AV KENNEDY 1 ETAPA  JUAN ATALAYA;5787721;9;Educacion;JUAN DE DIOS ARIAS HERNANDEZ;coopebacuc@hotmail.com;3
414;ATLÁNTICO;BARRANQUILLA;SI;;;SI;2025-12-31;13596;12/31/2025 05:00:00 PM;DICIEMBRE;2025;COOPERATIVA HUMANA DE APORTE Y CREDITO;COOPHUMANA;900-528-910-1;Multiactiva sin seccion de ahorro;ATLÁNTICO;BARRANQUILLA;CRA 51B 80 58;3116722;99;Otras actividades;GUSTAVO EDUARDO RINCON MENDEZ;info@coophumana.co;3
415;ANTIOQUIA;ARBOLETES;SI;;;SI;2025-12-31;8518;12/31/2025 05:00:00 PM;DICIEMBRE;2025;COOPERATIVA INTEGRAL AGROPECUARIA DE GANADEROS, TECNICOS Y PROFESIONALES DE URABA NORTE;ATUN;811-015-951-7;Integral sin seccion de ahorro;ANTIOQUIA;ARBOLETES;CRA 30 # 25-113;;5;Pecuaria;PAULA PALOMINO CADAVID;atunaldia@gmail.com;3
416;ANTIOQUIA;TURBO;SI;;;NO;2023-12-31;16066;12/31/2023 05:00:00 PM;DICIEMBRE;2023;COOPERATIVA INTEGRAL DE ABASTECIMIENTO AGROALIMENATRIO DE URABA;DIA URABA;901-592-399-0;Integral sin seccion de ahorro;ANTIOQUIA;TURBO;CRR EL TRES CARRERA 30 CON CALLE 30 - 35 MANZANA 3;;4;Agricola;;diauraba22@gmail.com;3
417;ATLÁNTICO;BARRANQUILLA;SI;;;NO;2017-12-31;10403;12/31/2017 05:00:00 PM;DICIEMBRE;2017;COOPERATIVA INTEGRAL DE AYUDA MUTUA;COOPINAM;900-072-947-2;Multiactiva sin seccion de ahorro;ATLÁNTICO;BARRANQUILLA;Calle 34 42 28 Oficina B11 P 2;3707048;12;Consumo (comercio);MIGUEL OSPINO FONSECA;coopinam@hotmail.com;3
418;ATLÁNTICO;BARRANQUILLA;SI;;;SI;2026-06-30;13098;06/30/2026 05:00:00 PM;JUNIO;2026;COOPERATIVA INTEGRAL  DE COMERCIO  Y SERVICIOS;COOINCOSER;900-476-257-3;Multiactiva sin seccion de ahorro;ATLÁNTICO;BARRANQUILLA;CALLE 40 # 41 - 134 OF 203A;3134530;24;Servicios de credito;LUIS MANUEL POVEA GONZALEZ;cooincoser@hotmail.com;3
419;ATLÁNTICO;BARRANQUILLA;SI;;;NO;2022-06-30;11509;06/30/2022 05:00:00 PM;JUNIO;2022;COOPERATIVA INTEGRAL DE CONSULTORIA COOPERATIVA DE TRABAJO ASOCIADO COINTEGRAL CONSULTING C.T.A.;COINTEGRAL CONSULTING C.T.A.;900-125-376-6;Multiactiva sin seccion de ahorro;ATLÁNTICO;BARRANQUILLA;CL 3 42 174;3854043;99;Otras actividades;LUIS FERNANDO ACOSTA OSIO;info@cointegralconsulting.co;3
420;ANTIOQUIA;MEDELLIN;SI;;;SI;2026-06-30;1322;06/30/2026 05:00:00 PM;JUNIO;2026;COOPERATIVA INTEGRAL DE DISTRIBUIDORES Y TRANSPORTADORES DE PRODUCTOS LACTEOS;COODISTRAL;800-127-594-1;Multiactiva sin seccion de ahorro;ANTIOQUIA;MEDELLÍN;CL 75 64A 13;3379991;3;Organismos de representacion;FALIRA DEL SOCOROO GONZALEZ RESTREPO;coodistrales@hotmail.com;3
421;ANTIOQUIA;JARDIN;SI;;;NO;2017-12-31;1763;12/31/2017 05:00:00 PM;DICIEMBRE;2017;COOPERATIVA INTEGRAL DE JARDIN LTDA;COOPINJAR;890-933-320-5;Multiactiva sin seccion de ahorro;ANTIOQUIA;JARDÍN;CRA 7 9-37;8455814;12;Consumo (comercio);EMPERATRIZ GALLEGO VELEZ;coopijar@hotmail.com;3
422;BOLÍVAR;CARTAGENA DE INDIAS;SI;;;NO;2024-12-31;3661;12/31/2024 12:00:00 AM;DICIEMBRE;2024;COOPERATIVA INTEGRAL DE LOS PENSIONADOS PETROLEROS DE LA COSTA  ATLANTICA LTD;COOPECOSTA LTDA;890-480-763-9;Integral sin seccion de ahorro;BOLÍVAR;CARTAGENA DE INDIAS;CENTRO AV VENEZUELA EDIF SAN JOSE -202;6056543;24;Servicios de credito;FERNANDO PERNETT TIRADO;ccoopecosta@gmail.com;3
423;BOLÍVAR;CARTAGENA DE INDIAS;SI;;;SI;2025-12-31;6634;12/31/2025 05:00:00 PM;DICIEMBRE;2025;COOPERATIVA INTEGRAL DE LOS TRABAJADORES DEL INSTITUTO DE SEGURO SOCIAL;COOTRAISSBOL;890-480-900-1;Integral sin seccion de ahorro;BOLÍVAR;CARTAGENA DE INDIAS;SANTA LUCIA MA 13 LT 14;6464552;99;Otras actividades;FREDY VARGAS PERI#AN;cootrais@hotmail.com;3
424;BOLÍVAR;CARTAGENA DE INDIAS;SI;;;SI;2025-12-31;2953;12/31/2025 05:00:00 PM;DICIEMBRE;2025;COOPERATIVA INTEGRAL DE LOS TRABAJADORESS DEL HOTEL CARTAGENA HILTON INTERNAL.;COOTRAHILTON;890-481-033-5;Integral sin seccion de ahorro;BOLÍVAR;CARTAGENA DE INDIAS;ESCALLON VILLA CALLE 30H NO 55 95;6451593;99;Otras actividades;MARTA PEREZ ESPITIA;cootrahilton@hotmail.com;3
425;CUNDINAMARCA;VILLA DE SAN DIEGO DE UBATE;SI;;;SI;2026-06-30;1065;06/30/2026 05:00:00 PM;JUNIO;2026;COOPERATIVA INTEGRAL DE PRODUCTORES DE CARBON DE CUCUNUBA;COOCARBOCUBA;860-523-620-1;Integral sin seccion de ahorro;CUNDINAMARCA;VILLA DE SAN DIEGO DE UBATÉ;CR 4 17 57;3102485944;8;Mineria;PEDRO SEGUNDO BARRANTES BARRANTES;contabilidad@coocarbocubaltda.com;3
426;NORTE DE SANTANDER;CHITAGA;SI;;;NO;2020-06-30;3184;06/30/2020 05:00:00 PM;JUNIO;2020;COOPERATIVA INTEGRAL DE PROFESORES DE CHITAGA LTDA;COOINPROF LTDA;890-505-418-2;Integral sin seccion de ahorro;NORTE DE SANTANDER;CHITAGÁ;CRA 6 ESQUINA CASA CURAL;;24;Servicios de credito;NYDIA YAMILE RODRIGUEZ LIZCANO;cooinprof@hotmail.com;3
427;BOLÍVAR;CARTAGENA DE INDIAS;SI;;;NO;2017-12-31;8516;12/31/2017 05:00:00 PM;DICIEMBRE;2017;COOPERATIVA INTEGRAL DE SERVICIOS;COOINSER;806-013-053-0;Integral sin seccion de ahorro;BOLÍVAR;CARTAGENA DE INDIAS;CCIAL UNO LOCAL 409;3116967;99;Otras actividades;MONICA MERCEDES LOZANO TORRES;coopcooinser@hotmail.com;3
428;BOLÍVAR;TURBACO;SI;;;SI;2025-12-31;7658;12/31/2025 05:00:00 PM;DICIEMBRE;2025;COOPERATIVA INTEGRAL DE TRABAJADORES, EXTRABAJADORES, PENSIONADOS Y JUBILADOS Y FAMILIARES DEL SECTOR SALUD EN EL DPTO. DE BOLIVAR;COOTRAHOSPITALES;890-481-065-0;Integral sin seccion de ahorro;BOLÍVAR;TURBACO;BARRIO BELLAVISTA CALLE 27 # 13A26;;99;Otras actividades;JAIME ALBERTO ARIZA CASTRO;alt93540@yahoo.com;3
429;ANTIOQUIA;URRAO;SI;;;SI;2025-12-31;1415;12/31/2025 05:00:00 PM;DICIEMBRE;2025;COOPERATIVA INTEGRAL DE URRAO;COPIURRAO;890-985-162-0;Integral sin seccion de ahorro;ANTIOQUIA;URRAO;CARRERA 31 NO. 31-95;;99;Otras actividades;WILLIAM DE JESUS HERNANDEZ LORA;coopiurrao@gmail.com;3
430;CUNDINAMARCA;SOACHA;SI;;;NO;2017-06-30;7642;06/30/2017 05:00:00 PM;JUNIO;2017;COOPERATIVA INTEGRAL DE USUARIOS DE VIVIENDA Y SERVICIOS A LA COMUNIDAD;COOPHABITAD LTDA.;832-000-820-1;Integral sin seccion de ahorro;CUNDINAMARCA;SOACHA;Carrera 3 25F 11 Apartamento 302;3163511;11;Transporte;AURA MERCEDES RODRIGUEZ PACHON;rauramercedes@gmail.com;3
431;CUNDINAMARCA;CHIA;SI;;;NO;2023-12-31;4866;12/31/2023 05:00:00 PM;DICIEMBRE;2023;COOPERATIVA INTEGRAL DE VIVIENDA PUENTE COMUN EN LIQUIDACIONA;COOPERATIVA INTEGRAL DE VIVIENDA PUENTE EL COMUN;832-003-739-6;Integral sin seccion de ahorro;CUNDINAMARCA;CHÍA;CALLE 22  11-49/69 CC VALBANERA T 5;;11;Transporte;GLORIA ESPERANZA CRUZ AGUILERA;coovivienda@yahoo.com;3
432;ANTIOQUIA;MEDELLIN;SI;;;NO;2020-06-30;11374;06/30/2020 05:00:00 PM;JUNIO;2020;COOPERATIVA INTEGRAL PARA EL ASOCIADO Y SU FAMILIA;COOPFAMINCO;900-162-584-9;Multiactiva sin seccion de ahorro;ANTIOQUIA;MEDELLÍN;CALLE  127  7 51;7465590;99;Otras actividades;JAIME ALBERTO NIETO;contador@asercoopi.com;3
433;ANTIOQUIA;MEDELLIN;SI;;;NO;2024-06-30;16507;06/30/2024 12:00:00 AM;JUNIO;2024;COOPERATIVA INTEGRAL SIEMBRA;COOINSIEM;901-772-718-1;Multiactiva sin seccion de ahorro;ANTIOQUIA;MEDELLÍN;CRA 80 CC 20D 138;8007619;99;Otras actividades;LUZ NAYIVE GIRALDO;lizarango4325@gmail.com;3
434;ANTIOQUIA;MEDELLIN;SI;;;SI;2025-12-31;1657;12/31/2025 05:00:00 PM;DICIEMBRE;2025;COOPERATIVA LEALCOOP;LEALCOOP;890-906-743-2;Especializada sin seccion de ahorro;ANTIOQUIA;MEDELLÍN;CR 81 32 24 LC 023;3220678;20;Inmobiliarias y de alquiler;CLAUDIA MARIA CARDONA GARCIA;gerencia@cooperativalealcoop.com;3
435;ANTIOQUIA;AMALFI;SI;;;NO;2020-06-30;4947;06/30/2020 05:00:00 PM;JUNIO;2020;COOPERATIVA LECHERA DE AMALFI;COOLAMALFI;800-250-277-7;Especializada sin seccion de ahorro;ANTIOQUIA;AMALFI;CL BOLIVAR;8301680;12;Consumo (comercio);JUAN BAUTISTA ARENAS CARVAJAL;coolamalfi@hotmail.com;3
436;ANTIOQUIA;MEDELLIN;SI;;;NO;2021-12-31;15756;12/31/2021 05:00:00 PM;DICIEMBRE;2021;COOPERATIVA LIBERTREE;COOLIBER;901-438-747-2;Especializada sin seccion de ahorro;ANTIOQUIA;MEDELLÍN;CARRERA 32 13 49 OF 406;3042083;4;Agricola;;gerencia@libertree.com.co;3
437;ANTIOQUIA;EL CARMEN DE VIBORAL;SI;;;SI;2026-06-30;6526;06/30/2026 05:00:00 PM;JUNIO;2026;COOPERATIVA LINO DE J. ACEVEDO;COOMASUR;890-904-564-1;Especializada sin seccion de ahorro;ANTIOQUIA;EL CARMEN DE VIBORAL;CALLE 30 NO 15-24;;99;Otras actividades;JOSE ALBERTO ARBOLEDA CASTA?O;cooplinodej@hotmail.com;3
438;ATLÁNTICO;BARRANQUILLA;SI;;;SI;2025-12-31;2914;12/31/2025 05:00:00 PM;DICIEMBRE;2025;COOPERATIVA MEDICA  DE LA COSTA;COOMEDICOSTA;890-108-513-1;Multiactiva sin seccion de ahorro;ATLÁNTICO;BARRANQUILLA;CR 42F 74 63;;24;Servicios de credito;FABIO AUGUSTO PASTRANA HOYOS;contabilidad@coomedicosta.com;3
439;NORTE DE SANTANDER;TOLEDO;SI;;;NO;2023-12-31;16198;12/31/2023 05:00:00 PM;DICIEMBRE;2023;COOPERATIVA METALURGICA LA COLMENA;COOMETCOL;901-693-129-2;Especializada sin seccion de ahorro;NORTE DE SANTANDER;TOLEDO;VEREDA CUBUGON;;99;Otras actividades;;cootmetcol@gmail.com;3
440;NORTE DE SANTANDER;SAN JOSE DE CUCUTA;SI;;;NO;2024-08-31;3302;08/31/2024 12:00:00 AM;AGOSTO;2024;COOPERATIVA MINERA COLCARBEX;COLCARBEX;807-002-164-6;Multiactiva sin seccion de ahorro;NORTE DE SANTANDER;SAN JOSÉ DE CÚCUTA;CLL 18 # 0E-18 BRR CAOBOS;;12;Consumo (comercio);JAIME RODRIGUEZ OVIEDO;colcabexmeapoya@gmail.com;3
441;NORTE DE SANTANDER;SAN JOSE DE CUCUTA;SI;;;SI;2025-12-31;16293;12/31/2025 05:00:00 PM;DICIEMBRE;2025;COOPERATIVA MINERA COOPROCARCAT;COOPROCARCAT;900-160-060-2;Multiactiva sin seccion de ahorro;NORTE DE SANTANDER;SAN JOSÉ DE CÚCUTA;CL 21AN # 1-55 BRR PRADOS DEL NORTE III ETAPA;5009425;8;Mineria;;cooprocarcat@gmail.com;3
442;BOLÍVAR;CARTAGENA DE INDIAS;SI;;;SI;2025-12-31;3506;12/31/2025 05:00:00 PM;DICIEMBRE;2025;COOPERATIVA MULT. DE MILITARES EN RETIRO DE BOLIVAR LTDA.;COOMIBOL LTDA.;890-480-019-7;Multiactiva sin seccion de ahorro;BOLÍVAR;CARTAGENA DE INDIAS;CALLE 2DA DE DADILLO NRO 36-95;6644388;99;Otras actividades;ESILDA MARIA CARO ORTIZ;cmrbol896@hotmail.com;3
443;NORTE DE SANTANDER;EL CARMEN;SI;;;NO;2022-06-30;15627;06/30/2022 05:00:00 PM;JUNIO;2022;COOPERATIVA MULTI ACTIVA DE LA VERADA CULEBRITAS;COOCULEBRITAS;901-235-307-3;Multiactiva sin seccion de ahorro;NORTE DE SANTANDER;EL CARMEN;KDX 601 290;;99;Otras actividades;;cooculebritas@gmail.com;3
444;ANTIOQUIA;MUTATA;SI;;;SI;2025-12-31;16265;12/31/2025 05:00:00 PM;DICIEMBRE;2025;COOPERATIVA MULTI ACTIVA LA FORTUNA DE MUTATA;COOFORTUNA;901-144-199-3;Multiactiva sin seccion de ahorro;ANTIOQUIA;MUTATÁ;VEREDA SAN JOSE DE LEON;;5;Pecuaria;;lafortunademutata@gmail.com;3
445;NORTE DE SANTANDER;EL CARMEN;SI;;;NO;2022-06-30;15634;06/30/2022 05:00:00 PM;JUNIO;2022;COOPERATIVA MULTI ACTIVA VEREDA VILLA NUEVA;COOPMULVILLANUEVA;901-235-017-2;Especializada sin seccion de ahorro;NORTE DE SANTANDER;EL CARMEN;CARRERA 8 8 67;;99;Otras actividades;;coopmulvillanueva@gmail.com;3
446;ATLÁNTICO;BARRANQUILLA;SI;;;NO;2024-12-31;15919;12/31/2024 12:00:00 AM;DICIEMBRE;2024;COOPERATIVA MULTIACATIVA DE TRABAJADORES Y SOLUCIONES INMEDIATAS;COOMULTRASOLI;901-506-019-0;Multiactiva sin seccion de ahorro;ATLÁNTICO;BARRANQUILLA;CALLE 40  N 43 125 PI 2 OF 21B IN;;12;Consumo (comercio);ROSA MARIA DE LA HOZ BARBOSA;coomultrasoli@gmail.com;3
447;ATLÁNTICO;BARRANQUILLA;SI;;;NO;2024-12-31;15868;12/31/2024 12:00:00 AM;DICIEMBRE;2024;COOPERATIVA MULTIACITVA DE OPERACIONES SOLIDARIAS;COOPSOL;901-469-058-9;Multiactiva sin seccion de ahorro;ATLÁNTICO;BARRANQUILLA;CL 38 41 39 OF 401 ED CALDAS;;99;Otras actividades;ANGIE CHARLOTH YEPES SANDOVAL;coopsol2021@outlook.com;3
448;NORTE DE SANTANDER;TIBU;SI;;;SI;2026-06-30;15793;06/30/2026 05:00:00 PM;JUNIO;2026;COOPERATIVA MULTIACT IVA VEREDA CA?O VICTORIA SUR;COOMULCAVISUR;901-264-334-6;Multiactiva sin seccion de ahorro;NORTE DE SANTANDER;TIBÚ;CORREGIMIENTO DE CAMPO DOS;3203984;4;Agricola;;coomulcavisur@gmail.com;3
449;ANTIOQUIA;ITAGUI;SI;;;NO;2021-12-31;15442;12/31/2021 05:00:00 PM;DICIEMBRE;2021;COOPERATIVA MULTIACTIACTIVA DE LAS MALVINAS COOMALVINAS;COOMALVINAS;901-214-013-3;Multiactiva sin seccion de ahorro;ANTIOQUIA;ITAGÜÍ;CL 85 # 48-01 BL 31 OF 219;;99;Otras actividades;;coomalvinas@gmail.com;3
450;ATLÁNTICO;BARRANQUILLA;SI;;;SI;2025-12-31;16606;12/31/2025 05:00:00 PM;DICIEMBRE;2025;COOPERATIVA MULTIACTIVA AGRO SANTO;COOMASAN J.I;901-777-844-2;Multiactiva sin seccion de ahorro;ATLÁNTICO;BARRANQUILLA;CARRERA 44 NA? 8 - 158;;99;Otras actividades;;agrosanto3@gmail.com;3
451;BOLÍVAR;CARTAGENA DE INDIAS;SI;;;NO;2024-12-31;16311;12/31/2024 12:00:00 AM;DICIEMBRE;2024;COOPERATIVA MULTIACTIVA AGRO Y SERVICIOS DE COLOMBIA;COOAGROSERCOL;901-231-098-0;Multiactiva sin seccion de ahorro;BOLÍVAR;CARTAGENA DE INDIAS;BRR EL MILAGRO TV 58 15-112;;4;Agricola;LUIS FERNANDO APOLINARIO VILLADIEGO;cooagrosercol@gmail.com;3
452;NORTE DE SANTANDER;CONVENCION;SI;;;NO;2021-12-31;15785;12/31/2021 05:00:00 PM;DICIEMBRE;2021;COOPERATIVA MULTIACTIVA AGROPECUARIA CARRIZAL;COOMULZAL;901-253-734-1;Multiactiva sin seccion de ahorro;NORTE DE SANTANDER;CONVENCIÓN;CL 3 14 54;;99;Otras actividades;;coomulzal@gmail.com;3
453;ANTIOQUIA;GUARNE;SI;;;NO;2017-12-31;6601;12/31/2017 05:00:00 PM;DICIEMBRE;2017;COOPERATIVA MULTIACTIVA AGROPECUARIA DE ANTIOQUIA;COAGROANTIOQUIA;890-904-867-8;Multiactiva sin seccion de ahorro;ANTIOQUIA;GUARNE;Calle 49 Nro.48A 18;5510503;12;Consumo (comercio);JOSE EUSEBIO GARCIA RENDON;ccoagroantioquia@yahoo.es;3
454;BOLÍVAR;EL CARMEN DE BOLIVAR;SI;;;NO;2023-12-31;16099;12/31/2023 05:00:00 PM;DICIEMBRE;2023;COOPERATIVA MULTIACTIVA AGROPECUARIA DE EL CARMEN DE BOLIVAR;COOMUCAR;901-232-113-8;Multiactiva sin seccion de ahorro;BOLÍVAR;EL CARMEN DE BOLÍVAR;CR 33 40 68 BRR PUEBLO NUEVO;;5;Pecuaria;;coomucar1918@gmail.com;3
455;CUNDINAMARCA;GUAYABETAL;SI;;;NO;2022-06-30;16276;06/30/2022 05:00:00 PM;JUNIO;2022;COOPERATIVA MULTIACTIVA AGROPECUARIA DE GUAYABETAL;COOMAGU;900-952-079-0;Multiactiva sin seccion de ahorro;CUNDINAMARCA;GUAYABETAL;CALLE 3 NO 3 13;;4;Agricola;;coomagu@gmail.com;3
456;ANTIOQUIA;LA UNION;SI;;;NO;2017-12-31;13529;12/31/2017 05:00:00 PM;DICIEMBRE;2017;COOPERATIVA MULTIACTIVA AGROPECUARIA DE LA UNION;COAGROUNION;900-148-316-3;Cooperativas de trabajo asociado;ANTIOQUIA;LA UNIÓN;CLLE 9 6 57;5560920;4;Agricola;JOSE URIEL BOTERO VERA;coagrounion@hotmail.com;3
457;CUNDINAMARCA;PASCA;SI;;;SI;2025-12-31;16244;12/31/2025 05:00:00 PM;DICIEMBRE;2025;COOPERATIVA MULTIACTIVA AGROPECUARIA DE PASCA;COOMUPAS;901-318-821-5;Multiactiva sin seccion de ahorro;CUNDINAMARCA;PASCA;MANSB CASA 9 BARRIO VILLAS DE LA ESPERANZA;;4;Agricola;;cooperativacoomupas@gmail.com;3
458;CUNDINAMARCA;VENECIA;SI;;;NO;2024-06-30;16247;06/30/2024 12:00:00 AM;JUNIO;2024;COOPERATIVA MULTIACTIVA AGROPECUARIA DE SUMAPAZ BUEN VIVIR;COOSUMAPAZ;901-348-341-1;Multiactiva sin seccion de ahorro;CUNDINAMARCA;VENECIA;CLUB GALLISTICO EL TIGRE;;4;Agricola;CAMPO ELIAS CELEITA MORA;coosumapaz@gmail.com;3
459;ANTIOQUIA;DABEIBA;SI;;;SI;2025-12-31;16510;12/31/2025 05:00:00 PM;DICIEMBRE;2025;COOPERATIVA MULTIACTIVA  AGROPECUARIA EL PROGRESO;AGROPROGRESO;901-150-190-2;Multiactiva sin seccion de ahorro;ANTIOQUIA;DABEIBA;LLANO GRANDE;;4;Agricola;;coopagroprogreso@gmail.com;3
460;ATLÁNTICO;BARRANQUILLA;SI;;;NO;2024-12-31;12268;12/31/2024 12:00:00 AM;DICIEMBRE;2024;COOPERATIVA MULTIACTIVA AGROPECUARIA Y DE INVERSIONES;COOMULTINAGRO;900-308-745-7;Especializada sin seccion de ahorro;ATLÁNTICO;BARRANQUILLA;CRA 41 # 76 - 98;;21;Seguros;JOSE DAVID MONTOYA ACOSTA;coomultinagro@hotmail.com;3
461;CUNDINAMARCA;LA PALMA;SI;;;SI;2025-12-31;16477;12/31/2025 05:00:00 PM;DICIEMBRE;2025;COOPERATIVA MULTIACTIVA AGROPECUARIA Y TURISMO ECOLOGICO;COOMU-RENACER PALMERO;901-507-424-5;Multiactiva sin seccion de ahorro;CUNDINAMARCA;LA PALMA;CL 4 N 3 59;;4;Agricola;;coomurenacerpalmero@gmail.com;3
462;BOLÍVAR;CARTAGENA DE INDIAS;SI;;;NO;2024-12-31;16151;12/31/2024 12:00:00 AM;DICIEMBRE;2024;COOPERATIVA MULTIACTIVA AGROSERVICIOS;COOMASER;901-225-526-7;Multiactiva sin seccion de ahorro;BOLÍVAR;CARTAGENA DE INDIAS;CR 30 CL 53 MZ D LT 47 BRR LA MARIA;;7;Pesca;ARGEMIRO SOLANA ESPINOSA;coopagroservicioscoomaser@gmail.com;3
463;ATLÁNTICO;BARRANQUILLA;SI;;;NO;2021-12-31;15844;12/31/2021 05:00:00 PM;DICIEMBRE;2021;COOPERATIVA MULTIACTIVA ALIANZA ESTRATEGICA;COOPALIADAS;900-837-418-2;Multiactiva sin seccion de ahorro;ATLÁNTICO;BARRANQUILLA;CR 40C 91-42;;24;Servicios de credito;;coop.alianzas@gmail.com;3
464;ANTIOQUIA;RIONEGRO;SI;;;SI;2025-12-31;15330;12/31/2025 05:00:00 PM;DICIEMBRE;2025;COOPERATIVA MULTIACTIVA ALIANZA PARA EL AGRO;COOP ALAGRO;901-078-799-1;Multiactiva sin seccion de ahorro;ANTIOQUIA;RIONEGRO;CL 62 44 78;5633298;12;Consumo (comercio);;alagrocoop@gmail.com;3
465;CUNDINAMARCA;GIRARDOT;SI;;;SI;2025-12-31;15357;12/31/2025 05:00:00 PM;DICIEMBRE;2025;COOPERATIVA MULTIACTIVA ANDINA DE SERVICIOS DE COLOMBIA;COOPANDINAC;900-351-751-3;Multiactiva sin seccion de ahorro;CUNDINAMARCA;GIRARDOT;CLL 17 10 29 L 105;;24;Servicios de credito;;coopandinac@gmail.com;3
466;CUNDINAMARCA;ZIPAQUIRA;SI;;;NO;2024-12-31;16577;12/31/2024 12:00:00 AM;DICIEMBRE;2024;COOPERATIVA MULTIACTIVA ANDOCOOPERANDO;;901-785-317-6;Aportes y credito;CUNDINAMARCA;ZIPAQUIRÁ;TV 7 NO 22 50;8548002;24;Servicios de credito;;andocooperando@gmail.com;3
467;ATLÁNTICO;BARRANQUILLA;SI;;;NO;2024-06-30;16124;06/30/2024 12:00:00 AM;JUNIO;2024;COOPERATIVA MULTIACTIVA AQUARELA;COOMULAQUARELA;901-642-161-0;Multiactiva sin seccion de ahorro;ATLÁNTICO;BARRANQUILLA;CARRERA 43 NA? 93 - 17;3529264;99;Otras actividades;SINDY MENA DIAZ;aquarelacooperativabq@gmail.com;3
468;ATLÁNTICO;BARRANQUILLA;SI;;;NO;2024-12-31;12911;12/31/2024 12:00:00 AM;DICIEMBRE;2024;COOPERATIVA MULTIACTIVA ASOCIADOS DEL CARIBE;COOMERCAR;900-376-785-1;Multiactiva sin seccion de ahorro;ATLÁNTICO;BARRANQUILLA;CL 40 44 39;3452111;99;Otras actividades;MARIO JOSE MACHADO NIETO;coomercar@hotmail.com;3
469;ANTIOQUIA;MEDELLIN;SI;;;NO;2025-06-30;16104;06/30/2025 05:00:00 PM;JUNIO;2025;COOPERATIVA MULTIACTIVA ASOCIEMOS;ASOCIEMOS;901-648-375-7;Aportes y credito;ANTIOQUIA;MEDELLÍN;CL 82 43 28;;99;Otras actividades;Gabriel Antonio Gaviria Cano;asociemoscoop@gmail.com;3
470;ANTIOQUIA;CAUCASIA;SI;;;SI;2025-12-31;16702;12/31/2025 05:00:00 PM;DICIEMBRE;2025;COOPERATIVA MULTIACTIVA BRILLO COLECTIVO;COOMUBRICOL;901-973-203-1;Multiactiva sin seccion de ahorro;ANTIOQUIA;CAUCASIA;CARRERA 24 NO. 29 A 39;;8;Mineria;;coomubricol2025@gmail.com;3
471;NORTE DE SANTANDER;SAN JOSE DE CUCUTA;SI;;;NO;2023-06-30;16337;06/30/2023 05:00:00 PM;JUNIO;2023;COOPERATIVA MULTIACTIVA BRISAS DEL ORIENTE CUCUTA;COOMULBRIORCU;901-701-388-9;Especializada sin seccion de ahorro;NORTE DE SANTANDER;SAN JOSÉ DE CÚCUTA;KDX-2 VDA BRISAS DEL ORIENTE CGTO BUENA;;5;Pecuaria;;yinethbuitrago.367@gmail.com;3
472;NORTE DE SANTANDER;TIBU;SI;;;SI;2025-12-31;15683;12/31/2025 05:00:00 PM;DICIEMBRE;2025;COOPERATIVA MULTIACTIVA CAMGILES;;901-230-621-9;Multiactiva sin seccion de ahorro;NORTE DE SANTANDER;TIBÚ;VDA CAMPO GILES CRTO REYES CAMPO DOS;;99;Otras actividades;;gusfo8@hotmail.com;3
473;BOLÍVAR;CARTAGENA DE INDIAS;SI;;;NO;2021-06-30;15855;06/30/2021 05:00:00 PM;JUNIO;2021;COOPERATIVA MULTIACTIVA CARTAGENA;COOMULC;901-248-132-8;Multiactiva sin seccion de ahorro;BOLÍVAR;CARTAGENA DE INDIAS;EDF COLSEGURO OF 307 CL COCHERA DEL GOBERNADOR;;99;Otras actividades;;anfitrion.mineria@gmail.com;3
474;ATLÁNTICO;BARRANQUILLA;SI;;;SI;2026-06-30;20046;06/30/2026 05:00:00 PM;JUNIO;2026;COOPERATIVA MULTIACTIVA CASHBOX PLUS;;902-014-196-8;Especializada sin seccion de ahorro;ATLÁNTICO;BARRANQUILLA;CARRERA 44 B No 96 - 67;6053854126;12;Consumo (comercio);;cashboxplus01@gmail.com;3
475;NORTE DE SANTANDER;TIBU;SI;;;NO;2023-12-31;15682;12/31/2023 05:00:00 PM;DICIEMBRE;2023;COOPERATIVA MULTIACTIVA CERRO MADERA;COOMULCEMA;901-234-823-8;Multiactiva sin seccion de ahorro;NORTE DE SANTANDER;TIBÚ;ESC. RURAL CAMPO HERMOSO KM 15 VDA CERRO MADERA;;99;Otras actividades;;rubianzamora123@gmail.com;3
476;ATLÁNTICO;BARRANQUILLA;SI;;;SI;2025-12-31;1912;12/31/2025 05:00:00 PM;DICIEMBRE;2025;COOPERATIVA MULTIACTIVA COLOMBIANA;COOMULTICOL;802-002-052-1;Multiactiva sin seccion de ahorro;ATLÁNTICO;BARRANQUILLA;ZONA FRANCA;3111110;99;Otras actividades;GONZALEZ PAREDES ALVARO LUIS;coomulticol@retycol.com.co;3
477;NORTE DE SANTANDER;SAN JOSE DE CUCUTA;SI;;;SI;2025-12-31;13822;12/31/2025 05:00:00 PM;DICIEMBRE;2025;COOPERATIVA MULTIACTIVA COMERCIALIZADORA DE METALES PARA EL AMBIENTE;COOMETAL;900-783-900-8;Multiactiva sin seccion de ahorro;NORTE DE SANTANDER;SAN JOSÉ DE CÚCUTA;AVENIDA 4A 7N 172 ZONA INDUSTRIAL;;19;Aseo mantenimiento y reciclaje;JUAN CARLOS URIBE SANDOVAL;coometal@hotmail.com;3
478;ATLÁNTICO;BARRANQUILLA;SI;;;SI;2025-12-31;9933;12/31/2025 05:00:00 PM;DICIEMBRE;2025;COOPERATIVA MULTIACTIVA COMPARTIR;COOMULCOMPARTIR;802-024-336-2;Multiactiva sin seccion de ahorro;ATLÁNTICO;BARRANQUILLA;CRA 59 NRO 66-86 OF O-039;3708689;24;Servicios de credito;KATHERINE NORIEGA PERAFAN;coomulcompartir@gmail.com;3
479;ANTIOQUIA;EL SANTUARIO;SI;;;SI;2025-12-31;16644;12/31/2025 05:00:00 PM;DICIEMBRE;2025;COOPERATIVA MULTIACTIVA COMPROGRESO LTDA;COMPROGRESO;890-933-193-6;Multiactiva sin seccion de ahorro;ANTIOQUIA;EL SANTUARIO;CL 50 N 47 84;;11;Transporte;;ccomprogreso@gmail.com;3
480;ANTIOQUIA;MARINILLA;SI;;;SI;2026-06-30;15960;06/30/2026 05:00:00 PM;JUNIO;2026;COOPERATIVA MULTIACTIVA COMUNAL DE MARINILLA;COOMUNAL;901-473-523-8;Multiactiva sin seccion de ahorro;ANTIOQUIA;MARINILLA;CR30 29 40;4797089;24;Servicios de credito;;coomunalmarinilla@gmail.com;3
481;NORTE DE SANTANDER;EL CARMEN;SI;;;NO;2022-06-30;15626;06/30/2022 05:00:00 PM;JUNIO;2022;COOPERATIVA MULTIACTIVA COMUNITARIA DE BELLA LUZ;COOMULCOBEL;901-235-382-6;Multiactiva sin seccion de ahorro;NORTE DE SANTANDER;EL CARMEN;VDA BELLA LUZ;;99;Otras actividades;;coomulcobel@gmail.com;3
482;NORTE DE SANTANDER;TIBU;SI;;;SI;2025-12-31;15681;12/31/2025 05:00:00 PM;DICIEMBRE;2025;COOPERATIVA MULTIACTIVA COMUNITARIA SEMILLAS DE LA SELVA;COOMULCOSEL;901-234-991-7;Multiactiva sin seccion de ahorro;NORTE DE SANTANDER;TIBÚ;VDA LA ESMERALDA 2 KDX 10 CORR CAMPO DOS;;99;Otras actividades;;nei27perez@gmail.com;3
483;ANTIOQUIA;MEDELLIN;SI;;;NO;2018-12-31;15262;12/31/2018 05:00:00 PM;DICIEMBRE;2018;COOPERATIVA MULTIACTIVA CON EL SER;COOPERASER;900-945-809-1;Multiactiva sin seccion de ahorro;ANTIOQUIA;MEDELLÍN;CALLE 50 A 86 450 APTO 1108 BRR CALAZANS;5787956;99;Otras actividades;JORGE IVAN ZAPATA BETANCUR;andreazuleta214@gmail.com;3
484;ATLÁNTICO;BARRANQUILLA;SI;;;NO;2020-12-31;12794;12/31/2020 05:00:00 PM;DICIEMBRE;2020;COOPERATIVA MULTIACTIVA CON SECCION DE APORTE Y CREDITO;BUEN FUTURO;900-377-443-2;Multiactiva sin seccion de ahorro;ATLÁNTICO;BARRANQUILLA;CALLE 41 43-65;3799246;24;Servicios de credito;EDUARDO LUIS CUERVO HERNANDEZ;gerencia@coobuenfuturo.co;3
485;ANTIOQUIA;MEDELLIN;SI;;;SI;2025-12-31;16491;12/31/2025 05:00:00 PM;DICIEMBRE;2025;COOPERATIVA MULTIACTIVA COOCINE;COOCINE;901-801-007-7;Multiactiva sin seccion de ahorro;ANTIOQUIA;MEDELLÍN;DIAG 5 # 8 261;;99;Otras actividades;;cooperativacocine@gmail.com;3
486;ATLÁNTICO;BARRANQUILLA;SI;;;SI;2025-12-31;11747;12/31/2025 05:00:00 PM;DICIEMBRE;2025;COOPERATIVA MULTIACTIVA COOCREDIEXPRESS;COOCREDIEXPRES;900-198-142-2;Multiactiva sin seccion de ahorro;ATLÁNTICO;BARRANQUILLA;CL 45 43-105 LC 105;;24;Servicios de credito;ELIECER GRANADILLO PADILLAROBIN;coocrediexpress@hotmail.com;3
487;ATLÁNTICO;BARRANQUILLA;SI;;;SI;2025-12-31;10083;12/31/2025 05:00:00 PM;DICIEMBRE;2025;COOPERATIVA MULTIACTIVA COOCREDIPRISA;COOCREDIPRISA;802-022-265-9;Multiactiva sin seccion de ahorro;ATLÁNTICO;BARRANQUILLA;CALLE 39 NRO 43-102;;24;Servicios de credito;NAGANYS SANJUANELO RODRIGUEZ;coocrediprisa@hotmail.com;3
488;ATLÁNTICO;BARRANQUILLA;SI;;;SI;2025-12-31;11548;12/31/2025 05:00:00 PM;DICIEMBRE;2025;COOPERATIVA MULTIACTIVA COOCREDITO;COOCREDITO;802-022-275-2;Multiactiva sin seccion de ahorro;ATLÁNTICO;BARRANQUILLA;CALLE 39 # 43-157  LOCAL 1;3338195;99;Otras actividades;ANTONIO JOSE BELLO MENDOZA;coocredito@hotmail.com;3
489;ATLÁNTICO;BARRANQUILLA;SI;;;SI;2025-12-31;8617;12/31/2025 05:00:00 PM;DICIEMBRE;2025;COOPERATIVA MULTIACTIVA COOCREDIYA;COOCREDIYA;802-015-198-4;Multiactiva sin seccion de ahorro;ATLÁNTICO;BARRANQUILLA;CALLE 39  43 - 136;3793571;99;Otras actividades;LUZ MARINA PACHECO LOPEZ;contabilidad@coocrediya.com;3
490;NORTE DE SANTANDER;SAN JOSE DE CUCUTA;SI;;;NO;2020-06-30;3639;06/30/2020 05:00:00 PM;JUNIO;2020;COOPERATIVA MULTIACTIVA COOEDUCAR;COOEDUCAR;807-002-272-3;Multiactiva sin seccion de ahorro;NORTE DE SANTANDER;SAN JOSÉ DE CÚCUTA;AV 4 # 13-75 LOCAL 9 BARRIO LA PLAY;;9;Educacion;WILLIAM RICARDO JAIMES OROZCO;cooeducar08@hotmail.com;3
491;ATLÁNTICO;BARRANQUILLA;SI;;;SI;2025-12-31;20059;12/31/2025 05:00:00 PM;DICIEMBRE;2025;COOPERATIVA MULTIACTIVA COOFINANCREDIT;;901-945-817-4;Multiactiva sin seccion de ahorro;ATLÁNTICO;BARRANQUILLA;CALLE 70 # 45 - 53 P 3 OF 1B;;12;Consumo (comercio);;financredicoop7@gmail.com;3
492;ATLÁNTICO;BARRANQUILLA;SI;;;SI;2026-06-30;15048;06/30/2026 05:00:00 PM;JUNIO;2026;COOPERATIVA MULTIACTIVA COOINFICORP;COOINFICORP;900-855-787-1;Multiactiva sin seccion de ahorro;ATLÁNTICO;BARRANQUILLA;CALLE 42 43 146 101A;;24;Servicios de credito;luis carlos dominguez rodriguez;cooinficorp@hotmail.com;3
493;ATLÁNTICO;BARRANQUILLA;SI;;;NO;2020-12-31;15287;12/31/2020 05:00:00 PM;DICIEMBRE;2020;COOPERATIVA MULTIACTIVA COOINVERSION;COOINVERSION;900-951-409-3;Multiactiva sin seccion de ahorro;ATLÁNTICO;BARRANQUILLA;CALLE 42 #41-118 OFI 3B;3705866;24;Servicios de credito;;cooinversion@gmail.com;3
494;CUNDINAMARCA;SASAIMA;SI;;;SI;2026-06-30;12562;06/30/2026 05:00:00 PM;JUNIO;2026;COOPERATIVA MULTIACTIVA COOMANDAR;COOMNDAR;900-291-712-8;Multiactiva sin seccion de ahorro;CUNDINAMARCA;SASAIMA;CR 2 8 11 PI 2;6291522;99;Otras actividades;AMADO DE JESUS URREGO ACEVEDO;cooperativacoomandar@gmail.com;3
495;ATLÁNTICO;BARRANQUILLA;SI;;;NO;2022-06-30;15345;06/30/2022 05:00:00 PM;JUNIO;2022;COOPERATIVA MULTIACTIVA COOPCEKAN;COOPCEKAN;901-061-782-0;Multiactiva sin seccion de ahorro;ATLÁNTICO;BARRANQUILLA;CALLE 38 41 30 LOCAL 2;3707935;24;Servicios de credito;CESAR REBOLLEDO SARMIENTO;coocekan1314@gmail.com;3
496;ATLÁNTICO;BARRANQUILLA;SI;;;SI;2025-12-31;15227;12/31/2025 05:00:00 PM;DICIEMBRE;2025;COOPERATIVA MULTIACTIVA COOPEDEL;COOPEDEL;900-982-666-2;Aportes y credito;ATLÁNTICO;BARRANQUILLA;CALLE 39 NO 43-123;6053425;24;Servicios de credito;DOLMEDES YAFET DE LEON DE LA HOZ;coopedel1@hotmail.com;3
497;ATLÁNTICO;PONEDERA;SI;;;SI;2025-12-31;16628;12/31/2025 05:00:00 PM;DICIEMBRE;2025;COOPERATIVA MULTIACTIVA COOPMAP;COOPMAP;901-895-235-2;Multiactiva sin seccion de ahorro;ATLÁNTICO;PONEDERA;CRA 14 - 4 NO 20 - 16;;99;Otras actividades;;coopmap24@gmail.com;3
498;ATLÁNTICO;BARRANQUILLA;SI;;;NO;2021-06-30;15197;06/30/2021 05:00:00 PM;JUNIO;2021;COOPERATIVA MULTIACTIVA COOPMERTEX;COOPMERTEX;900-913-466-1;Multiactiva sin seccion de ahorro;ATLÁNTICO;BARRANQUILLA;CALLE 80 NO 42 D 191 APTO 901;;24;Servicios de credito;FREDDY DIAZ MAURY;coopmertex1@hotmail.com;3
499;ANTIOQUIA;MEDELLIN;SI;;;SI;2025-12-31;16353;12/31/2025 05:00:00 PM;DICIEMBRE;2025;COOPERATIVA MULTIACTIVA COOPNATURE;COOPNATURE;901-688-121-4;Multiactiva sin seccion de ahorro;ANTIOQUIA;MEDELLÍN;CL 19 02 31;;8;Mineria;;coopnature3@gmail.com;3
500;ANTIOQUIA;MEDELLIN;SI;;;NO;2024-12-31;16496;12/31/2024 12:00:00 AM;DICIEMBRE;2024;COOPERATIVA MULTIACTIVA COOPNOBLE;COOPNOLBE;901-722-850-0;Aportes y credito;ANTIOQUIA;MEDELLÍN;CL 29 45 31;;99;Otras actividades;OSCAR MANUEL RODRIGUEZ;contabilidad@finocompany.com;3
501;CUNDINAMARCA;CHIA;SI;;;NO;2023-06-30;11069;06/30/2023 05:00:00 PM;JUNIO;2023;COOPERATIVA MULTIACTIVA COOPROGRESAR LTDA;COOPROGRESAR;900-013-440-9;Multiactiva sin seccion de ahorro;CUNDINAMARCA;CHÍA;CALLE 11 NO. 11-49;3000122;99;Otras actividades;YEZID GACHANCIPA HOYOS;cooprogresarcartera@yahoo.com;3
502;BOLÍVAR;CARTAGENA DE INDIAS;SI;;;NO;2024-12-31;10375;12/31/2024 12:00:00 AM;DICIEMBRE;2024;COOPERATIVA MULTIACTIVA COOPROMED;COOPROMED;806-015-341-6;Multiactiva sin seccion de ahorro;BOLÍVAR;CARTAGENA DE INDIAS;BRR AMBERES CL 30 38 06 OF 202;;24;Servicios de credito;NELSON TABORDA FERRER NELSON TABORDA FER NELSON TABORDA;luje_23@yahoo.es;3
503;ATLÁNTICO;BARRANQUILLA;SI;;;NO;2024-06-30;12937;06/30/2024 12:00:00 AM;JUNIO;2024;COOPERATIVA MULTIACTIVA COOSURGIR LTDA;COOSURGIR LTDA;830-137-956-6;Multiactiva sin seccion de ahorro;ATLÁNTICO;BARRANQUILLA;CL 90 40 A 58 PI 1;3737975;99;Otras actividades;JAMIDES ELJAIK POLO;coosurgirje@hotmail.com;3
504;BOLÍVAR;CARTAGENA DE INDIAS;SI;;;NO;2018-12-31;13525;12/31/2018 05:00:00 PM;DICIEMBRE;2018;COOPERATIVA MULTIACTIVA COPERFIN;COPERFIN;900-365-200-8;Multiactiva sin seccion de ahorro;BOLÍVAR;CARTAGENA DE INDIAS;BRR PIE DE LA POPA URB LA MACARENA AP 101A;6664553;24;Servicios de credito;JUAN CARLOS SERRANO MERLANO;coperfinanciera@hotmail.com;3
505;ANTIOQUIA;MEDELLIN;SI;;;NO;2024-12-31;1701;12/31/2024 12:00:00 AM;DICIEMBRE;2024;COOPERATIVA MULTIACTIVA COSECHAR;COSECHAR;890-985-644-9;Especializada sin seccion de ahorro;ANTIOQUIA;MEDELLÍN;CARRERA 66 A 33 25;3510432;99;Otras actividades;DARIO - QUINTERO POSADA;ninguno@cosechar.com;3
506;ANTIOQUIA;GRANADA;SI;;;NO;2024-12-31;15290;12/31/2024 12:00:00 AM;DICIEMBRE;2024;COOPERATIVA MULTIACTIVA CRECER GRANADA;CRECER;811-012-770-7;Especializada sin seccion de ahorro;ANTIOQUIA;GRANADA;CRA 23 17 33;;99;Otras actividades;GLORIA AMPARO GARCIA GOMEZ;coopcrecergranada@gmail.com;3
507;ATLÁNTICO;BARRANQUILLA;SI;;;SI;2025-12-31;15436;12/31/2025 05:00:00 PM;DICIEMBRE;2025;COOPERATIVA MULTIACTIVA CRECREMOS DE LA COSTA;COOPCRECOSTA;901-231-984-1;Multiactiva sin seccion de ahorro;ATLÁNTICO;BARRANQUILLA;CL 39 43-141 LOC 1;3406558;99;Otras actividades;;coopcrecosta@gmail.com;3
508;NORTE DE SANTANDER;SAN JOSE DE CUCUTA;SI;;;NO;2018-12-31;15424;12/31/2018 05:00:00 PM;DICIEMBRE;2018;COOPERATIVA  MULTIACTIVA DE APORTE CREDITO Y SERVICIOS;COOMACRESER;901-076-420-5;Multiactiva sin seccion de ahorro;NORTE DE SANTANDER;SAN JOSÉ DE CÚCUTA;AV 6 15 30 BRR EL PARAMO;;99;Otras actividades;ROQUE ALEXANDER CASTELLANOS FERNANDEZ;coomacreser@gmail.com;3
509;ATLÁNTICO;BARRANQUILLA;SI;;;NO;2023-12-31;16455;12/31/2023 05:00:00 PM;DICIEMBRE;2023;COOPERATIVA MULTIACTIVA DE APORTE DE FAMILIAS DEL CARIBE;COOAFADE;901-679-064-4;Multiactiva sin seccion de ahorro;ATLÁNTICO;BARRANQUILLA;CRA 44 37 21 PISO 7 OFICINA 702;;99;Otras actividades;;lghb123@gmail.com;3
510;ANTIOQUIA;MEDELLIN;SI;;;SI;2025-12-31;1480;12/31/2025 05:00:00 PM;DICIEMBRE;2025;COOPERATIVA MULTIACTIVA DE APORTE Y CREDITO BIENESTAR FAMILIAR;COMBIENESTAR;800-212-090-5;Multiactiva sin seccion de ahorro;ANTIOQUIA;MEDELLÍN;CR 65 49 B 21 LOC 210 BLOQUE B;;24;Servicios de credito;MARCELA GUTIERREZ ISAZA;cooperativabienestarfamiliar@gmail.com;3
511;NORTE DE SANTANDER;SAN JOSE DE CUCUTA;SI;;;SI;2026-06-30;16549;06/30/2026 05:00:00 PM;JUNIO;2026;COOPERATIVA MULTIACTIVA DE APORTE Y CREDITO BOMBECOOP;BOMBECOOP;901-844-082-4;Multiactiva sin seccion de ahorro;NORTE DE SANTANDER;SAN JOSÉ DE CÚCUTA;AVENIDA 6 1 46 CALLEJON LOCAL 3;6075928853;99;Otras actividades;;bombecoop@gmail.com;3
512;ATLÁNTICO;BARRANQUILLA;SI;;;SI;2025-12-31;16453;12/31/2025 05:00:00 PM;DICIEMBRE;2025;COOPERATIVA MULTIACTIVA DE APORTE Y CREDITO DE AFIANZAMIENTO Y AVANCES FINANCIEROS INTERNACIONALES;AVAFINT;901-794-742-1;Multiactiva sin seccion de ahorro;ATLÁNTICO;BARRANQUILLA;CR 53 NO 79 - 127;;99;Otras actividades;;avafint@gmail.com;3
513;ANTIOQUIA;MEDELLIN;SI;;;SI;2025-12-31;12414;12/31/2025 05:00:00 PM;DICIEMBRE;2025;COOPERATIVA MULTIACTIVA DE APORTE Y CREDITO DE ANTIOQUIA - COOPEANT;COOPEANT;811-024-090-9;Multiactiva sin seccion de ahorro;ANTIOQUIA;MEDELLÍN;CL 50 53 44 OF 210;;24;Servicios de credito;CARLOS MARIO BUILES CORREA;coopeant@hotmail.com;3
514;ATLÁNTICO;BARRANQUILLA;SI;;;SI;2025-12-31;16301;12/31/2025 05:00:00 PM;DICIEMBRE;2025;COOPERATIVA MULTIACTIVA DE APORTE Y CREDITO DE FIANZAMIENTO FINANCIERO YCOMERCIAL;FIANCOL;901-675-130-4;Multiactiva sin seccion de ahorro;ATLÁNTICO;BARRANQUILLA;CRA 57 99A 65 OF309;3152595;99;Otras actividades;;contable@fiancol.com.co;3
515;NORTE DE SANTANDER;SAN JOSE DE CUCUTA;SI;;;SI;2025-12-31;16547;12/31/2025 05:00:00 PM;DICIEMBRE;2025;COOPERATIVA MULTIACTIVA DE APORTE Y CREDITO EARFIP;EARFIP;901-824-165-1;Aportes y credito;NORTE DE SANTANDER;SAN JOSÉ DE CÚCUTA;AV GRAN COLOMBIA 3E -32 OFI 211 EDI LEYDI BARRIO POPULAR;;99;Otras actividades;;cooperativaearfip@gmail.com;3
516;ATLÁNTICO;BARRANQUILLA;SI;;;SI;2025-12-31;16127;12/31/2025 05:00:00 PM;DICIEMBRE;2025;COOPERATIVA MULTIACTIVA DE APORTE Y CREDITO LOAR;COOPLOAR;901-531-840-7;Multiactiva sin seccion de ahorro;ATLÁNTICO;BARRANQUILLA;CL 40  44 39 P 10 OF 10K;3420306;99;Otras actividades;;loarmultiactiva@hotmail.com;3
517;ATLÁNTICO;BARRANQUILLA;SI;;;NO;2018-12-31;12857;12/31/2018 05:00:00 PM;DICIEMBRE;2018;COOPERATIVA MULTIACTIVA DE ASESORES ALIADOS;COOALIADOS;900-364-950-9;Multiactiva sin seccion de ahorro;ATLÁNTICO;BARRANQUILLA;CRA 44 NRO 38 11 PISO 5;6053799;99;Otras actividades;FERNANDO MATOS FONTALVO;coaliados@yahoo.com.co;3
518;ATLÁNTICO;BARRANQUILLA;SI;;;NO;2024-12-31;13003;12/31/2024 12:00:00 AM;DICIEMBRE;2024;COOPERATIVA MULTIACTIVA DE ASESORIAS PRODUCTOS Y SERVICIOS DEL ATLANTICO;COOPSOLUCIONAR;900-395-902-8;Multiactiva sin seccion de ahorro;ATLÁNTICO;BARRANQUILLA;CA????E 40 # 43-166;3462338;24;Servicios de credito;YOBANI MERCADO VARGAS;solucionarcoop@hotmail.com;3
519;ATLÁNTICO;BARRANQUILLA;SI;;;NO;2021-06-30;15886;06/30/2021 05:00:00 PM;JUNIO;2021;COOPERATIVA MULTIACTIVA DE ASESORIAS Y CREDITO;CREASCOOP;900-837-397-6;Multiactiva sin seccion de ahorro;ATLÁNTICO;BARRANQUILLA;CL 39 41 132 OF 302;;24;Servicios de credito;;creascoop1@gmail.com;3
520;ATLÁNTICO;BARRANQUILLA;SI;;;SI;2025-12-31;13496;12/31/2025 05:00:00 PM;DICIEMBRE;2025;COOPERATIVA MULTIACTIVA DE ASESORIAS Y SERVICIOS UNIVERSAL;COOPSERUNIVERSAL;900-436-097-0;Multiactiva sin seccion de ahorro;ATLÁNTICO;BARRANQUILLA;CR 44 34 14 OF 12;3004010;99;Otras actividades;ALFREDO RAFAEL HADECHINI TOVAR;coopseruniversal@outlook.com;3
521;ATLÁNTICO;BARRANQUILLA;SI;;;NO;2023-06-30;15705;06/30/2023 05:00:00 PM;JUNIO;2023;COOPERATIVA MULTIACTIVA DE ASOCIADOS Y SERVICIOS;COOPASOCIADOS;901-364-396-1;Multiactiva sin seccion de ahorro;ATLÁNTICO;BARRANQUILLA;CLL 77 NA? 59 - 35 OF 1006;;99;Otras actividades;;coopasociadosyservicios@gmail.com;3
522;ATLÁNTICO;PONEDERA;SI;;;SI;2025-12-31;16352;12/31/2025 05:00:00 PM;DICIEMBRE;2025;COOPERATIVA MULTIACTIVA DE BANANEROS DE PUERTO GIRALDO;COOBAPU;901-704-114-1;Multiactiva sin seccion de ahorro;ATLÁNTICO;PONEDERA;KM 15 1 A 19;;4;Agricola;;coobapu2023@gmail.com;3
523;ANTIOQUIA;MEDELLIN;SI;;;SI;2025-12-31;1380;12/31/2025 05:00:00 PM;DICIEMBRE;2025;COOPERATIVA MULTIACTIVA DE BRICE??O;COOBRICE??O;890-906-570-5;Integral sin seccion de ahorro;ANTIOQUIA;MEDELLÍN;CALLE 10 10 22 AP 402;3137689;5;Pecuaria;HERNAN DARIO AGUDELO ARENAS;coobrice1380@yahoo.es;3
524;CUNDINAMARCA;CABRERA;SI;;;NO;2024-12-31;433;12/31/2024 12:00:00 AM;DICIEMBRE;2024;COOPERATIVA MULTIACTIVA DE CABRERA COOALTAMIRA ALTAMIRA LTDA;COOALTAMIRA LTDA;890-680-175-6;Multiactiva sin seccion de ahorro;CUNDINAMARCA;CABRERA;CALLE 6 NO. 2-48;;99;Otras actividades;;cooaltamira@gmail.com;3
525;BOLÍVAR;CARTAGENA DE INDIAS;SI;;;SI;2025-12-31;15666;12/31/2025 05:00:00 PM;DICIEMBRE;2025;COOPERATIVA MULTIACTIVA DE CARTAGENA DE INDIAS;CARCOOP;901-343-160-0;Multiactiva sin seccion de ahorro;BOLÍVAR;CARTAGENA DE INDIAS;CENTRO UNO OFICINA 204;;99;Otras actividades;;carcoop92@gmail.com;3
526;ATLÁNTICO;BARRANQUILLA;SI;;;SI;2026-06-30;4845;06/30/2026 05:00:00 PM;JUNIO;2026;COOPERATIVA MULTIACTIVA DE COLOMBIA;COOFAMCOV;802-018-712-4;Multiactiva sin seccion de ahorro;ATLÁNTICO;BARRANQUILLA;CL 39 # 41-67;3400972;12;Consumo (comercio);YAIR VARGAS ANGEL;coofamcov@hotmail.com;3
527;NORTE DE SANTANDER;SAN JOSE DE CUCUTA;SI;;;NO;2024-12-31;3311;12/31/2024 12:00:00 AM;DICIEMBRE;2024;COOPERATIVA MULTIACTIVA DE COMERCIANTES UNIDOS EXITOS;COOPERATIVA EXITOS;807-001-428-0;Multiactiva sin seccion de ahorro;NORTE DE SANTANDER;SAN JOSÉ DE CÚCUTA;AV 6 7 40 CENTRO;;12;Consumo (comercio);ILIA TERESA CALIXTO CONTRERAS;iliacalixto@hotmail.com;3
528;ATLÁNTICO;BARRANQUILLA;SI;;;SI;2025-12-31;11148;12/31/2025 05:00:00 PM;DICIEMBRE;2025;COOPERATIVA MULTIACTIVA DE COMERCIO DYLEY;COOPDYLEY;900-179-842-9;Multiactiva sin seccion de ahorro;ATLÁNTICO;BARRANQUILLA;CRA 52 # 76 - 167;;99;Otras actividades;ANTONIO LUIS ARTETA RAMOS;tesoreriacoopdyley76@gmail.com;3
529;BOLÍVAR;CARTAGENA DE INDIAS;SI;;;SI;2025-12-31;9189;12/31/2025 05:00:00 PM;DICIEMBRE;2025;COOPERATIVA MULTIACTIVA DE COMPRAVENDEDORES;MULTISCOOP;806-014-405-4;Multiactiva sin seccion de ahorro;BOLÍVAR;CARTAGENA DE INDIAS;BRR COUNTRY TV 54 30 769 CC PLAZA COLON LC 7;;24;Servicios de credito;OSCAR IVAN RESTREPO CORREA;multiscoop@hotmail.com;3
530;ANTIOQUIA;GRANADA;SI;;;NO;2023-12-31;13782;12/31/2023 05:00:00 PM;DICIEMBRE;2023;COOPERATIVA MULTIACTIVA DE CONSTRUCTORES DE GRANADA;COONSTRUGRANADA;900-711-601-2;Multiactiva sin seccion de ahorro;ANTIOQUIA;GRANADA;CR 22 20 07;;99;Otras actividades;GONZALO GIRALDO RIOS;coonstrugranada@gmail.com;3
531;ANTIOQUIA;MEDELLIN;SI;;;NO;2024-12-31;15485;12/31/2024 12:00:00 AM;DICIEMBRE;2024;COOPERATIVA MULTIACTIVA DE CONSTRUCTORES UNIDOS PARA OBRAS CIVILES Y SERVICIOS A LA COMUNIDAD;COONSTRUCIVILES;811-013-164-8;Multiactiva sin seccion de ahorro;ANTIOQUIA;MEDELLÍN;CARRERA 86 NO. 42C-105;2520669;16;Obras publicas;ORLANDO DE JESUS HERNANDEZ MU?OZ;coonstruciviles@yahoo.es;3
532;ATLÁNTICO;BARRANQUILLA;SI;;;NO;2024-12-31;9946;12/31/2024 12:00:00 AM;DICIEMBRE;2024;COOPERATIVA MULTIACTIVA DE CREDICOM;COOMCREDICOM;900-027-669-9;Multiactiva sin seccion de ahorro;ATLÁNTICO;BARRANQUILLA;CC GRAN CENTRO CR 53 N 68 B 87 L 212;3093601;24;Servicios de credito;CARLOS MERCADO LUNA;cooperativa@coomcredicom.com;3
533;ANTIOQUIA;MEDELLIN;SI;;;NO;2023-06-30;7704;06/30/2023 05:00:00 PM;JUNIO;2023;COOPERATIVA MULTIACTIVA DE CREDITO LIMITADA;COOMULTICREDITO;811-038-717-9;Multiactiva sin seccion de ahorro;ANTIOQUIA;MEDELLÍN;CL 57 47 28 PISO 13 OFICINA 1303 INT 1;4797316;24;Servicios de credito;BLANCA ARRUBLA GOMEZ;coomulticredito@une.net.co;3
534;ATLÁNTICO;BARRANQUILLA;SI;;;NO;2023-12-31;16435;12/31/2023 05:00:00 PM;DICIEMBRE;2023;COOPERATIVA MULTIACTIVA DE CREDITO UNO;COOPCREDIUNO;901-439-948-0;Multiactiva sin seccion de ahorro;ATLÁNTICO;BARRANQUILLA;CL 39 43 141 LC102;;24;Servicios de credito;ANDREINA JOSELIN ORTEGA CASTRO;coopcrediuno@gmail.com;3
535;BOLÍVAR;CARTAGENA DE INDIAS;SI;;;NO;2019-06-30;12763;06/30/2019 05:00:00 PM;JUNIO;2019;COOPERATIVA MULTIACTIVA DE CREDITO VALORES Y SERVICIOS;COVALORES;900-030-573-1;Multiactiva sin seccion de ahorro;BOLÍVAR;CARTAGENA DE INDIAS;CARRERA 4A NA? 83-92;6601671;24;Servicios de credito;MARCO ALEXANDER JURADO LEON;covalores.cooperativa@gmail.com;3
536;ATLÁNTICO;BARRANQUILLA;SI;;;NO;2022-12-31;13547;12/31/2022 05:00:00 PM;DICIEMBRE;2022;COOPERATIVA MULTIACTIVA DE CREDITO Y SERVICIOS SOCIALES;COOMULCRES;900-638-925-1;Multiactiva sin seccion de ahorro;ATLÁNTICO;BARRANQUILLA;CL 39 # 43-123;;24;Servicios de credito;WILLIAM MERLANO PE?AFIEL;coomulcres@live.com;3
537;CUNDINAMARCA;GIRARDOT;SI;;;SI;2025-12-31;3682;12/31/2025 05:00:00 PM;DICIEMBRE;2025;COOPERATIVA MULTIACTIVA DE CREDITOS SANTANA LIMITADA;COOPCREDISAN LTDA;800-248-773-2;Multiactiva sin seccion de ahorro;CUNDINAMARCA;GIRARDOT;K 11 15 43 L 2;8887276;24;Servicios de credito;DIANA CATALINA SANCHEZ PINEDA;coopcredisan94@outlook.es;3
538;ATLÁNTICO;BARRANQUILLA;SI;;;SI;2025-12-31;15854;12/31/2025 05:00:00 PM;DICIEMBRE;2025;COOPERATIVA MULTIACTIVA DE CREDITOS Y SERVICIOS;COOPMULTISER;901-456-375-2;Multiactiva sin seccion de ahorro;ATLÁNTICO;BARRANQUILLA;CL 41 43 98 OF 4;;99;Otras actividades;;coopmultiser2021@gmail.com;3
539;CUNDINAMARCA;NARINO;SI;;;NO;2023-06-30;9671;06/30/2023 05:00:00 PM;JUNIO;2023;COOPERATIVA MULTIACTIVA DE DESARROLLO Y SERVICIOS LIMITADA;COPDYSER LTDA;830-146-627-6;Multiactiva sin seccion de ahorro;CUNDINAMARCA;NARIÑO;CR 4 NO. 4 - 11;7944004;2;Servicios de ahorro y credito;ADRIANA POVEDA SANCHEZ;acontable1@cash24-7.co;3
540;NORTE DE SANTANDER;OCANA;SI;;;NO;2024-12-31;16135;12/31/2024 12:00:00 AM;DICIEMBRE;2024;COOPERATIVA MULTIACTIVA DE DISTRIBUIDORES DE DERIVADOS DEL PETROLEO Y SIMILARES;COODIPETROL;901-498-693-1;Multiactiva sin seccion de ahorro;NORTE DE SANTANDER;OCAÑA;CARRERA 11 19 242;;24;Servicios de credito;CARLOS VEGA CORONEL;cooperativacoodipetrol@gmail.com;3
541;CUNDINAMARCA;CHAGUANI;SI;;;SI;2025-12-31;706;12/31/2025 05:00:00 PM;DICIEMBRE;2025;COOPERATIVA MULTIACTIVA DE DOCENTES Y ESTUDIANTES DEL COLEGIO ODON.COL;COUNICOC;860-600-202-6;Multiactiva sin seccion de ahorro;CUNDINAMARCA;CHAGUANÍ;AUT NORTE KM 20;2218240;2;Servicios de ahorro y credito;FREDY ARNULFO FONSECA GARZON;counicoc@gmail.com;3
542;ANTIOQUIA;MEDELLIN;SI;;;NO;2022-12-31;16357;12/31/2022 05:00:00 PM;DICIEMBRE;2022;COOPERATIVA MULTIACTIVA DE ECONOMIA SOLIDARIA AGROCAFETERA;ECOOSOLIDA;901-499-580-0;Multiactiva sin seccion de ahorro;ANTIOQUIA;MEDELLÍN;CALLE 1 SUR 50 C 07;;4;Agricola;;ecoosolida@gmail.com;3
543;BOLÍVAR;SAN JUAN NEPOMUCENO;SI;;;SI;2025-12-31;4250;12/31/2025 05:00:00 PM;DICIEMBRE;2025;COOPERATIVA MULTIACTIVA DE EDUCADORES LTDA;COOIDE LTDA;800-128-454-3;Especializada sin seccion de ahorro;BOLÍVAR;SAN JUAN NEPOMUCENO;CALLE 10 # 11 -42;;99;Otras actividades;FERNANDO ENRIQUE BARRIOS NU??EZ;info.notificaciones@cooide.com;3
544;ATLÁNTICO;BARRANQUILLA;SI;;;SI;2025-12-31;5219;12/31/2025 05:00:00 PM;DICIEMBRE;2025;COOPERATIVA MULTIACTIVA DE EMPLEADOS DE COLCREDICON;COOMECOLCREDICON;802-018-744-1;Multiactiva sin seccion de ahorro;ATLÁNTICO;BARRANQUILLA;CALLE 39 NA? 41 - 131 OF 305;6053032;99;Otras actividades;HENRRY LOPEZ ANCINEZ;coomecol802@hotmail.com;3
545;CUNDINAMARCA;FUSAGASUGA;SI;;;NO;2017-06-30;181;06/30/2017 05:00:00 PM;JUNIO;2017;COOPERATIVA MULTIACTIVA DE EMPLEADOS DE COLOMBIANA DE INCUBACION LTDA;COINCUBACOL LTDA;890-680-244-6;Multiactiva sin seccion de ahorro;CUNDINAMARCA;FUSAGASUGÁ;Calle 10 Nro.3-33;8671867;99;Otras actividades;FREDY GUARIN MORENO;cooincubacolltda@hotmail.com;3
546;ATLÁNTICO;BARRANQUILLA;SI;;;NO;2024-06-30;1587;06/30/2024 12:00:00 AM;JUNIO;2024;COOPERATIVA MULTIACTIVA DE EMPLEADOS DE LA UNIVERSIDAD DEL NORTE.;COOUNINORTE;890-108-562-2;Multiactiva sin seccion de ahorro;ATLÁNTICO;BARRANQUILLA;ALLE 106 #50-67 OFICINA 208 H CC GRAN BOULEVARD;;24;Servicios de credito;BEYCY ELENA ROMERO FRANCO;gerente@coouninorte.com;3
547;CUNDINAMARCA;MOSQUERA;SI;;;SI;2026-06-30;133;06/30/2026 05:00:00 PM;JUNIO;2026;COOPERATIVA MULTIACTIVA DE EMPLEADOS DEL SERREZUELA COUNTRY CLUB LIMITADA EN LIQUIDACION;SERRECOOP;832-002-052-0;Multiactiva sin seccion de ahorro;CUNDINAMARCA;MOSQUERA;KI. 1 VIA LA MESA;;99;Otras actividades;GISLAINE BARRETO ESQUIVIA;gisbaes@gmail.com;3
548;ANTIOQUIA;MUTATA;SI;;;SI;2025-12-31;16255;12/31/2025 05:00:00 PM;DICIEMBRE;2025;COOPERATIVA MULTIACTIVA DE EMPRENDEDORES DEL CAMPO COLOMBIANO;COOP EMPRENDER;901-135-587-1;Multiactiva sin seccion de ahorro;ANTIOQUIA;MUTATÁ;VEREDA LA FORTUNA COMUNIDAD BECUARANDO;3123728;4;Agricola;;coop01emprender@gmail.com;3
549;ANTIOQUIA;MEDELLIN;SI;;;SI;2026-06-30;1822;06/30/2026 05:00:00 PM;JUNIO;2026;COOPERATIVA MULTIACTIVA DE EXTRABAJADORES FERROVIARIOS;COOPEXTRAFER;811-004-891-6;Especializada sin seccion de ahorro;ANTIOQUIA;MEDELLÍN;CL. 52 #47-28;5121486;24;Servicios de credito;EFRAINANTONIO CASAS CUERVO;gerencia.coopextrafer@gmail.com;3
550;ATLÁNTICO;BARRANQUILLA;SI;;;NO;2022-12-31;15174;12/31/2022 05:00:00 PM;DICIEMBRE;2022;COOPERATIVA MULTIACTIVA DE GESTION Y EJECUCION DE LIBRANZA;COOPLIBRANZA;900-790-107-2;Multiactiva sin seccion de ahorro;ATLÁNTICO;BARRANQUILLA;CL 70 B 41 132 OF 7;;24;Servicios de credito;MARIA FERNANDA ISAZA FORERO;cooplibranzas@gmail.com;3
551;ATLÁNTICO;BARRANQUILLA;SI;;;SI;2026-06-30;12361;06/30/2026 05:00:00 PM;JUNIO;2026;COOPERATIVA MULTIACTIVA DE JUBILADOS PENSIONADOS Y SUSTITUTOS PENSIONALES DE LA UNIVERSIDAD DEL ATLANTICO;COOPEJUA;900-182-216-9;Multiactiva sin seccion de ahorro;ATLÁNTICO;BARRANQUILLA;CR 50 68 123;2004777;99;Otras actividades;GUSTAVO ADOLFO LOPEZ RESLEN;coopejua@hotmail.com;3
552;BOLÍVAR;CARTAGENA DE INDIAS;SI;;;SI;2025-12-31;7015;12/31/2025 05:00:00 PM;DICIEMBRE;2025;COOPERATIVA MULTIACTIVA DE JUBILADOS Y PENSIONADOS DE BOLIVAR;COOJUBOL;806-002-481-2;Multiactiva sin seccion de ahorro;BOLÍVAR;CARTAGENA DE INDIAS;BRR. CENTRO ED SURAMERICANA PISO 7 OF. 706-707;6642586;24;Servicios de credito;NEL ARTURO VERGARA BENITEZ;coojubol28@gmail.com;3
553;ATLÁNTICO;BARRANQUILLA;SI;;;SI;2026-06-30;12178;06/30/2026 05:00:00 PM;JUNIO;2026;COOPERATIVA MULTIACTIVA DE JUNTAS;COOJUNTAS;900-325-440-8;Multiactiva sin seccion de ahorro;ATLÁNTICO;BARRANQUILLA;Calle 35 Nro.19-126;3019246;99;Otras actividades;LUIS EMILIO VALDERRAMA RENGIFO;marilaura14@hotmail.com;3
554;NORTE DE SANTANDER;TIBU;SI;;;NO;2023-12-31;15678;12/31/2023 05:00:00 PM;DICIEMBRE;2023;COOPERATIVA MULTIACTIVA DE JUNTAS DE ACCION COMUNAL DEL CATATUMBO;COOPJACAT;901-232-824-6;Multiactiva sin seccion de ahorro;NORTE DE SANTANDER;TIBÚ;SALON COMUNAL VDA EL LIBANO CORR ORU;;99;Otras actividades;;avendanogalvanheider@gmail.com;3
555;ANTIOQUIA;MEDELLIN;SI;;;SI;2025-12-31;1440;12/31/2025 05:00:00 PM;DICIEMBRE;2025;COOPERATIVA MULTIACTIVA DE LA AMERICA;COPLAZA;811-004-024-7;Multiactiva sin seccion de ahorro;ANTIOQUIA;MEDELLÍN;CL 45 79 A 100 ADMON;5299153;20;Inmobiliarias y de alquiler;CESAR AUGUSTO SIMBAQUEBA MU??OZ;coplazasecretari@gmail.com;3
556;ATLÁNTICO;BARRANQUILLA;SI;;;NO;2023-12-31;11672;12/31/2023 05:00:00 PM;DICIEMBRE;2023;COOPERATIVA MULTIACTIVA DE LA COSTA ATLANTICA;COOPATLANTICA;900-088-401-3;Multiactiva sin seccion de ahorro;ATLÁNTICO;BARRANQUILLA;CR 44  37 21 PISO 12 OF 1203;3452111;99;Otras actividades;CANDELARIA CA??AVERA ACOSTA;coopatlantica@hotmail.com;3
557;ANTIOQUIA;MEDELLIN;SI;;;SI;2025-12-31;6494;12/31/2025 05:00:00 PM;DICIEMBRE;2025;COOPERATIVA MULTIACTIVA DE LA PLAZA DE FLOREZ;COPLAFLOREZ;811-017-194-7;Multiactiva sin seccion de ahorro;ANTIOQUIA;MEDELLÍN;CR 39 50-25;4739830;99;Otras actividades;JUAN ALBERTO FRANCO MORENO;coplaflorez@gmail.com;3
558;ATLÁNTICO;BARRANQUILLA;SI;;;NO;2018-06-30;13520;06/30/2018 05:00:00 PM;JUNIO;2018;COOPERATIVA MULTIACTIVA DE LA REGION CARIBE DE COLOMBIA;COORECARGO;900-565-755-1;Multiactiva sin seccion de ahorro;ATLÁNTICO;BARRANQUILLA;CALLE 34 NO. 43 - 109 OF 511;3206666;99;Otras actividades;JULIE MERCEDES PALACIO TAPIAS;coorecarco@hotmail.com;3
559;NORTE DE SANTANDER;SAN JOSE DE CUCUTA;SI;;;NO;2024-12-31;15786;12/31/2024 12:00:00 AM;DICIEMBRE;2024;COOPERATIVA MULTIACTIVA DE LA VEREDA EL CAJON;COOPVECA;901-231-132-3;Multiactiva sin seccion de ahorro;NORTE DE SANTANDER;SAN JOSÉ DE CÚCUTA;VDA EL CAJON CA KDX 06 200;;99;Otras actividades;WALMIS ENRIQUE MARQUEZ QUINTERO;coopveca@gmail.com;3
560;NORTE DE SANTANDER;EL CARMEN;SI;;;NO;2022-06-30;15619;06/30/2022 05:00:00 PM;JUNIO;2022;COOPERATIVA MULTIACTIVA DE LA VEREDA EL COBRE;COOMULVELCO;901-235-213-1;Multiactiva sin seccion de ahorro;NORTE DE SANTANDER;EL CARMEN;CA KDX 389 280;;99;Otras actividades;;coomulvelco@gmail.com;3
561;NORTE DE SANTANDER;EL CARMEN;SI;;;NO;2022-06-30;15641;06/30/2022 05:00:00 PM;JUNIO;2022;COOPERATIVA MULTIACTIVA DE LA VEREDA EL LORITO;COOMULTIVERLORITO;901-235-376-1;Multiactiva sin seccion de ahorro;NORTE DE SANTANDER;EL CARMEN;CARRERA KDX 3;;99;Otras actividades;;coomultiverlorito@gmail.com;3
562;NORTE DE SANTANDER;EL TARRA;SI;;;NO;2022-06-30;15792;06/30/2022 05:00:00 PM;JUNIO;2022;COOPERATIVA MULTIACTIVA DE LA VEREDA EL ROSAL;COOMULROSAL;901-258-026-8;Multiactiva sin seccion de ahorro;NORTE DE SANTANDER;EL TARRA;VEREDA EL ROSAL;;99;Otras actividades;;coomulrosal@gmail.com;3
563;NORTE DE SANTANDER;EL TARRA;SI;;;NO;2024-12-31;15791;12/31/2024 12:00:00 AM;DICIEMBRE;2024;COOPERATIVA MULTIACTIVA DE LA VEREDA LA FRIA;COOMULFRIA;901-254-372-3;Multiactiva sin seccion de ahorro;NORTE DE SANTANDER;EL TARRA;VEREDA LA FRIA KDX 10;;99;Otras actividades;LUIS ANTONIO GUERRERO AVENDA?O;coomulfria@gmail.com;3
564;NORTE DE SANTANDER;OCANA;SI;;;NO;2022-06-30;15635;06/30/2022 05:00:00 PM;JUNIO;2022;COOPERATIVA MULTIACTIVA DE LA VEREDA MARIQUITA;COOMULCALA;901-235-233-7;Especializada sin seccion de ahorro;NORTE DE SANTANDER;OCAÑA;CARRERA 7 6 36;;99;Otras actividades;;jac-mariquita@hotmail.com;3
565;NORTE DE SANTANDER;TIBU;SI;;;NO;2024-12-31;15677;12/31/2024 12:00:00 AM;DICIEMBRE;2024;COOPERATIVA MULTIACTIVA DE LAS VEREDAS WUACHIMAN CAMPO SEIS MIRAMONTE;COOPWHACAMI;901-234-824-5;Multiactiva sin seccion de ahorro;NORTE DE SANTANDER;TIBÚ;CASA COMUNAL VEREDA CAMPO SEIS;;99;Otras actividades;;juancarlosbautistaesteban@hotmail.com;3
566;CUNDINAMARCA;GUATAVITA;SI;;;SI;2025-12-31;16713;12/31/2025 05:00:00 PM;DICIEMBRE;2025;COOPERATIVA MULTIACTIVA DE LECHEROS DE POTREROLARGO;COOPROLAG;900-084-568-6;Multiactiva sin seccion de ahorro;CUNDINAMARCA;GUATAVITA;VEREDA POTREROLARGO;;4;Agricola;;gerencia@cooprolag.com;3
567;ANTIOQUIA;MEDELLIN;SI;;;NO;2017-12-31;9840;12/31/2017 05:00:00 PM;DICIEMBRE;2017;COOPERATIVA MULTIACTIVA DE LIDERAZGO EN APORTACION Y CREDITO;COOCREDITO;830-512-162-3;Multiactiva sin seccion de ahorro;ANTIOQUIA;MEDELLÍN;Calle 49 Nro. 50 21 LOCAL 9939;4446070;24;Servicios de credito;LOPEZ RESTREPO JAIME ALBER LOPEZ RESTREPO JAI LOPEZ RESTREPO;coocreditoenliquidacion@hotmail.com;3
568;ANTIOQUIA;COPACABANA;SI;;;NO;2024-06-30;5210;06/30/2024 12:00:00 AM;JUNIO;2024;COOPERATIVA MULTIACTIVA DE MANIPULADORES COPACABANA;COMADECOP;811-013-857-3;Multiactiva sin seccion de ahorro;ANTIOQUIA;COPACABANA;CL 50 23 50;2742744;4;Agricola;LUIS CARLOS RAMIREZ;lualdihe26@gmail.com;3
569;NORTE DE SANTANDER;TOLEDO;SI;;;NO;2023-12-31;16199;12/31/2023 05:00:00 PM;DICIEMBRE;2023;COOPERATIVA MULTIACTIVA DE MUJERES EMPRENDEDORAS EL CUBOGON;COOMUEMCU;901-693-152-2;Multiactiva sin seccion de ahorro;NORTE DE SANTANDER;TOLEDO;VEREDA CUBOGON;;99;Otras actividades;;coomuemcu@gmail.com;3
570;NORTE DE SANTANDER;SAN JOSE DE CUCUTA;SI;;;SI;2025-12-31;3296;12/31/2025 05:00:00 PM;DICIEMBRE;2025;COOPERATIVA MULTIACTIVA DE PENSIONADOS DE C.E.N.S.;COOMPECENS;807-000-810-7;Multiactiva sin seccion de ahorro;NORTE DE SANTANDER;SAN JOSÉ DE CÚCUTA;CALL 8 # 3-60 BARRIO LATINO;;99;Otras actividades;AMBAR GISELA MARTINEZ MALDONADO;gerente@coompecens.com;3
571;ATLÁNTICO;BARRANQUILLA;SI;;;SI;2026-06-30;3595;06/30/2026 05:00:00 PM;JUNIO;2026;COOPERATIVA MULTIACTIVA DE PENSIONADOS DE COMUNICACIONES;COOMUPECOM;802-000-899-3;Multiactiva sin seccion de ahorro;ATLÁNTICO;BARRANQUILLA;CL 43 NO 43 - 84 PI 2 OF 13;3515549;12;Consumo (comercio);CARMEN PACHECO DE JUBIZ;coomupecom@hotmail.com;3
572;ATLÁNTICO;BARRANQUILLA;SI;;;SI;2025-12-31;7769;12/31/2025 05:00:00 PM;DICIEMBRE;2025;COOPERATIVA MULTIACTIVA DE PENSIONADOS DE LA COSTA;COOPENCOSTA;802-019-241-1;Especializada sin seccion de ahorro;ATLÁNTICO;BARRANQUILLA;CL 38 43 81 LC 6;;24;Servicios de credito;ADA SANCHEZ DE BLANCO;coopencosta@gmail.com;3
573;BOLÍVAR;CARTAGENA DE INDIAS;SI;;;SI;2025-12-31;7560;12/31/2025 05:00:00 PM;DICIEMBRE;2025;COOPERATIVA MULTIACTIVA DE PENSIONADOS DE TELECARTAGENA Y SERVICIOS ESPECIALES EN EL DISTRITO DE CARTAGENA;COOTRATELCAR;890-480-412-9;Multiactiva sin seccion de ahorro;BOLÍVAR;CARTAGENA DE INDIAS;BRR LOS ANGELES CRA 60 A # 30 - 27;6718353;24;Servicios de credito;ZOILA ROSA ROMERO AVILA;cootratel@yahoo.es;3
574;NORTE DE SANTANDER;TIBU;SI;;;NO;2024-12-31;15684;12/31/2024 12:00:00 AM;DICIEMBRE;2024;COOPERATIVA MULTIACTIVA DE PERSONAS TRABAJADORAS DE NORTE DE SANTANDER;COOTRANORSA;901-229-675-4;Multiactiva sin seccion de ahorro;NORTE DE SANTANDER;TIBÚ;KDX 4 2C VEREDA LA LLANA;;99;Otras actividades;;carrickdeiner@gmail.com;3
575;CUNDINAMARCA;SIBATE;SI;;;NO;2024-12-31;15984;12/31/2024 12:00:00 AM;DICIEMBRE;2024;COOPERATIVA MULTIACTIVA DE PLANTAS MEDICINALES Y AROMATICAS DE COLOMBIA;CANNAPCOOP;901-570-942-6;Multiactiva sin seccion de ahorro;CUNDINAMARCA;SIBATÉ;FCA PIEDRA DEL INDIO;;4;Agricola;JAN FRANCO SUAREZ HILE;cannapcoop@gmail.com;3
576;ATLÁNTICO;BARRANQUILLA;SI;;;NO;2024-12-31;15331;12/31/2024 12:00:00 AM;DICIEMBRE;2024;COOPERATIVA MULTIACTIVA DE POLICIAS RETIRADOS-COOMPOR;;802-005-935-3;Cooperativas de trabajo asociado;ATLÁNTICO;BARRANQUILLA;CALLE 35B # 8D-84;3636443;12;Consumo (comercio);EDILBERTO RODRIGUEZ OROZCO;coompor2014@hotmail.com;3
577;NORTE DE SANTANDER;TIBU;SI;;;SI;2026-06-30;16423;06/30/2026 05:00:00 PM;JUNIO;2026;COOPERATIVA MULTIACTIVA DE PRODUCCION Y COMERCIALIZACION DE CATATUMBO;COMPROCAT;901-158-451-6;Multiactiva sin seccion de ahorro;NORTE DE SANTANDER;TIBÚ;VDA CA?O INDIO;;4;Agricola;;comprocat1@gmail.com;3
578;ANTIOQUIA;SAN FRANCISCO;SI;;;SI;2026-06-30;16518;06/30/2026 05:00:00 PM;JUNIO;2026;COOPERATIVA MULTIACTIVA DE PRODUCTORES CAMPESINOS DE ANTIOQUIA LTDA;COPROACA;901-073-814-1;Multiactiva sin seccion de ahorro;ANTIOQUIA;SAN FRANCISCO;CALLE 10 11 31 CALLE DE LA FEDERACION;;4;Agricola;;coproaca@gmail.com;3
579;BOLÍVAR;MARIA LA BAJA;SI;;;NO;2024-06-30;15745;06/30/2024 12:00:00 AM;JUNIO;2024;COOPERATIVA MULTIACTIVA DE PRODUCTORES DE LECHE DE MARIALABAJA;COOLEMA;806-005-511-9;Multiactiva sin seccion de ahorro;BOLÍVAR;MARÍA LA BAJA;CR 15 12 63 CL DEL COMERCIO;6260130;4;Agricola;YOLIMA DEL CARMEN GARCIA CASTRO;coolemabolivar@gmail.com;3
580;CUNDINAMARCA;ZIPAQUIRA;SI;;;SI;2026-06-30;15014;06/30/2026 05:00:00 PM;JUNIO;2026;COOPERATIVA MULTIACTIVA DE PRODUCTORES DE LECHE DE ZIPAQUIRA  CUNDINAMARCA;ZIPALAC;900-729-400-8;Integral sin seccion de ahorro;CUNDINAMARCA;ZIPAQUIRÁ;CRA 12 10-05;3115625;99;Otras actividades;FERNANDO QUITERO RIVILLAS;ventazipalac@gmail.com;3
581;NORTE DE SANTANDER;SAN JOSE DE CUCUTA;SI;;;NO;2021-06-30;15821;06/30/2021 05:00:00 PM;JUNIO;2021;COOPERATIVA MULTIACTIVA DE PRODUCTORES DE SACHA INCHI DE PUERTO;COPMSACHA;901-198-662-4;Multiactiva sin seccion de ahorro;NORTE DE SANTANDER;SAN JOSÉ DE CÚCUTA;CL 6B 6-76 BRR LA PUNTA.;3114435;4;Agricola;;jhocosan@gmail.com;3
582;NORTE DE SANTANDER;EL TARRA;SI;;;NO;2025-06-30;15787;06/30/2025 05:00:00 PM;JUNIO;2025;COOPERATIVA MULTIACTIVA DE PRODUCTORES DEL TARRA;COOMULPROTA;901-239-570-2;Multiactiva sin seccion de ahorro;NORTE DE SANTANDER;EL TARRA;FINCA BUENOS AIRES VEREDA K.92;;99;Otras actividades;SANDRA MILENA CANO ASCANIO;coomulprota@gmail.com;3
583;ANTIOQUIA;MEDELLIN;SI;;;NO;2023-06-30;10479;06/30/2023 05:00:00 PM;JUNIO;2023;COOPERATIVA MULTIACTIVA DE PRODUCTOS Y SERVICIOS PARA EL TRANSPORTE;COPSERVIT;900-067-754-8;Multiactiva sin seccion de ahorro;ANTIOQUIA;MEDELLÍN;CR 100 31 B 28;3453814;99;Otras actividades;JHON JAIME VALLEJO CIFUENTES;copservit@gmail.com;3
584;NORTE DE SANTANDER;SAN JOSE DE CUCUTA;SI;;;SI;2025-12-31;15446;12/31/2025 05:00:00 PM;DICIEMBRE;2025;COOPERATIVA MULTIACTIVA DE PROFESIONALES DEL NORTE.;COOMULPRONORTE;900-742-444-5;Multiactiva sin seccion de ahorro;NORTE DE SANTANDER;SAN JOSÉ DE CÚCUTA;AV 4 E 6 49 OF 108 ED CENTRO JURIDICO URB SAYAGO;;99;Otras actividades;;ufpsram@hotmail.com;3
585;ATLÁNTICO;BARRANQUILLA;SI;;;SI;2025-12-31;11318;12/31/2025 05:00:00 PM;DICIEMBRE;2025;COOPERATIVA MULTIACTIVA DE PROFESIONALES Y SERVICIOS;COOMUPROSER;900-174-047-7;Multiactiva sin seccion de ahorro;ATLÁNTICO;BARRANQUILLA;CALLE 38 43 104;3791727;99;Otras actividades;IVAN LEONARDO ANCINEZ CAICEDO;ivanancinez@hotmail.com;3
586;ATLÁNTICO;BARRANQUILLA;SI;;;NO;2019-12-31;15624;12/31/2019 05:00:00 PM;DICIEMBRE;2019;COOPERATIVA MULTIACTIVA DE PROFESIONALES Y TECNICOS DE LA COSTA ATLANTICA;PROECOOP;901-205-885-0;Multiactiva sin seccion de ahorro;ATLÁNTICO;BARRANQUILLA;CALL 41 43-19 PISO 4 OF 4C;3338094;24;Servicios de credito;JORGE LUIS MARTINEZ HERAZO;precoop@outlook.com;3
587;ATLÁNTICO;BARRANQUILLA;SI;;;SI;2025-12-31;5515;12/31/2025 05:00:00 PM;DICIEMBRE;2025;COOPERATIVA MULTIACTIVA DE PROMOTORES INDUSTRIALES Y DE SERVICIOS;COOPRISER;802-014-669-7;Multiactiva sin seccion de ahorro;ATLÁNTICO;BARRANQUILLA;CR 50 88 23;3738960;24;Servicios de credito;ALEXANDRA DEL CARMEN REHENALS DIAZ;cooperativacoopriser@gmail.com;3
588;BOLÍVAR;ARJONA;SI;;;NO;2024-12-31;9020;12/31/2024 12:00:00 AM;DICIEMBRE;2024;COOPERATIVA MULTIACTIVA DE PROYECCION SOCIAL;COOPERAMOS;806-017-004-8;Multiactiva sin seccion de ahorro;BOLÍVAR;ARJONA;CARRETERA TRONCAL BARRIO LAS NIEVES, KRA 47 0-52;6284177;12;Consumo (comercio);Jose Espinoza Cervantes;cooepramosdos@gmail.com;3
589;ATLÁNTICO;BARRANQUILLA;SI;;;NO;2019-06-30;11586;06/30/2019 05:00:00 PM;JUNIO;2019;COOPERATIVA MULTIACTIVA DE RECAUDOS Y SERVICIOOS E-COOP;ECOOP;900-182-508-4;Multiactiva sin seccion de ahorro;ATLÁNTICO;BARRANQUILLA;CALLE 40 44 39;3683876;24;Servicios de credito;LUZ ELENA VILLEGAS DE NUDEZ;ecoop_recaudos@hotmail.com;3
590;ATLÁNTICO;BARRANQUILLA;SI;;;NO;2024-06-30;16561;06/30/2024 12:00:00 AM;JUNIO;2024;COOPERATIVA MULTIACTIVA DE RECICLAJE INTELIGENTE;COOPRUI;901-654-190-6;Multiactiva sin seccion de ahorro;ATLÁNTICO;BARRANQUILLA;CL 74 NO 42 - 329;;12;Consumo (comercio);JACQUELINE MARGARTIA PEREZ CASTRO;notificacionesreciclajeinteligente@gmail.com;3
591;NORTE DE SANTANDER;TEORAMA;SI;;;SI;2025-12-31;16485;12/31/2025 05:00:00 PM;DICIEMBRE;2025;COOPERATIVA MULTIACTIVA DE REINCORPORACION Y PAZ;REINCORPAZ;901-468-093-2;Multiactiva sin seccion de ahorro;NORTE DE SANTANDER;TEORAMA;URB SAN ISIDRO;;4;Agricola;;reincorpaz2023@gmail.com;3
592;ATLÁNTICO;BARRANQUILLA;SI;;;NO;2024-06-30;16170;06/30/2024 12:00:00 AM;JUNIO;2024;COOPERATIVA MULTIACTIVA DE RESPALDO SOLIDARIO;RESPALCOOP;901-694-833-4;Multiactiva sin seccion de ahorro;ATLÁNTICO;BARRANQUILLA;CLLE 114 CRA 42 27 TO4 OFC 403;3013655;99;Otras actividades;KELLYS SOLIS VILLA;respalcoop@gmail.com;3
593;NORTE DE SANTANDER;SAN JOSE DE CUCUTA;SI;;;SI;2026-06-30;4523;06/30/2026 05:00:00 PM;JUNIO;2026;COOPERATIVA MULTIACTIVA DE RETIRADOS DE LA POLICIA NACIONAL DEL NORTE DE SANTAND;COOMULREPOL LTDA;807-001-702-4;Especializada sin seccion de ahorro;NORTE DE SANTANDER;SAN JOSÉ DE CÚCUTA;CALLE 12 AVE 4;;99;Otras actividades;JOSE RAFAEL VILLAMIZAR JAIMES;neron1127@hotmail.com;3
594;ATLÁNTICO;BARRANQUILLA;SI;;;SI;2025-12-31;12498;12/31/2025 05:00:00 PM;DICIEMBRE;2025;COOPERATIVA MULTIACTIVA DE SERVICIO COOCARBELL;COOCARBELL;900-277-396-5;Multiactiva sin seccion de ahorro;ATLÁNTICO;BARRANQUILLA;CALLE 39 43 -142;3793571;99;Otras actividades;ROSA MARIA MENDOZA MORENO;contabilidad@coopcoocarbell.com;3
595;ATLÁNTICO;BARRANQUILLA;SI;;;NO;2023-06-30;13716;06/30/2023 05:00:00 PM;JUNIO;2023;COOPERATIVA MULTIACTIVA DE SERVICIO DE CREDITO PARA TRABAJADORES DE LA CONSTRUCCION Y AFINES;ARKASCOOP;900-719-235-6;Multiactiva sin seccion de ahorro;ATLÁNTICO;BARRANQUILLA;CALLE 91 A # 75 A -124;;24;Servicios de credito;GUSTAVO ALONSO TORRADO CASADIEGO;arkascoop@gmail.com;3
596;ATLÁNTICO;BARRANQUILLA;SI;;;NO;2024-06-30;16598;06/30/2024 12:00:00 AM;JUNIO;2024;COOPERATIVA MULTIACTIVA DE SERVICIO JULUANM;COOPMULTJULUANM;901-581-669-7;Multiactiva sin seccion de ahorro;ATLÁNTICO;BARRANQUILLA;CR 43 NO. 72 - 122 OFC 707;;12;Consumo (comercio);ANTONIO MIGUEL MARIN CARO;coopmultjuluanm94@gmail.com;3
597;ATLÁNTICO;BARRANQUILLA;SI;;;SI;2025-12-31;16564;12/31/2025 05:00:00 PM;DICIEMBRE;2025;COOPERATIVA MULTIACTIVA DE SERVICIO SOCIAL DEL CARIBE;COOMULTISERVIS;901-814-210-2;Multiactiva sin seccion de ahorro;ATLÁNTICO;BARRANQUILLA;CL 38 43 123 LO 110;;99;Otras actividades;;coopmap24@gmail.com;3
598;ATLÁNTICO;BARRANQUILLA;SI;;;NO;2021-06-30;15843;06/30/2021 05:00:00 PM;JUNIO;2021;COOPERATIVA MULTIACTIVA DE SERVICIO W;COOMULTW;901-333-209-1;Multiactiva sin seccion de ahorro;ATLÁNTICO;BARRANQUILLA;CR 43 72 122 OF 601B;;24;Servicios de credito;ANDRES ULISES LOPEZ POLO;cooperativamultiactivawya@gmail.com;3
599;ANTIOQUIA;ENVIGADO;SI;;;SI;2025-12-31;7363;12/31/2025 05:00:00 PM;DICIEMBRE;2025;COOPERATIVA MULTIACTIVA DE SERVICIOS;COOMULSER;811-010-957-8;Multiactiva sin seccion de ahorro;ANTIOQUIA;ENVIGADO;CRA 42 NRO 35 SUR 35 OFICINA 319;3152572665;10;Vivienda;GUILLERMO RAMIREZ QUICENO;coomulseroficina@gmail.com;3
600;ATLÁNTICO;BARRANQUILLA;SI;;;NO;2024-12-31;15848;12/31/2024 12:00:00 AM;DICIEMBRE;2024;COOPERATIVA MULTIACTIVA DE SERVICIOS AGROPECUARIOS DE LA COSTA CARIBE;COODAROD;901-316-913-5;Multiactiva sin seccion de ahorro;ATLÁNTICO;BARRANQUILLA;CALLE 72 # 39- 175;;4;Agricola;DALMIRO JOSE RODRIGUEZ BELTRAN;coodarod.atl@gmail.com;3
601;ATLÁNTICO;BARRANQUILLA;SI;;;NO;2024-12-31;12132;12/31/2024 12:00:00 AM;DICIEMBRE;2024;COOPERATIVA MULTIACTIVA DE SERVICIOS ASOCIADOS;COOCREDIS;802-022-749-1;Multiactiva sin seccion de ahorro;ATLÁNTICO;BARRANQUILLA;CALLE 40  44 39;3452111;99;Otras actividades;MARIO MACHADO NIETO MARIO MARIO;coocredis@hotmail.com;3
602;ATLÁNTICO;BARRANQUILLA;SI;;;SI;2025-12-31;16136;12/31/2025 05:00:00 PM;DICIEMBRE;2025;COOPERATIVA MULTIACTIVA DE SERVICIOS ATD;COOPATD;901-328-112-4;Multiactiva sin seccion de ahorro;ATLÁNTICO;BARRANQUILLA;CALLE 77 65 37 LC 200;6053454;99;Otras actividades;;coopatd@gmail.com;3
603;ANTIOQUIA;MEDELLIN;SI;;;SI;2025-12-31;7667;12/31/2025 05:00:00 PM;DICIEMBRE;2025;COOPERATIVA MULTIACTIVA DE SERVICIOS BERLIN;COOPBERLIN;830-071-133-6;Aportes y credito;ANTIOQUIA;MEDELLÍN;CR 47 50 24 OF 702;6042510102;24;Servicios de credito;ROBERTO GARCIA OROSTEGUI;contabilidad@coopberlin.com;3
604;ATLÁNTICO;BARRANQUILLA;SI;;;NO;2022-12-31;12922;12/31/2022 05:00:00 PM;DICIEMBRE;2022;COOPERATIVA MULTIACTIVA DE SERVICIOS COMERCIALES;COOSERCOM;900-349-469-4;Multiactiva sin seccion de ahorro;ATLÁNTICO;BARRANQUILLA;CALLE 40 41-134 OF 203;3309022;24;Servicios de credito;EDGAR MONTA??O SOMOZA;coosercom_@hotmail.com;3
605;ATLÁNTICO;BARRANQUILLA;SI;;;SI;2025-12-31;12325;12/31/2025 05:00:00 PM;DICIEMBRE;2025;COOPERATIVA MULTIACTIVA DE SERVICIOS COOLCARIBE;COOLCARIBE;900-254-075-7;Multiactiva sin seccion de ahorro;ATLÁNTICO;BARRANQUILLA;CALLE 39 43-123 PISO 3 OFICINA B6;3853231;99;Otras actividades;EUCARIS ESTHER MARTINEZ MERCADO;contabilidad@coolcaribe.com;3
606;ATLÁNTICO;BARRANQUILLA;SI;;;SI;2025-12-31;12195;12/31/2025 05:00:00 PM;DICIEMBRE;2025;COOPERATIVA MULTIACTIVA DE SERVICIOS COOPBASTIDAS;COOPBASTIDAS;900-226-053-6;Multiactiva sin seccion de ahorro;ATLÁNTICO;BARRANQUILLA;CLLE 39 # 43 -123 PIS3 OF B4;3793571;99;Otras actividades;SUGEIDY LUZ MERCADO BENITEZ;contabilidad@coopbastidas.com;3
607;ATLÁNTICO;BARRANQUILLA;SI;;;SI;2025-12-31;15096;12/31/2025 05:00:00 PM;DICIEMBRE;2025;COOPERATIVA MULTIACTIVA DE SERVICIOS COSTA MAR DEL ATLANTICO;COOPSTAMAR;900-343-848-5;Multiactiva sin seccion de ahorro;ATLÁNTICO;BARRANQUILLA;CALLE 42 NA? 43 - 35 LC 2;3378837;99;Otras actividades;ALVARO JESUS NOLASCO ACOSTA;coopstamar@gmail.com;3
608;ATLÁNTICO;BARRANQUILLA;SI;;;NO;2021-12-31;15989;12/31/2021 05:00:00 PM;DICIEMBRE;2021;COOPERATIVA MULTIACTIVA DE SERVICIOS DEL MILAGRO;COOMILAGRO;901-547-940-5;Multiactiva sin seccion de ahorro;ATLÁNTICO;BARRANQUILLA;CALLE 41 43-98;;24;Servicios de credito;DIEGO MENDOZA ZABALA;coopmultiactivamilagros@gmail.com;3
609;ATLÁNTICO;BARRANQUILLA;SI;;;NO;2022-12-31;15965;12/31/2022 05:00:00 PM;DICIEMBRE;2022;COOPERATIVA MULTIACTIVA DE SERVICIOS EFICREDITOS;COOPEFICREDITOS;901-488-238-9;Multiactiva sin seccion de ahorro;ATLÁNTICO;BARRANQUILLA;CL 39 41 72 P 6;;99;Otras actividades;CAROLINA ESTHER MIRANDA GARCIA;cooeficreditos@gmail.com;3
610;BOLÍVAR;CARTAGENA DE INDIAS;SI;;;SI;2025-12-31;8037;12/31/2025 05:00:00 PM;DICIEMBRE;2025;COOPERATIVA MULTIACTIVA DE SERVICIOS ESPECIALES;COOMULSEP;806-008-719-7;Multiactiva sin seccion de ahorro;BOLÍVAR;CARTAGENA DE INDIAS;CENTRO ED. BANCO DEL ESTADO PISO 6 OF 203;6432532;24;Servicios de credito;LESTER RAQUEL RODRIGUEZ HERNANDEZ;lesterraquel@hotmail.com;3
611;ATLÁNTICO;BARRANQUILLA;SI;;;NO;2024-12-31;16309;12/31/2024 12:00:00 AM;DICIEMBRE;2024;COOPERATIVA MULTIACTIVA DE SERVICIOS ESPECIALES DE COLOMBIA;COOMULSECOL;901-629-749-7;Multiactiva sin seccion de ahorro;ATLÁNTICO;BARRANQUILLA;CRA 44 40 20 P 8 OF 805;3005732;24;Servicios de credito;FREDY JIMENEZ BLANCO;coomulsecol@gmail.com;3
612;BOLÍVAR;CARTAGENA DE INDIAS;SI;;;SI;2025-12-31;4157;12/31/2025 05:00:00 PM;DICIEMBRE;2025;COOPERATIVA MULTIACTIVA DE SERVICIOS GENERALES Y ADMINISTRATIVOS Y ADMINISTRATIVOS;COOMULGAR;806-010-274-8;Multiactiva sin seccion de ahorro;BOLÍVAR;CARTAGENA DE INDIAS;BRR CENTRO EDIFICIO CITIBANK OF MB4;;99;Otras actividades;JIMMY ALBERTO GIRALDO GECHEN;coomulgar@hotmail.com;3
613;ATLÁNTICO;BARRANQUILLA;SI;;;NO;2023-12-31;15966;12/31/2023 05:00:00 PM;DICIEMBRE;2023;COOPERATIVA MULTIACTIVA DE SERVICIOS INDEPENDIENTES DEL CARIBE COOPMULSERVICA;COOPMULSERVICA;901-476-997-9;Multiactiva sin seccion de ahorro;ATLÁNTICO;BARRANQUILLA;CL 45 44 103;;99;Otras actividades;;coopsericacooperativa@gmail.com;3
614;ATLÁNTICO;BARRANQUILLA;SI;;;NO;2024-12-31;16019;12/31/2024 12:00:00 AM;DICIEMBRE;2024;COOPERATIVA MULTIACTIVA DE SERVICIOS INDUSTRIALES DEL CARIBE;COOINDUSTRIAL;900-595-809-9;Multiactiva sin seccion de ahorro;ATLÁNTICO;BARRANQUILLA;CRA 5B  17E 19;;99;Otras actividades;HANS MIRANDA HERRERA;cooindustriales@gmai.com;3
615;ATLÁNTICO;BARRANQUILLA;SI;;;SI;2026-06-30;15648;06/30/2026 05:00:00 PM;JUNIO;2026;COOPERATIVA MULTIACTIVA DE SERVICIOS INTEGRALES;COOSOLUTIONS;901-299-395-6;Multiactiva sin seccion de ahorro;ATLÁNTICO;BARRANQUILLA;CALLE 102 # 49 E - 89 - APTO 403 A;5818181;24;Servicios de credito;;coosolutions.coop@gmail.com;3
616;BOLÍVAR;MAGANGUE;SI;;;SI;2025-12-31;15492;12/31/2025 05:00:00 PM;DICIEMBRE;2025;COOPERATIVA MULTIACTIVA DE SERVICIOS INTEGRALES;SERMICOOP;901-000-538-9;Multiactiva sin seccion de ahorro;BOLÍVAR;MAGANGUÉ;CARRERA 2 CALLE 11 ESQ. P. 3 OFICINA 311;6888188;99;Otras actividades;;sermicoop@hotmail.com;3
617;ATLÁNTICO;BARANOA;SI;;;NO;2024-12-31;16320;12/31/2024 12:00:00 AM;DICIEMBRE;2024;COOPERATIVA MULTIACTIVA DE SERVICIOS INTEGRALES;BARACOOP;901-368-774-0;Aportes y credito;ATLÁNTICO;BARANOA;CARRERA 43 43-166;;24;Servicios de credito;YOBANI MERCADO VARGAS;ymerva44@hotmail.com;3
618;BOLÍVAR;MAGANGUE;SI;;;SI;2025-12-31;16670;12/31/2025 05:00:00 PM;DICIEMBRE;2025;COOPERATIVA MULTIACTIVA DE SERVICIOS INTEGRALES EN MEDIACION LEGAL Y ASISTENCIA SOCIAL;COOPLEX;901-928-995-5;Multiactiva sin seccion de ahorro;BOLÍVAR;MAGANGUÉ;CALLE 17D #36 -19;;99;Otras actividades;;cooplexmag@gmail.com;3
619;CUNDINAMARCA;GIRARDOT;SI;;;NO;2018-06-30;12442;06/30/2018 05:00:00 PM;JUNIO;2018;COOPERATIVA MULTIACTIVA DE SERVICIOS INTEGRALES PENSIONADOS COLOMBIANOS;COOPPENCOL;900-295-244-0;Multiactiva sin seccion de ahorro;CUNDINAMARCA;GIRARDOT;CALLE 16 NO. 11-82;8351493;24;Servicios de credito;ADRIANA MILENA NAVAS ORTIZ;cooppencol@hotmail.com;3
620;ATLÁNTICO;BARRANQUILLA;SI;;;SI;2025-12-31;13349;12/31/2025 05:00:00 PM;DICIEMBRE;2025;COOPERATIVA MULTIACTIVA DE SERVICIOS JURIDICOS Y SOCIALES DEL CARIBE;COOMULTIJURIS;900-463-984-3;Multiactiva sin seccion de ahorro;ATLÁNTICO;BARRANQUILLA;CARRERA 44 NA? 34 - 31A OF 8E;3200701;99;Otras actividades;GUILLERMO ELOY MORENO ACOSTA;coomultijuris@hotmail.com;3
621;ATLÁNTICO;SOLEDAD;SI;;;SI;2025-12-31;15277;12/31/2025 05:00:00 PM;DICIEMBRE;2025;COOPERATIVA MULTIACTIVA DE SERVICIOS LEGALES;COMSEL;900-708-490-0;Multiactiva sin seccion de ahorro;ATLÁNTICO;SOLEDAD;CL 20 19 117 LC 1;;99;Otras actividades;;notificaciones@comsel.com.co;3
622;ATLÁNTICO;BARRANQUILLA;SI;;;SI;2025-12-31;16463;12/31/2025 05:00:00 PM;DICIEMBRE;2025;COOPERATIVA MULTIACTIVA  DE SERVICIOS MULTIPLES DE BARRANQUILLA;COOSERBAQ;901-722-353-1;Aportes y credito;ATLÁNTICO;BARRANQUILLA;CRA 53  N  68 - 226 OF  207;;12;Consumo (comercio);;cooserbaq@gmail.com;3
623;ANTIOQUIA;ENVIGADO;SI;;;NO;2018-06-30;9379;06/30/2018 05:00:00 PM;JUNIO;2018;COOPERATIVA MULTIACTIVA DE SERVICIOS PARA EL DESARROLLO AMBIENTAL, SOCIAL Y CULTURAL;PREAMBIENTAL;811-037-664-2;Multiactiva sin seccion de ahorro;ANTIOQUIA;ENVIGADO;TV 33 A SUR 32D 52;3321577;99;Otras actividades;EUGENIO SANCHEZ RESTREPO;eugenio.restrepo@preambiental.coop;3
624;ATLÁNTICO;BARRANQUILLA;SI;;;NO;2025-06-30;12474;06/30/2025 05:00:00 PM;JUNIO;2025;COOPERATIVA MULTIACTIVA DE SERVICIOS PARA FUNCIONARIOS PUBLICOS DEL DEPARTAMENTO DEL ATLANTICO;COOPESER;900-219-144-9;Multiactiva sin seccion de ahorro;ATLÁNTICO;BARRANQUILLA;CALLE 542 NO 43-146;;24;Servicios de credito;LIGIA MARTA POLO ZU?IGA;coopeser1@hotmail.com;3
625;CUNDINAMARCA;COTA;SI;;;NO;2024-06-30;12867;06/30/2024 12:00:00 AM;JUNIO;2024;COOPERATIVA MULTIACTIVA DE SERVICIOS SU AMIGA;COOPSUAMIGA;900-375-020-1;Multiactiva sin seccion de ahorro;CUNDINAMARCA;COTA;TV 4 12-09;;99;Otras actividades;COOPERATIVA MULTIACTIVA DE SERVICIOS INTEGRALES SU AMIGA;admin@coopsuamiga.com;3
626;ATLÁNTICO;BARRANQUILLA;SI;;;SI;2025-12-31;11311;12/31/2025 05:00:00 PM;DICIEMBRE;2025;COOPERATIVA MULTIACTIVA DE SERVICIOS VARIOS  COOMULSERVAR;COOMULSERVAR;900-117-681-4;Multiactiva sin seccion de ahorro;ATLÁNTICO;BARRANQUILLA;CALLE 39 NO 43-136 OF 203;3793571;99;Otras actividades;NELSON ANDRES PACHECO MEJIA;contabilidad@coomulservar.com;3
627;ATLÁNTICO;BARRANQUILLA;SI;;;NO;2024-12-31;7620;12/31/2024 12:00:00 AM;DICIEMBRE;2024;COOPERATIVA MULTIACTIVA DE SERVICIOS Y ASESORIAS GENERALES;COOPSAGEN;802-017-109-8;Multiactiva sin seccion de ahorro;ATLÁNTICO;BARRANQUILLA;CR 44 NO 37-21-OF 703;3468094;99;Otras actividades;EDWIN RODRIGUEZ CARDONA;coopsagen@hotmail.com;3
628;ATLÁNTICO;BARRANQUILLA;SI;;;SI;2025-12-31;11573;12/31/2025 05:00:00 PM;DICIEMBRE;2025;COOPERATIVA MULTIACTIVA DE SERVICIOS Y GESTION COMERCIAL;COOMULTIGEST;900-081-326-7;Multiactiva sin seccion de ahorro;ATLÁNTICO;BARRANQUILLA;CRA 44 #37-21 PI 13 OF1308;3337037;24;Servicios de credito;NICOLAS ALBERTO PEREZ GUERRA;coomultigest870@hotmail.com;3
629;ATLÁNTICO;BARRANQUILLA;SI;;;NO;2024-12-31;16563;12/31/2024 12:00:00 AM;DICIEMBRE;2024;COOPERATIVA MULTIACTIVA DE SERVICIOS Y OPERACION COMERCIAL DM;COOMULTISERVIDM;901-710-992-6;Aportes y credito;ATLÁNTICO;BARRANQUILLA;CALLE 70 #45-53;;24;Servicios de credito;EDUARDO ENRIQUE BARRERA VASQUEZ;comultiservidm@gmail.com;3
630;CUNDINAMARCA;SESQUILE;SI;;;NO;2023-12-31;8167;12/31/2023 05:00:00 PM;DICIEMBRE;2023;COOPERATIVA MULTIACTIVA DE SESQUILE;COOPSESQUILE;800-152-997-1;Multiactiva sin seccion de ahorro;CUNDINAMARCA;SESQUILÉ;CRA 10 CALLE 8;;9;Educacion;MARIA CRISTINA CHAVEZ MURCIA;gerenciacooperativoses@gmail.com;3
631;ATLÁNTICO;BARRANQUILLA;SI;;;SI;2026-06-30;15398;06/30/2026 05:00:00 PM;JUNIO;2026;COOPERATIVA MULTIACTIVA DE SOLUCIONES Y APORTES SOLIDARIOS;SYASCOOP;901-181-206-4;Multiactiva sin seccion de ahorro;ATLÁNTICO;BARRANQUILLA;CALLE 38 NO 41 39 OF 203;3790496;24;Servicios de credito;;syascoop@gmail.com;3
632;ANTIOQUIA;EL CARMEN DE VIBORAL;SI;;;SI;2026-06-30;6501;06/30/2026 05:00:00 PM;JUNIO;2026;COOPERATIVA MULTIACTIVA DE TELECOMUNICACIONES Y TELEMATICOS;VIBORAL TELECOMUNICACIONES;811-013-014-1;Multiactiva sin seccion de ahorro;ANTIOQUIA;EL CARMEN DE VIBORAL;Carrera 35 #30-92 local 101 EDIFICIO FENIX;;15;Comunicaciones;WILLIAM ALBERTO GALINDO MU?OZ;viboraltelevision@hotmail.com;3
633;ANTIOQUIA;MEDELLIN;SI;;;NO;2019-06-30;9322;06/30/2019 05:00:00 PM;JUNIO;2019;COOPERATIVA MULTIACTIVA DE TRABAJADORES  ASOCIADOS DEL NARE;COOTAN;800-220-466-4;Multiactiva sin seccion de ahorro;ANTIOQUIA;MEDELLÍN;CALLE 41  51-15;8338181;99;Otras actividades;EDIL ENRIQUE NU?EZ MOSCOTE;cootan.contabilidad@hotmail.con;3
634;ATLÁNTICO;BARRANQUILLA;SI;;;SI;2025-12-31;2940;12/31/2025 05:00:00 PM;DICIEMBRE;2025;COOPERATIVA MULTIACTIVA DE TRABAJADORES DE CARTON DE COLOMBIA;COOTRACARCOL;890-107-843-2;Multiactiva sin seccion de ahorro;ATLÁNTICO;BARRANQUILLA;CALLE 39#43-123;;24;Servicios de credito;DANIEL DELGADO ROMAN;cartera@cootracarcol.com;3
635;ATLÁNTICO;BARRANQUILLA;SI;;;SI;2025-12-31;1593;12/31/2025 05:00:00 PM;DICIEMBRE;2025;COOPERATIVA MULTIACTIVA DE TRABAJADORES DE COOLECHERA;COOTRACOL;890-110-821-1;Multiactiva sin seccion de ahorro;ATLÁNTICO;BARRANQUILLA;CRA 16 18 01;;24;Servicios de credito;NAVIA MENDEZ QUINTERO;cooperativacootracol@hotmail.com;3
636;NORTE DE SANTANDER;SAN JOSE DE CUCUTA;SI;;;SI;2025-12-31;3375;12/31/2025 05:00:00 PM;DICIEMBRE;2025;COOPERATIVA MULTIACTIVA DE TRABAJADORES DE LA AERONAUTICA CIVIL;COOTRAEROCIVIL LTDA;800-014-920-4;Multiactiva sin seccion de ahorro;NORTE DE SANTANDER;SAN JOSÉ DE CÚCUTA;AEROPUERTO CAMILO DAZA;;24;Servicios de credito;MARYITT LIZETH MEDINA DURAN;contadorluznery@gmail.com;3
637;NORTE DE SANTANDER;EL CARMEN;SI;;;NO;2022-06-30;15617;06/30/2022 05:00:00 PM;JUNIO;2022;COOPERATIVA MULTIACTIVA DE TRABAJADORES DE LA ESPERANZA;COOMULTRAESPER;901-235-041-1;Multiactiva sin seccion de ahorro;NORTE DE SANTANDER;EL CARMEN;CALLE 12 7 35;;99;Otras actividades;;coomultraesper@gmail.com;3
638;BOLÍVAR;CARTAGENA DE INDIAS;SI;;;SI;2025-12-31;13302;12/31/2025 05:00:00 PM;DICIEMBRE;2025;COOPERATIVA MULTIACTIVA DE TRABAJADORES DE USATI;COOTRAUSA;900-435-332-2;Multiactiva sin seccion de ahorro;BOLÍVAR;CARTAGENA DE INDIAS;BARRIO LA PRINCESA MZA 72;6554512;99;Otras actividades;YADIRA DEL CARMEN SIERRA ROMERO;cootrausa@gmail.com;3
639;BOLÍVAR;CARTAGENA DE INDIAS;SI;;;SI;2025-12-31;3802;12/31/2025 05:00:00 PM;DICIEMBRE;2025;COOPERATIVA MULTIACTIVA DE TRABAJADORES DEL SECTOR HOTELERO Y TURISTICO DE CARTAGENA;COOIDECAMAR;890-481-270-4;Multiactiva sin seccion de ahorro;BOLÍVAR;CARTAGENA DE INDIAS;BARRIO PALESTINA CL 65 CR 22-49;;99;Otras actividades;HUMBERTO MONTIEL ALVAREZ;joel-dias-delarosa@hotmail.com;3
640;NORTE DE SANTANDER;SAN JOSE DE CUCUTA;SI;;;NO;2025-01-31;16661;01/31/2025 12:00:00 AM;ENERO;2025;COOPERATIVA MULTIACTIVA DE TRABAJADORES INDEPENDIENTES DE COLOMBIA;COOMULTRAINCOL;901-915-281-9;Multiactiva sin seccion de ahorro;NORTE DE SANTANDER;SAN JOSÉ DE CÚCUTA;CALLE 4 # 10-23;;99;Otras actividades;;coomultraincol@gmail.com;3
641;CUNDINAMARCA;CUCUNUBA;SI;;;SI;2026-06-30;8863;06/30/2026 05:00:00 PM;JUNIO;2026;COOPERATIVA MULTIACTIVA DE TRABAJADORES MINEROS PECUARIOS Y AGRICOLAS;COOTRAMIP;830-504-257-0;Multiactiva sin seccion de ahorro;CUNDINAMARCA;CUCUNUBÁ;KM 1 VIA CUCUNUBA UBATE;;99;Otras actividades;Alirio Quiroga Cano;cootramipbrio@hotmail.com;3
642;ATLÁNTICO;BARRANQUILLA;SI;;;SI;2025-12-31;15559;12/31/2025 05:00:00 PM;DICIEMBRE;2025;COOPERATIVA MULTIACTIVA DE TRABAJADORES Y PENSIONADOS DE L COSTA;COOMULTRACOSTA;901-267-169-0;Multiactiva sin seccion de ahorro;ATLÁNTICO;BARRANQUILLA;CALLE 73 N 86 - 59 LO 1;;24;Servicios de credito;;coomultracostas.a.s@gmail.com;3
643;ATLÁNTICO;BARRANQUILLA;SI;;;SI;2025-12-31;13617;12/31/2025 05:00:00 PM;DICIEMBRE;2025;COOPERATIVA MULTIACTIVA DE TRABAJADORES Y PENSIONADOS DEL CARIBE SIGLA COOPVENCER;COOPVENCER;900-553-025-1;Multiactiva sin seccion de ahorro;ATLÁNTICO;BARRANQUILLA;CALLE 38 NRO 41-39 OF 206;3453085;24;Servicios de credito;LESBIA ISABEL PADILLA PEREZ;labendiciondedioscooperativa@hotmail.com;3
644;ATLÁNTICO;BARRANQUILLA;SI;;;SI;2025-12-31;13110;12/31/2025 05:00:00 PM;DICIEMBRE;2025;COOPERATIVA MULTIACTIVA DE TRABAJADORES Y SERVICIOS;COOMULTRABSERV;900-435-405-1;Multiactiva sin seccion de ahorro;ATLÁNTICO;BARRANQUILLA;CL 42 A?41-56 OFICINA 101;3372860;24;Servicios de credito;DERLY PATRICIA ZU??IGA VIZCAINO;info.coomultrabserv@gmail.com;3
645;ANTIOQUIA;CALDAS;SI;;;NO;2017-12-31;4379;12/31/2017 05:00:00 PM;DICIEMBRE;2017;COOPERATIVA MULTIACTIVA  DE  TRANSPORTADORES  DE  CALDAS;COOTRACAL;811-005-029-8;Multiactiva sin seccion de ahorro;ANTIOQUIA;CALDAS;CALLE 129 SUR 49-56;3664574;99;Otras actividades;JUAN  JOSE MORALES VIDES;cooperativacootracal1201@gmail.com;3
646;BOLÍVAR;MAGANGUE;SI;;;NO;2017-06-30;13289;06/30/2017 05:00:00 PM;JUNIO;2017;COOPERATIVA MULTIACTIVA DE TRANSPORTE DE PASAJEROS DE MAGANGUE;COOMULTRAMAG;806-001-620-5;Multiactiva sin seccion de ahorro;BOLÍVAR;MAGANGUÉ;Carrera 2 Nro.15-09 Piso 2 Apartamento 2;6888303;10;Vivienda;FAIDER ALBERTO TORRES HERNANDEZ;cooperativafluvial@hotmail.com;3
647;CUNDINAMARCA;VILLETA;SI;;;NO;2017-12-31;10212;12/31/2017 05:00:00 PM;DICIEMBRE;2017;COOPERATIVA MULTIACTIVA DE TRANSPORTES LA YE;COOTRANSYE;832-002-379-3;Multiactiva sin seccion de ahorro;CUNDINAMARCA;VILLETA;Carrera 7 Nro.3 70;8445226;99;Otras actividades;DIANA CAROLINA ESGUERRA GALINDO;cootransye@hotmail.com;3
648;ATLÁNTICO;BARRANQUILLA;SI;;;NO;2022-06-30;11969;06/30/2022 05:00:00 PM;JUNIO;2022;COOPERATIVA MULTIACTIVA DE VENDEDORES COOJASAN;COJASAN;802-023-951-8;Multiactiva sin seccion de ahorro;ATLÁNTICO;BARRANQUILLA;CL 40 43 125 OF 1 A;;24;Servicios de credito;MILTON DAVID PALMERA SUAREZ;cojasan@hotmail.com;3
649;ATLÁNTICO;BARRANQUILLA;SI;;;NO;2021-12-31;5522;12/31/2021 05:00:00 PM;DICIEMBRE;2021;COOPERATIVA MULTIACTIVA DE VENDEDORES DE PRODUCTOS Y SERVICIOS FAMILIARES;COOPRODUCTOS;802-020-624-0;Especializada sin seccion de ahorro;ATLÁNTICO;BARRANQUILLA;CRA 44 NRO 38 11 PISO 5;6053708;99;Otras actividades;ROSA QUESADA BARBESI;cooproductosc@gmail.com;3
650;CUNDINAMARCA;VILLAPINZON;SI;;;SI;2025-12-31;8048;12/31/2025 05:00:00 PM;DICIEMBRE;2025;COOPERATIVA MULTIACTIVA DE VILLAPINZON LTDA;COOMULVI  LTDA.;860-013-424-6;Multiactiva sin seccion de ahorro;CUNDINAMARCA;VILLAPINZÓN;CARRERA 4 NO 5-59;;9;Educacion;CARLOS ALBERTO GORDILLO HERNANDEZ;cooperativavilla05@hotmail.com;3
651;ANTIOQUIA;MEDELLIN;SI;;;SI;2025-12-31;15278;12/31/2025 05:00:00 PM;DICIEMBRE;2025;COOPERATIVA MULTIACTIVA DE VIUDAS & DISCAPACITADOS DE LA FUERZA PUBLICA;COODISPOL;900-599-081-2;Multiactiva sin seccion de ahorro;ANTIOQUIA;MEDELLÍN;CL 113 A A 64 B B 40;;99;Otras actividades;;coodispol@gmail.com;3
652;CUNDINAMARCA;VILLA DE SAN DIEGO DE UBATE;SI;;;SI;2025-12-31;864;12/31/2025 05:00:00 PM;DICIEMBRE;2025;COOPERATIVA MULTIACTIVA DE VIVIENDA POR AUTOGESTION Y AUTOFINANCIACION DEL MAGISTERIO DE LA PROVINCIA DE UBATE LIMITADA;COOVIMPRU LTDA;860-526-011-1;Multiactiva sin seccion de ahorro;CUNDINAMARCA;VILLA DE SAN DIEGO DE UBATÉ;CRA 2 4 02;;99;Otras actividades;NYDIA ESPERANZA AMAYA FORERO;coovimprultda@yahoo.es;3
653;CUNDINAMARCA;ZIPAQUIRA;SI;;;SI;2025-12-31;311;12/31/2025 05:00:00 PM;DICIEMBRE;2025;COOPERATIVA MULTIACTIVA DE ZIPAQUIRA;COOMULZIPA;860-016-125-2;Multiactiva sin seccion de ahorro;CUNDINAMARCA;ZIPAQUIRÁ;CARRERA 8 NO.7-36;;24;Servicios de credito;GUSTAVO RODRIGUEZ POVEDA;coomulzipa@hotmail.com;3
654;ATLÁNTICO;BARRANQUILLA;SI;;;SI;2025-12-31;20037;12/31/2025 05:00:00 PM;DICIEMBRE;2025;COOPERATIVA MULTIACTIVA DEL AGRO EN INNOVACION;;901-976-910-4;Multiactiva sin seccion de ahorro;ATLÁNTICO;BARRANQUILLA;CARRERA 42C NA?8 - 47 LC 1;6053852369;4;Agricola;;cooagroeninnovacion@gmail.com;3
655;NORTE DE SANTANDER;SAN JOSE DE CUCUTA;SI;;;NO;2017-12-31;12210;12/31/2017 05:00:00 PM;DICIEMBRE;2017;COOPERATIVA MULTIACTIVA DEL MERCADO NUESTRA SE??ORA DE LAS ANGUSTIAS;COOMERCAN;900-263-760-2;Multiactiva sin seccion de ahorro;NORTE DE SANTANDER;SAN JOSÉ DE CÚCUTA;CALLE 22 # 19-63 BARRIO SANTANDER MERCADO LAS ANGU;5822202;99;Otras actividades;JESUS GABRIEL SERRANO CORZO;yanethbarreto03@hotmail.com;3
656;ANTIOQUIA;VALPARAISO;SI;;;NO;2017-12-31;15479;12/31/2017 05:00:00 PM;DICIEMBRE;2017;COOPERATIVA MULTIACTIVA DEL MUNICIPIO DE VALPARAISO ANTIOQUIA;COOPEMVAL;900-296-840-5;Multiactiva sin seccion de ahorro;ANTIOQUIA;VALPARAÍSO;CALLE 10 7 A 40;8492066;13;Industria;ANGELA MARIA GARCIA;angelamariagarcia712@gmail.com;3
657;CUNDINAMARCA;FOMEQUE;SI;;;NO;2022-12-31;16024;12/31/2022 05:00:00 PM;DICIEMBRE;2022;COOPERATIVA MULTIACTIVA DEL ORIENTE CUNDINAMARQUES;COONVOCAR;901-530-938-5;Multiactiva sin seccion de ahorro;CUNDINAMARCA;FÓMEQUE;CRA 6 NO 5-47 OFICINA 101;;99;Otras actividades;JAVIER RODRIGO VARELA BARRETO;coonvocarcooperativa@gmail.com;3
658;CUNDINAMARCA;FUSAGASUGA;SI;;;SI;2026-06-30;5237;06/30/2026 05:00:00 PM;JUNIO;2026;COOPERATIVA MULTIACTIVA DEL SUMAPAZ;COOPSUMAPAZ;808-002-168-9;Multiactiva sin seccion de ahorro;CUNDINAMARCA;FUSAGASUGÁ;CL 17 A 12 76 BRR PIEDRA GRANDE;8684276;22;Salud;NUBIA NOVOA LOZANO;contabilidadcoopsumapaz@gmail.com;3
659;NORTE DE SANTANDER;EL TARRA;SI;;;NO;2024-12-31;16482;12/31/2024 12:00:00 AM;DICIEMBRE;2024;COOPERATIVA MULTIACTIVA DEL TARRA POR LA PAZ;COOMTARPAZ;901-616-408-4;Multiactiva sin seccion de ahorro;NORTE DE SANTANDER;EL TARRA;CA 236 - JARDINES;;4;Agricola;ELIECER CARDOZA AVENDA?O;coomtarpaz@gmail.com;3
660;ATLÁNTICO;BARRANQUILLA;SI;;;NO;2024-12-31;10225;12/31/2024 12:00:00 AM;DICIEMBRE;2024;COOPERATIVA MULTIACTIVA DUMIAL;DUMIALCOOP;900-014-681-1;Especializada sin seccion de ahorro;ATLÁNTICO;BARRANQUILLA;CL 39 43 110;5372375;24;Servicios de credito;ALEXANDER HERNANDEZ ANAYA;dumialcoop@metrotel.net.co;3
661;BOLÍVAR;CARTAGENA DE INDIAS;SI;;;SI;2025-12-31;16171;12/31/2025 05:00:00 PM;DICIEMBRE;2025;COOPERATIVA MULTIACTIVA EJEMPLAR;JECOOP;901-322-232-2;Especializada sin seccion de ahorro;BOLÍVAR;CARTAGENA DE INDIAS;CR 32 8 A 80 ED BANCO CAFETERO OF 303 B BRR CENTRO;6791035;24;Servicios de credito;;jecoop19@gmail.com;3
662;CUNDINAMARCA;MOSQUERA;SI;;;NO;2023-12-31;16347;12/31/2023 05:00:00 PM;DICIEMBRE;2023;COOPERATIVA MULTIACTIVA EMMANUEL APORTES & CREDITOS;COOPEMM A;901-716-251-4;Aportes y credito;CUNDINAMARCA;MOSQUERA;CRA 1 NUMERO 2-57 PISO 2;;99;Otras actividades;;coopemmac@gmail.com;3
663;NORTE DE SANTANDER;CONVENCION;SI;;;NO;2019-12-31;15623;12/31/2019 05:00:00 PM;DICIEMBRE;2019;COOPERATIVA MULTIACTIVA EMPRENDEDORES DE CAMPO ALEGRE;COOMULCAL;901-235-324-9;Multiactiva sin seccion de ahorro;NORTE DE SANTANDER;CONVENCIÓN;CRA 14 # 9B-14;;4;Agricola;DELMIS ANTONIO PALACIO FRANCO;coomulcal@gmail.com;3
664;NORTE DE SANTANDER;EL TARRA;SI;;;NO;2023-12-31;16222;12/31/2023 05:00:00 PM;DICIEMBRE;2023;COOPERATIVA MULTIACTIVA EMPRENDEDORES DE EL TARRA;COOEMPRENDERT;901-691-936-0;Multiactiva sin seccion de ahorro;NORTE DE SANTANDER;EL TARRA;CA KDX 39 121;;4;Agricola;;toro2429@gmail.com;3
665;NORTE DE SANTANDER;OCANA;SI;;;NO;2025-06-30;15788;06/30/2025 05:00:00 PM;JUNIO;2025;COOPERATIVA MULTIACTIVA EMPRENDEDORES UNIDOS KILOMETRO 84;COOMUN84;901-239-588-4;Multiactiva sin seccion de ahorro;NORTE DE SANTANDER;OCAÑA;VEREDA KILOMETRO 84;;99;Otras actividades;JUAN NELSON CRUZ CONTRERAS;coomun84@gmail.com;3
666;NORTE DE SANTANDER;EL TARRA;SI;;;NO;2023-06-30;16219;06/30/2023 05:00:00 PM;JUNIO;2023;COOPERATIVA MULTIACTIVA EMPRENDIMIENTO POR LA VIDA EL TARRA;COOEMPRENVIDT;901-692-111-6;Multiactiva sin seccion de ahorro;NORTE DE SANTANDER;EL TARRA;CORREGIMIENTO FILO GRINGO;;7;Pesca;;cristo10101993@hotmail.com;3
667;ATLÁNTICO;CAMPO DE LA CRUZ;SI;;;NO;2025-06-30;16514;06/30/2025 05:00:00 PM;JUNIO;2025;COOPERATIVA MULTIACTIVA EMPRESARIAL DEL SUR;COOMUEMPRESUR;901-229-654-1;Multiactiva sin seccion de ahorro;ATLÁNTICO;CAMPO DE LA CRUZ;CALLE 11 9 84;3600000;99;Otras actividades;ANGELICA MARIA VILLAMIZAR CASTILLO;coomuempresur@hotmail.com;3
668;ATLÁNTICO;BARRANQUILLA;SI;;;SI;2025-12-31;16656;12/31/2025 05:00:00 PM;DICIEMBRE;2025;COOPERATIVA MULTIACTIVA FAITHWORKS COOP;FAITHWORKS COOP;901-854-484-4;Multiactiva sin seccion de ahorro;ATLÁNTICO;BARRANQUILLA;CARRERA 53 NA? 90 - 133;6053025896;99;Otras actividades;;cooperativafaithworks@gmail.com;3
669;ATLÁNTICO;BARRANQUILLA;SI;;;NO;2023-12-31;15772;12/31/2023 05:00:00 PM;DICIEMBRE;2023;COOPERATIVA MULTIACTIVA FAMILIAR DE COMERCIO NACIONAL;COOPMILCENA;901-398-494-1;Multiactiva sin seccion de ahorro;ATLÁNTICO;BARRANQUILLA;CR 44 37 21 PISO 9 OF 903;3452111;99;Otras actividades;;lghb123@gmail.com;3
670;ATLÁNTICO;BARRANQUILLA;SI;;;NO;2024-06-30;15921;06/30/2024 12:00:00 AM;JUNIO;2024;COOPERATIVA MULTIACTIVA FINANCOOP DE LA COSTA;COFINANCOOP;901-344-727-0;Aportes y credito;ATLÁNTICO;BARRANQUILLA;CRA 44 90 58;;24;Servicios de credito;LUIS FERNANDO ACOSTA VELEZ;gerencia@financoop.com.co;3
671;ATLÁNTICO;BARRANQUILLA;SI;;;SI;2025-12-31;16016;12/31/2025 05:00:00 PM;DICIEMBRE;2025;COOPERATIVA MULTIACTIVA FLYCOOP;FLYCOOP;901-572-854-5;Multiactiva sin seccion de ahorro;ATLÁNTICO;BARRANQUILLA;CL 44 22 53;;99;Otras actividades;;cooperativaflycoop@gmail.com;3
672;ATLÁNTICO;BARRANQUILLA;SI;;;NO;2021-12-31;15608;12/31/2021 05:00:00 PM;DICIEMBRE;2021;COOPERATIVA MULTIACTIVA FREELINE;COOPFREELINE;901-319-213-1;Multiactiva sin seccion de ahorro;ATLÁNTICO;BARRANQUILLA;CR 53 NO 82 - 26 OFC 211;3321797;99;Otras actividades;ENRIQUE JOYA CENTENO;coop_freeline@hotmail.com;3
673;ANTIOQUIA;DABEIBA;SI;;;SI;2025-12-31;16109;12/31/2025 05:00:00 PM;DICIEMBRE;2025;COOPERATIVA MULTIACTIVA FUTUROS DE PAZ;COOMUFUPAZ;901-149-687-9;Multiactiva sin seccion de ahorro;ANTIOQUIA;DABEIBA;KM 11 VIA DABEIBA MUTATA;;4;Agricola;;futurosdepaz2020@gmail.com;3
674;ATLÁNTICO;SOLEDAD;SI;;;SI;2025-12-31;13758;12/31/2025 05:00:00 PM;DICIEMBRE;2025;COOPERATIVA MULTIACTIVA GESTORAS DEL DESARROLLO EN COLOMBIA;COOMULGEDESCO;830-510-073-7;Multiactiva sin seccion de ahorro;ATLÁNTICO;SOLEDAD;CR 51 A 18 78;3179420;9;Educacion;CARMEN ELENA POSADA;gestorasdeldesarrollo@yahoo.es;3
675;ATLÁNTICO;BARRANQUILLA;SI;;;NO;2019-12-31;15668;12/31/2019 05:00:00 PM;DICIEMBRE;2019;COOPERATIVA MULTIACTIVA HAGACOOP;HAGACOOP;901-291-299-0;Multiactiva sin seccion de ahorro;ATLÁNTICO;BARRANQUILLA;CALLE 38 N 41-84 PI 2 OF 2020;3700496;24;Servicios de credito;ERNESTO DAVID AFANADOR GARCIA;cooperativahaga@gmail.com;3
676;CUNDINAMARCA;COTA;SI;;;NO;2018-06-30;15250;06/30/2018 05:00:00 PM;JUNIO;2018;COOPERATIVA MULTIACTIVA HIL + ART DE COTA;COOPHIL+ART;901-026-912-3;Multiactiva sin seccion de ahorro;CUNDINAMARCA;COTA;CARRERA 5 NO 13-15 OFICINA 202;8775603;99;Otras actividades;OLGA RUTH ALARCON BAQUERO;hilosartesanos_cota@hotmail.com;3
677;ATLÁNTICO;BARRANQUILLA;SI;;;SI;2026-06-30;4897;06/30/2026 05:00:00 PM;JUNIO;2026;COOPERATIVA MULTIACTIVA INTEGRAL DE PROFESIONALES;COOPROF;830-086-216-4;Multiactiva sin seccion de ahorro;ATLÁNTICO;BARRANQUILLA;CALLE 39 43-62;3411548;24;Servicios de credito;OMAR OSWALDO RUIZ MALAVER;gerencia@cooperativacooprof.com;3
678;ATLÁNTICO;BARRANQUILLA;SI;;;NO;2022-12-31;13138;12/31/2022 05:00:00 PM;DICIEMBRE;2022;COOPERATIVA MULTIACTIVA INTEGRAL DE SOLIDARIDAD;COOPMULTIPRISSA;900-270-571-6;Multiactiva sin seccion de ahorro;ATLÁNTICO;BARRANQUILLA;CL 70 B 41 132 OF 7;;24;Servicios de credito;MARIA FERNANDA ISAZA FORERO;gerencia.coopmultiprissa@gmail.com;3
679;CUNDINAMARCA;COTA;SI;;;SI;2025-12-31;15308;12/31/2025 05:00:00 PM;DICIEMBRE;2025;COOPERATIVA MULTIACTIVA INVERSOES POR COLOMBIA;COOPINVERSORES;901-074-930-0;Multiactiva sin seccion de ahorro;CUNDINAMARCA;COTA;AUT MEDELLIN KM 3 PUNTO 5 VIA BOGOTA SIBERIA TER T;;99;Otras actividades;;contacto@inversoresporcolombia.com;3
680;ATLÁNTICO;BARRANQUILLA;SI;;;SI;2025-12-31;13714;12/31/2025 05:00:00 PM;DICIEMBRE;2025;COOPERATIVA MULTIACTIVA J.N. ASOCIADOS;J.N ASOCIADOS;900-623-300-3;Multiactiva sin seccion de ahorro;ATLÁNTICO;BARRANQUILLA;CL 39 43 50 PI 2 OF 203;3516578;24;Servicios de credito;JAVIER TUNDENO VILLARREAL;j.nasociados@hotmail.com;3
681;ATLÁNTICO;BARRANQUILLA;SI;;;NO;2021-06-30;15931;06/30/2021 05:00:00 PM;JUNIO;2021;COOPERATIVA MULTIACTIVA JULCAR;COOMULTIJULCAR;901-031-602-5;Integral sin seccion de ahorro;ATLÁNTICO;BARRANQUILLA;CARRERA 45 54 22;3101541;99;Otras actividades;;coomultijulcar@gmail.com;3
682;NORTE DE SANTANDER;EL TARRA;SI;;;NO;2023-06-30;16220;06/30/2023 05:00:00 PM;JUNIO;2023;COOPERATIVA MULTIACTIVA JUVENTUD EMPRENDEDORA DEL CATATUMBO;COOPJUVEMCA;901-692-713-1;Multiactiva sin seccion de ahorro;NORTE DE SANTANDER;EL TARRA;CALLE CENTRAL NO 58;;12;Consumo (comercio);;mariiarondon2498@gmail.com;3
683;ATLÁNTICO;BARRANQUILLA;SI;;;SI;2026-06-30;4887;06/30/2026 05:00:00 PM;JUNIO;2026;COOPERATIVA MULTIACTIVA LA CARIOCA;CARIOCA;802-019-134-1;Multiactiva sin seccion de ahorro;ATLÁNTICO;BARRANQUILLA;CL 39 # 43-112;5379631;1;Intermediacion financiera;HERNA JOSE RIVERO MORALES;carioca@metrotel.net.co;3
684;ATLÁNTICO;BARRANQUILLA;SI;;;NO;2024-12-31;13749;12/31/2024 12:00:00 AM;DICIEMBRE;2024;COOPERATIVA MULTIACTIVA LA HERMANDAD EN ASESORIAS Y SERVICIOS;COOMULTIHERAS;900-665-327-1;Multiactiva sin seccion de ahorro;ATLÁNTICO;BARRANQUILLA;CL 39 43 123 OF H18;3722615;24;Servicios de credito;ALVARO ANTONIO HERAS DADUL;coomultiheras@gmail.com;3
685;ATLÁNTICO;BARRANQUILLA;SI;;;SI;2025-12-31;15460;12/31/2025 05:00:00 PM;DICIEMBRE;2025;COOPERATIVA MULTIACTIVA LAGUMED;LAGUMED;901-217-726-1;Multiactiva sin seccion de ahorro;ATLÁNTICO;BARRANQUILLA;CL 37 # 43 - 164 LOCAL 207;;24;Servicios de credito;;lagumed.sf@gmail.com;3
686;ANTIOQUIA;MEDELLIN;SI;;;SI;2025-12-31;20010;12/31/2025 05:00:00 PM;DICIEMBRE;2025;COOPERATIVA MULTIACTIVA LAND GOLD COLOMBIA;;901-924-120-1;Multiactiva sin seccion de ahorro;ANTIOQUIA;MEDELLÍN;CARRERA 43 a 19 17 OFICINA 331;3013890707;8;Mineria;;contabilidad@landgoldcolombia.com;3
687;ANTIOQUIA;PUERTO TRIUNFO;SI;;;NO;2020-06-30;13674;06/30/2020 05:00:00 PM;JUNIO;2020;COOPERATIVA MULTIACTIVA LECHERA DE PUERTO TRIUNFO;COLETRIUNFO;811-011-874-1;Multiactiva sin seccion de ahorro;ANTIOQUIA;PUERTO TRIUNFO;DG 25 2580 LC 102 CORR DORADAL;8342233;99;Otras actividades;GABRIEL MEJIA PALACIO;cooletriunfo@hotmail.com;3
688;NORTE DE SANTANDER;EL TARRA;SI;;;NO;2025-06-30;15629;06/30/2025 05:00:00 PM;JUNIO;2025;COOPERATIVA MULTIACTIVA LOS BALSOS EL TARRA;COOMUBALTAR;901-235-343-9;Multiactiva sin seccion de ahorro;NORTE DE SANTANDER;EL TARRA;CALLE 15 8-06;;99;Otras actividades;ROBINSON DAMIAN AGUDELO CONTRERAS;coomubaltar@gmail.com;3
689;ATLÁNTICO;BARRANQUILLA;SI;;;SI;2025-12-31;2873;12/31/2025 05:00:00 PM;DICIEMBRE;2025;COOPERATIVA MULTIACTIVA LOS OLIVOS;COOLIVOS;800-176-286-7;Aportes y credito;ATLÁNTICO;BARRANQUILLA;CALLE 112 E 22 45;3064644;99;Otras actividades;RUBEN ANTONIO GUERRERO AVENDA??O;contabilidad@coolivos.com;3
690;CUNDINAMARCA;PUERTO SALGAR;SI;;;SI;2026-06-30;114;06/30/2026 05:00:00 PM;JUNIO;2026;COOPERATIVA MULTIACTIVA LOS TRABAJADORES Y PENSIONADOS DE ECOPETROL;COOPADUCTOS;860-524-971-6;Multiactiva sin seccion de ahorro;CUNDINAMARCA;PUERTO SALGAR;CALLE 10 # 11A-28 CLUB 25 DE AGOSTO;;24;Servicios de credito;MARIA CLEMENCIA GOMEZ JIMENEZ;coopaductosltda@hotmail.com;3
691;ATLÁNTICO;BARRANQUILLA;SI;;;SI;2026-06-30;15638;06/30/2026 05:00:00 PM;JUNIO;2026;COOPERATIVA MULTIACTIVA LOS TRES OCHO;COOTREO;901-230-909-4;Multiactiva sin seccion de ahorro;ATLÁNTICO;BARRANQUILLA;CRA 19 #45D-23;3855843;24;Servicios de credito;;lostresocho@hotmail.com;3
692;ANTIOQUIA;URRAO;SI;;;NO;2024-12-31;16158;12/31/2024 12:00:00 AM;DICIEMBRE;2024;COOPERATIVA MULTIACTIVA MAND??;COOMAND??;901-379-312-9;Multiactiva sin seccion de ahorro;ANTIOQUIA;URRAO;COMUNIDAD MANDE;7531495;4;Agricola;JUAN ANGEL CUESTAS SANTOS;cooperativacoomande@gmail.com;3
693;ANTIOQUIA;BARBOSA;SI;;;NO;2025-06-30;1486;06/30/2025 05:00:00 PM;JUNIO;2025;COOPERATIVA MULTIACTIVA   MANUEL  POSSO MEJIA;COOMAPOL;890-982-518-5;Multiactiva sin seccion de ahorro;ANTIOQUIA;BARBOSA;CR 11 15 41;4063026;9;Educacion;LUZ ESTELLA FRANCO CORREA;coomapol@gmail.com;3
694;ATLÁNTICO;BARRANQUILLA;SI;;;NO;2020-12-31;11923;12/31/2020 05:00:00 PM;DICIEMBRE;2020;COOPERATIVA MULTIACTIVA MAPECOOP;MAPECOOP;900-175-431-7;Multiactiva sin seccion de ahorro;ATLÁNTICO;BARRANQUILLA;CALLE 70B NO 41-132 OFICINA 7;;24;Servicios de credito;MARIA FERNANDA ISAZA FORERO;mapecoop@gmail.com;3
695;ATLÁNTICO;BARRANQUILLA;SI;;;SI;2025-12-31;16118;12/31/2025 05:00:00 PM;DICIEMBRE;2025;COOPERATIVA MULTIACTIVA MEJOR VIVIR;COOMEVIR;901-610-528-2;Aportes y credito;ATLÁNTICO;BARRANQUILLA;CALLE 42 NO 41-42;;1;Intermediacion financiera;;coomevir2@gmail.com;3
696;BOLÍVAR;CARTAGENA DE INDIAS;SI;;;NO;2018-12-31;4987;12/31/2018 05:00:00 PM;DICIEMBRE;2018;COOPERATIVA MULTIACTIVA MELANY  LTDA;COOMULMELANY;806-003-407-1;Multiactiva sin seccion de ahorro;BOLÍVAR;CARTAGENA DE INDIAS;EDIF.CONCASA PISO 6 OF.604;6644748;24;Servicios de credito;WILMAN DIAZ CALDERA;coomulmelany33@yahoo.es;3
697;ATLÁNTICO;BARRANQUILLA;SI;;;SI;2025-12-31;13099;12/31/2025 05:00:00 PM;DICIEMBRE;2025;COOPERATIVA MULTIACTIVA MERCAR;COOMULTIMERCAR;802-019-619-1;Multiactiva sin seccion de ahorro;ATLÁNTICO;BARRANQUILLA;CALLE 42 N 41 72 OF 6 P 2;;24;Servicios de credito;DIANA MARTINEZ GUARNIZO;coomultimercar@hotmail.com;3
698;ATLÁNTICO;BARRANQUILLA;SI;;;NO;2019-12-31;15598;12/31/2019 05:00:00 PM;DICIEMBRE;2019;COOPERATIVA MULTIACTIVA MERKASEO;COOMULMERK;901-276-855-3;Multiactiva sin seccion de ahorro;ATLÁNTICO;BARRANQUILLA;CRA 2G 49F25;;12;Consumo (comercio);YANITH DEL CARMEN DIAZ SEPULVEDA;merkaseo@outlook.com;3
699;NORTE DE SANTANDER;SAN JOSE DE CUCUTA;SI;;;NO;2023-06-30;16083;06/30/2023 05:00:00 PM;JUNIO;2023;COOPERATIVA MULTIACTIVA MINERO ENERGETICA DEL CATATUMBO;COOMINEC;901-283-945-7;Multiactiva sin seccion de ahorro;NORTE DE SANTANDER;SAN JOSÉ DE CÚCUTA;AV 4 11 17 OF 501 EDIFICIO BENHUR;;8;Mineria;;coominec@gmail.com;3
700;BOLÍVAR;CARTAGENA DE INDIAS;SI;;;NO;2021-12-31;15937;12/31/2021 05:00:00 PM;DICIEMBRE;2021;COOPERATIVA MULTIACTIVA MONTES DE MARIA;EMMCOOP;901-232-768-1;Multiactiva sin seccion de ahorro;BOLÍVAR;CARTAGENA DE INDIAS;CRA 43 A 18 48 BARRIO ABAJO;;4;Agricola;;mariaejaraba2012@hotmail.com;3
701;NORTE DE SANTANDER;EL TARRA;SI;;;NO;2023-12-31;16226;12/31/2023 05:00:00 PM;DICIEMBRE;2023;COOPERATIVA MULTIACTIVA MUJERES EMPRENDEDORAS DEL LIBANO EL TARRA;COOMELT;901-691-603-3;Multiactiva sin seccion de ahorro;NORTE DE SANTANDER;EL TARRA;CA KDX 93 1;;12;Consumo (comercio);;luzmery8820@gmail.com;3
702;NORTE DE SANTANDER;PAMPLONA;SI;;;SI;2025-12-31;3254;12/31/2025 05:00:00 PM;DICIEMBRE;2025;COOPERATIVA MULTIACTIVA MULTIFAMILIAR;COOACRETUR LTDA;807-001-569-0;Multiactiva sin seccion de ahorro;NORTE DE SANTANDER;PAMPLONA;CALLE 8 # 5-44 CENTRO;7680497;24;Servicios de credito;JORGE ENRIQUE JAIMES CRUZ;cooacretur96@gmail.com;3
703;ATLÁNTICO;BARRANQUILLA;SI;;;NO;2023-12-31;15945;12/31/2023 05:00:00 PM;DICIEMBRE;2023;COOPERATIVA MULTIACTIVA NACIONAL DE DESARROLLO SOCIAL;COONALSOCIAL;900-964-508-0;Multiactiva sin seccion de ahorro;ATLÁNTICO;BARRANQUILLA;CR 42 33 30 OF 5 C;3411857;12;Consumo (comercio);;coonalsocialgerencia@gmail.com;3
704;NORTE DE SANTANDER;OCANA;SI;;;NO;2024-12-31;16647;12/31/2024 12:00:00 AM;DICIEMBRE;2024;COOPERATIVA MULTIACTIVA NUEVA GENERACION DE PRODUCTORES AGROPECUARIOS DE OCA??A;COAGROCA??A;901-852-670-9;Multiactiva sin seccion de ahorro;NORTE DE SANTANDER;OCAÑA;CLL 12 # 7 -25 BRR CEMENTERIO CENTRAL;;4;Agricola;MAYRA ALEJANDRA ANGARITA CORONEL;coagroocanacomercial@gmail.com;3
705;NORTE DE SANTANDER;CONVENCION;SI;;;NO;2022-06-30;15784;06/30/2022 05:00:00 PM;JUNIO;2022;COOPERATIVA MULTIACTIVA ORGANIZADA PARA EL PROGRESO Y LA UNIDAD DEL CHAMBACU;COOPUCH;901-235-331-0;Multiactiva sin seccion de ahorro;NORTE DE SANTANDER;CONVENCIÓN;CALLE 5 16 11;;99;Otras actividades;;coopuch@gmail.com;3
706;ANTIOQUIA;MEDELLIN;SI;;;NO;2024-12-31;16248;12/31/2024 12:00:00 AM;DICIEMBRE;2024;COOPERATIVA MULTIACTIVA PARA EL DESAROLLO SOCIAL Y SOSTENIBLE;COOMUDESS;901-498-093-0;Multiactiva sin seccion de ahorro;ANTIOQUIA;MEDELLÍN;CALLE 80 - 80;;99;Otras actividades;CRISTIAN GUEVARA;coomudess@gmail.com;3
707;ANTIOQUIA;YONDO;SI;;;SI;2025-12-31;16483;12/31/2025 05:00:00 PM;DICIEMBRE;2025;COOPERATIVA MULTIACTIVA PARA EL DESARROLLO DEL MAGDALENA MEDIO;COOMULDEMM;901-141-052-6;Multiactiva sin seccion de ahorro;ANTIOQUIA;YONDÓ;VDA SAN FRANSISCO NAR OMARIA DIAZ;;4;Agricola;;coomuldemm17@gmail.com;3
708;ANTIOQUIA;ANORI;SI;;;NO;2024-12-31;16089;12/31/2024 12:00:00 AM;DICIEMBRE;2024;COOPERATIVA MULTIACTIVA PARA EL DESARROLLO ECONOMICO Y SOCIAL DEL NORTE DE ANTIOQUIA;COOMULDESNA;901-144-011-8;Multiactiva sin seccion de ahorro;ANTIOQUIA;ANORÍ;VEREDE LA PLANCHA;;99;Otras actividades;YOHN ALBERTO MONTOYA MONTOYA;coomuldesna@gmail.com;3
709;ATLÁNTICO;BARRANQUILLA;SI;;;SI;2026-06-30;16539;06/30/2026 05:00:00 PM;JUNIO;2026;COOPERATIVA MULTIACTIVA PARA EL DESARROLLO EMPRESARIAL;COOPMARKA;900-207-696-0;Aportes y credito;ATLÁNTICO;BARRANQUILLA;CL 57 27 103;;24;Servicios de credito;;luis.amellcontadores@gmail.com;3
710;ANTIOQUIA;CAUCASIA;SI;;;NO;2022-06-30;16090;06/30/2022 05:00:00 PM;JUNIO;2022;COOPERATIVA MULTIACTIVA PARA EL DESARROLLO INDUSTRIAL AGROPECUARIO DEL BAJO CAUCA;DIA;901-557-523-1;Multiactiva sin seccion de ahorro;ANTIOQUIA;CAUCASIA;CALLE 30 20 42;;4;Agricola;;cooperativadia2020@gmail.com;3
711;BOLÍVAR;SAN JACINTO;SI;;;NO;2024-12-31;16300;12/31/2024 12:00:00 AM;DICIEMBRE;2024;COOPERATIVA MULTIACTIVA PARA EL DESARROLLO INTEGRAL DE LOS MONTES DE MARIA;COOMULDIM;901-361-956-2;Multiactiva sin seccion de ahorro;BOLÍVAR;SAN JACINTO;CRA 38 BR 18 DE OCT;;99;Otras actividades;RAFAEL GUSTAVO RUIZ CARBAL;coomuldim@gmail.com;3
712;ATLÁNTICO;BARRANQUILLA;SI;;;NO;2023-12-31;11809;12/31/2023 05:00:00 PM;DICIEMBRE;2023;COOPERATIVA MULTIACTIVA PARA EL DESARROLLO MICROEMPRESARIALES;COORODART;900-198-737-4;Multiactiva sin seccion de ahorro;ATLÁNTICO;BARRANQUILLA;CRA 44 NO. 41-30 OFICINA 202;;99;Otras actividades;JOSE RODRIGUEZ CASTRO;coorodart@hotmail.com;3
713;ATLÁNTICO;BARRANQUILLA;SI;;;NO;2023-12-31;15474;12/31/2023 05:00:00 PM;DICIEMBRE;2023;COOPERATIVA MULTIACTIVA PARA EL EMPRENDIMIENTO LABORAL EMPRESARIAL Y SOCIAL;COOMUEMLABORAL;901-244-484-7;Multiactiva sin seccion de ahorro;ATLÁNTICO;BARRANQUILLA;CL 44  43  109 OF 511;3311786;99;Otras actividades;;coomuemlaboral@hotmail.com;3
714;ANTIOQUIA;REMEDIOS;SI;;;NO;2024-12-31;16157;12/31/2024 12:00:00 AM;DICIEMBRE;2024;COOPERATIVA MULTIACTIVA PARA EL PROGRESO DEL NORDESTE ANTIOQUE??O;COOMUPRON;901-137-460-2;Aportes y credito;ANTIOQUIA;REMEDIOS;FINCA LAS CLARAS VEREDA CARRIZAL;;4;Agricola;PEDRO TRUJILLO HERNANDEZ;coomupron@gmail.com;3
715;ATLÁNTICO;BARRANQUILLA;SI;;;SI;2025-12-31;12317;12/31/2025 05:00:00 PM;DICIEMBRE;2025;COOPERATIVA MULTIACTIVA PARA EMPLEADOS COOEMPLEADORES;COOEMPLEADORES;802-022-633-6;Multiactiva sin seccion de ahorro;ATLÁNTICO;BARRANQUILLA;CL 45 43-105;;24;Servicios de credito;ANA MILENA ZAPATA VERGARA;cooempleadores@hotmail.com;3
716;ATLÁNTICO;BARRANQUILLA;SI;;;NO;2022-12-31;13841;12/31/2022 05:00:00 PM;DICIEMBRE;2022;COOPERATIVA MULTIACTIVA PARA LA SUPERACION Y EL DESARROLLO COLECTIVO;SUDECOOP;900-705-680-1;Multiactiva sin seccion de ahorro;ATLÁNTICO;BARRANQUILLA;CR 59 66 86;;24;Servicios de credito;MARCO ANDRES DUQUE AGUILERA;sudecoop@gmail.com;3
717;ATLÁNTICO;BARRANQUILLA;SI;;;SI;2025-12-31;15328;12/31/2025 05:00:00 PM;DICIEMBRE;2025;COOPERATIVA MULTIACTIVA PARA LA VITALIDAD DEL ADULTO MAYOR;VITAMCOOP;901-101-456-7;Multiactiva sin seccion de ahorro;ATLÁNTICO;BARRANQUILLA;CL 39 NO. 41-131 OFI 304;3045653;24;Servicios de credito;;info@vitamcoop.org;3
718;NORTE DE SANTANDER;SAN JOSE DE CUCUTA;SI;;;NO;2022-12-31;3272;12/31/2022 05:00:00 PM;DICIEMBRE;2022;COOPERATIVA MULTIACTIVA PARA LOS DOCENTES COLOMBIANOS LTDA;COMULDOCOL;807-001-028-8;Multiactiva sin seccion de ahorro;NORTE DE SANTANDER;SAN JOSÉ DE CÚCUTA;AVENIDA 5 #9-58 OFICINA 209 EDIFICIO MUTUO AUXILIO;;24;Servicios de credito;LUZ KARIME PALENCIA ESPINEL;comuldocoltesoreria@gmail.com;3
719;CUNDINAMARCA;LA CALERA;SI;;;SI;2025-12-31;1235;12/31/2025 05:00:00 PM;DICIEMBRE;2025;COOPERATIVA MULTIACTIVA PAULO VI COOPPAVI;COOPPAVI;860-025-469-9;Multiactiva sin seccion de ahorro;CUNDINAMARCA;LA CALERA;AV 2 # 7- 60;8757710;9;Educacion;DORA LUCIA DIAZ DE VENEGAS;contabilidad@ccpaulovi.edu.co;3
720;NORTE DE SANTANDER;SAN JOSE DE CUCUTA;SI;;;SI;2025-12-31;16486;12/31/2025 05:00:00 PM;DICIEMBRE;2025;COOPERATIVA MULTIACTIVA PAZ COMUN;COMPAC;901-606-812-4;Multiactiva sin seccion de ahorro;NORTE DE SANTANDER;SAN JOSÉ DE CÚCUTA;AV 1 NRO 5-55 - LLERAS RESTREPO;;4;Agricola;;pazcompac@gmail.com;3
721;ANTIOQUIA;PENOL;SI;;;NO;2024-06-30;13540;06/30/2024 12:00:00 AM;JUNIO;2024;COOPERATIVA MULTIACTIVA PENOL ARCESIO BOTERO;COOMPAB;900-529-142-4;Multiactiva sin seccion de ahorro;ANTIOQUIA;PEÑOL;EDIFICIO LA MILAGRO P 4;8515342;13;Industria;LUIS GUILLERMO CIRO VERGARA;contabilidad@coompab.com.co;3
722;ANTIOQUIA;CALDAS;SI;;;NO;2018-12-31;11847;12/31/2018 05:00:00 PM;DICIEMBRE;2018;COOPERATIVA MULTIACTIVA PENSAR TRANSPORTADORES;COOPENSAR TRANS;900-218-488-2;Multiactiva sin seccion de ahorro;ANTIOQUIA;CALDAS;CRA 50 160 SUR 78 PRIMAVERA;3386378;99;Otras actividades;MARIBEL LOPEZ CASTRILLON;coopensartrans@hotmail.com;3
723;NORTE DE SANTANDER;SAN CALIXTO;SI;;;SI;2025-12-31;16529;12/31/2025 05:00:00 PM;DICIEMBRE;2025;COOPERATIVA MULTIACTIVA POR EL DESARROLLO Y LA PAZ DEL CATATUMBO COODEPAZC;COODEPAZC;901-410-836-8;Multiactiva sin seccion de ahorro;NORTE DE SANTANDER;SAN CALIXTO;VEREDA CASAS VIEJAS FINCA LOS MANGOS;;4;Agricola;;coodepazc2022@gmail.com;3
724;ATLÁNTICO;BARRANQUILLA;SI;;;SI;2025-12-31;13762;12/31/2025 05:00:00 PM;DICIEMBRE;2025;COOPERATIVA MULTIACTIVA POSITIVA DEL CARIBE;COOMULPOCAR;900-630-212-2;Multiactiva sin seccion de ahorro;ATLÁNTICO;BARRANQUILLA;CALLE 38 NRO 41-39 OF 301;;99;Otras actividades;DELKYS YELIANA SERPA VERGARA;coomulpocar@hotmail.com;3
725;ATLÁNTICO;BARRANQUILLA;SI;;;NO;2021-06-30;10706;06/30/2021 05:00:00 PM;JUNIO;2021;COOPERATIVA MULTIACTIVA PRESTADORA DE SERVICIOS;COOMULTIPRESS;830-506-946-6;Multiactiva sin seccion de ahorro;ATLÁNTICO;BARRANQUILLA;CL 39 43 123  PISO 2 OF A4;;99;Otras actividades;YOVANNY ARMANDO CARDONA OROZCO;coomultipress@hotmail.com;3
726;ATLÁNTICO;BARRANQUILLA;SI;;;NO;2022-12-31;15953;12/31/2022 05:00:00 PM;DICIEMBRE;2022;COOPERATIVA MULTIACTIVA PRESTADORA DE SERVICIOS CREDITOS SUPERIOR;COOPCREDITOSUPERIOR;901-490-280-5;Multiactiva sin seccion de ahorro;ATLÁNTICO;BARRANQUILLA;CALLE 39 # 41 - 84;;99;Otras actividades;INGIRD LILIANA GUALTERO TORRES;coopcreditosuperior@gmail.com;3
727;ATLÁNTICO;BARRANQUILLA;SI;;;NO;2018-06-30;15417;06/30/2018 05:00:00 PM;JUNIO;2018;COOPERATIVA MULTIACTIVA PRESTADORA DE SERVICIOS NACIONALES;COOPSENAL;900-415-942-1;Multiactiva sin seccion de ahorro;ATLÁNTICO;BARRANQUILLA;CALLE 78 NO. 55-100 OF 6C;3459089;99;Otras actividades;FELISA DE JESUS GOMEZ DE GUEVARA;coopse2018@gmail.com;3
728;NORTE DE SANTANDER;EL TARRA;SI;;;NO;2023-12-31;16221;12/31/2023 05:00:00 PM;DICIEMBRE;2023;COOPERATIVA MULTIACTIVA PRODUCTORES DE HORTALIZAS Y FRUTAS DEL CATATUMBO;COOPROHORCAT;901-691-849-8;Multiactiva sin seccion de ahorro;NORTE DE SANTANDER;EL TARRA;CA KDX 87 VEREDA TARRA SUR;;4;Agricola;;felixvack@gmail.com;3
729;ATLÁNTICO;BARRANQUILLA;SI;;;SI;2025-12-31;15338;12/31/2025 05:00:00 PM;DICIEMBRE;2025;COOPERATIVA MULTIACTIVA PROYECTAMOS CARIBE;PROYECTAMOS CARIBE;901-089-324-2;Multiactiva sin seccion de ahorro;ATLÁNTICO;BARRANQUILLA;CALLE 42 41 72 OF 5 P 1;;24;Servicios de credito;;gerencia@proyectamoscaribe.com;3
730;ATLÁNTICO;BARRANQUILLA;SI;;;NO;2022-06-30;15650;06/30/2022 05:00:00 PM;JUNIO;2022;COOPERATIVA MULTIACTIVA RECIMAXI;COORECIMAX;901-248-946-6;Multiactiva sin seccion de ahorro;ATLÁNTICO;BARRANQUILLA;C L 110 B 17 A 93;3004348;19;Aseo mantenimiento y reciclaje;ANGELO ENRIQUE FERRO DIAZ;cooperativamultiactivarecimaxi@hotmail.com;3
731;ANTIOQUIA;MARINILLA;SI;;;NO;2024-06-30;15737;06/30/2024 12:00:00 AM;JUNIO;2024;COOPERATIVA MULTIACTIVA REVIVIR COOMUN;COOMUN;901-209-760-7;Multiactiva sin seccion de ahorro;ANTIOQUIA;MARINILLA;CLL 29 A 4028;;12;Consumo (comercio);WILMAN HERNAN SERNA LOPEZ;coomuncoperativa@gmail.com;3
732;ATLÁNTICO;BARRANQUILLA;SI;;;NO;2024-12-31;12041;12/31/2024 12:00:00 AM;DICIEMBRE;2024;COOPERATIVA MULTIACTIVA ROSSMAR COOROSSMAR;COOROSSMAR;900-019-098-1;Multiactiva sin seccion de ahorro;ATLÁNTICO;BARRANQUILLA;CALLE 39  43 59 P2;3404487;99;Otras actividades;HILLER JUAN FRUTO CORRALES;coorossmarbq@hotmail.com;3
733;ANTIOQUIA;ITAGUI;SI;;;NO;2023-12-31;10356;12/31/2023 05:00:00 PM;DICIEMBRE;2023;COOPERATIVA MULTIACTIVA SAN JUAN;COOP SAN JUAN;900-028-292-0;Multiactiva sin seccion de ahorro;ANTIOQUIA;ITAGÜÍ;CRA 48 85-220;3610423;12;Consumo (comercio);GERMAN ALEXANDER VELEZ OROZCO;administracion@cosanjuan.com;3
734;NORTE DE SANTANDER;CHINACOTA;SI;;;SI;2025-12-31;11368;12/31/2025 05:00:00 PM;DICIEMBRE;2025;COOPERATIVA MULTIACTIVA SAN LUIS GONZAGA DE CHINACTOA;COOPMSALUISGONZAGA;900-104-259-2;Multiactiva sin seccion de ahorro;NORTE DE SANTANDER;CHINÁCOTA;CALLE 5 NA? 3 - 58 LOCAL 102;;99;Otras actividades;LEYDI VIVIANA CONTRERAS FLOREZ;cmasanluisgonzaga@hotmail.com;3
735;ANTIOQUIA;SAN RAFAEL;SI;;;SI;2026-06-30;6985;06/30/2026 05:00:00 PM;JUNIO;2026;COOPERATIVA MULTIACTIVA SAN RAFAEL;COOPERATIVA MULTIACTIVA;800-034-310-7;Multiactiva sin seccion de ahorro;ANTIOQUIA;SAN RAFAEL;CR 18A NO 13 - 27;;99;Otras actividades;JOSE NICOLAS CIFUENTES MARIN;cooperativamultiactivasr@yahoo.es;3
736;ANTIOQUIA;MEDELLIN;SI;;;SI;2025-12-31;1647;12/31/2025 05:00:00 PM;DICIEMBRE;2025;COOPERATIVA MULTIACTIVA SANTA ELENA LTDA;COOPASANA;890-907-370-3;Multiactiva sin seccion de ahorro;ANTIOQUIA;MEDELLÍN;CRA 40 ESTE 10 12;3214518045;12;Consumo (comercio);DIANA PATRICIA HINCAPIE QUINTANA;coopasanagestiondocumental@gmail.com;3
737;ANTIOQUIA;APARTADO;SI;;;SI;2025-12-31;16511;12/31/2025 05:00:00 PM;DICIEMBRE;2025;COOPERATIVA MULTIACTIVA SENDEROS DE PAZ SAN JOSE;COOMUSEPAZ SAN JOSE;901-483-506-5;Multiactiva sin seccion de ahorro;ANTIOQUIA;APARTADÓ;CORR SAN JOS?? DE APARTADO AV PRINCIPAL;;99;Otras actividades;;coomusepazsanjose@gmail.com;3
738;ANTIOQUIA;MEDELLIN;SI;;;SI;2025-12-31;15964;12/31/2025 05:00:00 PM;DICIEMBRE;2025;COOPERATIVA MULTIACTIVA SERINTEGROUP;SERINTEGROUP;901-538-625-1;Multiactiva sin seccion de ahorro;ANTIOQUIA;MEDELLÍN;CR 50 FF 8 SUR 27;;8;Mineria;;tesoreria@serintegroup.com.co;3
739;ANTIOQUIA;MEDELLIN;SI;;;SI;2025-12-31;1444;12/31/2025 05:00:00 PM;DICIEMBRE;2025;COOPERATIVA MULTIACTIVA SOLIDARIA COOMUTUAL;COOMUTUAL;800-246-303-5;Multiactiva sin seccion de ahorro;ANTIOQUIA;MEDELLÍN;CARRERA 36B # 75B-42;4769117;14;Servicios funerarios;RAUL ANTONIO RESTREPO GARCIA;hbolivarb@gmail.com;3
740;ATLÁNTICO;BARRANQUILLA;SI;;;NO;2023-12-31;15905;12/31/2023 05:00:00 PM;DICIEMBRE;2023;COOPERATIVA MULTIACTIVA SOLIDARIA DE CREDITO Y SERVICIOS PARA EL FUTURO;FUTURCOOM;901-466-330-4;Multiactiva sin seccion de ahorro;ATLÁNTICO;BARRANQUILLA;CL 39 43 123 OF 6 G P 8 ED LAS FLORES;;24;Servicios de credito;;futurcoom@gmail.com;3
741;ATLÁNTICO;BARRANQUILLA;SI;;;SI;2026-06-30;16299;06/30/2026 05:00:00 PM;JUNIO;2026;COOPERATIVA MULTIACTIVA SOLIDARIA DE SERVICIOS Y CREDITOS COMUNIDAD Y BIENESTAR;CREBIENESTAR;901-687-133-8;Multiactiva sin seccion de ahorro;ATLÁNTICO;BARRANQUILLA;CALLE 39 # 43 - 123 EDIFICIO LAS FLORES;;24;Servicios de credito;;crebienestar@gmail.com;3
742;NORTE DE SANTANDER;EL TARRA;SI;;;NO;2025-06-30;15790;06/30/2025 05:00:00 PM;JUNIO;2025;COOPERATIVA MULTIACTIVA SOLIDARIA LA CAMPANA;COOMUSOLCAM;901-254-386-6;Multiactiva sin seccion de ahorro;NORTE DE SANTANDER;EL TARRA;VEREDA LA CAMPANA;;99;Otras actividades;JUAN DAVID BARRIENTOS;coomusolcam@gmail.com;3
743;ATLÁNTICO;BARRANQUILLA;SI;;;NO;2022-06-30;15577;06/30/2022 05:00:00 PM;JUNIO;2022;COOPERATIVA MULTIACTIVA SOLUCIONES MATERIALES;COOSOMA;901-172-622-7;Especializada sin seccion de ahorro;ATLÁNTICO;BARRANQUILLA;TRANS 3 B 23 200 T1 OF 801;;99;Otras actividades;;coosoma@gmail.com;3
744;ATLÁNTICO;BARRANQUILLA;SI;;;SI;2025-12-31;12161;12/31/2025 05:00:00 PM;DICIEMBRE;2025;COOPERATIVA MULTIACTIVA SOLUMEDIT;COOSOLUMEDIT;900-100-065-2;Multiactiva sin seccion de ahorro;ATLÁNTICO;BARRANQUILLA;K 44 37 21 P 12 OF 1201;3700539;24;Servicios de credito;JAIRO RAFAEL BOLIVAR GARCIA;gerencia@coosolumedit.com;3
745;ANTIOQUIA;MEDELLIN;SI;;;SI;2025-12-31;15741;12/31/2025 05:00:00 PM;DICIEMBRE;2025;COOPERATIVA MULTIACTIVA TEJIENDO PAZ;COTEPAZ;901-254-857-3;Multiactiva sin seccion de ahorro;ANTIOQUIA;MEDELLÍN;CALLE 30 A 78 A 11;2940449;9;Educacion;;marzo2610@gmail.com;3
746;NORTE DE SANTANDER;CONVENCION;SI;;;NO;2022-06-30;15633;06/30/2022 05:00:00 PM;JUNIO;2022;COOPERATIVA MULTIACTIVA UNIDA DE MESA RICA Y CAROLINA;COOUMERICAR;901-235-099-6;Multiactiva sin seccion de ahorro;NORTE DE SANTANDER;CONVENCIÓN;CARRERA 14 14A 22;;99;Otras actividades;;camilanavarro33@hotmail.com;3
747;NORTE DE SANTANDER;SAN JOSE DE CUCUTA;SI;;;SI;2025-12-31;9476;12/31/2025 05:00:00 PM;DICIEMBRE;2025;COOPERATIVA MULTIACTIVA UNION COMERCIAL UNICENTRO CUCUTA LTDA;UNICENTRO CUCUTA LTDA;807-005-842-5;Multiactiva sin seccion de ahorro;NORTE DE SANTANDER;SAN JOSÉ DE CÚCUTA;CLL 10 5 50 LC 9 P 1 EDF AGROBANCARIO;5491278;24;Servicios de credito;DIOMAYRA RINCON RINCON;coopunicentro@hotmail.com;3
748;ATLÁNTICO;BARRANQUILLA;SI;;;NO;2021-06-30;13267;06/30/2021 05:00:00 PM;JUNIO;2021;COOPERATIVA MULTIACTIVA UNION DE ASESORES;COOUNION;900-364-951-6;Multiactiva sin seccion de ahorro;ATLÁNTICO;BARRANQUILLA;CRA 44 38 11;3708763;99;Otras actividades;SANDRA REGINA NAVARRO NAVARRO;coounionc@gmail.com;3
749;ANTIOQUIA;MEDELLIN;SI;;;NO;2022-06-30;15946;06/30/2022 05:00:00 PM;JUNIO;2022;COOPERATIVA MULTIACTIVA UNISERVIANTIOQUIA;UNISERVIANTIOQUIA;901-426-323-1;Multiactiva sin seccion de ahorro;ANTIOQUIA;MEDELLÍN;CARRERA 49 52 61 EDIFICIO TEQUENDAMA;5741390;99;Otras actividades;DANIELA GIRALDO LARREA;uniserviantioquia@gmail.com;3
750;ATLÁNTICO;BARRANQUILLA;SI;;;NO;2024-12-31;10070;12/31/2024 12:00:00 AM;DICIEMBRE;2024;COOPERATIVA MULTIACTIVA VENGACOOP;VENGACOOP;900-015-322-7;Multiactiva sin seccion de ahorro;ATLÁNTICO;BARRANQUILLA;CL 38 41 110 OF 201;3791166;99;Otras actividades;JUAN CARLOS HERNANDEZ BURGOS;coopconfyprog@gmail.com;3
751;ATLÁNTICO;BARRANQUILLA;SI;;;SI;2026-06-30;13530;06/30/2026 05:00:00 PM;JUNIO;2026;COOPERATIVA MULTIACTIVA VISION CORPORACION;COOMULTIVICORP;900-585-103-5;Multiactiva sin seccion de ahorro;ATLÁNTICO;BARRANQUILLA;CR 44 # 34 -11 OFC 13F;3514137;24;Servicios de credito;ALVARO PEREZ CIRILO;coomultivicorp@hotmail.com;3
752;ATLÁNTICO;BARRANQUILLA;SI;;;NO;2025-06-30;13263;06/30/2025 05:00:00 PM;JUNIO;2025;COOPERATIVA MULTIACTIVA VISION DEL CARIBE;COOPVICAR;900-481-352-5;Multiactiva sin seccion de ahorro;ATLÁNTICO;BARRANQUILLA;CRA 40 NO 38 - 26;3200660;24;Servicios de credito;CARLOS ENRIQUE ROJAS AVILA;coopvicar@gmail.com;3
753;ATLÁNTICO;BARRANQUILLA;SI;;;SI;2025-12-31;16470;12/31/2025 05:00:00 PM;DICIEMBRE;2025;COOPERATIVA MULTIACTIVA WORKFINCOOP;WORKFINCOOP;901-749-887-1;Multiactiva sin seccion de ahorro;ATLÁNTICO;BARRANQUILLA;CARRERA 33 NA? 72 - 83;6053063670;99;Otras actividades;;workfincoop@gmail.com;3
754;ATLÁNTICO;BARRANQUILLA;SI;;;NO;2020-06-30;15008;06/30/2020 05:00:00 PM;JUNIO;2020;COOPERATIVA MULTIACTIVA Y EMPRESARIAL DEL CARIBE;COOMULTIEMPRES;900-607-644-4;Multiactiva sin seccion de ahorro;ATLÁNTICO;BARRANQUILLA;CALLE 60 NO. 46-55;3608519;99;Otras actividades;ANTONIO PIRELA SANTAMARIA;coomultiempresdcaribe@gmail.com;3
755;ATLÁNTICO;BARRANQUILLA;SI;;;SI;2025-12-31;16543;12/31/2025 05:00:00 PM;DICIEMBRE;2025;COOPERATIVA MULTIACTIVA Y SERVICIOS DE COLOMBIA;COOPMULSERCOL;901-067-619-5;Multiactiva sin seccion de ahorro;ATLÁNTICO;BARRANQUILLA;CALLE 76 54 11 LC B 16;3427592;24;Servicios de credito;;coopmulsercol08@gmail.com;3
756;ATLÁNTICO;BARRANQUILLA;SI;;;SI;2026-06-30;16096;06/30/2026 05:00:00 PM;JUNIO;2026;COOPERATIVA MULTIACTIVA Y SERVICIOS DEL HOGAR LTDA;COOPEHOGAR LTDA;900-766-558-1;Multiactiva sin seccion de ahorro;ATLÁNTICO;BARRANQUILLA;CRA 44 B 70-213 OF 201;3693671;99;Otras actividades;;coopehogarltda@gmail.com;3
757;ATLÁNTICO;BARRANQUILLA;SI;;;SI;2025-12-31;11699;12/31/2025 05:00:00 PM;DICIEMBRE;2025;COOPERATIVA MULTIACTIVAQ NACIONAL DE SERVICIOS RAPIDO Y AL INSTANTE;COONALSERVISTAN;900-230-911-6;Multiactiva sin seccion de ahorro;ATLÁNTICO;BARRANQUILLA;CR 43 72 122 PI 6 OF 601 B;3202056;99;Otras actividades;DORIS ESTHER DEL TORO RUIZ;coonalservistan1@hotmail.com;3
758;ATLÁNTICO;BARRANQUILLA;SI;;;NO;2017-12-31;11564;12/31/2017 05:00:00 PM;DICIEMBRE;2017;COOPERATIVA NACIONA EXEQUIAL PARA LA PAZ;COORPAZ;900-081-546-0;Multiactiva sin seccion de ahorro;ATLÁNTICO;BARRANQUILLA;CL 34 42 28 OF 5C;;12;Consumo (comercio);GIL ALBERTO MOLNA ANDRADE;coorpaz@hotmail.com;3
759;ATLÁNTICO;BARRANQUILLA;SI;;;NO;2021-06-30;12551;06/30/2021 05:00:00 PM;JUNIO;2021;COOPERATIVA NACIONAL DE GESTION EJECUCION DE OBRAS Y SERVICIOS SOLIDARIOS;COONALGESS;900-278-194-9;Multiactiva sin seccion de ahorro;ATLÁNTICO;BARRANQUILLA;CRA 44 41 30 PISO 2 OF 4;3418624;99;Otras actividades;ALICIA SOFIA OLMOS DE LA CRUZ;coonalges@hotmail.com;3
760;CUNDINAMARCA;SOACHA;SI;;;NO;2018-06-30;15235;06/30/2018 05:00:00 PM;JUNIO;2018;COOPERATIVA NACIONAL DE LA COMUNIDAD EDUCATIVA COONACE;COONACE;900-106-388-3;Multiactiva sin seccion de ahorro;CUNDINAMARCA;SOACHA;CR 9 NO. 12 40;7323785;9;Educacion;JORGE ELIECER GARZON LOSADA;garzon_coonace@yahoo.es;3
761;CUNDINAMARCA;GIRARDOT;SI;;;NO;2018-06-30;15042;06/30/2018 05:00:00 PM;JUNIO;2018;COOPERATIVA NACIONAL DE PENSIONADOS FERROVIARIOS;COTERPEN;900-622-870-5;Especializada sin seccion de ahorro;CUNDINAMARCA;GIRARDOT;CLL 15 NO 14-01;8355526;99;Otras actividades;VICTOR MANUEL SALAMANCA SILVA;gamadelta5@hotmail.com;3
762;ATLÁNTICO;BARRANQUILLA;SI;;;SI;2025-12-31;11094;12/31/2025 05:00:00 PM;DICIEMBRE;2025;COOPERATIVA NACIONAL DE SERVICIOS DE COBRANZAS Y COMERCIALIZACION;COOPCRESER;823-004-332-4;Multiactiva sin seccion de ahorro;ATLÁNTICO;BARRANQUILLA;CL 39 43 123 P 10 OF I 9;2027865;24;Servicios de credito;MARTHA MONTERO GOMEZ;contabilidad@cooperativacoopcreser.com;3
763;ANTIOQUIA;MEDELLIN;SI;;;NO;2022-12-31;5332;12/31/2022 05:00:00 PM;DICIEMBRE;2022;COOPERATIVA NACIONAL DE VENTAS Y COMERCIO;COONAVENCO LTDA;830-077-416-2;Multiactiva sin seccion de ahorro;ANTIOQUIA;MEDELLÍN;CRA 50 48 53;7943447;24;Servicios de credito;NINFA GABRIELA GARCIA ARGUELLO;coonavenco2012@yahoo.com;3
764;ATLÁNTICO;BARRANQUILLA;SI;;;NO;2024-12-31;9943;12/31/2024 12:00:00 AM;DICIEMBRE;2024;COOPERATIVA NACIONAL EXEQUIAL LOS ANGELES;COONANGELES;830-511-306-2;Multiactiva sin seccion de ahorro;ATLÁNTICO;BARRANQUILLA;Calle 40 Nro.41-134 Piso 2 Oficina 206;3407198;14;Servicios funerarios;ZOILA ROSA BARRAZA CAMACHO;coonangeles@yahoo.com;3
765;NORTE DE SANTANDER;OCANA;SI;;;NO;2021-12-31;16597;12/31/2021 05:00:00 PM;DICIEMBRE;2021;COOPERATIVA OCA??ERA MULTIACTIVA DE CONFECCIONES;COOMULCONFEC;901-535-271-4;;NORTE DE SANTANDER;OCAÑA;KDX 338 - 200 EL MOLINO;;99;Otras actividades;;glatoacosta@gmail.com;3
766;NORTE DE SANTANDER;CACOTA;SI;;;NO;2024-12-31;9472;12/31/2024 12:00:00 AM;DICIEMBRE;2024;COOPERATIVA PANAMERICANA DE CACOTA;PANAMCACOOP;807-009-131-5;Cooperativas de trabajo asociado;NORTE DE SANTANDER;CÁCOTA;KDX 17 VEREDA LICALICUA FINCA SANTA ANA;;16;Obras publicas;FELIX JULIO ISIDRO;panamcacoop-cta@hotmail.com;3
767;ANTIOQUIA;FRONTINO;SI;;;SI;2025-12-31;16088;12/31/2025 05:00:00 PM;DICIEMBRE;2025;COOPERATIVA PARA EL BIENESTAR SOCIAL POR LA PAZ;COOMURRI;901-379-192-1;Multiactiva sin seccion de ahorro;ANTIOQUIA;FRONTINO;VEREDA MURRI;5135330;4;Agricola;;murricooperativa@gmail.com;3
768;ANTIOQUIA;VENECIA;SI;;;NO;2023-12-31;16063;12/31/2023 05:00:00 PM;DICIEMBRE;2023;COOPERATIVA PARA EL DESARROLLO INTEGRAL Y ABASTECIMIENTO DEL SUROESTE ANTIOQUE??O;DIA SUROESTE;901-587-472-0;Multiactiva sin seccion de ahorro;ANTIOQUIA;VENECIA;CORREGIMIENTO DE BOLOMBOLO ANTIGUA ESTACION;;4;Agricola;;diasuroeste@outlook.com;3
769;CUNDINAMARCA;AGUA DE DIOS;SI;;;NO;2020-06-30;15592;06/30/2020 05:00:00 PM;JUNIO;2020;COOPERATIVA PARA EL FUTURO;COOPFUTUROSS;901-083-422-9;Multiactiva sin seccion de ahorro;CUNDINAMARCA;AGUA DE DIOS;CRA 14 B 31 D 15 SUR;;99;Otras actividades;JOHNN BRENNER LONDO?O GARZON;coopfuturoalfa@gmail.com;3
770;ATLÁNTICO;BARRANQUILLA;SI;;;SI;2026-06-30;10433;06/30/2026 05:00:00 PM;JUNIO;2026;COOPERATIVA PARA EL MEJORAMIENTO Y DESARROLLO DE CORDOBA;COORDOBESEA;900-078-546-1;Multiactiva sin seccion de ahorro;ATLÁNTICO;BARRANQUILLA;CALLE 42 41-118;;24;Servicios de credito;MANUEL FRANCISCO POSADA;cartera@cooperativacoordobesa.com;3
771;ANTIOQUIA;LA ESTRELLA;SI;;;SI;2025-12-31;4699;12/31/2025 05:00:00 PM;DICIEMBRE;2025;COOPERATIVA PARA LA CULTURA Y LA EDUCACION INTERNACIONAL;COOCULTURA;811-016-934-6;Especializada sin seccion de ahorro;ANTIOQUIA;LA ESTRELLA;CALLE 73 SUR 64 - 23 VEREDA SAN JOSE;;9;Educacion;ERNESTO GARCIA POSADA;dianacano@gim.edu.co;3
772;BOLÍVAR;ARJONA;SI;;;SI;2025-12-31;4362;12/31/2025 05:00:00 PM;DICIEMBRE;2025;COOPERATIVA PARA LA RECREACION, CULTURA Y BIENESTAR SOCIAL DE ARJONA;COOPRECAR LTDA.;800-240-239-4;Integral sin seccion de ahorro;BOLÍVAR;ARJONA;CALLE CORDOBA  SECTOR LAS DELICIAS # 53-110;;99;Otras actividades;ONEDIS MERCEDES OCHOA ANGULO;cooprecar15@hotmail.com;3
773;ANTIOQUIA;MEDELLIN;SI;;;NO;2024-06-30;15926;06/30/2024 12:00:00 AM;JUNIO;2024;COOPERATIVA PARA LOS EXPOSTADORES Y PRODUCTORES DE CAFE;COEXPROCAFE;901-302-265-1;Multiactiva sin seccion de ahorro;ANTIOQUIA;MEDELLÍN;CR 84 # 34 B 88 OF 101;5176915;4;Agricola;JORGE EDUARDO MONTOYA GUZMAN;coexprocafecop@gmail.com;3
774;NORTE DE SANTANDER;TOLEDO;SI;;;SI;2025-12-31;15622;12/31/2025 05:00:00 PM;DICIEMBRE;2025;COOPERATIVA PIONERA DE CANNABIS POR EL APOYO AL DESARROLLO Y PROGRESODEL SARARE DEPARTAMENTO NORTE DE SANTANDER;COPICANNABISAR;901-235-685-2;Multiactiva sin seccion de ahorro;NORTE DE SANTANDER;TOLEDO;COPICANNABISAR@GMAIL.COM;;4;Agricola;;copicannabisar@gmail.com;3
775;ATLÁNTICO;BARRANQUILLA;SI;;;SI;2025-12-31;11806;12/31/2025 05:00:00 PM;DICIEMBRE;2025;COOPERATIVA POPULAR DE ASESORIAS Y DESARROLLO SOCIAL DEL CARIBE;COOPDESCAR;900-202-046-0;Multiactiva sin seccion de ahorro;ATLÁNTICO;BARRANQUILLA;CARRERA 44 NA? 37 - 21 PI 9 OF 902;3393860;99;Otras actividades;MARICELLA DEL CARMEN CONRADO PEREZ;coopdescar_06@hotmail.com;3
776;CUNDINAMARCA;ZIPAQUIRA;SI;;;NO;2018-06-30;813;06/30/2018 05:00:00 PM;JUNIO;2018;COOPERATIVA POPULAR DE ZIPAQUIR??;ZIPACOOP;860-451-875-2;Multiactiva sin seccion de ahorro;CUNDINAMARCA;ZIPAQUIRÁ;CALLE 4 N 9-42;8522255;24;Servicios de credito;LUIS ALVARO BUITRAGO BARRERA;zipacoop_2@gmail.com;3
777;NORTE DE SANTANDER;TOLEDO;SI;;;NO;2023-12-31;16183;12/31/2023 05:00:00 PM;DICIEMBRE;2023;COOPERATIVA PROCESADORA Y COMERCIALIZADORA DE ALIMENTOS COOPGOURMEATS;COOPGOURMEATS;901-691-950-4;Especializada sin seccion de ahorro;NORTE DE SANTANDER;TOLEDO;CORREGIMIENTO DE GIBRALTAR;;12;Consumo (comercio);;coopgourmeats@gmail.com;3
778;ATLÁNTICO;BARRANQUILLA;SI;;;SI;2025-12-31;15071;12/31/2025 05:00:00 PM;DICIEMBRE;2025;COOPERATIVA PROGRESO CARIBE;COOPROGRESO;900-359-824-9;Multiactiva sin seccion de ahorro;ATLÁNTICO;BARRANQUILLA;CL 39 43 -123 H12 PI 9;3405071;99;Otras actividades;JORGE AFANADOR CHAVES;cooperativacooprogreso@hotmail.com;3
779;ATLÁNTICO;BARRANQUILLA;SI;;;SI;2025-12-31;13134;12/31/2025 05:00:00 PM;DICIEMBRE;2025;COOPERATIVA PROMOTORA DE BIENES Y SERVICIOS LOGISTICOS Y EFECTIVOS DE COLOMBIA;COOFECTICREDITOS;900-470-625-3;Multiactiva sin seccion de ahorro;ATLÁNTICO;BARRANQUILLA;CARRERA 44 # 37-21 PI 13 OF 1302;3394802;24;Servicios de credito;FREDY ALBERTO DE LA ROSA BORRAS;cooefecticreditos@hotmail.com;3
780;ATLÁNTICO;BARRANQUILLA;SI;;;SI;2025-12-31;13111;12/31/2025 05:00:00 PM;DICIEMBRE;2025;COOPERATIVA PROMOTORA DE INVERSIONES MULTIACTIVA DE COLOMBIA;COOPROINMUCOL;900-435-614-4;Multiactiva sin seccion de ahorro;ATLÁNTICO;BARRANQUILLA;Calle 40 44-39 Oficina 7F;3707402;99;Otras actividades;JAIME ALBERTO DIAZ CASTILLA;brasasco@yahoo.com;3
781;ATLÁNTICO;BARRANQUILLA;SI;;;NO;2017-12-31;13097;12/31/2017 05:00:00 PM;DICIEMBRE;2017;COOPERATIVA PROMOTORA DE SERVICIOS DEL CARIBE;COOPROSER;900-442-718-0;Multiactiva sin seccion de ahorro;ATLÁNTICO;BARRANQUILLA;Calle 34 42 28 Oficina C1;3406282;12;Consumo (comercio);MIGUEL OSPINO FONSECA;cooproser@hotmail.com;3
782;ATLÁNTICO;BARRANQUILLA;SI;;;SI;2025-12-31;7817;12/31/2025 05:00:00 PM;DICIEMBRE;2025;COOPERATIVA PROMOTORA DEL CARIBE;COOPROCAR;806-001-428-7;Multiactiva sin seccion de ahorro;ATLÁNTICO;BARRANQUILLA;CARRERA 44 NA? 40 - 20 OF 404;3356464;24;Servicios de credito;CRISTOBAL JULIO BERTEL QUINTERO;copprocar@hotmail.com;3
783;ANTIOQUIA;MEDELLIN;SI;;;SI;2025-12-31;10940;12/31/2025 05:00:00 PM;DICIEMBRE;2025;COOPERATIVA RURAL NUEVA ERA SOCIAL;COORURAL;811-032-144-1;Multiactiva sin seccion de ahorro;ANTIOQUIA;MEDELLÍN;CR 65 SUR 72 153 FCA LOS GRANADOS;;99;Otras actividades;MARIA INES MONTOYA GOMEZ;coorural@gmail.com;3
784;ANTIOQUIA;MEDELLIN;SI;;;NO;2017-12-31;15337;12/31/2017 05:00:00 PM;DICIEMBRE;2017;COOPERATIVA SACHACOLOMBIA;COOPERATIVA SACHACOLOMBIA;900-872-277-9;Multiactiva sin seccion de ahorro;ANTIOQUIA;MEDELLÍN;CRA 89 N 32 C 12;7036574;4;Agricola;MIREYA ANDREA PORRAS CARDENAS;cooperativasachacolombia@gmail.com;3
785;ANTIOQUIA;SONSON;SI;;;SI;2025-12-31;1623;12/31/2025 05:00:00 PM;DICIEMBRE;2025;COOPERATIVA SERVICOOPS;SERVICOOPS E.S.P;811-004-437-5;Multiactiva sin seccion de ahorro;ANTIOQUIA;SONSÓN;CARRERA 6 NRO 6 10;8692287;12;Consumo (comercio);ALEXANDER RODRIGUEZ CARVAJAL;gerencia@servicoops.com;3
786;ATLÁNTICO;BARRANQUILLA;SI;;;NO;2024-12-31;12957;12/31/2024 12:00:00 AM;DICIEMBRE;2024;COOPERATIVA SOCIAL E INTEGRAL COLOMBIANA;SOLINCOOP;830-514-865-1;Multiactiva sin seccion de ahorro;ATLÁNTICO;BARRANQUILLA;CALLE 37 43 91 OFI 208;3700578;99;Otras actividades;YADIRA ROSA POLO MANTILLA;gerencia@solincoop.com;3
787;ATLÁNTICO;BARRANQUILLA;SI;;;NO;2023-12-31;11842;12/31/2023 05:00:00 PM;DICIEMBRE;2023;COOPERATIVA SOLIDARIA DE LA COSTA;COOPSOLIDARIA;900-237-194-3;Multiactiva sin seccion de ahorro;ATLÁNTICO;BARRANQUILLA;CALLE 42 41 - 118;;24;Servicios de credito;ROBERTO CARLOS TROCHA SANCHEZ;coopsolidaria@hotmail.com;3
788;ANTIOQUIA;MEDELLIN;SI;;;SI;2025-12-31;16472;12/31/2025 05:00:00 PM;DICIEMBRE;2025;COOPERATIVA SONRIE VIDA;COSOVI;901-740-329-0;Cooperativas de trabajo asociado;ANTIOQUIA;MEDELLÍN;CR 81 49 38;;2;Servicios de ahorro y credito;;hogarsonriealavida@gmail.com;3
789;BOLÍVAR;CARTAGENA DE INDIAS;SI;;;NO;2022-12-31;12543;12/31/2022 05:00:00 PM;DICIEMBRE;2022;COOPERATIVA TELEPOSTAL DE CARTAGENA LTDA;COOTELEPOSTAL;890-480-770-0;Especializada sin seccion de ahorro;BOLÍVAR;CARTAGENA DE INDIAS;GETSEMANI CL 2DA LA MAGDALENA;6640790;12;Consumo (comercio);ENRIQUE SALAZAR PI??A;rubendb32@hotmail.com;3
790;NORTE DE SANTANDER;OCANA;SI;;;SI;2025-12-31;3255;12/31/2025 05:00:00 PM;DICIEMBRE;2025;COOPERATIVA TRABAJ. DE LA SALUD DE LA PROVINCIA DE OCA#A LTDA;COOTRASALUD LTDA.;800-090-676-5;Aportes y credito;NORTE DE SANTANDER;OCAÑA;CLL 11  15 94 EDIF FERRER OFICINA 201A;5636815;24;Servicios de credito;SONIA VERGEL CANTILLO;cootrasaludoca@hotmail.com;3
791;CUNDINAMARCA;SOPO;SI;;;NO;2019-12-31;4101;12/31/2019 05:00:00 PM;DICIEMBRE;2019;COOPERATIVA UNIDOS DE ORIENTE C.T.A;UNIDOS DE ORIENTE;800-014-479-7;Cooperativas de trabajo asociado;CUNDINAMARCA;SOPÓ;KM 21 VIA A VILLAVICENCIO;3115305;16;Obras publicas;DANIEL ARTURO BOCIGAS MORENO;unidosdeoriente2015@gmail.com;3
792;ATLÁNTICO;BARRANQUILLA;SI;;;NO;2021-12-31;13532;12/31/2021 05:00:00 PM;DICIEMBRE;2021;COOPERATIVA VALOR CONFIANZA;VALOR CONFIANZA;900-622-822-1;Integral sin seccion de ahorro;ATLÁNTICO;BARRANQUILLA;CALLE 39 # 43 33 OF 2;3874959;24;Servicios de credito;ANDRES ORDO?EZ PLATA;valoresconfianza@outlook.com;3
793;ATLÁNTICO;BARRANQUILLA;SI;;;NO;2017-06-30;15275;06/30/2017 05:00:00 PM;JUNIO;2017;COOPERATIVA VALOREN;VALOREN;900-974-098-5;Especializada sin seccion de ahorro;ATLÁNTICO;BARRANQUILLA;Calle 39 Carrera 41-28;3000000;24;Servicios de credito;LEONARDO LOPEZ ARIZA;info@valoren.com.co;3
794;ANTIOQUIA;BETULIA;SI;;;NO;2019-12-31;15524;12/31/2019 05:00:00 PM;DICIEMBRE;2019;COOPERATIVA VELMO;COOPVELMO;901-212-524-6;Multiactiva sin seccion de ahorro;ANTIOQUIA;BETULIA;CL 21 22 35;;12;Consumo (comercio);LEON JAIME BERMUDEZ HERRERA;coopvelmo@gmail.com;3
795;ATLÁNTICO;BARRANQUILLA;SI;;;SI;2025-12-31;13723;12/31/2025 05:00:00 PM;DICIEMBRE;2025;COOPERATIVA VISION INTEGRAL E. M.;VISION INTEGRAL E. M.;900-692-312-6;Multiactiva sin seccion de ahorro;ATLÁNTICO;BARRANQUILLA;CALLE 40 N 43 126;;24;Servicios de credito;ANGELICA PERTUZ PIZARRO;visionintegralem@hotmail.com;3
796;ATLÁNTICO;BARRANQUILLA;SI;;;SI;2025-12-31;15600;12/31/2025 05:00:00 PM;DICIEMBRE;2025;COOPERATIVAFAMILIAR DE SERVICIOS Y ASESORIAS DE COLOMBIA;COOFASACOL;901-347-573-7;Multiactiva sin seccion de ahorro;ATLÁNTICO;BARRANQUILLA;CL 40 43 166 LC 19 P2;3238433;24;Servicios de credito;;coofasa2019@gmail.com;3
797;ATLÁNTICO;BARRANQUILLA;SI;;;SI;2025-12-31;15140;12/31/2025 05:00:00 PM;DICIEMBRE;2025;COOPERATVA MULTIACTIVA COOPESAC;COOPESAC;900-187-093-2;Multiactiva sin seccion de ahorro;ATLÁNTICO;BARRANQUILLA;CL 39 43 123 OF H8;3429198;24;Servicios de credito;PEDRO MANUEL SALINA CELEDON;pemasace@hotmail.com;3
798;CUNDINAMARCA;COTA;SI;;;SI;2025-12-31;349;12/31/2025 05:00:00 PM;DICIEMBRE;2025;COOPEREATIVA  MULTIACTIVA DE TECNICOS PETROLEROS DEL PUTUMAYO LTDA.;COMULTEPET;860-079-814-9;Multiactiva sin seccion de ahorro;CUNDINAMARCA;COTA;CALLE 7A 1 25 CASA 303;8759529;24;Servicios de credito;JAIRO ORLANDO PEDRAZA PATARROYO;comultepet1981@gmail.com;3
799;ATLÁNTICO;BARRANQUILLA;SI;;;NO;2022-12-31;15962;12/31/2022 05:00:00 PM;DICIEMBRE;2022;COOPERTIVA MULTIACTIVA CREDILIBRE BARRANQUILLA;COOPCREDILIBREBAQ;901-506-534-2;Multiactiva sin seccion de ahorro;ATLÁNTICO;BARRANQUILLA;CL 37 43-70;;99;Otras actividades;NATALIA ANDREA JARAMILLO CARCAMO;oficina37barranquilla@hotmail.com;3
800;ANTIOQUIA;MEDELLIN;SI;;;SI;2025-12-31;6639;12/31/2025 05:00:00 PM;DICIEMBRE;2025;COP.MULT.PLAZA SATELITE DE MERCADO CAMPO VALDES;COMUPLAZAC;811-004-500-1;Multiactiva sin seccion de ahorro;ANTIOQUIA;MEDELLÍN;CL 80   49A 40;;99;Otras actividades;NICOLAS HERNAN GONZALEZ GONZALEZ;comuplazac@plazacampovaldes.com.co;3
801;ATLÁNTICO;BARRANQUILLA;SI;;;SI;2025-12-31;12262;12/31/2025 05:00:00 PM;DICIEMBRE;2025;COPERATIVA MULTIACTIVA DE EMPLEADOS Y PENSIONADOS;COOMULPEN;900-314-497-1;Multiactiva sin seccion de ahorro;ATLÁNTICO;BARRANQUILLA;CRA 59 NO 75-147;6053355257;24;Servicios de credito;CANDELARIO DEL CRISTO ROMULO BRAVO;coomulpens@hotmail.com;3
802;ATLÁNTICO;BARRANQUILLA;SI;;;SI;2025-12-31;9859;12/31/2025 05:00:00 PM;DICIEMBRE;2025;COPERATIVA PARA CAPACITACION MICROEMPRESARIALES ORGANIZADAS;COOCAMIOR;802-024-702-5;Multiactiva sin seccion de ahorro;ATLÁNTICO;BARRANQUILLA;CRA 44 NO. 41-30 PISO 3 OFICINA 7;;1;Intermediacion financiera;RICARDO ORTEGA SARMIENTO;coocamior4@hotmail.com;3
803;ANTIOQUIA;MEDELLIN;SI;;;NO;2018-12-31;9642;12/31/2018 05:00:00 PM;DICIEMBRE;2018;CORTEJOS PRECOOPERATIVA DE TRABAJO ASOCIADO;CORTEJOS;900-033-861-1;Cooperativas de trabajo asociado;ANTIOQUIA;MEDELLÍN;LOS COLORES;4482359;14;Servicios funerarios;VLADIMIR VASQUEZ GOMEZ;cortejos@une.net.co;3
804;ATLÁNTICO;BARRANQUILLA;SI;;;SI;2025-12-31;15015;12/31/2025 05:00:00 PM;DICIEMBRE;2025;CREDITOS Y SERVICIOS SOLIDARIOS COOPERATIVOS E.C.;CRESERCOOP;900-414-269-6;Integral sin seccion de ahorro;ATLÁNTICO;BARRANQUILLA;CRA 44 # 37-21 PI 08 OFI806;3323344;99;Otras actividades;GARY GALVAN VIDES;cresercoop1@gmail.com;3
805;ANTIOQUIA;MEDELLIN;SI;;;NO;2018-06-30;15137;06/30/2018 05:00:00 PM;JUNIO;2018;CREER COOPERATIVA INTEGRAL;CREERCOOP;900-789-684-9;Multiactiva sin seccion de ahorro;ANTIOQUIA;MEDELLÍN;CL 52 47 28 OF 703;5117544;99;Otras actividades;ELIZABETH CRISTINA AGUDELO GOMEZ;creercoop@outlook.com;3
806;ANTIOQUIA;MEDELLIN;SI;;;SI;2025-12-31;13079;12/31/2025 05:00:00 PM;DICIEMBRE;2025;DISTRIBUIDORA EL PORVENIR COOPERATIVA MULTIACTIVA;DEPCO;900-354-165-0;Multiactiva sin seccion de ahorro;ANTIOQUIA;MEDELLÍN;CR 43 A 18 SUR 135 IN 118 CC SAO PAULO PLAZA;2854574;12;Consumo (comercio);SAUL IGNACIO RIOS RAMIREZ;info@elporvenir.com.co;3
807;BOLÍVAR;CARTAGENA DE INDIAS;SI;;;SI;2025-12-31;1509;12/31/2025 05:00:00 PM;DICIEMBRE;2025;EMPRESA  COMERCIALIZACION  COOPERATIVA;EMCOOMECOOP;806-001-771-9;Multiactiva sin seccion de ahorro;BOLÍVAR;CARTAGENA DE INDIAS;BOCAGRANDE EDIF. CENTRO EJCUTIVO PISO 10;6465490;24;Servicios de credito;ANA ELVIRA LADRON DE GUEVARA AYUB;emcomecoop@hotmail.com;3
808;BOLÍVAR;CARTAGENA DE INDIAS;SI;;;NO;2024-12-31;2962;12/31/2024 12:00:00 AM;DICIEMBRE;2024;EMPRESA COOPERATIVA  DE  ARTICULOS  VARIOS   LTDA;EMCOOPAV;800-234-300-1;Multiactiva sin seccion de ahorro;BOLÍVAR;CARTAGENA DE INDIAS;CENTRO COMERCIAL UNO BARRIO CENTRO;6644377;12;Consumo (comercio);VICTOR ORTEGA TABORDA;emcopav@hotmail.com;3
809;ANTIOQUIA;MEDELLIN;SI;;;SI;2026-06-30;1367;06/30/2026 05:00:00 PM;JUNIO;2026;EMPRESA COOPERATIVA DE IMPRESORES DE ARTES GRAFICAS DE ANTIOQUIA;COOIMPRESOS;800-222-529-9;Cooperativas de trabajo asociado;ANTIOQUIA;MEDELLÍN;CL 48 41 18;4483955;99;Otras actividades;EDUHIN DE JESUS MARIN ARANGO;contabilidad1@cooimpresos.com;3
810;CUNDINAMARCA;AGUA DE DIOS;SI;;;NO;2024-12-31;16533;12/31/2024 12:00:00 AM;DICIEMBRE;2024;FEDERACION DE ECONOMIA SOCIAL Y SOLIDARIA JUAN DE LA CRUZ VARELA;FEDERACION JUAN DE LA CRUZ VARELA;901-656-577-1;Multiactiva sin seccion de ahorro;CUNDINAMARCA;AGUA DE DIOS;VEREDA IBA??EZ FCA EL PARAISO;;99;Otras actividades;JOSE NICOLAS HURTADO BURITICA;federacion.juan.de.la.cruz@gmail.com;3
811;BOLÍVAR;CARTAGENA DE INDIAS;SI;;;SI;2025-12-31;6557;12/31/2025 05:00:00 PM;DICIEMBRE;2025;INSTITUTO DE INTEGRACION EDUCACION FOMENTO Y DESARROLLO COOPERATIVO DEL DEPARTAM;CICOBOL;890-481-532-9;Organismo de representacion;BOLÍVAR;CARTAGENA DE INDIAS;AV PEDRO DE HEREDIA BRR ARMENIA CRA 48 CLLE 30 154;6720559;3;Organismos de representacion;MARIA QUESADA MEZA;confecoopcaribe@yahoo.es;3
812;ANTIOQUIA;MEDELLIN;SI;;;NO;2020-06-30;11982;06/30/2020 05:00:00 PM;JUNIO;2020;INTERAMERICANA COOPERATIVA DE TRABAJO ASOCIADO;INTERAMERICNA CTA;900-018-755-6;Cooperativas de trabajo asociado;ANTIOQUIA;MEDELLÍN;CALLE 21 NO 54-66;4619604;99;Otras actividades;YEIM STIVEN JARAMILLO;interamericana-cta@hotmail.com;3
813;ANTIOQUIA;MEDELLIN;SI;;;NO;2020-12-31;15923;12/31/2020 05:00:00 PM;DICIEMBRE;2020;LA COOPERATIVA DE LOS CONDUCTORES;COOPERDRYVE;901-382-782-8;Multiactiva sin seccion de ahorro;ANTIOQUIA;MEDELLÍN;CL 40 45 32;;99;Otras actividades;;garciasilvadamaris@gmail.com;3
814;ANTIOQUIA;MARINILLA;SI;;;NO;2020-06-30;15676;06/30/2020 05:00:00 PM;JUNIO;2020;LA COOPERATIVA MULTIACTIVA REDES DE EMPRENDIMIENTO SOLIDARIO;COOREDESOL;901-356-807-3;Multiactiva sin seccion de ahorro;ANTIOQUIA;MARINILLA;CL 26 CR E -58;5480680;11;Transporte;Ever Dario Echavarria Taborda;coopredesol@gmail.com;3
815;BOLÍVAR;MAGANGUE;SI;;;SI;2026-06-30;15936;06/30/2026 05:00:00 PM;JUNIO;2026;LA FLORIDA COOPERATIVA MULTIACTIVA;LA FLORIDA COOP;806-005-907-1;Cooperativas de trabajo asociado;BOLÍVAR;MAGANGUÉ;CARRERA 16A N? 12 A 19;;99;Otras actividades;;lafloridacoopmultiactiva@gmail.com;3
816;CUNDINAMARCA;MOSQUERA;SI;;;SI;2025-12-31;12818;12/31/2025 05:00:00 PM;DICIEMBRE;2025;LEALTAD Y COMPROMISO COOPERATIVA DE TRABAJO ASOCIADO;L & C CTA;900-362-698-8;Cooperativas de trabajo asociado;CUNDINAMARCA;MOSQUERA;CL 8A 1B ESTE 94 MZ 10 INT 11 CASA 7;8917793;99;Otras actividades;GUSTAVO DE JESUS ARBELAEZ MILLAN;lyccta@yahoo.es;3
817;CUNDINAMARCA;MOSQUERA;SI;;;NO;2024-07-31;16364;07/31/2024 12:00:00 AM;JULIO;2024;LESAX - RESOURCES EMPRESA ASOCIATIVA DE TRABAJO;LESAX;901-743-661-5;Cooperativas de trabajo asociado;CUNDINAMARCA;MOSQUERA;CRA 1 NUMERO 2-57 PISO 2;8291737;99;Otras actividades;;lexasresources@gmail.com;3
818;ANTIOQUIA;MEDELLIN;SI;;;NO;2019-12-31;15342;12/31/2019 05:00:00 PM;DICIEMBRE;2019;LOGYCOO COOPERATIVA MULTIACTIVA;LOGYCOO;901-093-698-7;Multiactiva sin seccion de ahorro;ANTIOQUIA;MEDELLÍN;CR 49 52 170 OF 1203;6042380;99;Otras actividades;PEDRO MANUEL MESTRA MONTES;administracion@coodesival.com.co;3
819;CUNDINAMARCA;CHIA;SI;;;NO;2023-06-30;15913;06/30/2023 05:00:00 PM;JUNIO;2023;OMAC COOPERATIVA MULTIACTIVA;OMAC;901-513-239-3;Cooperativas de trabajo asociado;CUNDINAMARCA;CHÍA;CARRERA 2 #3-29;;4;Agricola;;omagroempresariaschia@gmail.com;3
820;BOLÍVAR;CARTAGENA DE INDIAS;SI;;;SI;2025-12-31;13392;12/31/2025 05:00:00 PM;DICIEMBRE;2025;OOOPERATIVA MULTIACTIVA PARA EL DESARROLLO COMUNITARIO;COODECO;900-156-937-0;Multiactiva sin seccion de ahorro;BOLÍVAR;CARTAGENA DE INDIAS;EDIF CITIBANK PISO 6 OF 6F;6437254;24;Servicios de credito;LUCILA RAQUEL NU??EZ DE DE LA PARRA;cooperativacoodeco@gmail.com;3
821;CUNDINAMARCA;SILVANIA;SI;;;NO;2025-06-30;15974;06/30/2025 05:00:00 PM;JUNIO;2025;PRE COOPERATIVA EL NAHUAL  COHI  TIERRA AGUA TIERRA BOSQUE;EL NAHUAL  TA TB;901-435-180-3;Multiactiva sin seccion de ahorro;CUNDINAMARCA;SILVANIA;VEREDA AZAFRANAL SC SIMON BOLIVAR LOTE 11;;4;Agricola;MARIA CRISTINA MARIN JIMENEZ;marinjmariacris@gmail.com;3
822;ANTIOQUIA;MEDELLIN;SI;;;SI;2025-12-31;16700;12/31/2025 05:00:00 PM;DICIEMBRE;2025;Precooperativa comercial de Antioquia;;901-961-226-9;Precooperativas;ANTIOQUIA;MEDELLÍN;Calle 8b # 65 - 191 Oficina 541;3142521493;8;Mineria;;precoomantioquia@gmail.com;3
823;CUNDINAMARCA;GIRARDOT;SI;;;NO;2022-12-31;10038;12/31/2022 05:00:00 PM;DICIEMBRE;2022;PRECOOPERATIVA COMERCIALIZADORA DE CAFE;ROCAFE LTDA;900-026-537-0;Especializada sin seccion de ahorro;CUNDINAMARCA;GIRARDOT;CL 35 7 94 BRR ROSA BLANCA;;4;Agricola;EDGRA ERNENESTO ROMERO SABOGAL;rocafegirardot@gmail.com;3
824;ANTIOQUIA;MEDELLIN;SI;;;SI;2025-12-31;16156;12/31/2025 05:00:00 PM;DICIEMBRE;2025;PRECOOPERATIVA DE ARQUITECTURA Y AFINES;COONVITE;901-379-311-1;Multiactiva sin seccion de ahorro;ANTIOQUIA;MEDELLÍN;CALLE 36 # 77-36;;99;Otras actividades;;direccion@coonvite.com;3
825;ANTIOQUIA;CAUCASIA;SI;;;SI;2025-12-31;16035;12/31/2025 05:00:00 PM;DICIEMBRE;2025;PRECOOPERATIVA DE BAREQUEROS ARTESANALES DE MINERIA;PRECOBARMIN;901-470-685-9;Precooperativas;ANTIOQUIA;CAUCASIA;CR 2 17 49 BRR EL CENTRO;;99;Otras actividades;;gerencia@precobarmin.com;3
826;ANTIOQUIA;ANDES;SI;;;SI;2025-12-31;16646;12/31/2025 05:00:00 PM;DICIEMBRE;2025;PRECOOPERATIVA DE CAFE JUMARY;PREJUMARY;901-869-933-5;Multiactiva sin seccion de ahorro;ANTIOQUIA;ANDES;CALLE 52 52 11;;4;Agricola;;precooperativajumary@gmail.com;3
827;ANTIOQUIA;MEDELLIN;SI;;;SI;2026-06-30;1601;06/30/2026 05:00:00 PM;JUNIO;2026;PRECOOPERATIVA DE COMERCIANTES DE LA PLAZA MINORISTA;COOMERCA;811-005-411-9;Integral sin seccion de ahorro;ANTIOQUIA;MEDELLÍN;CL 55A  57-80 BQ ADMINISTRATIVO;3222575;99;Otras actividades;JULIO CESAR PIEDRAHITA RICAURTE;financiera@plazaminorista.com.co;3
828;ATLÁNTICO;BARRANQUILLA;SI;;;NO;2018-06-30;10579;06/30/2018 05:00:00 PM;JUNIO;2018;PRECOOPERATIVA DE SERVICIOS EMPRESARIALES;COOEMPRESARIALES;900-058-517-0;Cooperativas de trabajo asociado;ATLÁNTICO;BARRANQUILLA;CRA  51B FRENTE CEM JARD DEL RCDO LC 2;3548181;99;Otras actividades;OSCAR TARUD JAAR;cooempresarial@gmail.com;3
829;ANTIOQUIA;MEDELLIN;SI;;;SI;2025-12-31;16573;12/31/2025 05:00:00 PM;DICIEMBRE;2025;PRECOOPERATIVA DE SERVICIOS JUDICIALES Y RECUPERACION DE CARTERA;PRECOOSERCAR;901-610-386-3;Cooperativas de trabajo asociado;ANTIOQUIA;MEDELLÍN;TV 39 76 35;;99;Otras actividades;;precoosercar@hotmail.com;3
830;ATLÁNTICO;BARRANQUILLA;SI;;;NO;2021-12-31;7687;12/31/2021 05:00:00 PM;DICIEMBRE;2021;PRECOOPERATIVA DE TRABAJO ASOCIADO DE COMFAMILIAR;PRECOMFA;802-020-869-8;Cooperativas de trabajo asociado;ATLÁNTICO;BARRANQUILLA;CL 47 43-57 P2;3406152;99;Otras actividades;JESUS RAFAEL BARRAGAN BAYONA;precomfa@comfamiliar.com;3
831;ANTIOQUIA;MEDELLIN;SI;;;SI;2025-12-31;11120;12/31/2025 05:00:00 PM;DICIEMBRE;2025;PRECOOPERATIVA DE TRABAJO ASOCIADO DE RECICLADORES DE MEDELLIN;RECIMED;900-104-527-1;Multiactiva sin seccion de ahorro;ANTIOQUIA;MEDELLÍN;CL 58   51 D 26;6041023;19;Aseo mantenimiento y reciclaje;JORGE ARTURO RIVERA HERRERA;lhuertas.recimed@reciclaje.com.co;3
832;ANTIOQUIA;EL BAGRE;SI;;;SI;2025-12-31;16629;12/31/2025 05:00:00 PM;DICIEMBRE;2025;PRECOOPERATIVA DE TRABAJO ASOCIADO PRECORREAL;;901-688-482-8;Especializada sin seccion de ahorro;ANTIOQUIA;EL BAGRE;CL 53 49 27 BRR BIJAO;;8;Mineria;;precorreal@hotmail.com;3
833;ANTIOQUIA;MEDELLIN;SI;;;NO;2024-06-30;6543;06/30/2024 12:00:00 AM;JUNIO;2024;PRECOOPERATIVA DE TRABAJO ASOCIADO PROMOVER;PROMOVER;811-014-783-1;Cooperativas de trabajo asociado;ANTIOQUIA;MEDELLÍN;CRA 78 NRO 45 A -98;;99;Otras actividades;ADAN DE JESUS MONTOYA GALVEZ;promovercoopta@gmail.com;3
834;CUNDINAMARCA;SUBACHOQUE;SI;;;NO;2022-12-31;15924;12/31/2022 05:00:00 PM;DICIEMBRE;2022;PRECOOPERATIVA DE TRABAJO ASOCIADO SERVICIOS COLABORATIVOS PARA EL DESARROLLO LOCA L - PRECOOPERATIVA SERVICOLAB;PRECOOPERATIVA SERVICOLAB;901-533-428-4;Cooperativas de trabajo asociado;CUNDINAMARCA;SUBACHOQUE;LA CALLE 3 NA? 2-62,;;99;Otras actividades;;julio.balcazar1@gmail.com;3
835;CUNDINAMARCA;COTA;SI;;;NO;2017-12-31;13129;12/31/2017 05:00:00 PM;DICIEMBRE;2017;PRECOOPERATIVA DE TRABAJO ASOCIADO TIERRA DE LABRANZA;PRECTA TIERRA DE LABRANZA;900-202-819-7;Cooperativas de trabajo asociado;CUNDINAMARCA;COTA;Autopista a MEDELLIN GL SIBERIA 500MT Via COTA;3353600;99;Otras actividades;ALINA ROMERO VARGAS;precta@gmail.com;3
836;ATLÁNTICO;SOLEDAD;SI;;;SI;2026-06-30;10232;06/30/2026 05:00:00 PM;JUNIO;2026;PRECOOPERATIVA DE TRABAJO AUXILIARES DE TRANSPORTE;COOTRAXIBUS;802-013-359-4;Cooperativas de trabajo asociado;ATLÁNTICO;SOLEDAD;CR 14 54 186 MD A BG 5;5323003;99;Otras actividades;JANETT DELCARMEN FRANCO NARVAEZ;cootraxibus@gmail.com;3
837;BOLÍVAR;CARTAGENA DE INDIAS;SI;;;SI;2025-12-31;10264;12/31/2025 05:00:00 PM;DICIEMBRE;2025;PRECOOPERATIVA DEL MAR;PRECOOMAR;806-009-536-0;Multiactiva sin seccion de ahorro;BOLÍVAR;CARTAGENA DE INDIAS;MAMONAL KILOMETRO 3;;17;Hoteles, restaurantes, bares y similares;SINDY CARRASQUILLA ESCORCIA;contabilidad@coosolimar.com.co;3
838;ANTIOQUIA;EL BAGRE;SI;;;SI;2025-12-31;16527;12/31/2025 05:00:00 PM;DICIEMBRE;2025;PRECOOPERATIVA EQUILIBRIO ARTESANAL DE COLOMBIA;EKARCOL;901-686-742-9;Especializada sin seccion de ahorro;ANTIOQUIA;EL BAGRE;CALLE 51 # 49-07;;8;Mineria;;eekarcol@gmail.com;3
839;ANTIOQUIA;MEDELLIN;SI;;;SI;2025-12-31;15628;12/31/2025 05:00:00 PM;DICIEMBRE;2025;PRECOOPERATIVA KONECTAR;COONEKTA;901-282-316-1;Multiactiva sin seccion de ahorro;ANTIOQUIA;MEDELLÍN;CR 50FF 8 SUR 27;;8;Mineria;;tesoreria@coonekta.co;3
840;NORTE DE SANTANDER;SILOS;SI;;;SI;2026-06-30;3363;06/30/2026 05:00:00 PM;JUNIO;2026;PRECOOPERATIVA LA CANDELARIA LTDA;LA CANDELARIA;800-142-524-9;Cooperativas de trabajo asociado;NORTE DE SANTANDER;SILOS;KDX136 5A CR3  3-06 BARRIO BUENOS AIRES;5836789;16;Obras publicas;EDGAR PABON VILLAMIZAR;empresarialespaf@hotmail.com;3
841;ANTIOQUIA;MEDELLIN;SI;;;SI;2025-12-31;16699;12/31/2025 05:00:00 PM;DICIEMBRE;2025;PRECOOPERATIVA MERCANTIL DE COLOMBIA;;901-964-640-9;Precooperativas;ANTIOQUIA;MEDELLÍN;CALLE 8B  # 65 - 191 Oficina 540;3176420438;12;Consumo (comercio);;precomercantilco@gmail.com;3
842;ANTIOQUIA;CAUCASIA;SI;;;SI;2025-12-31;20087;12/31/2025 05:00:00 PM;DICIEMBRE;2025;PRECOOPERATIVA MHG GOLDEN METALS;;901-978-912-8;Precooperativas;ANTIOQUIA;CAUCASIA;CARRERA 2 # 17 - 27;;12;Consumo (comercio);;precogolden@gmail.com;3
843;ATLÁNTICO;BARRANQUILLA;SI;;;NO;2018-06-30;15335;06/30/2018 05:00:00 PM;JUNIO;2018;PRECOOPERATIVA MULTIACTIVA Y SERVICIOS CREDIFAM;CREDIFAMCOOP;900-939-231-0;Multiactiva sin seccion de ahorro;ATLÁNTICO;BARRANQUILLA;CRA 53 NO. 90B-42  APTO 601 T 8;3008692;99;Otras actividades;DORA MARTINEZ DE CASTRO;credifamcoop@hotmail.com;3
844;NORTE DE SANTANDER;SAN JOSE DE CUCUTA;SI;;;SI;2026-06-30;3247;06/30/2026 05:00:00 PM;JUNIO;2026;PRECOOPERATIVA PROFESIONAL EN ESTUDIOS Y SERVICIO TECNICO AMBIENTAL;COOPROCONAS;807-002-270-9;Cooperativas de trabajo asociado;NORTE DE SANTANDER;SAN JOSÉ DE CÚCUTA;CALLE 10 3 42 OFICINA 601;5718306;99;Otras actividades;JAVIER HUMBERTO BAYONA PALLARES;cooproconas_cta@hotmail.co;3
845;ATLÁNTICO;BARRANQUILLA;SI;;;NO;2017-12-31;13853;12/31/2017 05:00:00 PM;DICIEMBRE;2017;PRECOOPERATIVA SURTIABARROTES DEL CARIBE;SURTIABARROTES DEL CARIBE E.P.;900-653-802-7;Integral sin seccion de ahorro;ATLÁNTICO;BARRANQUILLA;CR 43B 6 109;3446478;12;Consumo (comercio);JOSE YESID OLIVERA CASALIN;contabilidad@surtiabarrotes.com;3
846;ANTIOQUIA;SAN CARLOS;SI;;;NO;2024-06-30;16011;06/30/2024 12:00:00 AM;JUNIO;2024;PRECOOPERATIVA VISION MUJER;VIMUR;901-133-030-0;Aportes y credito;ANTIOQUIA;SAN CARLOS;CL 19 18 71 PM;;4;Agricola;GLORIA AMPARO MORALES GARCIA;vimur2017@hotmail.com;3
847;ANTIOQUIA;EL BAGRE;SI;;;SI;2025-12-31;16634;12/31/2025 05:00:00 PM;DICIEMBRE;2025;PRECOOPERATIVA ZAID;;901-828-455-0;Precooperativas;ANTIOQUIA;EL BAGRE;CARRERA 49 N 52- 11;;8;Mineria;;precooperativazaid@gmail.com;3
848;ANTIOQUIA;MEDELLIN;SI;;;NO;2023-12-31;16130;12/31/2023 05:00:00 PM;DICIEMBRE;2023;PRECOOPERATIVS MINERA AMIGABLE DE COLOMBIA;MINACOL;901-611-100-9;Cooperativas de trabajo asociado;ANTIOQUIA;MEDELLÍN;CRA 2 N 22B 67 LC 1;3194529;8;Mineria;;preminacol02@gmail.com;3
849;ANTIOQUIA;MEDELLIN;SI;;;NO;2017-06-30;10622;06/30/2017 05:00:00 PM;JUNIO;2017;PRECOPERATIVA AGROPECUARIA DE ANTIOQUIA;PRECOOP;900-118-889-3;Multiactiva sin seccion de ahorro;ANTIOQUIA;MEDELLÍN;Calle 35 65 D 103 AP203;2659556;12;Consumo (comercio);GUSTAVO ADOLFO SANCHEZ G;tabares412@hotmail.com;3
850;ATLÁNTICO;BARRANQUILLA;SI;;;NO;2019-12-31;13416;12/31/2019 05:00:00 PM;DICIEMBRE;2019;SERVICIO NACIONAL COOPERATIVO;SERNALCOOP;900-549-665-1;Especializada sin seccion de ahorro;ATLÁNTICO;BARRANQUILLA;CL 72 N 41B 09 OF 506;3851889;24;Servicios de credito;JANILET DEL SOCORRO ARANGO NIEBLES;sernalcoop12@hotmail.com;3
851;ATLÁNTICO;BARRANQUILLA;SI;;;SI;2025-12-31;15150;12/31/2025 05:00:00 PM;DICIEMBRE;2025;SERVICIOS GENERALES COOPERATIVOS DEL CARIBE;SERVIGECOOP;900-860-525-9;Multiactiva sin seccion de ahorro;ATLÁNTICO;BARRANQUILLA;CALLE 60 NA? 41 - 42 OF 2;6053238827;99;Otras actividades;NEIL VILORIA ARZUAGA;servigecoop@hotmail.com;3
852;ATLÁNTICO;BARRANQUILLA;SI;;;NO;2022-06-30;15307;06/30/2022 05:00:00 PM;JUNIO;2022;SERVICIOS INTEGRALES COOPERATIVO DEL CARIBE;SERINTECOOP;900-891-705-0;Multiactiva sin seccion de ahorro;ATLÁNTICO;BARRANQUILLA;CARRERA 53 68 180 OF 20;3198553;99;Otras actividades;ALBERT ENRIQUE CARDENAS FUENTES;serintecoop@hotmail.com;3
853;ATLÁNTICO;BARRANQUILLA;SI;;;SI;2025-12-31;15782;12/31/2025 05:00:00 PM;DICIEMBRE;2025;SERVICIOS MULTIACTIVOS COOPERATIVA DEL CARIBE;SERVIMULTICOOP;901-180-544-4;Multiactiva sin seccion de ahorro;ATLÁNTICO;BARRANQUILLA;CR 44 38 11 PI 8 OF 8 B;;99;Otras actividades;;cervimulticoopbarranquilla@hotmail.com;3
854;ATLÁNTICO;BARRANQUILLA;SI;;;SI;2025-12-31;16103;12/31/2025 05:00:00 PM;DICIEMBRE;2025;SERVICIOS SOCIALES COOPERATIVO;PERCOOP;901-655-647-4;Aportes y credito;ATLÁNTICO;BARRANQUILLA;CL 39 43-123 P 5 OF D5;;99;Otras actividades;;servipercoop@hotmail.com;3
855;CUNDINAMARCA;SILVANIA;SI;;;NO;2023-12-31;16297;12/31/2023 05:00:00 PM;DICIEMBRE;2023;ZERATEMA PRECOPERATIVA MULTIACTIVA DE LA MUJER;COOPZERATEMA;901-723-472-4;Multiactiva sin seccion de ahorro;CUNDINAMARCA;SILVANIA;CALLE 1 NA?. 3-74;3108568;99;Otras actividades;LAURENTINA BAQUERO FELIPE;coopzeratema@gmail.com;3
1;ANTIOQUIA;MEDELLIN;NO;;;SI;2026-07-31;5564;07/31/2026 05:00:00 PM;JULIO;2026;ASOCIACION MUTUAL AMIGO REAL;AMAR;811-031-526-7;Asociaciones mutuales;ANTIOQUIA;MEDELLÍN;CLL 52 49 28;4485266;99;Otras actividades;EDWIN FERNANDO CARDONA GUISAO;amigoreal@amar.com.co;1
2;ANTIOQUIA;MEDELLIN;NO;;;SI;2026-07-31;5862;07/31/2026 05:00:00 PM;JULIO;2026;ASOCIACION MUTUAL BIENESTAR;;800-189-182-6;Asociaciones mutuales;ANTIOQUIA;MEDELLÍN;CR 50D #65-80;4446519;99;Otras actividades;LUZ MARINA RIVERA ARCILA;mutualbienestar@bienestarmutual.com.co;1
3;ANTIOQUIA;RIONEGRO;NO;;;SI;2026-07-31;15747;07/31/2026 05:00:00 PM;JULIO;2026;ASOCIACION MUTUAL COMMUNIO;COMMUNIO;901-431-143-2;Asociaciones mutuales;ANTIOQUIA;RIONEGRO;CLL 51 47 31;;99;Otras actividades;;contabilidad.communio@diosonrio.org.co;1
4;ATLÁNTICO;BARRANQUILLA;NO;;;SI;2026-07-31;12637;07/31/2026 05:00:00 PM;JULIO;2026;ASOCIACION MUTUAL CREAR FUTURO;;900-201-478-4;Asociaciones mutuales;ATLÁNTICO;BARRANQUILLA;CALLE 7649- 08 LOCAL 204;3856310;24;Servicios de credito;JENNIE GARCIA VISBAL;info@mutualcearfuuro.com;1
5;ANTIOQUIA;MEDELLIN;NO;;;SI;2026-07-31;1666;07/31/2026 05:00:00 PM;JULIO;2026;ASOCIACION MUTUAL EL SOCORO LTDA;;890-982-085-8;Asociaciones mutuales;ANTIOQUIA;MEDELLÍN;CR 51D 60 46;2314700;14;Servicios funerarios;VICENTE SUESCUN PARRA;asociacionmutualelsocorro@gmail.com;1
6;ANTIOQUIA;ITAGUI;NO;;;SI;2026-07-31;13441;07/31/2026 05:00:00 PM;JULIO;2026;ASOCIACION MUTUAL ESTAR;ESTAR;900-545-855-4;Asociaciones mutuales;ANTIOQUIA;ITAGÜÍ;CR 46 N 51 58;4444902;99;Otras actividades;ARMANDO DEJESUS MONTOYA BAENA;financiero@mutualestar.com.co;1
7;ANTIOQUIA;SAN JERONIMO;NO;;;SI;2026-07-31;7790;07/31/2026 05:00:00 PM;JULIO;2026;ASOCIACION MUTUAL SAN JERONIMO;ASOMUTUAL;811-003-372-0;Asociaciones mutuales;ANTIOQUIA;SAN JERÓNIMO;CARRERA 8 N 18 15;;99;Otras actividades;MARIA ELENA ROJAS PIEDRAHITA;asociacionmutualsanjeronimo@gmail.com;1
8;ANTIOQUIA;MEDELLIN;NO;;;SI;2026-07-31;8740;07/31/2026 05:00:00 PM;JULIO;2026;ASOCIACION MUTUAL SINALTRAFECOL-SINTRAEMPAQUES;AMUSSE;811-037-420-2;Asociaciones mutuales;ANTIOQUIA;MEDELLÍN;CARRERA 46 N 53 15 P 12;4480325;99;Otras actividades;HUMBERTO - MARIN VELEZ;mutualamusse2003@gmail.com;1
9;ANTIOQUIA;MARINILLA;NO;;;SI;2026-07-31;8714;07/31/2026 05:00:00 PM;JULIO;2026;ASOCIACION MUTUAL VIDA Y SOLIDARIDAD;VIDASOL;811-039-703-0;Asociaciones mutuales;ANTIOQUIA;MARINILLA;CALLE 30  36 11;5691012;99;Otras actividades;VILMA MARIA DUQUE HERRERA;vidasol@coredi.edu.co;1
10;ANTIOQUIA;MEDELLIN;NO;;;SI;2026-07-31;13154;07/31/2026 05:00:00 PM;JULIO;2026;ASOCIACION MUTUALISTA ASOCIADOS DE COONORTE;AMACOONORTE;900-440-747-5;Asociaciones mutuales;ANTIOQUIA;MEDELLÍN;CR 64 C 78 580 INT 9933;5574371;99;Otras actividades;MIGUEL ANGEL GIRALDO ZULUAGA;amacoonorte@hotmail.com;1
11;ANTIOQUIA;MEDELLIN;NO;;;SI;2026-07-31;13361;07/31/2026 05:00:00 PM;JULIO;2026;ASOCIACION MUTUALISTA ASOMET;ASOMET;900-435-819-7;Asociaciones mutuales;ANTIOQUIA;MEDELLÍN;CRA 74 N 48-37 OFC 837;2303946;99;Otras actividades;LUIS CARLOS LUJAN ARBOLEDA;asociacionasomet@hotmail.com;1
12;ANTIOQUIA;MEDELLIN;NO;;;SI;2026-07-31;6505;07/31/2026 05:00:00 PM;JULIO;2026;ASOCIACION MUTUALISTA FOMAS;FOMAS;800-122-482-2;Asociaciones mutuales;ANTIOQUIA;MEDELLÍN;CALLE 47 D 78 A 05;4144949;99;Otras actividades;JOHN JAIME VALLEJO CIFUENTES;contabilidad@fomas.com.co;1
13;ANTIOQUIA;MEDELLIN;NO;;;SI;2026-07-31;13415;07/31/2026 05:00:00 PM;JULIO;2026;CONSOLIDARIDAD ASOCIACION MUTUAL;CONSOLIDARIDAD;900-517-481-4;Asociaciones mutuales;ANTIOQUIA;MEDELLÍN;CARRERA 50 N 50 - 14 PISO 17.;3250527;99;Otras actividades;LUIS FERNANDO CADAVID MESA;sandra.agudelo@consolidaridad.com.co;1
14;ANTIOQUIA;LA ESTRELLA;NO;;;SI;2026-07-31;1721;07/31/2026 05:00:00 PM;JULIO;2026;EL FONDO DE EMPLEADOS DE CERAMICA SABANETA S..A;FECSA;811-007-533-8;Fondos de empleados;ANTIOQUIA;LA ESTRELLA;CR 50 # 80 SUR 73;3787904;2;Servicios de ahorro y credito;JAVIER ALONSO CORREA RAMIREZ;lrendong@corona.com.co;1
15;ANTIOQUIA;MEDELLIN;NO;;;SI;2026-07-31;1328;07/31/2026 05:00:00 PM;JULIO;2026;FOMEVI;FOMEVI;811-006-446-0;Fondos de empleados;ANTIOQUIA;MEDELLÍN;CRA- 43A  # 11A-80 EL POBLADO;2013642;2;Servicios de ahorro y credito;CLAUDIA PATRICIA VASCO AGUDELO;fomevi@fomevi.com;1
16;ANTIOQUIA;MEDELLIN;NO;;;SI;2026-07-31;1519;07/31/2026 05:00:00 PM;JULIO;2026;FONDO DE BENEFICIO COMUN DE LOS EMPLEADOS DEL SENA;F.B.C.;890-905-864-0;Fondos de empleados;ANTIOQUIA;MEDELLÍN;CALLE 49A # 65-24;4300500;2;Servicios de ahorro y credito;CLAUDIA YINETH VASQUEZ BUITRAGO;auxadministrativa@fbcsena.com;1
17;CUNDINAMARCA;FUNZA;NO;;;SI;2026-07-31;247;07/31/2026 05:00:00 PM;JULIO;2026;FONDO DE EMPLEADOS AL SERVICIO DE LOS TRABAJADORES DEL SECTOR EMPRESARIAL COLOMBIANO;FEDEF;860-037-864-7;Fondos de empleados;CUNDINAMARCA;FUNZA;CRA 14 # 11 29;8237841;2;Servicios de ahorro y credito;TULIO EMIRO ARIZA DUARTE;fedef@fedef-co.com;1
18;ANTIOQUIA;ENVIGADO;NO;;;SI;2026-07-31;1651;07/31/2026 05:00:00 PM;JULIO;2026;FONDO DE EMPLEADOS ALMACENES EXITO;PRESENTE;800-183-987-0;Fondos de empleados;ANTIOQUIA;ENVIGADO;CARRERA 48 # 32B SUR - 139;6049696;2;Servicios de ahorro y credito;FABIO LEON GIRALDO MARTINEZ;notificajudicial@presente.com.co;1
19;ANTIOQUIA;SABANETA;NO;;;SI;2026-07-31;1754;07/31/2026 05:00:00 PM;JULIO;2026;FONDO DE EMPLEADOS AMIGOTEX LTDA.;AMIGOTEX;890-985-233-5;Fondos de empleados;ANTIOQUIA;SABANETA;CRA. 48 #52 SUR 81;5404990;2;Servicios de ahorro y credito;MARGARITA MARIA COLMENARES VELASQUEZ;margarita.colmenares@amigotex.com;1
20;ANTIOQUIA;MEDELLIN;NO;;;SI;2026-07-31;11001;07/31/2026 05:00:00 PM;JULIO;2026;FONDO DE EMPLEADOS DE AVON COLOMBIA S.A.S.;FONAVON;900-153-385-1;Fondos de empleados;ANTIOQUIA;MEDELLÍN;CR 24 D 55 22;;2;Servicios de ahorro y credito;BEATRIZ ELENA MONTOYA DOMINGUEZ;erica.gonzalez@fonevoluciona.com;1
21;ANTIOQUIA;MEDELLIN;NO;;;SI;2026-07-31;1747;07/31/2026 05:00:00 PM;JULIO;2026;FONDO DE EMPLEADOS DE BANCOLOMBIA S A Y FILIALES FEC;FEC;890-985-280-1;Fondos de empleados;ANTIOQUIA;MEDELLÍN;CRA. 43A # 1A SUR - 69 OFICINA 202;3110633;2;Servicios de ahorro y credito;CLAUDIA ELENA PINEDA GOMEZ;gerencia@fec.com.co;1
22;ATLÁNTICO;BARRANQUILLA;NO;;;SI;2026-07-31;2979;07/31/2026 05:00:00 PM;JULIO;2026;FONDO DE EMPLEADOS DE CEMENTOS ARGOS S A;FONDEARGOS;890-114-655-3;Fondos de empleados;ATLÁNTICO;BARRANQUILLA;CALLE 77B N 57 - 103 OF 807;3198700;2;Servicios de ahorro y credito;ISABEL JOSEFINA FERRER PINEDA;ysanchezc@argos.com.co;1
23;CUNDINAMARCA;ZIPAQUIRA;NO;;;SI;2026-07-31;1009;07/31/2026 05:00:00 PM;JULIO;2026;FONDO DE EMPLEADOS DE CRISTALERIA PELDAR;FONPELDAR;860-035-332-1;Fondos de empleados;CUNDINAMARCA;ZIPAQUIRÁ;CALLE 6 NO. 10A-47;8515262;2;Servicios de ahorro y credito;EDGAR IVAN CARRE?O PUENTES;gerencia@fonpeldar.com;1
24;ANTIOQUIA;MEDELLIN;NO;;;SI;2026-07-31;11577;07/31/2026 05:00:00 PM;JULIO;2026;FONDO DE EMPLEADOS DE FAMILIA SANCELA;CON FAMILIA;900-198-308-8;Fondos de empleados;ANTIOQUIA;MEDELLÍN;CR 50 N 8SUR 117;;2;Servicios de ahorro y credito;FERNANDO DE JESUS PALOMINO LONDOYO;luisbl@fondosfamilia.com;1
25;CUNDINAMARCA;CHIA;NO;;;SI;2026-07-31;241;07/31/2026 05:00:00 PM;JULIO;2026;FONDO DE EMPLEADOS DE LA SABANA;FONSABANA;800-033-961-7;Fondos de empleados;CUNDINAMARCA;CHÍA;KM 7 AUTOPISTA NORTE CAMPUS PUENTE DEL COMUN;;2;Servicios de ahorro y credito;ROCIO GOYENECHE CORTES;fonsabana@fonsabana.com.co;1
26;BOLÍVAR;CARTAGENA DE INDIAS;NO;;;SI;2026-07-31;2902;07/31/2026 05:00:00 PM;JULIO;2026;FONDO DE EMPLEADOS DE PROPILCO S.A.;FONDESENTTIA;800-091-618-2;Fondos de empleados;BOLÍVAR;CARTAGENA DE INDIAS;MAMONAL KM 8;6688700;2;Servicios de ahorro y credito;SALLY PATRICIA BETTIN BENEDETTY;camilo.pachon@esenttia.co;1
27;CUNDINAMARCA;COTA;NO;;;SI;2026-07-31;3667;07/31/2026 05:00:00 PM;JULIO;2026;FONDO DE EMPLEADOS DE SCHLUMBERGER SURENCO;FEDESCO;860-077-728-4;Fondos de empleados;CUNDINAMARCA;COTA;ZONA INDSTRIAL PROTRERO CHICO;6687632;2;Servicios de ahorro y credito;ADRIANA PE?A SALGADO;fedesco@slb.com;1
28;ATLÁNTICO;PUERTO COLOMBIA;NO;;;SI;2026-07-31;2977;07/31/2026 05:00:00 PM;JULIO;2026;FONDO DE EMPLEADOS DE SUPERTIENDAS Y DROGUERIAS OLIMPICA S.A.;FONDOLIMPICA;890-115-231-9;Fondos de empleados;ATLÁNTICO;PUERTO COLOMBIA;CALLE 3A 24 91;6053075;2;Servicios de ahorro y credito;LUCY CECILIA ERAZO CORONADO;lucy.erazo@fondolimpica.com;1
29;ATLÁNTICO;BARRANQUILLA;NO;;;SI;2026-07-31;2918;07/31/2026 05:00:00 PM;JULIO;2026;FONDO DE EMPLEADOS DEL CERREJON;FONDECOR;890-112-491-3;Fondos de empleados;ATLÁNTICO;BARRANQUILLA;CR 53 82 86 OF504;3319574;2;Servicios de ahorro y credito;REINALDO JOSE VARGAS GONZALEZ;lpolo@fondecor.org.co;1
30;ANTIOQUIA;MEDELLIN;NO;;;SI;2026-07-31;1725;07/31/2026 05:00:00 PM;JULIO;2026;FONDO DE EMPLEADOS DEL DEPARTAMENTO DE ANTIOQUIA;FEDEAN;890-982-415-5;Fondos de empleados;ANTIOQUIA;MEDELLÍN;CARRERA 52 NO.42-60;4488862;2;Servicios de ahorro y credito;GERARDO MARINO MONTOYA OSPINA;fedean@fedean.org.co;1
31;NORTE DE SANTANDER;SAN JOSE DE CUCUTA;NO;;;SI;2026-07-31;3186;07/31/2026 05:00:00 PM;JULIO;2026;FONDO DE EMPLEADOS DEL ESTADO Y EDUCADORES PRIVADOS;FOMANORT;890-505-856-5;Fondos de empleados;NORTE DE SANTANDER;SAN JOSÉ DE CÚCUTA;CALLE 9 0 84 BARRIO LATINO;;2;Servicios de ahorro y credito;CARLOS JULIO MORA PE?ALOZA;informacion@fomanort.com.co;1
32;ANTIOQUIA;MEDELLIN;NO;;;SI;2026-07-31;1764;07/31/2026 05:00:00 PM;JULIO;2026;FONDO DE EMPLEADOS DEL GRUPO BANCOLOMBIA;FEBANC;890-901-502-1;Fondos de empleados;ANTIOQUIA;MEDELLÍN;CALLE 53 45-112 ED. COLSEGUROS PISO 8;4444291;2;Servicios de ahorro y credito;EDWIN DE JESUS JARAMILLO DUQUE;febanc@febanc.com.co;1
33;ANTIOQUIA;MEDELLIN;NO;;;SI;2026-07-31;1518;07/31/2026 05:00:00 PM;JULIO;2026;FONDO DE EMPLEADOS DEL HOSPITAL PABLO TOBON URIBE;FONDO DE EMPLEADOS DEL HOSPITAL PABLO TOBON URIBE;890-936-278-7;Fondos de empleados;ANTIOQUIA;MEDELLÍN;CALLE 78 B 69 - 240;4459904;2;Servicios de ahorro y credito;MARIA VICTORIA SALDARRIAGA CASTA?O;msaldarriaga@hptu.org.co;1
34;BOLÍVAR;CARTAGENA DE INDIAS;NO;;;SI;2026-07-31;7007;07/31/2026 05:00:00 PM;JULIO;2026;FONDO DE EMPLEADOS DEL SECTOR INDUSTRIAL FONRECAR;FONRECAR;890-400-186-7;Fondos de empleados;BOLÍVAR;CARTAGENA DE INDIAS;CENTRO ED COCNASA P 10 OF 1002 1003 1004;6644885;2;Servicios de ahorro y credito;LILIANA MARGARITA GARAY CAPARROSO;contabilidad@fonrecar.com;1
35;BOLÍVAR;CARTAGENA DE INDIAS;NO;;;SI;2026-07-31;6792;07/31/2026 05:00:00 PM;JULIO;2026;FONDO DE EMPLEADOS DOCENTES ACTIVOS Y JUBILADOS DE LA UNIVERSIDAD DE CARTAGENA;FONDUCAR;806-002-962-3;Fondos de empleados;BOLÍVAR;CARTAGENA DE INDIAS;BRR EL BOSQUE TV 54 21 A 104 OF 1005 06 07 08 ED C;6517079;2;Servicios de ahorro y credito;ORLANDO ARRIETA DIAZ;contabilidad@fondcar.com;1
36;ANTIOQUIA;MEDELLIN;NO;;;SI;2026-07-31;1540;07/31/2026 05:00:00 PM;JULIO;2026;FONDO DE EMPLEADOS FEISA;FEISA;860-035-559-6;Fondos de empleados;ANTIOQUIA;MEDELLÍN;CRA 30 # 10C-280;;2;Servicios de ahorro y credito;GLORIA MARIA VASQUEZ WOLFF;feisa@feisa.com.co;1
37;ANTIOQUIA;MEDELLIN;NO;;;SI;2026-07-31;1533;07/31/2026 05:00:00 PM;JULIO;2026;FONDO DE EMPLEADOS FONELSA;FONELSA;800-052-851-6;Fondos de empleados;ANTIOQUIA;MEDELLÍN;CRA 48 37 71;5605900;2;Servicios de ahorro y credito;CECILIA DEL CARMEN GONZALEZ MASCAROS;fonelsa@fonelsa.com;1
38;ANTIOQUIA;MEDELLIN;NO;;;SI;2026-07-31;1537;07/31/2026 05:00:00 PM;JULIO;2026;FONDO DE EMPLEADOS GRUPO EPM;FEPEP;800-025-304-4;Fondos de empleados;ANTIOQUIA;MEDELLÍN;CARRERA 58 #42-125, EDIFICIO EPM, PISO 3, COSTADO;3807400;2;Servicios de ahorro y credito;JORGE HERNAN VILLA HOYOS;lina.ospina@fepep.com.co;1
39;ANTIOQUIA;MEDELLIN;NO;;;SI;2026-07-31;8686;07/31/2026 05:00:00 PM;JULIO;2026;FONDO DE EMPLEADOS PARA EL FUTURO DEL GRUPO ANTIOQUE?O DE APUESTAS;FEMFUTURO;830-501-867-1;Fondos de empleados;ANTIOQUIA;MEDELLÍN;CALLE 50 # 51 - 75;;2;Servicios de ahorro y credito;EUGENIA - VANEGAS CASTRO;coordinacion.financiera@femfuturo.com.co;1
40;ATLÁNTICO;BARRANQUILLA;NO;;;SI;2026-07-31;15320;07/31/2026 05:00:00 PM;JULIO;2026;FONDO DE EMPLEADOS Y PENSIONADOS DEL MAGISTERIO DEL ATLANTICO;FONVIMA;900-940-343-9;Fondos de empleados;ATLÁNTICO;BARRANQUILLA;CALLE 44 36-95;3414534;2;Servicios de ahorro y credito;;fonvimaatlantico@gmail.com;1
41;ANTIOQUIA;MEDELLIN;NO;;;SI;2026-07-31;1716;07/31/2026 05:00:00 PM;JULIO;2026;FONDO DE EMPLEADOS Y PENSIONADOS DEL SECTOR SALUD DE ANTIOQUIA;FODELSA;890-984-909-0;Fondos de empleados;ANTIOQUIA;MEDELLÍN;CR 55 N 40 A 20;2623027;2;Servicios de ahorro y credito;CARLOS ALBERTO RAMIREZ FRANCO;fodelsa@fodelsa.com.co;1
42;ANTIOQUIA;PENOL;NO;;;SI;2026-07-31;5305;07/31/2026 05:00:00 PM;JULIO;2026;PREVENSERVICIOS INSTITUCION AUXILIAR DE ECONOMIA SOLIDARIA;PREVENSERVICIOS;811-027-381-0;Asociaciones mutuales;ANTIOQUIA;PEÑOL;CR 19 2 21;8515022;99;Otras actividades;NUBIA DEL SOCORRO ALZATE BOTERO;comunicaciones@prevenservicios.com;1
43;ANTIOQUIA;MEDELLIN;NO;;;SI;2026-07-31;1709;07/31/2026 05:00:00 PM;JULIO;2026;SUPERFONDO FONDO DE EMPLEADOS;SUPERFONDO;890-901-188-1;Fondos de empleados;ANTIOQUIA;MEDELLÍN;CR 46 52 36 OFICINA 9906;5718888;2;Servicios de ahorro y credito;JORGE ALONSO ARROYAVE LEMA;orestrepo@superfondo.com.co;1
44;ANTIOQUIA;MEDELLIN;NO;;;SI;2026-06-30;1555;06/30/2026 05:00:00 PM;JUNIO;2026;ALIANZA POSITIVA, ASOCIACION MUTUAL DE TRABAJADORES DEL GRUPO EMPRESARIAL EPM;ALIANZA POSITIVA;890-981-629-1;Asociaciones mutuales;ANTIOQUIA;MEDELLÍN;CL 51 51 31 ED COLTABACO T 2 OF 1106;6044441070;;;PAULA ANDREA GALLEGO MU?OZ;contabilidad@alianzapositiva.com;2
45;ANTIOQUIA;MARINILLA;NO;;;SI;2026-06-30;13026;06/30/2026 05:00:00 PM;JUNIO;2026;ASOCIACION COMUNITARIA DE MARINILLA ACODEMA;ACODEMA;890-985-831-1;Asociaciones mutuales;ANTIOQUIA;MARINILLA;CARRERA 34 NO 28 44;5480453;14;Servicios funerarios;CARLOS ALBERTO GIRALDO GIRALDO;acodema@acodema.com;2
46;ANTIOQUIA;MEDELLIN;NO;;;SI;2026-06-30;15229;06/30/2026 05:00:00 PM;JUNIO;2026;ASOCIACION MUTUAL COMFRATERNIDAD;ASMUCOM;900-905-934-3;Asociaciones mutuales;ANTIOQUIA;MEDELLÍN;CR 46   50 34;5859052;99;Otras actividades;GUILLERMO LEON GAVIRIA ARBOLEDA;mutualasmucom@gmail.com;2
47;ANTIOQUIA;MEDELLIN;NO;;;SI;2026-06-30;1567;06/30/2026 05:00:00 PM;JUNIO;2026;ASOCIACION MUTUAL COMPARTIR;;890-985-706-7;Asociaciones mutuales;ANTIOQUIA;MEDELLÍN;CR 47   50 24 OFICINA 903;2961880;24;Servicios de credito;DIANA LUCIA ISAZA LONDO?O;finanzasmutualcompartir@gmail.com;2
48;NORTE DE SANTANDER;SAN JOSE DE CUCUTA;NO;;;SI;2026-06-30;16384;06/30/2026 05:00:00 PM;JUNIO;2026;ASOCIACION MUTUAL COMULDENORTE;MUTUAL COMULDENORTE;901-763-354-4;Asociaciones mutuales;NORTE DE SANTANDER;SAN JOSÉ DE CÚCUTA;CALLE 15A 1E-77 CAOBOS;;99;Otras actividades;;asociacionmutualcoomuldenorte@gmail.com;2
49;ANTIOQUIA;MEDELLIN;NO;;;SI;2026-06-30;15466;06/30/2026 05:00:00 PM;JUNIO;2026;ASOCIACION MUTUAL COOPERACION FAMILIAR DE ANTIOQUIA;COMUFA;901-169-890-3;Asociaciones mutuales;ANTIOQUIA;MEDELLÍN;CRA 51 D 60 64;3203420;;;;comufa@hotmail.com;2
50;ANTIOQUIA;MEDELLIN;NO;;;SI;2026-06-30;12860;06/30/2026 05:00:00 PM;JUNIO;2026;ASOCIACION MUTUAL DE APOYO RECIPROCO;AMDAR;900-381-778-1;Asociaciones mutuales;ANTIOQUIA;MEDELLÍN;CL 73 45 A 23;;99;Otras actividades;GUILLERMO RESTREPO RODAS;amdar2010@gmail.com;2
51;ANTIOQUIA;SEGOVIA;NO;;;SI;2026-06-30;7075;06/30/2026 05:00:00 PM;JUNIO;2026;ASOCIACION MUTUAL DE MINEROS EL COGOTE;ASOMUTUALCO;800-232-892-0;Asociaciones mutuales;ANTIOQUIA;SEGOVIA;CALLE 48 46 21 BARRIO PALACE;8315411;8;Mineria;DIONNY MAFREDY RAMIREZ ALVAREZ;admin@asomutualco.com;2
52;CUNDINAMARCA;CHIA;NO;;;SI;2026-06-30;13144;06/30/2026 05:00:00 PM;JUNIO;2026;ASOCIACION MUTUAL DE PROYECCION Y DESARROLLO SOCIAL;ASPROYECTAR;900-452-022-6;Asociaciones mutuales;CUNDINAMARCA;CHÍA;KM 15 VIA CAJICA-CHIA CE OXUS;;99;Otras actividades;ESPERANZA MOGOLLON SAENZ ESP SAENZ;contabilidad@asproyectar.com;2
53;ANTIOQUIA;ITAGUI;NO;;;SI;2026-06-30;1561;06/30/2026 05:00:00 PM;JUNIO;2026;ASOCIACION MUTUAL PLAYA RICA;AMPRI;890-904-071-2;Asociaciones mutuales;ANTIOQUIA;ITAGÜÍ;CR 53 45 14;3737008;14;Servicios funerarios;JANNET CECILIA MARIN ATEHORTUA;jannetm@mutualplayarica.net;2
54;ANTIOQUIA;MEDELLIN;NO;;;SI;2026-06-30;6810;06/30/2026 05:00:00 PM;JUNIO;2026;ASOCIACION MUTUAL SAN JAVIER;MUTUAL SAN JAVIER;890-982-135-8;Asociaciones mutuales;ANTIOQUIA;MEDELLÍN;CRA 102A 47C-97;3017547;99;Otras actividades;DIEGO RAMIRO ALVAREZ PE?A;asmutualsj@gmail.com;2
55;ANTIOQUIA;MEDELLIN;NO;;;SI;2026-06-30;1834;06/30/2026 05:00:00 PM;JUNIO;2026;ASOCIACION MUTUAL SANTA CLARA;A.M.S.C.;800-060-211-6;Asociaciones mutuales;ANTIOQUIA;MEDELLÍN;CRA 51 57 06;6045129751;99;Otras actividades;LEON DARIO CORREA FLOREZ;asociacionmutualsantaclara@gmail.com;2
56;ANTIOQUIA;BELLO;NO;;;SI;2026-06-30;6537;06/30/2026 05:00:00 PM;JUNIO;2026;EMPRESA COTRAFA DE SERVICIOS SOCIALES;COTRAFA SOCIAL;811-017-024-3;Instituciones auxiliares especializadas;ANTIOQUIA;BELLO;CL 49 48 37;4567000;14;Servicios funerarios;DIDIER JAIME LOPERA CARDONA;info@cotrafasocial.com.co;2
57;ANTIOQUIA;MEDELLIN;NO;;;SI;2026-06-30;4697;06/30/2026 05:00:00 PM;JUNIO;2026;FENDIAN FONDO DE EMPLEADOS DE LA DIRECCION DE IMPUESTOS Y ADUANAS NACIONALES DIRECCION REGIONAL NOROCCIDENTE;FENDIAN;811-003-172-4;Fondos de empleados;ANTIOQUIA;MEDELLÍN;CR 52 42 43;2622896;2;Servicios de ahorro y credito;CARLOS ANDRES PE?A GOMEZ;gerencia@fendian.com.co;2
58;ATLÁNTICO;BARRANQUILLA;NO;;;SI;2026-03-31;8676;03/31/2026 05:00:00 PM;MARZO;2026;FONDO DE AHORRO Y VIVIENDA DE EMPLEADOS DE EXPRESO BRASILIA S.A.;FONEB;802-009-829-9;Fondos de empleados;ATLÁNTICO;BARRANQUILLA;CARRERA 35 44 63;3715499;2;Servicios de ahorro y credito;DUILIA ISABEL ALAGUNA GUARIN;gerencia.foneb@expresobrasilia.com;2
59;CUNDINAMARCA;TOCANCIPA;NO;;;SI;2026-06-30;1185;06/30/2026 05:00:00 PM;JUNIO;2026;FONDO DE  EMPLEADOS AL SERVICIO DE LOS TRABAJADORES DE LAS EMPRESAS DEL SECTOR AGROINDUSTRIAL ANEXAS Y COMPLEMENTARIAS;FEPAL;860-527-685-8;Fondos de empleados;CUNDINAMARCA;TOCANCIPÁ;CARRERA 4 N 12 75;;2;Servicios de ahorro y credito;MARIA ROCIO SANCHEZ CASTILLO;info@fepal.co;2
60;ANTIOQUIA;MEDELLIN;NO;;;SI;2026-06-30;8410;06/30/2026 05:00:00 PM;JUNIO;2026;FONDO DE EMPLEADOS ALIANZA;ALIANZA;811-018-920-2;Fondos de empleados;ANTIOQUIA;MEDELLÍN;CLL 57 # 48 - 28;3221027;2;Servicios de ahorro y credito;JULIO ARLEY LOPEZ GIRALDO;contacto@fealianza.com;2
61;ANTIOQUIA;MEDELLIN;NO;;;SI;2026-06-30;5311;06/30/2026 05:00:00 PM;JUNIO;2026;FONDO DE EMPLEADOS ALTATEC;ALTATEC;811-034-937-4;Fondos de empleados;ANTIOQUIA;MEDELLÍN;CALLE 10 SUR # 50 FF 28, OF. 307. ED. PRIMER PLANO;;2;Servicios de ahorro y credito;OMAR DE JESUS SANCHEZ VALLEJO;gerencia@fondoaltatec.com;2
62;ANTIOQUIA;ITAGUI;NO;;;SI;2026-06-30;1708;06/30/2026 05:00:00 PM;JUNIO;2026;FONDO DE EMPLEADOS CERVUNION;FECERVUNION;890-982-306-0;Fondos de empleados;ANTIOQUIA;ITAGÜÍ;CR 50 A 37 90   C  C PLAZA ARRAYANES LOCAL  222;6049932;2;Servicios de ahorro y credito;ANGELA - VANEGAS VALENCIA;gerencia@fecervunion.com;2
63;ANTIOQUIA;MEDELLIN;NO;;;SI;2026-06-30;13845;06/30/2026 05:00:00 PM;JUNIO;2026;FONDO DE EMPLEADOS CLINICA EL ROSARIO;;900-744-575-0;Fondos de empleados;ANTIOQUIA;MEDELLÍN;CALLE 63 41 27;2959000;2;Servicios de ahorro y credito;RUTH MARIA DEL SOCORRO VALLEJO ISAZA;feclirosarioauxiliar@gmail.com;2
64;ANTIOQUIA;MEDELLIN;NO;;;SI;2026-06-30;5108;06/30/2026 05:00:00 PM;JUNIO;2026;FONDO DE EMPLEADOS CONINSA S.A Y RAMON H. LONDO#O S.A.;FECORH;890-985-399-9;Fondos de empleados;ANTIOQUIA;MEDELLÍN;CALLE 55 45 55;5116199;2;Servicios de ahorro y credito;JAINOVER RAMIREZ GARCIA;gerenfecorh@coninsa.co;2
65;ANTIOQUIA;MEDELLIN;NO;;;SI;2026-06-30;15435;06/30/2026 05:00:00 PM;JUNIO;2026;FONDO DE EMPLEADOS CONSTRUIMOS SUE?OS;FONCONSTRUIMOS;901-217-197-3;Fondos de empleados;ANTIOQUIA;MEDELLÍN;CRA 43B 16 41 OF 1501 ED STAFF;;2;Servicios de ahorro y credito;;gerencia@fonconstruimos.com.co;2
66;ANTIOQUIA;MEDELLIN;NO;;;SI;2026-06-30;4623;06/30/2026 05:00:00 PM;JUNIO;2026;FONDO DE EMPLEADOS CORANTIOQUIA;FECORA;811-031-358-6;Fondos de empleados;ANTIOQUIA;MEDELLÍN;CRA 65 44 A 32;;2;Servicios de ahorro y credito;GRICELA ISAZA RAMIREZ;fecora@corantioquia.gov.co;2
67;ANTIOQUIA;APARTADO;NO;;;SI;2025-12-31;7478;12/31/2025 05:00:00 PM;DICIEMBRE;2025;FONDO DE EMPLEADOS DE AGRICOLA SARA PALMA S.A.;FESPAL;811-029-999-0;Fondos de empleados;ANTIOQUIA;APARTADÓ;CLL 95 103A 44;8153574;2;Servicios de ahorro y credito;GLORIA ALEXANDRA RESTREPO ALBARRACIN;emarquez@fesapalma.com;2
68;ATLÁNTICO;BARRANQUILLA;NO;;;SI;2026-06-30;13165;06/30/2026 05:00:00 PM;JUNIO;2026;FONDO DE EMPLEADOS DE ALIANZA SODIS;FONDESODIS;900-372-097-4;Fondos de empleados;ATLÁNTICO;BARRANQUILLA;CALLE 30 # 12 249;3819100;2;Servicios de ahorro y credito;MARGARITA DE SILVESTRI DIARTT;fondesodis@alianzasodis.com;2
69;BOLÍVAR;CARTAGENA DE INDIAS;NO;;;SI;2026-06-30;7076;06/30/2026 05:00:00 PM;JUNIO;2026;FONDO DE EMPLEADOS DE BIOFILM S.A.;FONDEBISA;800-187-923-8;Fondos de empleados;BOLÍVAR;CARTAGENA DE INDIAS;MAMONAL KM 5 SECTOR PUERTA HIERRO;6517172;2;Servicios de ahorro y credito;LEDYS BELTRAN PEREIRA;ledis.beltran@ti-films.com;2
70;CUNDINAMARCA;CAJICA;NO;;;SI;2026-06-30;977;06/30/2026 05:00:00 PM;JUNIO;2026;FONDO DE EMPLEADOS DE BRINSA S.A.;FEBRINSA;832-001-142-0;Fondos de empleados;CUNDINAMARCA;CAJICÁ;KM 6 VIA CAJICA-ZIPAQUIRA;8333555;2;Servicios de ahorro y credito;ADRIANA MIREYA MONTAYO CASTAYEDA;fondo.empleados@brinsa.com.co;2
71;CUNDINAMARCA;TOCANCIPA;NO;;;SI;2026-06-30;3780;06/30/2026 05:00:00 PM;JUNIO;2026;FONDO DE EMPLEADOS DE CERVECERIA LEONA S.A.;FECELSA;832-001-799-9;Fondos de empleados;CUNDINAMARCA;TOCANCIPÁ;KM 30 AUTOPISTA NORTE;;2;Servicios de ahorro y credito;JOSE JAVIER SANCHEZ MU?OZ;gerencia@fecelsa.co;2
72;ANTIOQUIA;GIRARDOTA;NO;;;SI;2026-06-30;1722;06/30/2026 05:00:00 PM;JUNIO;2026;FONDO DE EMPLEADOS DE COLCERAMICA S.A.;FONEMA;811-006-216-3;Fondos de empleados;ANTIOQUIA;GIRARDOTA;CR 18A 004A 0041;4537700;2;Servicios de ahorro y credito;DURLEY ANDREA ZAPATA ARANGO;sperez@corona.com.co;2
73;ANTIOQUIA;RIONEGRO;NO;;;SI;2026-06-30;1706;06/30/2026 05:00:00 PM;JUNIO;2026;FONDO DE EMPLEADOS DE COLOMBIANA KIMBERLY COLPAPEL S A;FECOL;890-985-581-3;Fondos de empleados;ANTIOQUIA;RIONEGRO;CALLE 42 56-39 OFICINA 701;3223481;2;Servicios de ahorro y credito;MARTA ELENA ECHEVERRI PALACIO;fondodeempleados@fecol.com.co;2
74;BOLÍVAR;CARTAGENA DE INDIAS;NO;;;SI;2026-06-30;2915;06/30/2026 05:00:00 PM;JUNIO;2026;FONDO DE EMPLEADOS DE COMFENALCO;FONCOMFENALCO;890-481-191-0;Fondos de empleados;BOLÍVAR;CARTAGENA DE INDIAS;ZARAGOCILLA DG 30;;2;Servicios de ahorro y credito;SENEY MARGARITA JIMENEZ ROMERO;sjimenez@foncomfenalco.com;2
75;ANTIOQUIA;MEDELLIN;NO;;;SI;2026-06-30;1547;06/30/2026 05:00:00 PM;JUNIO;2026;FONDO DE EMPLEADOS DE COMFENALCO-ANTIOQUIA;FECOM;800-074-405-9;Fondos de empleados;ANTIOQUIA;MEDELLÍN;CALLE 53 45-45 ED. PALOMAR;4445400;2;Servicios de ahorro y credito;MARGARITA ROSA GOMEZ ESCOBAR;fecom@comfenalcoantioquia.com;2
76;ANTIOQUIA;MEDELLIN;NO;;;SI;2026-06-30;13800;06/30/2026 05:00:00 PM;JUNIO;2026;FONDO DE EMPLEADOS DE CONTINENTAL GOLD;FECONTGOLD;900-750-478-9;Fondos de empleados;ANTIOQUIA;MEDELLÍN;CR 43 A N? 1-50 OF. 1052;3121026;2;Servicios de ahorro y credito;ADRIANA MARIA MAZO GOMEZ;fondoempleados@continentalgold.com;2
77;ANTIOQUIA;MEDELLIN;NO;;;SI;2026-06-30;10349;06/30/2026 05:00:00 PM;JUNIO;2026;FONDO DE EMPLEADOS DE COORDINADORA MERCANTIL S.A.;FECOORDI;900-076-795-8;Fondos de empleados;ANTIOQUIA;MEDELLÍN;CL 5 A 39 194 PISO 12;;2;Servicios de ahorro y credito;ANGELA MARIA ACOSTA OCHOA;contabilidad@fecoordi.com;2
78;CUNDINAMARCA;COTA;NO;;;SI;2026-06-30;925;06/30/2026 05:00:00 PM;JUNIO;2026;FONDO DE EMPLEADOS DE COPIDROGAS;FEC;860-350-352-9;Fondos de empleados;CUNDINAMARCA;COTA;AUTOPISTA BOGOTA-MEDELLIN KM 4.7 COSTADO NORTE;;2;Servicios de ahorro y credito;LILIANA E. ARANGO BOCANEGRA;fecopi@coopidrogas.com.co;2
79;ANTIOQUIA;MEDELLIN;NO;;;SI;2026-06-30;11143;06/30/2026 05:00:00 PM;JUNIO;2026;FONDO DE EMPLEADOS DE DISTRIBUCION DE VINOS Y LICORES LTDA;FEDI;890-985-452-1;Fondos de empleados;ANTIOQUIA;MEDELLÍN;CR 43 A25 A 45;;2;Servicios de ahorro y credito;GABRIEL JAIME SEPULVEDA BOTERO;administracion@fedi.com.co;2
80;ANTIOQUIA;GUARNE;NO;;;SI;2026-06-30;1612;06/30/2026 05:00:00 PM;JUNIO;2026;FONDO DE EMPLEADOS DE EUROCERAMICA;EUROFES;811-013-421-6;Fondos de empleados;ANTIOQUIA;GUARNE;CRA 50 # 47 # 41   LOCAL 203;;2;Servicios de ahorro y credito;OSCAR DARIO GARCIA DUQUE;gerencia@eurofes.com;2
81;CUNDINAMARCA;CHIA;NO;;;SI;2026-06-30;916;06/30/2026 05:00:00 PM;JUNIO;2026;FONDO DE EMPLEADOS DE FLORES TIBA S.A;FEFLORAL;860-524-033-2;Fondos de empleados;CUNDINAMARCA;CHÍA;CENTRO COMERCIAL CENTRO CHIA OFICINA 2015;8615613;2;Servicios de ahorro y credito;LUIS JORGE VALBUENA BARBON;fefloral@florestiba.com;2
82;ATLÁNTICO;BARRANQUILLA;NO;;;SI;2026-06-30;1920;06/30/2026 05:00:00 PM;JUNIO;2026;FONDO DE EMPLEADOS DE GASES DEL CARIBE;FONDEGASES;800-052-469-5;Fondos de empleados;ATLÁNTICO;BARRANQUILLA;CRA 59 59 144;;2;Servicios de ahorro y credito;GABRIEL EDUARDO MARTINEZ APARICIO DE LA ESPRIELLA;fondegases@gascaribe.com;2
83;ANTIOQUIA;COPACABANA;NO;;;SI;2026-07-31;1757;07/31/2026 05:00:00 PM;JULIO;2026;FONDO DE EMPLEADOS DE INDUSTRIAS HACEB;FEDEHACEB;800-131-687-3;Fondos de empleados;ANTIOQUIA;COPACABANA;CL 59 55 80;;2;Servicios de ahorro y credito;MARIA YOLANDA CASTA?O SUAREZ;natalia.rodriguez@haceb.com;2
84;CUNDINAMARCA;MADRID;NO;;;SI;2026-06-30;222;06/30/2026 05:00:00 PM;JUNIO;2026;FONDO DE EMPLEADOS DE JARDINES DE LOS ANDES;FONDEANDES;860-049-030-3;Fondos de empleados;CUNDINAMARCA;MADRID;KM 25 CARRETERA OCCIDENTE VIA BOGOTA- FACATATIVA;3238040;2;Servicios de ahorro y credito;BLANCA JENNY BUITRAGO RODRIGUEZ;fondo@jarandes.com;2
85;CUNDINAMARCA;FUNZA;NO;;;SI;2026-06-30;15538;06/30/2026 05:00:00 PM;JUNIO;2026;FONDO DE EMPLEADOS DE KOBA COLOMBIA;FONKOBA;901-281-483-7;Fondos de empleados;CUNDINAMARCA;FUNZA;KM 1.5 VIA CERRITO LA FLORIDA PQ ZOL FUNZA;;2;Servicios de ahorro y credito;;johana.sanchez@fondtodos.com;2
86;ATLÁNTICO;MALAMBO;NO;;;SI;2026-06-30;1913;06/30/2026 05:00:00 PM;JUNIO;2026;FONDO DE EMPLEADOS DE L PARQUE INDUSTRIAL MALAMBO;FEPIMSA;890-114-805-1;Fondos de empleados;ATLÁNTICO;MALAMBO;PIMSA KM 3 VIA MALAMBO;3718186;2;Servicios de ahorro y credito;NORA ELENA CABARCAS OEDING;ncabarcas@acesco.com;2
87;ANTIOQUIA;MEDELLIN;NO;;;SI;2026-06-30;1546;06/30/2026 05:00:00 PM;JUNIO;2026;FONDO DE EMPLEADOS DE LA ANDI;FONANDI;811-003-984-8;Fondos de empleados;ANTIOQUIA;MEDELLÍN;CARRERA 43 A #1 50 TORRE 2 ANDI;3265100;2;Servicios de ahorro y credito;NATALIA GARCIA MARIN;ngarcia@fonandi.co;2
88;BOLÍVAR;CARTAGENA DE INDIAS;NO;;;SI;2026-06-30;3812;06/30/2026 05:00:00 PM;JUNIO;2026;FONDO DE EMPLEADOS DE LA COMPA#IA COLOMBIANA DE CLINKER S.A.LTDA.;FECOL;890-481-445-6;Fondos de empleados;BOLÍVAR;CARTAGENA DE INDIAS;VIA MAMONAL KM 7 INTERIOR CEMENTOS ARGOS;6689200;2;Servicios de ahorro y credito;ENOC ANTONIO MARTINEZ JAIMES;jtapias@argos.com.co;2
89;ANTIOQUIA;MEDELLIN;NO;;;SI;2026-06-30;1517;06/30/2026 05:00:00 PM;JUNIO;2026;FONDO DE EMPLEADOS DE LA EMPRESA ANTIOQUEYA DE ENERGIA;FEADE;890-985-058-2;Fondos de empleados;ANTIOQUIA;MEDELLÍN;CR 46 52 140;;2;Servicios de ahorro y credito;ROSA ANGELICA GOEZ LONDO?O;gfeade@fondofeade.com;2
90;ANTIOQUIA;MEDELLIN;NO;;;SI;2026-06-30;10306;06/30/2026 05:00:00 PM;JUNIO;2026;FONDO DE EMPLEADOS DE LA FUNDACION HOSPITALARIA SAN VICENTE DE PAUL;EL HOSPITAL;900-074-927-4;Fondos de empleados;ANTIOQUIA;MEDELLÍN;CL. 64 #51D - 154;4441333;2;Servicios de ahorro y credito;ISABEL CRISTINA CHACON ALVAREZ;gerentesuma@sanvicentefundacion.com;2
91;ANTIOQUIA;MEDELLIN;NO;;;SI;2026-06-30;1332;06/30/2026 05:00:00 PM;JUNIO;2026;FONDO DE EMPLEADOS DE LA FUNDACION SANTA MARIA;MILENIO;890-928-567-7;Fondos de empleados;ANTIOQUIA;MEDELLÍN;CALLE 53 45 112 OF 1101;4242440;2;Servicios de ahorro y credito;JOHANA FARLEY GIRALDO CHAVERRRA;milenio1979@gmail.com;2
92;ANTIOQUIA;BELLO;NO;;;SI;2026-06-30;15291;06/30/2026 05:00:00 PM;JUNIO;2026;FONDO DE EMPLEADOS DE LA INDUSTRIA DE CONTACT CENTERS Y BPO;ONE PRISMA;900-902-050-4;Fondos de empleados;ANTIOQUIA;BELLO;CR 50 38A 185;3175731;2;Servicios de ahorro y credito;;novedades@oneprisma.com;2
93;ATLÁNTICO;PUERTO COLOMBIA;NO;;;SI;2026-06-30;1028;06/30/2026 05:00:00 PM;JUNIO;2026;FONDO DE EMPLEADOS DE LA SOCIEDAD A.A.A. DE B/QUILLA.S.A.;FONTRIPLEA;802-000-432-8;Fondos de empleados;ATLÁNTICO;PUERTO COLOMBIA;CRA 10 # 2-09;;2;Servicios de ahorro y credito;GIOVANNA PATRICIA PARRA SUAREZ;orlando.florez@fontriplea.com.co;2
94;ATLÁNTICO;BARRANQUILLA;NO;;;SI;2026-06-30;10008;06/30/2026 05:00:00 PM;JUNIO;2026;FONDO DE EMPLEADOS DE LA SOCIEDAD PORTUARIA REGIONAL BARRANQUILLA S.A;FEPORT;802-002-800-4;Fondos de empleados;ATLÁNTICO;BARRANQUILLA;CARRERA 38 CALLE 1 ORILLA DEL RIO;;2;Servicios de ahorro y credito;ADRIANA MARIA CURE;feport@puertodebarranquilla.com;2
95;NORTE DE SANTANDER;PAMPLONA;NO;;;SI;2026-06-30;3308;06/30/2026 05:00:00 PM;JUNIO;2026;FONDO DE EMPLEADOS DE LA UNIVERSIDAD DE PAMPLONA;FEUP;890-506-016-1;Fondos de empleados;NORTE DE SANTANDER;PAMPLONA;CL 5  4 66 INT 5 25 PJ LA QUINTA;3158930911;2;Servicios de ahorro y credito;HUMBERTO AYALA BARRERA;fondoempleadosup@yahoo.es;2
96;BOLÍVAR;CARTAGENA DE INDIAS;NO;;;SI;2026-06-30;3660;06/30/2026 05:00:00 PM;JUNIO;2026;FONDO DE EMPLEADOS DE LAS EMPRESAS DEL GRUPO EMPRESARIAL CARTAGENA II;FONDESPORT;806-000-899-8;Fondos de empleados;BOLÍVAR;CARTAGENA DE INDIAS;MANGA TERMINAL MARITIMO;6502399;2;Servicios de ahorro y credito;ARELIS DE JESUS ESPA?A ROMERO;fondesport@sprc.com.co;2
97;ANTIOQUIA;MEDELLIN;NO;;;SI;2026-06-30;12220;06/30/2026 05:00:00 PM;JUNIO;2026;FONDO DE EMPLEADOS DE LASA;ALAS;900-255-723-6;Fondos de empleados;ANTIOQUIA;MEDELLÍN;CR 25 1 A SUR 155;6051563;2;Servicios de ahorro y credito;MARIA DEL PILAR GIRALDO CUARTAS;stefany.osorio@talma.com.co;2
98;ANTIOQUIA;CALDAS;NO;;;SI;2026-06-30;1717;06/30/2026 05:00:00 PM;JUNIO;2026;FONDO DE EMPLEADOS DE LOCERIA COLOMBIANA S.A.;FONDELCO;811-008-999-0;Fondos de empleados;ANTIOQUIA;CALDAS;CRA. 54 #129 SUR 51;4472035;2;Servicios de ahorro y credito;SILVIA MARIA TABORDA ALVAREZ;eagallego@corona.com.co;2
99;ANTIOQUIA;MEDELLIN;NO;;;SI;2026-06-30;7539;06/30/2026 05:00:00 PM;JUNIO;2026;FONDO DE EMPLEADOS DE MANPOWER COLOMBIA;FONPOWER;830-077-032-8;Fondos de empleados;ANTIOQUIA;MEDELLÍN;CARRERA 48 10 45 OF 809;6045906857;2;Servicios de ahorro y credito;LUZ ANGELA ORTIZ GALLO;fondomanpower@fondomanpower.com;2
100;ANTIOQUIA;GUARNE;NO;;;SI;2026-06-30;1730;06/30/2026 05:00:00 PM;JUNIO;2026;FONDO DE EMPLEADOS DE NEW STETIC LTDA;FENEWSTETIC;800-025-172-9;Fondos de empleados;ANTIOQUIA;GUARNE;CARRERA 53 NO. 50-09;4038760;2;Servicios de ahorro y credito;ADRIANA MARIA LLANO CARMONA;fenewstetic@newstetic.com;2
101;ANTIOQUIA;MEDELLIN;NO;;;SI;2026-06-30;1311;06/30/2026 05:00:00 PM;JUNIO;2026;FONDO DE EMPLEADOS DE PREBEL  S A;FONPREBEL;890-924-379-0;Fondos de empleados;ANTIOQUIA;MEDELLÍN;CL 10 58 59;3656000;2;Servicios de ahorro y credito;NATALIA - CASTA?O JARAMILLO;fondo.prebel@prebel.com.co;2
102;ATLÁNTICO;BARRANQUILLA;NO;;;SI;2026-06-30;2974;06/30/2026 05:00:00 PM;JUNIO;2026;FONDO DE EMPLEADOS DE PROCAPS S.A.;FONPROCAPS;800-233-440-1;Fondos de empleados;ATLÁNTICO;BARRANQUILLA;CALLE 80 78B 19;3719347;2;Servicios de ahorro y credito;VANYRA PAOLA TEJERA VARELA;contabilidad@fonprocaps.com;2
103;CUNDINAMARCA;CAJICA;NO;;;SI;2026-06-30;7736;06/30/2026 05:00:00 PM;JUNIO;2026;FONDO DE EMPLEADOS DE PRODUCTOS NATURALES DE CAJICA;FONALCANZAR;832-004-870-8;Fondos de empleados;CUNDINAMARCA;CAJICÁ;KM 5 CAJICA VIA TABIO;;2;Servicios de ahorro y credito;HECTOR JAVIER GALINDO CUBILLOS;mgonzalez@alqueria.com.co;2
104;ATLÁNTICO;BARRANQUILLA;NO;;;SI;2026-06-30;1922;06/30/2026 05:00:00 PM;JUNIO;2026;FONDO DE EMPLEADOS DE PROMIGAS LIMITADA;PROMIFONDO;890-112-286-1;Fondos de empleados;ATLÁNTICO;BARRANQUILLA;CALLE 66 67 123;3713283;2;Servicios de ahorro y credito;RENALDO IGNACIO DONADO VIVES;promifondo@promigas.com;2
105;ANTIOQUIA;MEDELLIN;NO;;;SI;2026-06-30;13814;06/30/2026 05:00:00 PM;JUNIO;2026;FONDO DE EMPLEADOS DE SERACIS;FESERACIS;900-798-447-8;Fondos de empleados;ANTIOQUIA;MEDELLÍN;CL 47 D 79-33;4484518;2;Servicios de ahorro y credito;OLGA CONSUELO PINZON CONTRERAS;feseracis@seracis.com;2
106;ANTIOQUIA;ENVIGADO;NO;;;SI;2026-06-30;1728;06/30/2026 05:00:00 PM;JUNIO;2026;FONDO DE EMPLEADOS DE SOFASA;FESOME;890-985-694-7;Fondos de empleados;ANTIOQUIA;ENVIGADO;CRA 49 N 39 SUR 100;3359745;2;Servicios de ahorro y credito;GLORIA INES GIRALDO MONTES;fesome.envigado@renault.com;2
107;ANTIOQUIA;MEDELLIN;NO;;;SI;2026-06-30;13016;06/30/2026 05:00:00 PM;JUNIO;2026;FONDO DE EMPLEADOS DE SOFTWAREONE;SOMOSMAS;900-410-633-6;Fondos de empleados;ANTIOQUIA;MEDELLÍN;CARRERA 48 # 18A 14 PISO 7 EDIFICIO FIC 48;;2;Servicios de ahorro y credito;CAROLINA - RESTREPO RICO;fondoempleados@fondosomosmas.com;2
108;ANTIOQUIA;SABANETA;NO;;;SI;2026-06-30;1726;06/30/2026 05:00:00 PM;JUNIO;2026;FONDO DE EMPLEADOS DE SUMICOL S.A.;SUFONDO;811-005-688-1;Fondos de empleados;ANTIOQUIA;SABANETA;CR 48 72 SUR 01;3058200;2;Servicios de ahorro y credito;ALICIA ALVAREZ G;aapabon@corona.com.co;2
109;BOLÍVAR;CARTAGENA DE INDIAS;NO;;;SI;2026-06-30;3572;06/30/2026 05:00:00 PM;JUNIO;2026;FONDO DE EMPLEADOS DE SURTIDORA DE GAS DEL CARIBE S.A.;F.E.S.;800-131-810-3;Fondos de empleados;BOLÍVAR;CARTAGENA DE INDIAS;AV PEDRO DE HEREDIA CL 31 47 30;;2;Servicios de ahorro y credito;CARLOS GARCES CADENA;alyda.landinez@surtigas.co;2
110;ANTIOQUIA;MEDELLIN;NO;;;SI;2026-06-30;12282;06/30/2026 05:00:00 PM;JUNIO;2026;FONDO DE EMPLEADOS DEL CES;UNIONCES;900-155-738-7;Fondos de empleados;ANTIOQUIA;MEDELLÍN;CR 50C # 58 - 12;;2;Servicios de ahorro y credito;OLGA MABEL SALAZAR MEJIA;contadorunionces@clinicaces.edu.co;2
111;ANTIOQUIA;MEDELLIN;NO;;;SI;2026-06-30;1723;06/30/2026 05:00:00 PM;JUNIO;2026;FONDO DE EMPLEADOS DEL HOSPITAL GENERAL DE MEDELLIN LDA.;FODEHG;890-985-326-1;Fondos de empleados;ANTIOQUIA;MEDELLÍN;CR 48 N?32-102;3847300;2;Servicios de ahorro y credito;MARIA EUGENIA ZAPATA PALACIO;fodehg@gmail.com;2
112;ANTIOQUIA;MEDELLIN;NO;;;SI;2026-06-30;13157;06/30/2026 05:00:00 PM;JUNIO;2026;FONDO DE EMPLEADOS DEL ITM;FEITM;900-420-631-4;Fondos de empleados;ANTIOQUIA;MEDELLÍN;CALLE 73 76A 354;6044405;2;Servicios de ahorro y credito;LAURA DANIELA ALZATE TORO;fondoempleadositm@itm.edu.co;2
113;ANTIOQUIA;MEDELLIN;NO;;;SI;2026-06-30;7781;06/30/2026 05:00:00 PM;JUNIO;2026;FONDO DE EMPLEADOS DEL METRO DE MEDELLIN;METROFEM;811-018-902-1;Fondos de empleados;ANTIOQUIA;MEDELLÍN;CR 51 65 85;;2;Servicios de ahorro y credito;CATALINA GOMEZ CANO;fondodeempleados@metrofem.com;2
114;ANTIOQUIA;SABANETA;NO;;;SI;2026-06-30;5151;06/30/2026 05:00:00 PM;JUNIO;2026;FONDO DE EMPLEADOS DEL MUNICIPIO DE SABANETA;FODES;811-014-096-1;Fondos de empleados;ANTIOQUIA;SABANETA;CRA. 45 #71 S;4406802;2;Servicios de ahorro y credito;NANCY BETANCUR DUQUE;fodes@sabaneta.gov.co;2
115;ANTIOQUIA;ENVIGADO;NO;;;SI;2026-06-30;13578;06/30/2026 05:00:00 PM;JUNIO;2026;FONDO DE EMPLEADOS DEL SECTOR AVICOLA COLOMBIANO;TREBOL;900-577-985-0;Fondos de empleados;ANTIOQUIA;ENVIGADO;CRA 48 26 SUR 181 LOCAL 120-121;4037430;2;Servicios de ahorro y credito;JORGE IVAN TRUJILLO ESCOBAR;info@fondotrebol.org;2
116;CUNDINAMARCA;CHIA;NO;;;SI;2026-06-30;61;06/30/2026 05:00:00 PM;JUNIO;2026;FONDO DE EMPLEADOS DEL SECTOR FLORICULTOR Y EMPRESAS ANEXAS COSECHAR;COSECHAR;832-001-828-4;Fondos de empleados;CUNDINAMARCA;CHÍA;CENTRO COMERCIAL CENTRO CHIA OF 1001;;2;Servicios de ahorro y credito;IVON YADIRA ROMERO CASTA?EDA;comunicaciones@cosechar.com.co;2
117;CUNDINAMARCA;FACATATIVA;NO;;;SI;2026-06-30;8620;06/30/2026 05:00:00 PM;JUNIO;2026;FONDO DE EMPLEADOS ELITE FLOWER;FONDO ELITE;832-009-929-6;Fondos de empleados;CUNDINAMARCA;FACATATIVÁ;KM 31 VIA OCC BOGOT A FACA;8910444;2;Servicios de ahorro y credito;LUIS HERNAN RODRIGUEZ LAVADO;fondoelite@eliteflower.com;2
118;ANTIOQUIA;MEDELLIN;NO;;;SI;2026-06-30;4121;06/30/2026 05:00:00 PM;JUNIO;2026;FONDO DE EMPLEADOS FEIRO;FEIRO;811-007-303-0;Fondos de empleados;ANTIOQUIA;MEDELLÍN;CL 14 48 33;4484171;2;Servicios de ahorro y credito;FRANCIE LILIANA CARDONA RAMIREZ;feiro@feiro.com.co;2
119;ANTIOQUIA;MEDELLIN;NO;;;SI;2026-06-30;7778;06/30/2026 05:00:00 PM;JUNIO;2026;FONDO DE EMPLEADOS FEMCO;FEMCO;811-022-667-9;Fondos de empleados;ANTIOQUIA;MEDELLÍN;CR 43 A 20 01;4444444;2;Servicios de ahorro y credito;JAILER HENAO CARMONA;gerencia@femco.co;2
120;ANTIOQUIA;MEDELLIN;NO;;;SI;2026-06-30;13359;06/30/2026 05:00:00 PM;JUNIO;2026;FONDO DE EMPLEADOS FERMAD;FERMAD;900-485-335-8;Fondos de empleados;ANTIOQUIA;MEDELLÍN;CR 58 62 74;4442893;2;Servicios de ahorro y credito;LINA MARIA MONTOYA FRANCO;gerencia@fermad.co;2
121;ANTIOQUIA;ENVIGADO;NO;;;SI;2026-06-30;10499;06/30/2026 05:00:00 PM;JUNIO;2026;FONDO DE EMPLEADOS GREENLAND;FEGREEN;900-103-234-4;Fondos de empleados;ANTIOQUIA;ENVIGADO;CL 26 SUR 48 12;3396262;2;Servicios de ahorro y credito;GISCELA SORAIDA GARCIA MIRA;fegreen@greenland.co;2
122;ANTIOQUIA;MEDELLIN;NO;;;SI;2026-06-30;7692;06/30/2026 05:00:00 PM;JUNIO;2026;FONDO DE EMPLEADOS GRUPO SANTAMARIA;FEGS;811-016-206-2;Fondos de empleados;ANTIOQUIA;MEDELLÍN;CR 43A 19 17 OF 232;3197060;2;Servicios de ahorro y credito;CESAR AUGUSTO OROZCO CASTRILLON;vanesa.zapata@fegs.com.co;2
123;ANTIOQUIA;APARTADO;NO;;;SI;2026-06-30;11196;06/30/2026 05:00:00 PM;JUNIO;2026;FONDO DE EMPLEADOS GRUPO VERDE;FEGRUPO;900-174-349-6;Fondos de empleados;ANTIOQUIA;APARTADÓ;CARRERA 99 ENTRE CALLE 99B Y 100 BRR CHINITA;;2;Servicios de ahorro y credito;MARIA PATRICIA SALDARRIAGA SIERRA;contabilidad@fegrupo.com.co;2
124;ANTIOQUIA;MEDELLIN;NO;;;SI;2026-06-30;11565;06/30/2026 05:00:00 PM;JUNIO;2026;FONDO DE EMPLEADOS LAS AMERICAS;;900-215-395-2;Fondos de empleados;ANTIOQUIA;MEDELLÍN;DG 75 B 2A 120 OF 159;3421010;2;Servicios de ahorro y credito;SANDRA MILENA CARDENAS -;fondodeempleados@auna.org;2
125;ANTIOQUIA;MEDELLIN;NO;;;SI;2026-06-30;13609;06/30/2026 05:00:00 PM;JUNIO;2026;FONDO DE EMPLEADOS MULTI ENLACE CREA;MULTI ENLACE CREA;900-655-433-1;Fondos de empleados;ANTIOQUIA;MEDELLÍN;CL 8 B 65 191 PUERTO SECO 1 OF 231;4029889;2;Servicios de ahorro y credito;ELIANA PATRICIA CASTRILLON BETANCUR;epcastrillon@konecta.com;2
126;ANTIOQUIA;ITAGUI;NO;;;SI;2026-06-30;15311;06/30/2026 05:00:00 PM;JUNIO;2026;FONDO DE EMPLEADOS PROGRESAMOS;F.E. PROGRESAMOS;901-027-422-0;Fondos de empleados;ANTIOQUIA;ITAGÜÍ;CRA 43 44 60;;2;Servicios de ahorro y credito;;nruiz@celerix.com;2
127;ANTIOQUIA;MEDELLIN;NO;;;SI;2026-06-30;8301;06/30/2026 05:00:00 PM;JUNIO;2026;FONDO DE EMPLEADOS PROTECCION S.A;;811-026-616-1;Fondos de empleados;ANTIOQUIA;MEDELLÍN;CL 49 63-100;2307500;2;Servicios de ahorro y credito;CLARA PATRICIA GOMEZ ARBELAEZ;fondodeempleados@proteccion.com.co;2
128;ATLÁNTICO;BARRANQUILLA;NO;;;SI;2026-06-30;4593;06/30/2026 05:00:00 PM;JUNIO;2026;FONDO DE EMPLEADOS SERRANO GOMEZ;FESGO;802-008-115-4;Fondos de empleados;ATLÁNTICO;BARRANQUILLA;VIA 40 NO 71 124;6053699050;2;Servicios de ahorro y credito;HUGO RAFAEL MU?OZ SALOM;jbustos@eticos.com;2
129;ANTIOQUIA;MEDELLIN;NO;;;SI;2026-06-30;12451;06/30/2026 05:00:00 PM;JUNIO;2026;FONDO DE EMPLEADOS SUE?OS VELEZ;FESV;900-343-195-4;Fondos de empleados;ANTIOQUIA;MEDELLÍN;CL 29 52 115;3555100;2;Servicios de ahorro y credito;JUAN GUILLERMO BOLIVAR BUSTAMANTE;suenosvelez@cuerosvelez.com;2
130;CUNDINAMARCA;FACATATIVA;NO;;;SI;2026-06-30;8275;06/30/2026 05:00:00 PM;JUNIO;2026;FONDO DE EMPLEADOS SUNSHINE BOUQUET;FESUN;830-093-546-9;Fondos de empleados;CUNDINAMARCA;FACATATIVÁ;VEREDA TIERRA GRATA LOTE SANTA ANA;;2;Servicios de ahorro y credito;GERARDO CALDERON ROA;gerardo.calderon@fesun.com.co;2
131;ANTIOQUIA;MEDELLIN;NO;;;SI;2026-06-30;8385;06/30/2026 05:00:00 PM;JUNIO;2026;FONDO DE EMPLEADOS SUPERMERCADOS;FEDESMER;811-026-971-1;Fondos de empleados;ANTIOQUIA;MEDELLÍN;CARRERA 43 A 25 41;;2;Servicios de ahorro y credito;GLADYS TABARES GARCIA;gerencia@fintegrar.com;2
132;ATLÁNTICO;GALAPA;NO;;;SI;2026-06-30;15106;06/30/2026 05:00:00 PM;JUNIO;2026;FONDO DE EMPLEADOS ULTRASER;ULTRASER;900-847-852-9;Fondos de empleados;ATLÁNTICO;GALAPA;KM 2-5 VIA CORDIALIDAD;;2;Servicios de ahorro y credito;BENILDA ORDO?EZ RACINI;rperez@ultracem.co;2
133;ANTIOQUIA;MEDELLIN;NO;;;SI;2026-06-30;7009;06/30/2026 05:00:00 PM;JUNIO;2026;FONDO DE EMPLEADOS UNE;FONDOUNE;811-018-807-8;Fondos de empleados;ANTIOQUIA;MEDELLÍN;CR 48  114 20 OFICINA 732;;2;Servicios de ahorro y credito;JOHN ALEXANDER CADAVID TORO;contabilidad@fondoune.com;2
134;ANTIOQUIA;MEDELLIN;NO;;;SI;2026-06-30;9963;06/30/2026 05:00:00 PM;JUNIO;2026;FONDO DE EMPLEADOS Y OBREROS DE ALMACENES FLAMINGO S. A Y DE AGROCOMERCIAL LA ALBORADA A. RESTREPO Y CIA. S.C.A.;FORJANDO;890-901-500-7;Fondos de empleados;ANTIOQUIA;MEDELLÍN;Calle 51No. 50 30 Piso 5 Flamingo Parque Berrio;5768888;2;Servicios de ahorro y credito;LUIS JAVIER RAMIREZ LOPEZ;gerenciaforjando@flamingo.com.co;2
135;NORTE DE SANTANDER;SAN JOSE DE CUCUTA;NO;;;SI;2026-07-31;3373;07/31/2026 05:00:00 PM;JULIO;2026;FONDO DE EMPLEADOS Y TRABAJADORES DE LAS EMPRESAS INDUSTRIALES Y DE SERVICIOS DEL NORTE DE SANTANDER;FOTRANORTE;800-166-120-0;Fondos de empleados;NORTE DE SANTANDER;SAN JOSÉ DE CÚCUTA;CLL 8A 0 75 LATINO;5495292;2;Servicios de ahorro y credito;CARLOS JULIO MORA PE?ALOZA;fotranorte@yahoo.es;2
136;CUNDINAMARCA;MADRID;NO;;;SI;2026-06-30;568;06/30/2026 05:00:00 PM;JUNIO;2026;FONDO DE LOS EMPLEADOS DE COLCERAMICA S.A.;FECOLCER;832-001-269-7;Fondos de empleados;CUNDINAMARCA;MADRID;CL 7 15 96;;2;Servicios de ahorro y credito;SANCHEZ JORGE FERNAN SANTAMARIA 0;servicios@fecolcer.com;2
137;NORTE DE SANTANDER;SAN JOSE DE CUCUTA;NO;;;SI;2026-06-30;7792;06/30/2026 05:00:00 PM;JUNIO;2026;FONDO DE TRABAJADORES DE CENTRALES ELECTRICAS DEL NORTE DE SANTANDER;FONDOTRACENS;890-504-064-4;Fondos de empleados;NORTE DE SANTANDER;SAN JOSÉ DE CÚCUTA;CLL 13 # 0-32 LOCAL 105 EDIF DOMUS CENTER;5891634;2;Servicios de ahorro y credito;ORLANDO PUELLO REYES;fondotra1@hotmail.com;2
138;ANTIOQUIA;MEDELLIN;NO;;;NO;2020-09-30;1381;09/30/2020 05:00:00 PM;SEPTIEMBRE;2020;FUNDACION CONFIAR;;811-007-658-1;Instituciones auxiliares especializadas;ANTIOQUIA;MEDELLÍN;CALLE 54 46 83;4487500;99;Otras actividades;ROSA CLAUDIA BETANCUR GALLEGO;fundaciondian@confiar.com.co;2
139;ANTIOQUIA;RIONEGRO;NO;;;SI;2026-06-30;11191;06/30/2026 05:00:00 PM;JUNIO;2026;HOGAR FONDO DE EMPLEADOS DE GROUPE SEB COLOMBIA;HOGAR FF.EE;900-094-824-1;Fondos de empleados;ANTIOQUIA;RIONEGRO;KM 40 AUTOP MED BOG;;2;Servicios de ahorro y credito;GONZALO EFRAIN GIRALDO GIRALDO;fei@groupeseb.com;2
140;ANTIOQUIA;MEDELLIN;NO;;;SI;2025-09-30;15656;09/30/2025 05:00:00 PM;SEPTIEMBRE;2025;MIMU FAMILIAS SOLIDARIAS ASOCIACION MUTUAL;MIMU;901-378-233-0;Asociaciones mutuales;ANTIOQUIA;MEDELLÍN;CL 51 50 75;;99;Otras actividades;;mimugerencia@gmail.com;2
141;ANTIOQUIA;ITAGUI;NO;;;SI;2026-06-30;12862;06/30/2026 05:00:00 PM;JUNIO;2026;PROYECTAR ASOCIACION MUTUAL;PROYECTAR;900-384-918-8;Asociaciones mutuales;ANTIOQUIA;ITAGÜÍ;CRA 49 NRO 4419;3741290;99;Otras actividades;TATIANA RUIZ RAMIREZ;proyectarmutual1@outlook.es;2
142;NORTE DE SANTANDER;OCANA;NO;;;SI;2026-06-30;11770;06/30/2026 05:00:00 PM;JUNIO;2026;UNION MUTUAL EMPRESA DE ECONOMIA SOLIDARIA;UNION MUTUAL;900-238-777-1;Asociaciones mutuales;NORTE DE SANTANDER;OCAÑA;CR 12 8 39 LC 1 BRR EL TORITO;5622814;99;Otras actividades;PEDRO JULIO VERA CASTILLO;unionmutual_01@hotmail.com;2
143;ANTIOQUIA;CALDAS;NO;;;SI;2025-12-31;1562;12/31/2025 05:00:00 PM;DICIEMBRE;2025;ASOCCIACION MUTUAL EL PORVENIR;NO TIENE;800-014-441-8;Asociaciones mutuales;ANTIOQUIA;CALDAS;CRA  52 129 SUR 16;3032048;14;Servicios funerarios;HERNANDO DE JESUS HURTADO JARAMILLO;asocmutualelporvenir@gmail.com;3
144;ANTIOQUIA;CALDAS;NO;;;SI;2026-06-30;1573;06/30/2026 05:00:00 PM;JUNIO;2026;ASOCCIACION MUTUAL JARDINES DEL RECUERDO;NO TIENE;800-240-569-1;Asociaciones mutuales;ANTIOQUIA;CALDAS;CARRERA 50 N129  SU71OF201;3032400;14;Servicios funerarios;LUIS ARTURO CANO RAMIREZ;asojardines@hotmail.com;3
145;ANTIOQUIA;MEDELLIN;NO;;;SI;2025-12-31;6532;12/31/2025 05:00:00 PM;DICIEMBRE;2025;ASOCIACION CIVICA ESPERANZA OBRERO;FEDES;890-984-636-5;Asociaciones mutuales;ANTIOQUIA;MEDELLÍN;CR 40   81 16;5386432;99;Otras actividades;OVIDIO DE JESUS MARULANDA MARULANDA;amceo2011@hotmail.com;3
146;ANTIOQUIA;MEDELLIN;NO;;;SI;2025-12-31;9141;12/31/2025 05:00:00 PM;DICIEMBRE;2025;ASOCIACION DE RECICLADORES DE ANTIOQUIA;ARRECICLAR;800-241-686-8;Instituciones auxiliares especializadas;ANTIOQUIA;MEDELLÍN;CR. 46 # 52-140 OF. 711;4085824;99;Otras actividades;ORLANDO LEON ARENAS MADRIGAL;direccion@arreciclar.org;3
147;ANTIOQUIA;MEDELLIN;NO;;;NO;2017-12-31;13807;12/31/2017 05:00:00 PM;DICIEMBRE;2017;ASOCIACION MUTUAL ABRIL SAN DAMIAN;ABRIL SAN DAMIAN;900-755-222-3;Asociaciones mutuales;ANTIOQUIA;MEDELLÍN;CALLE 48 A 81 50;3792925;99;Otras actividades;ANCIZAR DE JESUS CADAVID RESTREPO;asociacionsandamian@gmail.com;3
148;ANTIOQUIA;MEDELLIN;NO;;;SI;2025-12-31;1744;12/31/2025 05:00:00 PM;DICIEMBRE;2025;ASOCIACION MUTUAL ACCION SOCIAL ENTERRADORA SAN ANTONIO;;890-982-638-0;Asociaciones mutuales;ANTIOQUIA;MEDELLÍN;CR 9A  # 54-34;6042691213;99;Otras actividades;ESTER GLADYS CALDERON VILLADA;socorroospinav@hotmail.com;3
149;ANTIOQUIA;GUARNE;NO;;;SI;2026-06-30;7245;06/30/2026 05:00:00 PM;JUNIO;2026;ASOCIACION MUTUAL ALTOS DE LA MOLINA;EL NABONUCO;811-011-542-1;Asociaciones mutuales;ANTIOQUIA;GUARNE;KM17 300 AUT MED BOGOTA VEREDA ROMERAL;3124444;99;Otras actividades;NELSON SALGAR;gerenciaaltosdelamolina@gmail.com;3
150;ANTIOQUIA;MEDELLIN;NO;;;NO;2023-12-31;16429;12/31/2023 05:00:00 PM;DICIEMBRE;2023;ASOCIACION MUTUAL CANNABICA DE COLOMBIA;;900-969-355-3;Asociaciones mutuales;ANTIOQUIA;MEDELLÍN;CR 43 52 62;;99;Otras actividades;;litos1226@gmail.com;3
151;ANTIOQUIA;MEDELLIN;NO;;;SI;2025-12-31;1559;12/31/2025 05:00:00 PM;DICIEMBRE;2025;ASOCIACION MUTUAL DE ARTESANOS BARRIOS UNIDOS 20 DE JULIO;ASOVEINTE;890-984-969-2;Asociaciones mutuales;ANTIOQUIA;MEDELLÍN;Carrera 38 A 107 53;5127054;99;Otras actividades;MARIA MERCEDES VIDALES DE MOLINA;socorroospinav@hotmail.com;3
152;ANTIOQUIA;BARBOSA;NO;;;NO;2021-06-30;15242;06/30/2021 05:00:00 PM;JUNIO;2021;ASOCIACION MUTUAL DE BARBOSA;AMUBAR;900-974-475-9;Asociaciones mutuales;ANTIOQUIA;BARBOSA;CR 11 15 41;4063026;99;Otras actividades;VICTOR RAUL POSSO AGUDELO;mutualbarbosa@gmail.com;3
153;CUNDINAMARCA;VILLA DE SAN DIEGO DE UBATE;NO;;;SI;2026-06-30;7541;06/30/2026 05:00:00 PM;JUNIO;2026;ASOCIACION MUTUAL DE INDUSTRIALES Y OBREROS DE UBATE;ASMIO;860-044-685-4;Asociaciones mutuales;CUNDINAMARCA;VILLA DE SAN DIEGO DE UBATÉ;CARRERA 8 NO.4-90;8553244;20;Inmobiliarias y de alquiler;MYRIAM ROCIO PAEZ SABOYA;asmioubate@hotmail.com;3
154;CUNDINAMARCA;FUSAGASUGA;NO;;;NO;2022-12-31;15190;12/31/2022 05:00:00 PM;DICIEMBRE;2022;ASOCIACION MUTUAL DE LOS SERVIDORES PUBLICOS CIVILES;AMSEP;900-780-963-8;Asociaciones mutuales;CUNDINAMARCA;FUSAGASUGÁ;CRA 6 N 7 36;;24;Servicios de credito;RIGOBERTO HERRERA REY;amsep43@gmail.com;3
155;CUNDINAMARCA;FUSAGASUGA;NO;;;NO;2023-12-31;16034;12/31/2023 05:00:00 PM;DICIEMBRE;2023;ASOCIACION MUTUAL DE TAXISTAS SERVICIO INDIVIDUAL DE FUSAGASUGA;ASOMUTAX;901-104-223-1;Asociaciones mutuales;CUNDINAMARCA;FUSAGASUGÁ;AV LAS PALMAS 7 43;;99;Otras actividades;;asomutax@hotmail.com;3
156;ANTIOQUIA;MEDELLIN;NO;;;SI;2025-12-31;9398;12/31/2025 05:00:00 PM;DICIEMBRE;2025;ASOCIACION MUTUAL DEL SAGRADO CORAZON;;890-984-946-3;Asociaciones mutuales;ANTIOQUIA;MEDELLÍN;CR 34B 116F-37;6042538599;99;Otras actividades;JOAQUIN EMILIO VALENCIA RIOS;socorroospinav@hotmail.com;3
157;ANTIOQUIA;MEDELLIN;NO;;;SI;2026-06-30;1575;06/30/2026 05:00:00 PM;JUNIO;2026;ASOCIACION MUTUAL EL PEDREGAL;;890-984-663-4;Asociaciones mutuales;ANTIOQUIA;MEDELLÍN;CALLE 104  74A07;4773283;99;Otras actividades;MARIA NELLY CASTA?O BETANCUR;amelpedregal@hotmail.com;3
158;CUNDINAMARCA;TOCAIMA;NO;;;NO;2019-12-31;7647;12/31/2019 05:00:00 PM;DICIEMBRE;2019;ASOCIACION MUTUAL ESFUERZO Y LEALTAD;SAEL;860-022-129-6;Asociaciones mutuales;CUNDINAMARCA;TOCAIMA;CL 3 A 4 10;3915856;99;Otras actividades;JORGE HELI DURAN BRICE?O;clacontadora@hotmail.com;3
159;ANTIOQUIA;SANTA FE DE ANTIOQUIA;NO;;;SI;2025-12-31;4685;12/31/2025 05:00:00 PM;DICIEMBRE;2025;ASOCIACION MUTUAL FAMILIAR SANTAFE DE ANTIOQUIA;ASOMUTUAL;800-025-930-5;Asociaciones mutuales;ANTIOQUIA;SANTA FÉ DE ANTIOQUIA;CLL 9  12 37;8531959;14;Servicios funerarios;Orfa Ruth Carvajal Usuga;asomutualant.diradm@gmail.com;3
160;ANTIOQUIA;MEDELLIN;NO;;;SI;2026-06-30;15248;06/30/2026 05:00:00 PM;JUNIO;2026;ASOCIACION MUTUAL GC MUTUAL;GC MUTUAL;900-954-048-1;Asociaciones mutuales;ANTIOQUIA;MEDELLÍN;CLL 11A #31A - 89 OF 601;6046044595;99;Otras actividades;CARLOS FELIPE ROJAS TORO;gcmutual@garantiascomunitarias.com;3
161;ANTIOQUIA;MEDELLIN;NO;;;NO;2021-06-30;10188;06/30/2021 05:00:00 PM;JUNIO;2021;ASOCIACION MUTUAL INDEMNIZAR;ASMIPVACOM;900-010-074-2;Asociaciones mutuales;ANTIOQUIA;MEDELLÍN;CR 45   66 162;2222222;21;Seguros;LUIS EDUARDO CARDONA PARRA;mutualindemnizar@gmail.com;3
162;ANTIOQUIA;ITAGUI;NO;;;SI;2026-06-30;12688;06/30/2026 05:00:00 PM;JUNIO;2026;ASOCIACION MUTUAL LA DIGNIDAD;DIGNIDAD;900-314-001-0;Asociaciones mutuales;ANTIOQUIA;ITAGÜÍ;CR 52 57 62;2771858;14;Servicios funerarios;OVIDIO - CORREA MONTAYO;mutualladignidad@gmail.com;3
163;ANTIOQUIA;MEDELLIN;NO;;;NO;2023-06-30;9397;06/30/2023 05:00:00 PM;JUNIO;2023;ASOCIACION MUTUAL LA INMACULADA;INMACULADA;811-036-678-0;Asociaciones mutuales;ANTIOQUIA;MEDELLÍN;CR 20ESTE CL 8 ACCION COMUNAL VDA ELPLAN;5513937;14;Servicios funerarios;LUIS GABRIEL GALLELGO RIOS;gabrielgallegorios@hotmail.es;3
164;ANTIOQUIA;MEDELLIN;NO;;;SI;2026-06-30;4445;06/30/2026 05:00:00 PM;JUNIO;2026;ASOCIACION MUTUAL LA SALLE;ASOCIACION MUTUAL LA SALLE;890-984-101-7;Asociaciones mutuales;ANTIOQUIA;MEDELLÍN;CRA 40 91-120;5212458;99;Otras actividades;CARLOS ARTURO RAMPIRA LONDO?O;asomulasalle@hotmail.com;3
165;ANTIOQUIA;LA ESTRELLA;NO;;;SI;2025-12-31;3830;12/31/2025 05:00:00 PM;DICIEMBRE;2025;ASOCIACION MUTUAL LA TABLAZA;EUROFES;800-142-658-7;Asociaciones mutuales;ANTIOQUIA;LA ESTRELLA;CL 100B SUR 49D 25;2781148;99;Otras actividades;NANCY DE LAS MISERICORDIAS ARANGO MEDINA;mutuallatablaza500@hotmail.com;3
166;ANTIOQUIA;MEDELLIN;NO;;;SI;2025-12-31;1667;12/31/2025 05:00:00 PM;DICIEMBRE;2025;ASOCIACION MUTUAL LOMA HERMOSA;NO TIENE;890-984-572-2;Asociaciones mutuales;ANTIOQUIA;MEDELLÍN;CALLE 53 # 124-25;3582929;14;Servicios funerarios;DORA MARIA PALACIO GOMEZ;hbolivarb@gmail.com;3
167;ANTIOQUIA;MEDELLIN;NO;;;NO;2021-06-30;6517;06/30/2021 05:00:00 PM;JUNIO;2021;ASOCIACION MUTUAL LOS LIBRES;AMUSA;890-985-294-4;Asociaciones mutuales;ANTIOQUIA;MEDELLÍN;CR 52  56-15;5050585;99;Otras actividades;GARCIA CANO JUAN FERNANDO;gogomez24@hotmail.com;3
168;ANTIOQUIA;MEDELLIN;NO;;;NO;2024-12-31;1569;12/31/2024 12:00:00 AM;DICIEMBRE;2024;ASOCIACION MUTUAL LOURDES VILLARRAGA;M;890-985-002-0;Asociaciones mutuales;ANTIOQUIA;MEDELLÍN;CALLE 70 # 47-59;5864215;14;Servicios funerarios;DARIO VASQUEZ RESTREPO;hbolivarb@gmail.com;3
169;ANTIOQUIA;MEDELLIN;NO;;;NO;2018-12-31;11405;12/31/2018 05:00:00 PM;DICIEMBRE;2018;ASOCIACION MUTUAL LUS M. ORTIZ;AMLMO;900-088-612-0;Asociaciones mutuales;ANTIOQUIA;MEDELLÍN;CR 49 52 170 OF 705 ED LOS CAMBULOS;3203350;99;Otras actividades;ANDRES MARTINEZ VALENCIA;am_luismortiz@yahoo.com;3
170;ANTIOQUIA;MEDELLIN;NO;;;SI;2025-12-31;1557;12/31/2025 05:00:00 PM;DICIEMBRE;2025;ASOCIACION MUTUAL MARIA REINA;;890-985-037-8;Asociaciones mutuales;ANTIOQUIA;MEDELLÍN;Carrera 42 B 86 56;2112165;99;Otras actividades;MARIA AURENTINA SALAZAR DE QUINTERO;hbolivarb@gmail.com;3
171;ANTIOQUIA;MEDELLIN;NO;;;SI;2026-06-30;16376;06/30/2026 05:00:00 PM;JUNIO;2026;ASOCIACION MUTUAL PASCUALINA;ASOPASCUALINOS;901-738-617-0;Asociaciones mutuales;ANTIOQUIA;MEDELLÍN;CL  73 # 73 A 226;3168772;99;Otras actividades;;asopascual2023@gmail.com;3
172;ANTIOQUIA;ITAGUI;NO;;;SI;2025-12-31;1576;12/31/2025 05:00:00 PM;DICIEMBRE;2025;ASOCIACION MUTUAL PRIMERA VECINOS UNIDOS SAN PIO X;;800-009-393-2;Asociaciones mutuales;ANTIOQUIA;ITAGÜÍ;CR 50D 29-12;3761775;99;Otras actividades;JANUARIO DE JESUS CA??OLA LARREA;socorroospinav@hotmai.com;3
173;ANTIOQUIA;MEDELLIN;NO;;;SI;2025-12-31;1556;12/31/2025 05:00:00 PM;DICIEMBRE;2025;ASOCIACION MUTUAL PRODOCE DE OCTUBRE;;800-052-609-1;Asociaciones mutuales;ANTIOQUIA;MEDELLÍN;CR 80 101B -08;4773916;14;Servicios funerarios;HECTOR ALONSO HERNANDEZ MU??OZ;angelavill2012@hotmail.com;3
174;ANTIOQUIA;SOPETRAN;NO;;;SI;2026-06-30;7362;06/30/2026 05:00:00 PM;JUNIO;2026;ASOCIACION MUTUAL SAGRADA FAMILIA;ASOCIACION MUTUAL SAGRADA FAMILIA;890-985-548-1;Asociaciones mutuales;ANTIOQUIA;SOPETRÁN;CARRERA 8 9 30;8541452;14;Servicios funerarios;JAIME DE JESUS CORTINEZ VILLA;asociacionmutualsagradafamiliasopetran@hotmail.com;3
175;ANTIOQUIA;MEDELLIN;NO;;;NO;2017-12-31;1668;12/31/2017 05:00:00 PM;DICIEMBRE;2017;ASOCIACION MUTUAL SAN ANGUSTIN;;890-984-344-1;Asociaciones mutuales;ANTIOQUIA;MEDELLÍN;Carrera 49 50 30 Oficina 411;4446519;14;Servicios funerarios;ANA DEL CARMEN ARANGO TORRES;juridico.mutualbienestar@gmail.com;3
176;ANTIOQUIA;MEDELLIN;NO;;;SI;2025-12-31;6806;12/31/2025 05:00:00 PM;DICIEMBRE;2025;ASOCIACION MUTUAL SAN FRANCISCO JAVIER;NO TIENE;890-984-936-1;Asociaciones mutuales;ANTIOQUIA;MEDELLÍN;CL 20A 81-09;2565225;99;Otras actividades;LUZ AMPARO URIBE DE FACIOLINCE;angelavill2012@hotmail.com;3
177;ANTIOQUIA;MEDELLIN;NO;;;NO;2022-12-31;8397;12/31/2022 05:00:00 PM;DICIEMBRE;2022;ASOCIACION MUTUAL SAN ISIDRO;S.ISIDRO;811-028-636-8;Asociaciones mutuales;ANTIOQUIA;MEDELLÍN;CRA20ESTE CALLE8 ACCION COMUNAL VDA EL PLAN;5380906;14;Servicios funerarios;DORIS ELENA ZAPATA GUIRAL;kellyj.10@hotmail.com;3
178;ANTIOQUIA;ENVIGADO;NO;;;SI;2025-12-31;1571;12/31/2025 05:00:00 PM;DICIEMBRE;2025;ASOCIACION MUTUAL SAN JOSE DE ENVIGADO;SMJ;800-035-413-1;Asociaciones mutuales;ANTIOQUIA;ENVIGADO;CL 40 SUR 29 A 14;2761739;99;Otras actividades;OCTAVIO DE JESUS BERNAL GONZALEZ;muutalsanjose@gmail.com;3
179;ANTIOQUIA;MEDELLIN;NO;;;NO;2019-12-31;4447;12/31/2019 05:00:00 PM;DICIEMBRE;2019;ASOCIACION MUTUAL SAN JUAN BAUTISTA;SAN JUAN BAUTISTA;800-111-582-3;Asociaciones mutuales;ANTIOQUIA;MEDELLÍN;CRA 40 91 120;5212458;14;Servicios funerarios;LEON JORGE BLAS Sisquiarco MU?OZ;amsjb53@hotmail.com;3
180;ANTIOQUIA;MEDELLIN;NO;;;SI;2025-12-31;6608;12/31/2025 05:00:00 PM;DICIEMBRE;2025;ASOCIACION MUTUAL SAN LUCAS;ASOLUCAS;890-984-883-8;Asociaciones mutuales;ANTIOQUIA;MEDELLÍN;Cr 65E 23-85;2652939;99;Otras actividades;JOSE OLIMPO POSADA C;asolucas@gmail.com;3
181;ANTIOQUIA;ENVIGADO;NO;;;SI;2025-12-31;5823;12/31/2025 05:00:00 PM;DICIEMBRE;2025;ASOCIACION MUTUAL SAN MATEO;AMSM;890-980-505-0;Asociaciones mutuales;ANTIOQUIA;ENVIGADO;TV 34 D SUR NUMERO 32 C 45;4482719;99;Otras actividades;ALFONSO EGIDIO AGUDELO URIBE;gerencia@asomateo.co;3
182;ANTIOQUIA;MEDELLIN;NO;;;NO;2021-06-30;1832;06/30/2021 05:00:00 PM;JUNIO;2021;ASOCIACION MUTUAL SAN PEDRO CLAVER;;890-935-073-1;Asociaciones mutuales;ANTIOQUIA;MEDELLÍN;CR 50-FF  5-S-20;5050585;99;Otras actividades;SAUL DE JESUS BETANCUR SANCHEZ;gogomez2@hotmail.com;3
183;ANTIOQUIA;MEDELLIN;NO;;;SI;2025-12-31;1670;12/31/2025 05:00:00 PM;DICIEMBRE;2025;ASOCIACION MUTUAL SANTA ANA;AMUSA;890-902-722-1;Asociaciones mutuales;ANTIOQUIA;MEDELLÍN;CARRERA 36B # 75B-44;3585247;14;Servicios funerarios;JORGE IVAN GOMEZ OSPINA;hbolivarb@gmail.com;3
184;ANTIOQUIA;ITAGUI;NO;;;SI;2025-12-31;1570;12/31/2025 05:00:00 PM;DICIEMBRE;2025;ASOCIACION MUTUAL SANTA MARIA;;890-981-451-6;Asociaciones mutuales;ANTIOQUIA;ITAGÜÍ;CR 70 52D 65;6042811546;99;Otras actividades;MARCO FIDEL YANGUAS ACOSTA;asomutualsantamaria1@hotmail.com;3
185;ANTIOQUIA;MEDELLIN;NO;;;NO;2022-06-30;1577;06/30/2022 05:00:00 PM;JUNIO;2022;ASOCIACION MUTUAL SANTA MONICA;;890-982-312-5;Asociaciones mutuales;ANTIOQUIA;MEDELLÍN;CR 9 53-05;2268344;99;Otras actividades;IVAN DARIO RODAS JIMENEZ;gogomez2@hotmail.com;3
186;ANTIOQUIA;MEDELLIN;NO;;;SI;2025-12-31;1564;12/31/2025 05:00:00 PM;DICIEMBRE;2025;ASOCIACION MUTUAL SANTISIMA TRINIDAD;NO TIENE;890-985-093-0;Asociaciones mutuales;ANTIOQUIA;MEDELLÍN;CARRERA 49 # 99-15;2366590;14;Servicios funerarios;JOSE BOLIVAR CARDONA;hbolivarb@gmail.com;3
187;ANTIOQUIA;MEDELLIN;NO;;;NO;2021-06-30;6524;06/30/2021 05:00:00 PM;JUNIO;2021;ASOCIACION MUTUAL SEGUNDA JUAN PABLO II;FONDECO;890-985-043-2;Asociaciones mutuales;ANTIOQUIA;MEDELLÍN;CR 52  56-15;5050585;99;Otras actividades;GARCIA CANO JUAN FERNANDO;gogomez2@hotmail.com;3
188;ATLÁNTICO;BARRANQUILLA;NO;;;NO;2018-06-30;13823;06/30/2018 05:00:00 PM;JUNIO;2018;ASOCIACION MUTUAL UNIAUTONOMA;ASOUNIAUTONOMA;900-681-583-8;Asociaciones mutuales;ATLÁNTICO;BARRANQUILLA;CLL 88 # 47- 58;3671091;99;Otras actividades;NICOLAS RAFAEL PINEDA AGAMEZ;asouniautonoma@uac.edu.co;3
189;CUNDINAMARCA;FUSAGASUGA;NO;;;SI;2026-06-30;9745;06/30/2026 05:00:00 PM;JUNIO;2026;ASOCIACION MUTUALISTA DE ASOCIADOS A COOTRANSFUSA;ASOMAC;900-048-658-8;Asociaciones mutuales;CUNDINAMARCA;FUSAGASUGÁ;DG 18 21 31;;99;Otras actividades;HECTOR MANUEL COBOS;asomac2008@hotmail.com;3
190;ANTIOQUIA;COPACABANA;NO;;;SI;2025-12-31;16599;12/31/2025 05:00:00 PM;DICIEMBRE;2025;ASOCIACION PROYECTOS SOLIDARIOS;;901-881-918-3;Asociaciones mutuales;ANTIOQUIA;COPACABANA;CALLE 48 # 50A-29;;99;Otras actividades;;clientes@proyectosolidarios.com;3
191;ANTIOQUIA;MEDELLIN;NO;;;SI;2025-12-31;15199;12/31/2025 05:00:00 PM;DICIEMBRE;2025;Centro de Servicios Compartidos A?Sinergia SolidariaA? O.C.;Sinergia Solidaria;900-969-641-5;Otras organizaciones;ANTIOQUIA;MEDELLÍN;CRA. 49 52 170;;99;Otras actividades;;gerencia@sinergiasolidaria.coop;3
192;ANTIOQUIA;MEDELLIN;NO;;;SI;2025-12-31;13001;12/31/2025 05:00:00 PM;DICIEMBRE;2025;COMITE NACIONAL MUTUALISTA DE COLOMBIA;CONAMUTUAL;900-066-160-9;Asociaciones mutuales;ANTIOQUIA;MEDELLÍN;CR 51D   60 46;2314700;99;Otras actividades;VICENTE ANTONIO SUESCUN PARRA;asistente@conamutual.org;3
193;ANTIOQUIA;MEDELLIN;NO;;;NO;2023-12-31;4208;12/31/2023 05:00:00 PM;DICIEMBRE;2023;COOPERATIVA MULTIACTIVA CANALES ALTERNOS LTDA;COOMUCA;811-023-467-7;Asociaciones mutuales;ANTIOQUIA;MEDELLÍN;CL. 48 #41-18;4483955;99;Otras actividades;EDUHIN DE JESUS MARIN ARANGO;eduhin.marin@gmail.com;3
194;ANTIOQUIA;COPACABANA;NO;;;SI;2025-12-31;13618;12/31/2025 05:00:00 PM;DICIEMBRE;2025;COOPERENKA I.A.C.;COOPERENKA I.A.C.;900-631-756-1;Instituciones auxiliares especializadas;ANTIOQUIA;COPACABANA;VEREDA EL NORAL UNIDAD DE BODEGAS SIERRA GRANDE;3221358;12;Consumo (comercio);YAZMYN ADRIANA ARBOLEDA POSADA;director@cooperenkaiac.com.co;3
195;ANTIOQUIA;MEDELLIN;NO;;;SI;2025-12-31;16259;12/31/2025 05:00:00 PM;DICIEMBRE;2025;COOPRUDEA SOCIAL IAC;COOPRUDEA SOCIAL;901-720-948-4;Otras organizaciones;ANTIOQUIA;MEDELLÍN;CLLE 63 # 53-108 BL 22;5167686;99;Otras actividades;;cooprudeasocial@cooprudea.com;3
196;CUNDINAMARCA;CHIA;NO;;;SI;2026-06-30;16467;06/30/2026 05:00:00 PM;JUNIO;2026;EL FONDO DE EMPLEADOS DE COMERCIALIZADORA RUMBOS SAS;FONRUMBOS;900-601-722-3;Fondos de empleados;CUNDINAMARCA;CHÍA;EL FONDO DE EMPLEADOS DE COMERCIALIZADORA RUMBOS S;6760741;2;Servicios de ahorro y credito;;fonrumbos@gmail.com;3
197;ANTIOQUIA;LA ESTRELLA;NO;;;SI;2025-09-30;15389;09/30/2025 05:00:00 PM;SEPTIEMBRE;2025;F.E. CADENA Y SUS FILIALES;SEMILLAS FEC;901-144-070-2;Fondos de empleados;ANTIOQUIA;LA ESTRELLA;CRR 50 97A SUR 150;3786666;2;Servicios de ahorro y credito;;carolina.tobon@cadena.com.co;3
198;CUNDINAMARCA;CHIA;NO;;;SI;2026-06-30;908;06/30/2026 05:00:00 PM;JUNIO;2026;F.E. DE INVERS.GENERALES AGROP. SAEKO LTDA.  Y HDA.STA.ANA KOPP LTDA.;FONSAKOPP;832-000-892-1;Fondos de empleados;CUNDINAMARCA;CHÍA;CENTRO EMPRESARIAL CNTRO CHIA OFC 302;8620351;2;Servicios de ahorro y credito;FRANCISCO ORLANDO GONZALEZ DONOSO;fonsakopp@santaana.com.co;3
199;ANTIOQUIA;ITAGUI;NO;;;SI;2026-06-30;15133;06/30/2026 05:00:00 PM;JUNIO;2026;F.E. MAYUN;FEMAYUN;900-558-148-1;Fondos de empleados;ANTIOQUIA;ITAGÜÍ;CALLE 33 N? 41 - 66;3722277;2;Servicios de ahorro y credito;CARLA CRISTINA RESTREPO HOYOS;recursoshumanos@mayun.com.co;3
200;ANTIOQUIA;ITAGUI;NO;;;NO;2017-12-31;9816;12/31/2017 05:00:00 PM;DICIEMBRE;2017;FABRICA DE LICORES Y ALCOHOLES DE ANTIOQUIA;FEDEFLA;900-010-658-3;Fondos de empleados;ANTIOQUIA;ITAGÜÍ;Calle 42CNro.86-17;2526000;2;Servicios de ahorro y credito;LUIS ENRIQUE VALDERRAMA RUEDA;fedefla@antioquia.gov.co;3
201;BOLÍVAR;CARTAGENA DE INDIAS;NO;;;SI;2026-06-30;8198;06/30/2026 05:00:00 PM;JUNIO;2026;FDO DE MEDICINA AHORRO Y CRED.DE LOS TRAB.DE ABONOS COL.S.A.;FOMEABOCOL;890-480-562-5;Fondos de empleados;BOLÍVAR;CARTAGENA DE INDIAS;SAN FDO URB VILLA ALEJANDRA MZ 4 LT 161;6462836;2;Servicios de ahorro y credito;JAVIER CEDE?O GUERRERO;fomeabocol5@gmail.com;3
202;ANTIOQUIA;MEDELLIN;NO;;;SI;2025-12-31;1359;12/31/2025 05:00:00 PM;DICIEMBRE;2025;FEDERACION DE ASOCIACIONES MUTUALES DE ANTIOQUIA;FEDEMUTUALES;800-033-262-7;Organismo de representacion;ANTIOQUIA;MEDELLÍN;CR 46   56 63 LC 108;;3;Organismos de representacion;VICENTE ANTONIO SUESCUN PARRA;secretaria@fedemutuales.org;3
203;ANTIOQUIA;APARTADO;NO;;;SI;2026-06-30;15697;06/30/2026 05:00:00 PM;JUNIO;2026;FEINGAJO;FEINGAJO;900-389-992-6;Fondos de empleados;ANTIOQUIA;APARTADÓ;KM 4 VIA AEROPUERTO LOS CEDROS FCA LAS PAMPAS;8291646;2;Servicios de ahorro y credito;;administracion@feingajo.com;3
204;NORTE DE SANTANDER;SAN JOSE DE CUCUTA;NO;;;SI;2026-06-30;3298;06/30/2026 05:00:00 PM;JUNIO;2026;FONDO DE AHORRO DE PROFESORES Y EMPLEADOS DE LA UFPS;FAPROEM-UFPS;890-501-163-1;Fondos de empleados;NORTE DE SANTANDER;SAN JOSÉ DE CÚCUTA;AV GRAN COLOMBIA 12E 96 BRR COLSAG;;2;Servicios de ahorro y credito;HELI QUINTERO DIAZ;faproemufps@gmail.com;3
205;NORTE DE SANTANDER;OCANA;NO;;;SI;2026-06-30;3314;06/30/2026 05:00:00 PM;JUNIO;2026;FONDO DE AHORRO Y CREDITO DE EMPLEADOS DE LA NORMAL NAL FCO FDEZ DE C;FAYCEN;890-506-399-5;Fondos de empleados;NORTE DE SANTANDER;OCAÑA;EDIFICIO ANDA LUCIA;;2;Servicios de ahorro y credito;LUIS EDUARDO PALACIO RUEDA;faycen@hotmail.com;3
206;NORTE DE SANTANDER;LA PLAYA;NO;;;NO;2025-06-30;3320;06/30/2025 05:00:00 PM;JUNIO;2025;FONDO DE AHORRO Y CREDITO DE EMPLEADOS MAGISTERIO DE LA PLAYA;FACEMAP;807-001-203-0;Fondos de empleados;NORTE DE SANTANDER;LA PLAYA;URB VILLAS DEL TEJAR;;2;Servicios de ahorro y credito;ROSA VIRGINIA VELASQUEZ OVALLOS;facemap@hotmail.com;3
207;NORTE DE SANTANDER;OCANA;NO;;;NO;2024-12-31;3277;12/31/2024 12:00:00 AM;DICIEMBRE;2024;FONDO DE AHORRO Y CREDITO DE EMPLEADOS Y PROFESORES DE LA UNIVERSIDAD FRANCISCO DE PAULA SANTANDER;FACEPRUO;800-020-468-0;Fondos de empleados;NORTE DE SANTANDER;OCAÑA;KM VIA ALGODONAL ACOLSURE;3174294;2;Servicios de ahorro y credito;MAYLIN YANINE BARBOSA NAVARRO;facepruo@ufpso.edu.co;3
208;NORTE DE SANTANDER;OCANA;NO;;;SI;2026-06-30;15210;06/30/2026 05:00:00 PM;JUNIO;2026;FONDO DE APORTES Y CREDITOS  DE DOCENTES RURALES;FACDOR;900-636-060-7;Fondos de empleados;NORTE DE SANTANDER;OCAÑA;CLL 4 28-13 BR PRIMERO DE MAYO;5694007;2;Servicios de ahorro y credito;JAVIER HERNANDO PACHECO ORTIZ;facdor2023@gmail.com;3
209;ANTIOQUIA;MEDELLIN;NO;;;SI;2026-06-30;4444;06/30/2026 05:00:00 PM;JUNIO;2026;FONDO DE BIENESTAR DE EMPLEADOS DEL CEFA;2261;811-011-642-8;Fondos de empleados;ANTIOQUIA;MEDELLÍN;CALLE 50  41-55;3582713;2;Servicios de ahorro y credito;ELEAZAR CUADROS ORTIZ;foncefa94@gmail.com;3
210;CUNDINAMARCA;ZIPAQUIRA;NO;;;SI;2026-06-30;471;06/30/2026 05:00:00 PM;JUNIO;2026;FONDO DE BIENESTAR DE PROFESORES Y EMPLEADOS DE LAS INSTITUCIONES EDUCATIVAS;FONBIPROIT;800-002-986-8;Fondos de empleados;CUNDINAMARCA;ZIPAQUIRÁ;CARRERA 19 4 23 ALGARRA 3;;2;Servicios de ahorro y credito;CARLOS ARMANDO DUR?N APONTE;fonbiproit@gmail.com;3
211;ATLÁNTICO;BARRANQUILLA;NO;;;SI;2026-06-30;2921;06/30/2026 05:00:00 PM;JUNIO;2026;FONDO DE EMPLEADO DE CERVECERIA AGUILA S.A.;FONAGUILA;800-101-733-6;Fondos de empleados;ATLÁNTICO;BARRANQUILLA;CALLE 10 NUM 38-280;;2;Servicios de ahorro y credito;EFRAIN PICO CALDERON;fonaaguila2014@gmail.com;3
212;ANTIOQUIA;RIONEGRO;NO;;;NO;2017-12-31;10401;12/31/2017 05:00:00 PM;DICIEMBRE;2017;FONDO DE EMPLEADO DE LA EMPRESA AGUAS DE RIONEGRO S.A. E.S.P.;FONDEAR;900-063-230-2;Fondos de empleados;ANTIOQUIA;RIONEGRO;Calle 47 N 74-18;5318787;2;Servicios de ahorro y credito;ALFREDO - GARCIA SERNA;fondear3@gmail.com;3
213;ATLÁNTICO;BARRANQUILLA;NO;;;SI;2025-09-30;13528;09/30/2025 05:00:00 PM;SEPTIEMBRE;2025;FONDO DE EMPLEADO DE MERCO REPRESENTACIONES S.A. SIA;FEM;900-220-964-3;Fondos de empleados;ATLÁNTICO;BARRANQUILLA;CRA 53 # 106-280 OF 8A;;2;Servicios de ahorro y credito;HENRY BURGOS FLOREZ;jsalebe@merco.com.co;3
214;BOLÍVAR;CARTAGENA DE INDIAS;NO;;;SI;2026-06-30;15434;06/30/2026 05:00:00 PM;JUNIO;2026;FONDO DE EMPLEADO DEL  SECTOR TURISTICO Y HOTELERO DE COLOMBIA;FONDEHOCAR;900-328-587-5;Fondos de empleados;BOLÍVAR;CARTAGENA DE INDIAS;CRA 1A NO 2-87 BOCAGRANDE;6650155;2;Servicios de ahorro y credito;;fondehocar@hotelcaribe.com;3
215;ATLÁNTICO;GALAPA;NO;;;SI;2026-06-30;3874;06/30/2026 05:00:00 PM;JUNIO;2026;FONDO DE EMPLEADOAS DE AGROPECUARIA CAMAGUEY LTDA FRIGAL LTDA  LISCAM;FONDOCAM;800-193-994-5;Fondos de empleados;ATLÁNTICO;GALAPA;CLL 15 CRA 19 ESQUINA;3669999;2;Servicios de ahorro y credito;LUS GERMAN PERTUZ GARCIA;fondocam@camaguey.com.co;3
216;BOLÍVAR;SANTA ROSA DEL SUR;NO;;;SI;2025-12-31;16343;12/31/2025 05:00:00 PM;DICIEMBRE;2025;FONDO DE EMPLEADOS AAA-SUR;FONEAAASUR;901-600-275-1;Fondos de empleados;BOLÍVAR;SANTA ROSA DEL SUR;CLL 9 10 A  80;3207640;2;Servicios de ahorro y credito;;foneaaasur22@hotmail.com;3
217;ANTIOQUIA;MEDELLIN;NO;;;SI;2026-06-30;10507;06/30/2026 05:00:00 PM;JUNIO;2026;FONDO DE EMPLEADOS AGRALBA;AGRALFE;900-099-471-6;Fondos de empleados;ANTIOQUIA;MEDELLÍN;CARR 56 72A 41;3616622;2;Servicios de ahorro y credito;NYDIA MARGOTH VELANDIA DIAZ;contabilidad@agralba.com;3
218;ANTIOQUIA;GIRARDOTA;NO;;;SI;2026-06-30;12138;06/30/2026 05:00:00 PM;JUNIO;2026;FONDO DE EMPLEADOS AGRENORTE PROCOPAL;FONAGREPAL;900-298-426-8;Fondos de empleados;ANTIOQUIA;GIRARDOTA;KM 25 VIA A GIRARDOTA;;2;Servicios de ahorro y credito;AURA MARGARITA FLOREZ ROJAS;lina.barrientos@procopal.com;3
219;NORTE DE SANTANDER;OCANA;NO;;;NO;2017-12-31;8951;12/31/2017 05:00:00 PM;DICIEMBRE;2017;FONDO DE EMPLEADOS  APORTES Y CREDITOS LA GLORIA;FAYCLAG;807-009-467-4;Fondos de empleados;NORTE DE SANTANDER;OCAÑA;CALLE 11  35  62;5697853;2;Servicios de ahorro y credito;JOSE DEL CARMEN VERGEL QUINTERO;fayclagjun_2004@hotmail.com;3
220;ANTIOQUIA;MEDELLIN;NO;;;SI;2026-03-31;11727;03/31/2026 05:00:00 PM;MARZO;2026;FONDO DE EMPLEADOS ARQUIDIOCESANO;FONEAR;900-179-750-1;Fondos de empleados;ANTIOQUIA;MEDELLÍN;CL 57 49 44 OF 303;3227700;2;Servicios de ahorro y credito;JOSE GONZALO GOMEZ CASTRILLON;fonear@arqmedellin.co;3
221;BOLÍVAR;CARTAGENA DE INDIAS;NO;;;SI;2025-12-31;7106;12/31/2025 05:00:00 PM;DICIEMBRE;2025;FONDO DE EMPLEADOS ASPAEN GIMNASIO CARTAGENA;FEASGIMCAR;806-002-149-1;Fondos de empleados;BOLÍVAR;CARTAGENA DE INDIAS;VIA AL MAR COLEGIO GIMNASIO CARTAGENA;3003356;2;Servicios de ahorro y credito;JOSE MIGUEL PUELLO PINTO;feasgimcar@gmail.com;3
222;CUNDINAMARCA;CHIA;NO;;;SI;2025-12-31;20047;12/31/2025 05:00:00 PM;DICIEMBRE;2025;FONDO DE EMPLEADOS ASTEMPRO FONASTEM;;902-000-679-2;Fondos de empleados;CUNDINAMARCA;CHÍA;CR 8 NO 16 A 59;3154645915;2;Servicios de ahorro y credito;;adm_fonastem@astempro.co;3
223;ATLÁNTICO;BARRANQUILLA;NO;;;SI;2025-12-31;1591;12/31/2025 05:00:00 PM;DICIEMBRE;2025;FONDO DE EMPLEADOS AVANCEMOS;FONAVANCEMOS;890-107-218-9;Fondos de empleados;ATLÁNTICO;BARRANQUILLA;CL 58 55 96;;2;Servicios de ahorro y credito;ROSIRIS OROZCO MARRIAGA;virginiaeslava@gmail.com;3
224;ANTIOQUIA;EL SANTUARIO;NO;;;SI;2026-06-30;16425;06/30/2026 05:00:00 PM;JUNIO;2026;FONDO DE EMPLEADOS AVICOLA SAN MARTIN;FEMASAM;901-642-434-6;Fondos de empleados;ANTIOQUIA;EL SANTUARIO;VRD VARGAS EL SANTUARIO;;2;Servicios de ahorro y credito;;Fondoempleadosfemasam@avicolasanmartin.com;3
225;ANTIOQUIA;APARTADO;NO;;;NO;2024-12-31;13322;12/31/2024 12:00:00 AM;DICIEMBRE;2024;FONDO DE EMPLEADOS BANAFRUT;FONDO EMPLEADOS BANAFRUT;900-487-927-7;Fondos de empleados;ANTIOQUIA;APARTADÓ;VDA ZARABANDA KM 7 VIA ZUNGO;8243479;2;Servicios de ahorro y credito;ARNOBY - LONDONO LONDONO;asistentefondo@banafrut.com;3
226;ANTIOQUIA;MEDELLIN;NO;;;SI;2026-06-30;15774;06/30/2026 05:00:00 PM;JUNIO;2026;FONDO DE EMPLEADOS BANKVENTURA;BANKVENTURA;901-408-944-9;Fondos de empleados;ANTIOQUIA;MEDELLÍN;CRA 50FF-8-67;;2;Servicios de ahorro y credito;;lrios@bankventura.com.co;3
227;CUNDINAMARCA;FUNZA;NO;;;SI;2026-06-30;16538;06/30/2026 05:00:00 PM;JUNIO;2026;FONDO DE EMPLEADOS BIFAR;FEB;901-805-897-3;Fondos de empleados;CUNDINAMARCA;FUNZA;KM 3.8 VCIA FUNZA COTA PAR. EM TREBOL B1;;2;Servicios de ahorro y credito;;fondodeempleadosbifar@gmail.com;3
228;ANTIOQUIA;MEDELLIN;NO;;;SI;2026-06-30;7690;06/30/2026 05:00:00 PM;JUNIO;2026;FONDO DE EMPLEADOS CALIMA;FONCALIMA;811-022-193-1;Fondos de empleados;ANTIOQUIA;MEDELLÍN;CR 43B 16 95 OF 1013;3222732;2;Servicios de ahorro y credito;SANDRA MARIA VALLE FINA;foncalima@calima.com.co;3
229;NORTE DE SANTANDER;SAN JOSE DE CUCUTA;NO;;;SI;2026-06-30;3245;06/30/2026 05:00:00 PM;JUNIO;2026;FONDO DE EMPLEADOS CAMARA DE COMERCIO DE CUCUTA;FOEMCA;890-505-469-8;Fondos de empleados;NORTE DE SANTANDER;SAN JOSÉ DE CÚCUTA;CALLE 10 4 38;;2;Servicios de ahorro y credito;PEDRO RAFAEL SAYAGO ROJAS;foemcaccc@gmail.com;3
230;ANTIOQUIA;MEDELLIN;NO;;;SI;2026-06-30;15428;06/30/2026 05:00:00 PM;JUNIO;2026;FONDO DE EMPLEADOS CARTAMA AVOHASS;;901-202-289-7;Fondos de empleados;ANTIOQUIA;MEDELLÍN;CARRERA 33 7 41 IN 402;4447570;2;Servicios de ahorro y credito;;egonzalez@cartama.com;3
231;ATLÁNTICO;SOLEDAD;NO;;;SI;2025-12-31;2929;12/31/2025 05:00:00 PM;DICIEMBRE;2025;FONDO DE EMPLEADOS CELTA;FONDEMCELTA;890-113-420-5;Fondos de empleados;ATLÁNTICO;SOLEDAD;CRA 24 -30-200;3759292;2;Servicios de ahorro y credito;JOHN JAIRO ORTIZ RIOS;fondemcelta@mexichem.com;3
232;ATLÁNTICO;BARRANQUILLA;NO;;;SI;2026-06-30;7006;06/30/2026 05:00:00 PM;JUNIO;2026;FONDO DE EMPLEADOS CHILDEN INTERNATIONAL COLOMBIA;FONDECICOL;802-002-229-8;Fondos de empleados;ATLÁNTICO;BARRANQUILLA;CRA 61 NO 72 104;;2;Servicios de ahorro y credito;RICARDO EDUARDO MANJARRES RUIZ;fondecicol@children.or.co;3
233;ANTIOQUIA;MEDELLIN;NO;;;SI;2026-06-30;12917;06/30/2026 05:00:00 PM;JUNIO;2026;FONDO DE EMPLEADOS CI FORMAS INTIMAS SA FODEMFI;FODEMFI;900-357-435-8;Fondos de empleados;ANTIOQUIA;MEDELLÍN;CALLE 10 SUR # 51 C 77;6050202;2;Servicios de ahorro y credito;GLORIA CECILIA PATI?O;fondo.empleados@grupofi.com.co;3
234;CUNDINAMARCA;TENJO;NO;;;SI;2026-06-30;9973;06/30/2026 05:00:00 PM;JUNIO;2026;FONDO DE EMPLEADOS CI INVERPALMAS;FONDEPAL;830-146-521-4;Fondos de empleados;CUNDINAMARCA;TENJO;KM 2.5  LA PUNTA VIA TENJO;;2;Servicios de ahorro y credito;LUBIA STELLA MORENO CASTA?EDA;fondepal@gmail.com;3
235;ANTIOQUIA;MEDELLIN;NO;;;NO;2024-12-31;13715;12/31/2024 12:00:00 AM;DICIEMBRE;2024;FONDO DE EMPLEADOS CLINICA DE OFTALMOLOGIA SANDIEGO;FECOSD;900-658-088-7;Fondos de empleados;ANTIOQUIA;MEDELLÍN;CRA 43 29-35;2626363;2;Servicios de ahorro y credito;ERICA GUTIEREZ RINCON;fecosd@clinicasandiego.com.co;3
236;ATLÁNTICO;BARRANQUILLA;NO;;;SI;2026-06-30;2920;06/30/2026 05:00:00 PM;JUNIO;2026;FONDO DE EMPLEADOS CLINICA DEL CARIBE;FONDECLIC;800-100-949-5;Fondos de empleados;ATLÁNTICO;BARRANQUILLA;CARRA 50 80 40;;2;Servicios de ahorro y credito;PABLO ROMO ROMO;fondo_caribe@hotmail.com;3
237;BOLÍVAR;CARTAGENA DE INDIAS;NO;;;NO;2024-09-30;16546;09/30/2024 12:00:00 AM;SEPTIEMBRE;2024;FONDO DE EMPLEADOS CLINICA MEDIHELP;FONMEDI;901-844-167-1;Fondos de empleados;BOLÍVAR;CARTAGENA DE INDIAS;BRR BOCAGRANDE CRA 6A # 5 - 101;6939877;2;Servicios de ahorro y credito;;contabilidad@fonmedi.com.co;3
238;ANTIOQUIA;MEDELLIN;NO;;;SI;2026-06-30;5945;06/30/2026 05:00:00 PM;JUNIO;2026;FONDO DE EMPLEADOS CLINICA SOMA;FOEMSOMA;811-035-635-1;Fondos de empleados;ANTIOQUIA;MEDELLÍN;CALLE 50 NO. 45 - 56 OFICINA 205 ED. MEDICO;;2;Servicios de ahorro y credito;SALDARRIAGA LEON JAIME;direccion@foemsoma.co;3
239;CUNDINAMARCA;CAJICA;NO;;;SI;2026-06-30;12159;06/30/2026 05:00:00 PM;JUNIO;2026;FONDO DE EMPLEADOS CLUB EL RINCON DE CAJICA;FECRIN;832-005-555-7;Fondos de empleados;CUNDINAMARCA;CAJICÁ;NTE KM 26 FRENTE SINDAMANOY;8650303;2;Servicios de ahorro y credito;JHON ALEXANDER RODRIGUEZ GUZMAN;fecrin@outlook.com;3
240;ANTIOQUIA;MEDELLIN;NO;;;SI;2026-06-30;6873;06/30/2026 05:00:00 PM;JUNIO;2026;FONDO DE EMPLEADOS COLEGIO MONTESSORI;FEDECOM;811-018-015-1;Fondos de empleados;ANTIOQUIA;MEDELLÍN;CL 20A SUR NRO 20 55;3171400;2;Servicios de ahorro y credito;SANDRA JANNETTE USUGA GONZALEZ;fedecom@montessori.edu.co;3
241;ANTIOQUIA;ENVIGADO;NO;;;SI;2026-06-30;15570;06/30/2026 05:00:00 PM;JUNIO;2026;FONDO DE EMPLEADOS COLEGIO SAGRADO CORAZON MONTEMAYOR;FEMONT;901-314-578-1;Fondos de empleados;ANTIOQUIA;ENVIGADO;KM 7  5 VIA AEROPUERTO JOSE MARIA CORDOBA;5380500;2;Servicios de ahorro y credito;;femont@montemayor.edu.co;3
242;ATLÁNTICO;BARRANQUILLA;NO;;;NO;2023-12-31;15918;12/31/2023 05:00:00 PM;DICIEMBRE;2023;FONDO DE EMPLEADOS COMPA??EROS TRABAJADORES DE INTERGLOBAL;COTABI;901-313-600-1;Fondos de empleados;ATLÁNTICO;BARRANQUILLA;CALLE 74 56 135;3853680;2;Servicios de ahorro y credito;;fondocotabi@gmail.com;3
243;CUNDINAMARCA;GIRARDOT;NO;;;SI;2026-06-30;8169;06/30/2026 05:00:00 PM;JUNIO;2026;FONDO DE EMPLEADOS CONDOMINIO CAMPESTRE EL PEYON;FODPE?ON;808-000-611-1;Fondos de empleados;CUNDINAMARCA;GIRARDOT;CONDOMINIO CAMPESTRE EL PE?ON;;2;Servicios de ahorro y credito;LUIS NELSON GOMEZ CHAVEZ;fodpenon@xn--condominiocampestreelpeon-voc.com;3
244;ANTIOQUIA;MEDELLIN;NO;;;SI;2026-06-30;15567;06/30/2026 05:00:00 PM;JUNIO;2026;FONDO DE EMPLEADOS COOMSOCIAL;FODEMCO SOCIAL;900-691-261-4;Fondos de empleados;ANTIOQUIA;MEDELLÍN;CR 68 #48D - 04;4448000;2;Servicios de ahorro y credito;;fodemco@gmail.com;3
245;ANTIOQUIA;MEDELLIN;NO;;;SI;2026-06-30;4419;06/30/2026 05:00:00 PM;JUNIO;2026;FONDO DE EMPLEADOS COONATRA;FOTRACOON;811-012-847-5;Fondos de empleados;ANTIOQUIA;MEDELLÍN;CLL 47D 78A 05;4144949;2;Servicios de ahorro y credito;JORGE IVAN ZAPATA HENAO;fotracoon@gmail.com;3
246;ANTIOQUIA;MEDELLIN;NO;;;NO;2019-12-31;7862;12/31/2019 05:00:00 PM;DICIEMBRE;2019;FONDO DE EMPLEADOS CORPORACION LA CEIBA;FODECEIBA;811-014-546-2;Fondos de empleados;ANTIOQUIA;MEDELLÍN;CRA 48 A 81-50;4217755;2;Servicios de ahorro y credito;SANDRA MILENA MONSALVE ZAPATA;fodeceiba@gmail.com;3
247;ANTIOQUIA;ITAGUI;NO;;;NO;2017-06-30;1610;06/30/2017 05:00:00 PM;JUNIO;2017;FONDO DE EMPLEADOS CURTITAGUI LTDA;FECI;890-909-495-4;Fondos de empleados;ANTIOQUIA;ITAGÜÍ;Carrera 53A N 50 89;3720666;2;Servicios de ahorro y credito;JHON FREDY GIRALDO GIRALDO;feci@cbufalo.com.co;3
248;ANTIOQUIA;GIRARDOTA;NO;;;SI;2026-06-30;8317;06/30/2026 05:00:00 PM;JUNIO;2026;FONDO DE EMPLEADOS DE ABRASIVOS DE COLOMBIA;FEDACOL;811-021-946-4;Fondos de empleados;ANTIOQUIA;GIRARDOTA;AUT NORTE KM 20;5563537;2;Servicios de ahorro y credito;RODRIGO ELIAS RUEDA ROBLEDO;fondo.empleados@abracol.com;3
249;ATLÁNTICO;BARRANQUILLA;NO;;;NO;2021-06-30;11379;06/30/2021 05:00:00 PM;JUNIO;2021;FONDO DE EMPLEADOS DE AGRECON Y URVISA;FONAGUR;802-003-726-1;Fondos de empleados;ATLÁNTICO;BARRANQUILLA;CL 72 57 62 LC 14;3850747;2;Servicios de ahorro y credito;MILDRETH RODRIGUEZ CAEZ;onagur@argos.com.co;3
250;CUNDINAMARCA;FACATATIVA;NO;;;SI;2026-06-30;4877;06/30/2026 05:00:00 PM;JUNIO;2026;FONDO DE EMPLEADOS DE AGRICOLA CUNDAY;FONECUN;830-120-110-8;Fondos de empleados;CUNDINAMARCA;FACATATIVÁ;EL CORSO VIA FACATATIVA;;2;Servicios de ahorro y credito;LILIA YANETH CARDENAS SABOGAL;yancarsab@yahoo.ar;3
251;ANTIOQUIA;MEDELLIN;NO;;;SI;2026-06-30;8685;06/30/2026 05:00:00 PM;JUNIO;2026;FONDO DE EMPLEADOS DE AGROCHIGUIROS S.A;FECHIGUIROS;811-038-893-7;Fondos de empleados;ANTIOQUIA;MEDELLÍN;CRA 43 CL 36 66;;2;Servicios de ahorro y credito;MELISA - ARISTIZABAL GALLO;fechiguiros@agrochiguiros.com;3
252;ANTIOQUIA;MEDELLIN;NO;;;SI;2026-06-30;13810;06/30/2026 05:00:00 PM;JUNIO;2026;FONDO DE EMPLEADOS DE AGROSAN;FONDESAN;811-012-643-1;Fondos de empleados;ANTIOQUIA;MEDELLÍN;CRA 19 120 71;;2;Servicios de ahorro y credito;ANA MILENA CORREA BERMUDEZ;contador@tufondo.com.co;3
253;NORTE DE SANTANDER;SAN JOSE DE CUCUTA;NO;;;SI;2026-06-30;15333;06/30/2026 05:00:00 PM;JUNIO;2026;FONDO DE EMPLEADOS DE AGUAS KPITAL;FOEMPAKC;900-853-387-1;Fondos de empleados;NORTE DE SANTANDER;SAN JOSÉ DE CÚCUTA;CL 10 V 6 EDIFICIO SAN JOSE;5820000;2;Servicios de ahorro y credito;;fondo.empleados@akc.co;3
254;CUNDINAMARCA;FUNZA;NO;;;SI;2026-06-30;98;06/30/2026 05:00:00 PM;JUNIO;2026;FONDO DE EMPLEADOS DE ALBA QUIMICA DE COLOMBIA LTDA;FONMATHCO;860-043-980-8;Fondos de empleados;CUNDINAMARCA;FUNZA;KM 1.5 VIA FUNZA SIBERIA;;2;Servicios de ahorro y credito;SANDRA CASTA?EDA BUSTOS;ffonalba@gmail.com;3
255;CUNDINAMARCA;FUNZA;NO;;;SI;2026-06-30;4842;06/30/2026 05:00:00 PM;JUNIO;2026;FONDO DE EMPLEADOS DE ALBATEQ;FONALBATEQ;832-005-197-3;Fondos de empleados;CUNDINAMARCA;FUNZA;KM 2 VIA FUNZA COTA;;2;Servicios de ahorro y credito;CARLOS ARTURO DELGADO PEREZ;fondo@albateq.com;3
256;CUNDINAMARCA;GACHANCIPA;NO;;;SI;2026-06-30;15363;06/30/2026 05:00:00 PM;JUNIO;2026;FONDO DE EMPLEADOS DE ALEXANDRA FARMS;FONAF;901-126-375-7;Fondos de empleados;CUNDINAMARCA;GACHANCIPÁ;VRD SAN JOSE NUEVO COLON;7460093;2;Servicios de ahorro y credito;;gerencia@fondoalexandrafonaf.com.co;3
257;CUNDINAMARCA;SOACHA;NO;;;SI;2026-06-30;837;06/30/2026 05:00:00 PM;JUNIO;2026;FONDO DE EMPLEADOS DE ALFAGRES S.A.;FEASA;860-519-574-5;Fondos de empleados;CUNDINAMARCA;SOACHA;AUTOP  SUR KM 13;;2;Servicios de ahorro y credito;EVELYN CARDENAS BOTERO;gerencia.feasa@alfa.com.co;3
258;ANTIOQUIA;ITAGUI;NO;;;SI;2026-06-30;16356;06/30/2026 05:00:00 PM;JUNIO;2026;FONDO DE EMPLEADOS DE ALGAMAR;FODEAL;901-736-956-3;Fondos de empleados;ANTIOQUIA;ITAGÜÍ;CL 54 46 15;4245950;2;Servicios de ahorro y credito;;fodenal20@gmail.com;3
259;ATLÁNTICO;BARRANQUILLA;NO;;;SI;2026-06-30;9231;06/30/2026 05:00:00 PM;JUNIO;2026;FONDO DE EMPLEADOS DE ALMACENES DE COMPRAVENTA E JIMENEZ Y ASOCIADOS;FONJIMENEZ;802-022-214-3;Fondos de empleados;ATLÁNTICO;BARRANQUILLA;CRA 41 38 27;;2;Servicios de ahorro y credito;PATRICIA INES BARRAZA SANJUAN;fonjimenezyasociados@hotmail.com;3
260;CUNDINAMARCA;TABIO;NO;;;NO;2024-06-30;5523;06/30/2024 12:00:00 AM;JUNIO;2024;FONDO DE EMPLEADOS DE ANALIZAR;FODENAL;830-112-895-7;Fondos de empleados;CUNDINAMARCA;TABIO;CR 9 1 110;;2;Servicios de ahorro y credito;MERCEDES CAMACHO MOYA;claudiamercedessanchez@gmail.com;3
261;BOLÍVAR;CARTAGENA DE INDIAS;NO;;;NO;2025-06-30;16365;06/30/2025 05:00:00 PM;JUNIO;2025;FONDO DE EMPLEADOS DE ARAUJO Y SEGOVIA SA SEDE CARTAGENA;FONASEG;900-553-938-0;Fondos de empleados;BOLÍVAR;CARTAGENA DE INDIAS;MATUNA EDIFICIO CONCASA PISO 2;;2;Servicios de ahorro y credito;DUVA GUTIERREZ MEDINA;fonaseg@araujoysegovia.com;3
262;ANTIOQUIA;MEDELLIN;NO;;;SI;2026-06-30;13627;06/30/2026 05:00:00 PM;JUNIO;2026;FONDO DE EMPLEADOS DE ARQUITECTOS E INGENIEROS ASOCIADOS;FONAIA;811-006-374-9;Fondos de empleados;ANTIOQUIA;MEDELLÍN;CL 16ASUR 48A 32;4037700;2;Servicios de ahorro y credito;MARIA CLAUDIA ECHEVERRI MARULANDA;fonaia@aia.com.co;3
263;ANTIOQUIA;APARTADO;NO;;;SI;2026-06-30;13533;06/30/2026 05:00:00 PM;JUNIO;2026;FONDO DE EMPLEADOS DE ASOBANANA;FEMBANANA;900-553-140-0;Fondos de empleados;ANTIOQUIA;APARTADÓ;CL 94A 103-32;8289080;2;Servicios de ahorro y credito;ALEXANDER ARIAS BELLO;fembanana@asobanana.com;3
264;CUNDINAMARCA;SUESCA;NO;;;NO;2021-06-30;13453;06/30/2021 05:00:00 PM;JUNIO;2021;FONDO DE EMPLEADOS DE ASTRAL FLOWERS;FONASTRAL;900-182-338-9;Fondos de empleados;CUNDINAMARCA;SUESCA;FINCA TORRE MOLINOS VEREDA PALMIRA;8632744;2;Servicios de ahorro y credito;ANA MERCEDES PORRAS DE MU??OZ;fonastral@gmail.com;3
265;BOLÍVAR;CARTAGENA DE INDIAS;NO;;;NO;2017-06-30;10828;06/30/2017 05:00:00 PM;JUNIO;2017;FONDO DE EMPLEADOS DE AUTOBOL S A;FONDEAUTOBOL;900-118-917-1;Fondos de empleados;BOLÍVAR;CARTAGENA DE INDIAS;Calle 30 37-07 AvenidaE PEDRO DE HEREDIA;6627391;2;Servicios de ahorro y credito;ELIAS FRANCO ELLES;efranco@autobol.com.co;3
266;ANTIOQUIA;MEDELLIN;NO;;;SI;2026-06-30;8255;06/30/2026 05:00:00 PM;JUNIO;2026;FONDO DE EMPLEADOS DE AUTOBUSES EL POBLADO LAURELES S.A.;FEDEAPOL;811-027-496-9;Fondos de empleados;ANTIOQUIA;MEDELLÍN;CL 39 # 48 46;2611515;2;Servicios de ahorro y credito;RAFAEL ANGEL MACIAS VASQUEZ;fedeapol@hotmail.com;3
267;ANTIOQUIA;MEDELLIN;NO;;;SI;2026-06-30;4814;06/30/2026 05:00:00 PM;JUNIO;2026;FONDO DE EMPLEADOS DE AVERY DENNISON DE COLOMBIA;FONAVERY;811-010-253-1;Fondos de empleados;ANTIOQUIA;MEDELLÍN;CR 50 7 SUR-31;;2;Servicios de ahorro y credito;MILADY DEL SOCORRO HOYOS DUQUE;fonaverycolombia@gmail.com;3
268;CUNDINAMARCA;TOCANCIPA;NO;;;SI;2026-06-30;5204;06/30/2026 05:00:00 PM;JUNIO;2026;FONDO DE EMPLEADOS DE  AYURA;FONAYURA;832-010-108-8;Fondos de empleados;CUNDINAMARCA;TOCANCIPÁ;KM 3 VIA TOCANCIPA ZIPAQUIRA VIA LA FUENTE;8527625;2;Servicios de ahorro y credito;CLAUDIA CECILIA FUENTES CHAPARRO;fonayura@ayura.co;3
269;ANTIOQUIA;ENVIGADO;NO;;;SI;2026-06-30;15402;06/30/2026 05:00:00 PM;JUNIO;2026;FONDO DE EMPLEADOS DE AYURA MOTOR S.A.;FONDEAYURA;901-071-036-7;Fondos de empleados;ANTIOQUIA;ENVIGADO;CRR 48 26 SUR 27;3321100;2;Servicios de ahorro y credito;;contabilidad@ayuramotor.com.co;3
270;ATLÁNTICO;BARRANQUILLA;NO;;;SI;2026-06-30;1585;06/30/2026 05:00:00 PM;JUNIO;2026;FONDO DE EMPLEADOS DE BATERIAS WILLARD;FONWILLARD;802-001-366-4;Fondos de empleados;ATLÁNTICO;BARRANQUILLA;CALLE 75 # 59-45;;2;Servicios de ahorro y credito;MARIA LOURDES BONET MORON;jefe.contable@bateriaswillard.com;3
271;ANTIOQUIA;ITAGUI;NO;;;SI;2026-06-30;13747;06/30/2026 05:00:00 PM;JUNIO;2026;FONDO DE EMPLEADOS DE BOSI;SOMOS AAA;900-728-674-4;Fondos de empleados;ANTIOQUIA;ITAGÜÍ;CR  41 N 46-137;4482674;2;Servicios de ahorro y credito;CARLOS EDUARDO ROJAS RESTREPO;somosaaa@mybosi.com;3
272;ANTIOQUIA;MEDELLIN;NO;;;SI;2025-12-31;8543;12/31/2025 05:00:00 PM;DICIEMBRE;2025;FONDO DE EMPLEADOS DE BRAZZA SPORT LIMITADA;FEBED;811-029-897-8;Fondos de empleados;ANTIOQUIA;MEDELLÍN;CR 56B 49A29 OF 1507;5115918;2;Servicios de ahorro y credito;ANGELA MARIA PEREZ MOLINA;brazza.sport.med@gmail.com;3
273;CUNDINAMARCA;MOSQUERA;NO;;;SI;2026-06-30;5096;06/30/2026 05:00:00 PM;JUNIO;2026;FONDO DE EMPLEADOS DE BUNDY COLOMBIA S.A.CREDIBUNDY;CREDIBUNDY;860-048-394-4;Fondos de empleados;CUNDINAMARCA;MOSQUERA;CR 13 A 6 98 PARQUE CENTRAL MONTANA;3222952262;2;Servicios de ahorro y credito;CARLOS MAURICIO DIAZ GIL;credibundy@outlook.com;3
274;ATLÁNTICO;BARRANQUILLA;NO;;;SI;2025-12-31;5552;12/31/2025 05:00:00 PM;DICIEMBRE;2025;FONDO DE EMPLEADOS DE C.H.M. DEL CARIBE S.A.;FONEMCHM;802-003-412-4;Fondos de empleados;ATLÁNTICO;BARRANQUILLA;CALLE 30 6B-25;3664900;2;Servicios de ahorro y credito;ROCIO ROJAS SANDRA;recepcion@fonemchm.com;3
275;CUNDINAMARCA;FACATATIVA;NO;;;NO;2023-06-30;11697;06/30/2023 05:00:00 PM;JUNIO;2023;FONDO DE EMPLEADOS DE C.I PARDO CARRIZOSA NAVAS Y CIA LTDA;FONDESABA;900-195-932-0;Fondos de empleados;CUNDINAMARCA;FACATATIVÁ;VEREDA MOYANO;;2;Servicios de ahorro y credito;MARTHATERESA TIBOCHA NAVARRO;fondesaba2@cisantabarbara.com;3
276;ANTIOQUIA;RIONEGRO;NO;;;SI;2026-06-30;13178;06/30/2026 05:00:00 PM;JUNIO;2026;FONDO DE EMPLEADOS DE C.I. FLORES CARMEL S.A.;FONCARMEL;900-295-199-7;Fondos de empleados;ANTIOQUIA;RIONEGRO;VEREDA TRES PUERTAS;4803610;2;Servicios de ahorro y credito;DIANA MABEL FRANCO GOMEZ;foncarmel@carmel-flowers.com;3
277;ANTIOQUIA;APARTADO;NO;;;NO;2024-06-30;11782;06/30/2024 12:00:00 AM;JUNIO;2024;FONDO DE EMPLEADOS DE CARGOBAN;FONDECAR;900-048-114-3;Fondos de empleados;ANTIOQUIA;APARTADÓ;CALLE 100 NRO 103-27;8284285;2;Servicios de ahorro y credito;ROLY ALBERTO CARDONA GOMEZ;gerencia@fondecarcargoban.com;3
278;ANTIOQUIA;MEDELLIN;NO;;;SI;2026-06-30;10992;06/30/2026 05:00:00 PM;JUNIO;2026;FONDO DE EMPLEADOS DE CARNES CASABLANCA S.A.;FECASABLANCA;811-045-161-3;Fondos de empleados;ANTIOQUIA;MEDELLÍN;CL 72 AUTOPISTA NORTE 64 147;;2;Servicios de ahorro y credito;NICOLAS GONZALEZ TANGARIFE;eliana.quiroga@carnescasablanca.com;3
279;ANTIOQUIA;COPACABANA;NO;;;NO;2022-12-31;16125;12/31/2022 05:00:00 PM;DICIEMBRE;2022;FONDO DE EMPLEADOS DE CARROCERIAS PANAMERICA UBUNTU;UBUNTU CP;901-583-541-2;Fondos de empleados;ANTIOQUIA;COPACABANA;KM 4 AUTO MEDELLIN - BOGOTA;4918881;2;Servicios de ahorro y credito;MONICA ALEJANDRA VARGAS SATIZABAL;sandra.marin@soycp.com;3
280;ANTIOQUIA;MEDELLIN;NO;;;SI;2026-06-30;15713;06/30/2026 05:00:00 PM;JUNIO;2026;FONDO DE EMPLEADOS DE CASA BRITANICA Y DEMAS EMPRESAS PATROCINADORAS;FECAPYD;901-379-578-0;Fondos de empleados;ANTIOQUIA;MEDELLÍN;CL 24 N 50 4;3225041;2;Servicios de ahorro y credito;;fpino@planautos.com;3
281;ANTIOQUIA;MEDELLIN;NO;;;SI;2026-06-30;13763;06/30/2026 05:00:00 PM;JUNIO;2026;FONDO DE EMPLEADOS DE CENTRAL DE MANGUERAS;FEPROCENTRAL;900-689-662-8;Fondos de empleados;ANTIOQUIA;MEDELLÍN;CR 52 # 34-9;3163330;2;Servicios de ahorro y credito;JAVIER CONTRERAS SALCEDO;contabilidad@cdemycdebsa.com.co;3
282;NORTE DE SANTANDER;SAN JOSE DE CUCUTA;NO;;;SI;2026-06-30;3188;06/30/2026 05:00:00 PM;JUNIO;2026;FONDO DE EMPLEADOS DE CENTRALES ELECTRICAS;FONDECENS;807-001-246-7;Fondos de empleados;NORTE DE SANTANDER;SAN JOSÉ DE CÚCUTA;CL 5 6 04 BRR COLPET;5495409;2;Servicios de ahorro y credito;LUS EDUARDO MURILLO BUENAHORA;fondecens@hotmail.com;3
283;ANTIOQUIA;ITAGUI;NO;;;SI;2026-06-30;1735;06/30/2026 05:00:00 PM;JUNIO;2026;FONDO DE EMPLEADOS DE CI. EXPOFARO;FODEXPO;800-200-291-7;Fondos de empleados;ANTIOQUIA;ITAGÜÍ;CR 42 54 A 155 BG 3;4442900;2;Servicios de ahorro y credito;LUIS HUMBERTO ARENAS LOAIZA;adriana.silva@farogroup.com.co;3
284;ATLÁNTICO;BARRANQUILLA;NO;;;NO;2017-06-30;2880;06/30/2017 05:00:00 PM;JUNIO;2017;FONDO DE EMPLEADOS DE CILEDCO LTDA;FONEMCIL;802-002-371-6;Fondos de empleados;ATLÁNTICO;BARRANQUILLA;Carrera 36 Nro.53-47;3711630;2;Servicios de ahorro y credito;MONICA PAEZ GUZMAN;monicali61@hotmail.com;3
285;ANTIOQUIA;BELLO;NO;;;SI;2026-06-30;15610;06/30/2026 05:00:00 PM;JUNIO;2026;FONDO DE EMPLEADOS DE CIPA;FEDECIPA;900-508-842-1;Fondos de empleados;ANTIOQUIA;BELLO;CRA 49A 23-45;5200950;2;Servicios de ahorro y credito;;fedecipa@cipa.com.co;3
286;ATLÁNTICO;BARRANQUILLA;NO;;;NO;2017-12-31;15134;12/31/2017 05:00:00 PM;DICIEMBRE;2017;FONDO DE EMPLEADOS DE COLARQUIM;FEMDECOL;900-551-026-1;Fondos de empleados;ATLÁNTICO;BARRANQUILLA;CALLE 110 53-1670 BOD 14;3773010;2;Servicios de ahorro y credito;LUIS ZAPATA VALENCIA;ncastro@colarquim.com;3
287;ANTIOQUIA;ENVIGADO;NO;;;NO;2024-06-30;9142;06/30/2024 12:00:00 AM;JUNIO;2024;FONDO DE EMPLEADOS DE COLEGIO CRISTOBAL COLON;FECCC;811-007-672-3;Fondos de empleados;ANTIOQUIA;ENVIGADO;ALTO DE LAS PALMAS KM 16;4033145;2;Servicios de ahorro y credito;MARCO TULIO OSORIO CANO;feccc@columbus.edu.co;3
288;CUNDINAMARCA;FACATATIVA;NO;;;SI;2026-06-30;12983;06/30/2026 05:00:00 PM;JUNIO;2026;FONDO DE EMPLEADOS DE COLIBRI FLOWERS;FONCOLIBRI;900-425-966-9;Fondos de empleados;CUNDINAMARCA;FACATATIVÁ;KM 8 VIAFACATATIVA EL ROSAL;8911980;2;Servicios de ahorro y credito;MARIA LUCIA ANGEL LUGO;foncolibri@colibriflowers.com;3
289;ANTIOQUIA;MEDELLIN;NO;;;SI;2026-06-30;1731;06/30/2026 05:00:00 PM;JUNIO;2026;FONDO DE EMPLEADOS DE COLTEFINANCIERA;FECOLTEF;800-064-916-8;Fondos de empleados;ANTIOQUIA;MEDELLÍN;CL 7D N 43C 161 PISO 7;6043440;2;Servicios de ahorro y credito;YUBELY GOMEZ ARANGO;novedades@fecoltef.com;3
290;ATLÁNTICO;BARRANQUILLA;NO;;;SI;2026-06-30;7591;06/30/2026 05:00:00 PM;JUNIO;2026;FONDO DE EMPLEADOS DE COMBARRANQUILLA;FONDECOMB;800-122-810-5;Fondos de empleados;ATLÁNTICO;BARRANQUILLA;CLLE 34 44 63 P4;3225049;2;Servicios de ahorro y credito;BELSY MIRANDA ALGARIN;fondecomb@combarranquilla.co;3
291;NORTE DE SANTANDER;SAN JOSE DE CUCUTA;NO;;;SI;2026-06-30;15613;06/30/2026 05:00:00 PM;JUNIO;2026;FONDO DE EMPLEADOS DE COMFANORTE;FONDECOMFA;901-316-632-0;Fondos de empleados;NORTE DE SANTANDER;SAN JOSÉ DE CÚCUTA;CALLE 9 AV 1 EDIFICIO COMFANORTE;;2;Servicios de ahorro y credito;;fondecomfanorte@gmail.com;3
292;ANTIOQUIA;MEDELLIN;NO;;;SI;2026-03-31;13620;03/31/2026 05:00:00 PM;MARZO;2026;FONDO DE EMPLEADOS DE CONALTURA CONSTRUCCION Y VIVIENDA S.A;FECONALTURA;900-351-461-2;Fondos de empleados;ANTIOQUIA;MEDELLÍN;CALLE 5A #39-194;4321600;2;Servicios de ahorro y credito;JULIANA OSPINA GARCES;feconaltuar@conaltura.com;3
293;ANTIOQUIA;ITAGUI;NO;;;SI;2026-06-30;13858;06/30/2026 05:00:00 PM;JUNIO;2026;FONDO DE EMPLEADOS DE CONTENTO;FAMILIA CONTENTO;900-747-974-1;Fondos de empleados;ANTIOQUIA;ITAGÜÍ;CR  42 54 A 71;;2;Servicios de ahorro y credito;MARTHA CECILIA RUSSI CORREDOR;bzapata@contentobps.com;3
294;ANTIOQUIA;EL SANTUARIO;NO;;;SI;2026-06-30;1520;06/30/2026 05:00:00 PM;JUNIO;2026;FONDO DE EMPLEADOS DE CORNARE;FEMCOR;800-004-337-7;Fondos de empleados;ANTIOQUIA;EL SANTUARIO;CR 59 44 48;5461616;2;Servicios de ahorro y credito;IVONNE MARITZA BUITRAGO ARROYAVE;femcor@cornare.gov.co;3
295;ANTIOQUIA;APARTADO;NO;;;SI;2025-12-31;4709;12/31/2025 05:00:00 PM;DICIEMBRE;2025;FONDO DE EMPLEADOS DE CORRUGADOS DEL DARIEN S.A.;FECOR;811-016-829-0;Fondos de empleados;ANTIOQUIA;APARTADÓ;KM 2 VIA TURBO;8293232;2;Servicios de ahorro y credito;JULIA CLEMENCIA PIEDRAHITA CORDOBA;fecor@cordarien.com.co;3
296;ANTIOQUIA;MEDELLIN;NO;;;SI;2026-06-30;15826;06/30/2026 05:00:00 PM;JUNIO;2026;FONDO DE EMPLEADOS DE COTRASER CTA;F.E. CREDISER;901-481-945-6;Fondos de empleados;ANTIOQUIA;MEDELLÍN;CR 80 33 22;4448356;2;Servicios de ahorro y credito;;gerencia@fecrediser.com;3
297;ATLÁNTICO;BARRANQUILLA;NO;;;NO;2024-06-30;7226;06/30/2024 12:00:00 AM;JUNIO;2024;FONDO DE EMPLEADOS DE COUNTRY MOTORS LTDA.;FONDECOUNTRY;802-008-790-6;Fondos de empleados;ATLÁNTICO;BARRANQUILLA;CALLE 77 66 07;3610682;2;Servicios de ahorro y credito;LENA BARRIOS CONTRERAS;acontable77@countrymotors.com.co;3
298;ANTIOQUIA;MEDELLIN;NO;;;SI;2026-06-30;11082;06/30/2026 05:00:00 PM;JUNIO;2026;FONDO DE EMPLEADOS DE COVITEC;FECOVI;900-129-514-4;Fondos de empleados;ANTIOQUIA;MEDELLÍN;CALLE 50 N? 77 B 111;3228868;2;Servicios de ahorro y credito;LESLY STEFANY OSORIO ACEVEDO;gerente.fecovi@covitec.com.co;3
299;ANTIOQUIA;ENVIGADO;NO;;;SI;2026-06-30;4789;06/30/2026 05:00:00 PM;JUNIO;2026;FONDO DE EMPLEADOS DE CRISTALERIA PELDAR S A;FEP;890-985-408-7;Fondos de empleados;ANTIOQUIA;ENVIGADO;AC 39 SUR 48 180;6043359979;2;Servicios de ahorro y credito;WILMAR SANCHEZ CASTA?O;fondoempleados@o-1.com;3
300;ANTIOQUIA;ENVIGADO;NO;;;SI;2026-06-30;13434;06/30/2026 05:00:00 PM;JUNIO;2026;FONDO  DE EMPLEADOS DE CRYOGAS;FOCRYOGAS;900-531-708-9;Fondos de empleados;ANTIOQUIA;ENVIGADO;CL 26 SUR 48 41;6072512;2;Servicios de ahorro y credito;LINA MARIA PUERTA CARDENAS;fondo@foncryogas.co;3
301;ATLÁNTICO;BARRANQUILLA;NO;;;NO;2018-06-30;12076;06/30/2018 05:00:00 PM;JUNIO;2018;FONDO DE EMPLEADOS DE CURTIEMBRES BUFALO S.A.;FOTRACUB;802-012-267-0;Fondos de empleados;ATLÁNTICO;BARRANQUILLA;CL 10 # 33-100;3714274;2;Servicios de ahorro y credito;CARLOS RICARDO CARDONA GAVIRIA;fotracub@cbufalo.com.co;3
302;ANTIOQUIA;MEDELLIN;NO;;;SI;2026-03-31;7062;03/31/2026 05:00:00 PM;MARZO;2026;FONDO DE EMPLEADOS DE DELIMA Y CIA MEDELLIN LTDA;FEDELIMA;890-908-351-8;Fondos de empleados;ANTIOQUIA;MEDELLÍN;CARRERA 43 A NO.5A? # 113;5011568;2;Servicios de ahorro y credito;LUZ ESTELA ISAZA ZULUAGA;fedelimamede@hotmail.com;3
303;CUNDINAMARCA;COTA;NO;;;SI;2026-06-30;6333;06/30/2026 05:00:00 PM;JUNIO;2026;FONDO DE EMPLEADOS DE DISAN COLOMBIA S.A.;FEDISAN;830-054-073-0;Fondos de empleados;CUNDINAMARCA;COTA;AUTOPISTA MEDELLIN COSTADO NORTE KM 1.6 VIA COTA;;2;Servicios de ahorro y credito;FERNANDO AVILA RODRIGUEZ;fedisan@disan.com.co;3
304;ANTIOQUIA;MEDELLIN;NO;;;SI;2026-06-30;1611;06/30/2026 05:00:00 PM;JUNIO;2026;FONDO DE EMPLEADOS DE DISCOS FUENTES LTDA. Y EDIMUSICA LTDA.;EDIFUENTES;800-247-877-5;Fondos de empleados;ANTIOQUIA;MEDELLÍN;CALLE 11 A  31 A 89 EDIFICIO BOSKO OFICINA 202;5404700;2;Servicios de ahorro y credito;LUIS JARAMILLO OCAMPO;fondoedifuentes@gmail.com;3
305;ANTIOQUIA;ITAGUI;NO;;;SI;2026-06-30;13719;06/30/2026 05:00:00 PM;JUNIO;2026;FONDO DE EMPLEADOS DE DITRANSA;FEDIT;900-691-434-1;Fondos de empleados;ANTIOQUIA;ITAGÜÍ;CARRERA 43 A # 14 - 27;;2;Servicios de ahorro y credito;SINDY ELIZABETH ALDANA JIMENEZ;contador@tufondo.com.co;3
306;ANTIOQUIA;MEDELLIN;NO;;;SI;2026-06-30;9542;06/30/2026 05:00:00 PM;JUNIO;2026;FONDO DE EMPLEADOS DE DOMINA S.A.;FEDOMINA;811-047-076-4;Fondos de empleados;ANTIOQUIA;MEDELLÍN;CL 34 45 A 18;4302020;2;Servicios de ahorro y credito;EDUARDO DE JESUS SANCHEZ LOPERA;fedomina@domina.com.co;3
307;NORTE DE SANTANDER;SAN JOSE DE CUCUTA;NO;;;NO;2018-06-30;13396;06/30/2018 05:00:00 PM;JUNIO;2018;FONDO DE EMPLEADOS DE EDUCADORES PENSIONADOS;FONEDUPEN;900-482-504-2;Fondos de empleados;NORTE DE SANTANDER;SAN JOSÉ DE CÚCUTA;CLL 16  # 3-47 BARRIO LA PLAYA;5836343;2;Servicios de ahorro y credito;ELISEO MORA FLOREZ;fonedupen@hotmail.com;3
308;ANTIOQUIA;MEDELLIN;NO;;;SI;2026-06-30;12579;06/30/2026 05:00:00 PM;JUNIO;2026;FONDO DE EMPLEADOS DE EL COMITE REGIONAL DE REHABILITACION DE ANTIOQUIA;FONEMCO;900-358-524-1;Fondos de empleados;ANTIOQUIA;MEDELLÍN;CR 50 A # 63 - 108;3202160;2;Servicios de ahorro y credito;MARICELA MORALES GALLEGO;fondoempleados@elcomite.org.co;3
309;ATLÁNTICO;BARRANQUILLA;NO;;;SI;2026-06-30;6603;06/30/2026 05:00:00 PM;JUNIO;2026;FONDO DE EMPLEADOS DE EL HERALDO;FEDEHERALDO;890-114-471-5;Fondos de empleados;ATLÁNTICO;BARRANQUILLA;CRA 46 85 26 PISO 5 EDIFICIO BARCELONA;3715000;2;Servicios de ahorro y credito;GUSTAVO RODRIGUEZ BARRAZA;fedeheraldo@elheraldo.co;3
310;ANTIOQUIA;MEDELLIN;NO;;;SI;2026-06-30;1532;06/30/2026 05:00:00 PM;JUNIO;2026;FONDO DE EMPLEADOS DE ELECTROCONTROL;FONDELEC;800-109-599-1;Fondos de empleados;ANTIOQUIA;MEDELLÍN;CRA 43A 31 20;4440110;2;Servicios de ahorro y credito;BEATRIZ ELENA PINEDA TRUJILLO;bpineda@electrocontrol.com.co;3
311;CUNDINAMARCA;CAJICA;NO;;;SI;2026-06-30;308;06/30/2026 05:00:00 PM;JUNIO;2026;FONDO DE EMPLEADOS DE EMCOCBLES;FETRAEM;860-080-356-9;Fondos de empleados;CUNDINAMARCA;CAJICÁ;KILOMETRO 5 PUNTO 5 VIA CAJICA ZIPAQUIRA;3766030;2;Servicios de ahorro y credito;JORGE ENRIQUE PULIDO FLOREZ;fetraem@gmail.com;3
312;CUNDINAMARCA;COTA;NO;;;SI;2026-06-30;10544;06/30/2026 05:00:00 PM;JUNIO;2026;FONDO DE EMPLEADOS DE EMPRESAS DE TECNOLOGIA INFORMATICA;FONDECOMPUTO;900-086-469-4;Fondos de empleados;CUNDINAMARCA;COTA;ZONA FRANCA METROPOLITANA;;2;Servicios de ahorro y credito;SANTIAGO HERNAN GOMEZ MOLANO;fondecomputo2006@gmail.com;3
313;ANTIOQUIA;LA CEJA;NO;;;NO;2020-12-31;11751;12/31/2020 05:00:00 PM;DICIEMBRE;2020;FONDO DE EMPLEADOS DE EMPRESAS PUBLICAS DE LA CEJA ESP;FONEP;900-240-446-5;Fondos de empleados;ANTIOQUIA;LA CEJA;CL 20 22 05;5537788;2;Servicios de ahorro y credito;CRISDAYANA BEDOYA MU??OZ;foneplacejaeepp@gmail.com;3
314;CUNDINAMARCA;CAJICA;NO;;;SI;2025-12-31;10302;12/31/2025 05:00:00 PM;DICIEMBRE;2025;FONDO DE EMPLEADOS DE EMPRESAS QUIMICAS;FONDEQUIM;860-076-170-0;Fondos de empleados;CUNDINAMARCA;CAJICÁ;KM 5 VIA CAJICA ZIPAQUIRA;7825010;2;Servicios de ahorro y credito;MARIA DEL PILAR GUERRERO GARZON;fondequim@hotmail.com;3
315;ANTIOQUIA;MEDELLIN;NO;;;SI;2026-06-30;3771;06/30/2026 05:00:00 PM;JUNIO;2026;FONDO DE EMPLEADOS DE EMPRESAS VARIAS DE MEDELLIN;FEEVA;890-985-688-2;Fondos de empleados;ANTIOQUIA;MEDELLÍN;CLL 111B # 92;4705000;2;Servicios de ahorro y credito;MARIA EUGENIA GIRALDO CARMONA;fondodeempleados@feevva.com;3
316;ANTIOQUIA;MEDELLIN;NO;;;NO;2018-06-30;5474;06/30/2018 05:00:00 PM;JUNIO;2018;FONDO DE EMPLEADOS DE EMTELCO S.A.;FEMTELCO;830-077-525-7;Fondos de empleados;ANTIOQUIA;MEDELLÍN;CL 16 NRO. 55-26;2657986;2;Servicios de ahorro y credito;ALBA LEONOR MORENO TORRES;femtelco@emtelco.com.co;3
317;ANTIOQUIA;ITAGUI;NO;;;SI;2026-06-30;7613;06/30/2026 05:00:00 PM;JUNIO;2026;FONDO DE EMPLEADOS DE ESPUMAS PLASTICAS S.A.;FONDESPUMAS;811-012-974-2;Fondos de empleados;ANTIOQUIA;ITAGÜÍ;CR 42 85 117;4480064;2;Servicios de ahorro y credito;BLANCA MARGARITA SANTA CARDONA;fondespumas@comodisimos.com;3
318;CUNDINAMARCA;COTA;NO;;;SI;2026-06-30;13041;06/30/2026 05:00:00 PM;JUNIO;2026;FONDO DE EMPLEADOS DE ESPUMAS SANTAFE DE BOGOTA;FONESPUMAS;900-158-340-3;Fondos de empleados;CUNDINAMARCA;COTA;KM 1 VIA BOGOTA SIBERIA;7450530;2;Servicios de ahorro y credito;WILLIAM FABIAN HERNANDEZ MURILLO;asis.fonespumas@ramgiflex.com;3
319;CUNDINAMARCA;SIBATE;NO;;;SI;2026-06-30;763;06/30/2026 05:00:00 PM;JUNIO;2026;FONDO DE EMPLEADOS DE ETERNIT;FONDETER;860-007-349-7;Fondos de empleados;CUNDINAMARCA;SIBATÉ;AUTO SUR KM 1 VIA SILVANIA;7306900;2;Servicios de ahorro y credito;HECTOR GARCIA CUBILLOS;fondeter2@gmail.com;3
320;ANTIOQUIA;ITAGUI;NO;;;SI;2026-06-30;6475;06/30/2026 05:00:00 PM;JUNIO;2026;FONDO DE EMPLEADOS DE EXTRUSIONES;FEDEXTRU;811-004-153-9;Fondos de empleados;ANTIOQUIA;ITAGÜÍ;CALLE 25 # 41 - 146;3222307;2;Servicios de ahorro y credito;GLORIA EUGENIA CHANCY BEDOYA;cfranco@extrusiones.com.co;3
321;ATLÁNTICO;SOLEDAD;NO;;;SI;2026-06-30;7821;06/30/2026 05:00:00 PM;JUNIO;2026;FONDO DE EMPLEADOS DE FABRICA DE BOLSAS DE PAPEL UNIBOL S.A.;FONUNIBOL;802-012-202-2;Fondos de empleados;ATLÁNTICO;SOLEDAD;AUTOPISTA AEROPUERTO KM 7;;2;Servicios de ahorro y credito;HOZ RUDAS AMALIA DE LA;fonunibol@gmail.com;3
322;ANTIOQUIA;LA ESTRELLA;NO;;;SI;2025-12-31;9883;12/31/2025 05:00:00 PM;DICIEMBRE;2025;FONDO DE EMPLEADOS DE FAISMON S.A;FONDEFAISMON;900-055-985-0;Fondos de empleados;ANTIOQUIA;LA ESTRELLA;CR 48 N 101 SUR 401;4481020;2;Servicios de ahorro y credito;NATALIA ANDREA PE??A DUQUE;fondo@faismon.com;3
323;CUNDINAMARCA;MADRID;NO;;;NO;2024-06-30;8280;06/30/2024 12:00:00 AM;JUNIO;2024;FONDO DE EMPLEADOS DE FALCON FARMS DE COLOMBIA;FEFALCON;830-024-777-9;Fondos de empleados;CUNDINAMARCA;MADRID;K7 VIA LA PUNTA MADRID;;2;Servicios de ahorro y credito;SONYA LILIANA SALAMANCA GONZALEZ;fefalcon@falconfarms.com;3
324;ANTIOQUIA;MEDELLIN;NO;;;SI;2026-06-30;1504;06/30/2026 05:00:00 PM;JUNIO;2026;FONDO DE EMPLEADOS DE FATELARES;FONEFA;811-006-621-3;Fondos de empleados;ANTIOQUIA;MEDELLÍN;CALLE 53 N. 49-109 OF 207;2315318;2;Servicios de ahorro y credito;CESAR AUGUSTO ARIAS LOPEZ;gerenciafonefa@gmail.com;3
325;CUNDINAMARCA;COTA;NO;;;SI;2026-06-30;654;06/30/2026 05:00:00 PM;JUNIO;2026;FONDO DE EMPLEADOS DE FENALCE;CORFENALCE;860-528-393-7;Fondos de empleados;CUNDINAMARCA;COTA;LOS TERMALES VIA COTA;7428755;2;Servicios de ahorro y credito;FREDY RIVEROS BEJARANO;corfenalce@gmail.com;3
326;ANTIOQUIA;MEDELLIN;NO;;;SI;2026-06-30;16382;06/30/2026 05:00:00 PM;JUNIO;2026;FONDO DE EMPLEADOS DE FERROSVEL S.A.S - FERROPROGRESO;FERROPROGRESO;900-607-445-5;Fondos de empleados;ANTIOQUIA;MEDELLÍN;CL 31B 89E 140;3533133;2;Servicios de ahorro y credito;;wilson.becerra@ferrosvel.com;3
327;CUNDINAMARCA;MOSQUERA;NO;;;NO;2023-06-30;4266;06/30/2023 05:00:00 PM;JUNIO;2023;FONDO DE EMPLEADOS DE FIBERGLASS COLOMBIA S.A.;FONDFIBER;860-069-310-6;Fondos de empleados;CUNDINAMARCA;MOSQUERA;CRA 8 NO. 64-42;3002600;2;Servicios de ahorro y credito;MIKE ZAMBRANO RIVERA;contacto@fosago.com;3
328;CUNDINAMARCA;FUNZA;NO;;;SI;2026-06-30;66;06/30/2026 05:00:00 PM;JUNIO;2026;FONDO DE EMPLEADOS DE FLEXPORT DE COLOMBIA;FONEMFLEX;800-196-423-5;Fondos de empleados;CUNDINAMARCA;FUNZA;VDA EL CACIQUE FUNZA VIA LA PUNTA KM 3;4320341;2;Servicios de ahorro y credito;ALBA PATRICIA AHUMADA RODRIGUEZ;fonemflex@gmail.com;3
329;CUNDINAMARCA;TENJO;NO;;;NO;2023-12-31;1107;12/31/2023 05:00:00 PM;DICIEMBRE;2023;FONDO DE EMPLEADOS DE FLORES DE TENJO;FLORESTE;800-089-774-7;Fondos de empleados;CUNDINAMARCA;TENJO;VDA EL ESTANCO VIA TENGO;7580670;2;Servicios de ahorro y credito;SANDRA XIMENA RODRIGUEZ MALAVER;fefloreste@gmail.com;3
330;ANTIOQUIA;RIONEGRO;NO;;;SI;2026-06-30;7321;06/30/2026 05:00:00 PM;JUNIO;2026;FONDO DE EMPLEADOS DE  FLORES DEL LAGO LTDA;FONLAGO;811-021-226-1;Fondos de empleados;ANTIOQUIA;RIONEGRO;K3 VIA AEROPUERTO-RIONEGRO;5614871;2;Servicios de ahorro y credito;ZULMA YULIETH ZAPATA CIFUENTES;personal@floresdellago.com;3
331;CUNDINAMARCA;FACATATIVA;NO;;;SI;2026-06-30;7677;06/30/2026 05:00:00 PM;JUNIO;2026;FONDO DE EMPLEADOS DE FLORES DEL RIO;FONDERIO;832-004-512-6;Fondos de empleados;CUNDINAMARCA;FACATATIVÁ;HACIENDA CASEJI VDA LA CHUECA;;2;Servicios de ahorro y credito;CLARA LUCIA ALVAREZ GASTELBONDO;yfuentes@fonderio.com.co;3
332;ANTIOQUIA;RIONEGRO;NO;;;SI;2026-06-30;11693;06/30/2026 05:00:00 PM;JUNIO;2026;FONDO DE EMPLEADOS DE FLORES EL CAPIRO S.A;FOEC;900-236-223-4;Fondos de empleados;ANTIOQUIA;RIONEGRO;KM 3 SECTOR GUALANDAY;;2;Servicios de ahorro y credito;LINA MARIA BURITICA GARCIA;foec@capiro.co;3
333;ANTIOQUIA;LA CEJA;NO;;;NO;2024-09-30;1743;09/30/2024 12:00:00 AM;SEPTIEMBRE;2024;FONDO DE EMPLEADOS DE FLORES ESMERALDA;FEDEFLES;800-069-982-7;Fondos de empleados;ANTIOQUIA;LA CEJA;CL 29 # 16 04;;2;Servicios de ahorro y credito;MANUEL SALVADOR ZAPATA RIOS;fedefles@gmail.com;3
334;CUNDINAMARCA;FUNZA;NO;;;SI;2026-06-30;63;06/30/2026 05:00:00 PM;JUNIO;2026;FONDO DE EMPLEADOS DE FLORES FUNZA LTDA.;FEMZA;860-509-471-2;Fondos de empleados;CUNDINAMARCA;FUNZA;VDA EL CACIQUE;4320340;2;Servicios de ahorro y credito;JAIRO BERNARDO NI?O RODRIGUEZ;ctriana@femza.com.co;3
335;CUNDINAMARCA;SESQUILE;NO;;;NO;2024-06-30;11711;06/30/2024 12:00:00 AM;JUNIO;2024;FONDO DE EMPLEADOS DE FLORES UNITOL;UNITOL;900-212-475-1;Fondos de empleados;CUNDINAMARCA;SESQUILÉ;VEREDA BOITA SESQUILE;;2;Servicios de ahorro y credito;CLAUDIA DIAZ ROBAYO;unitol@floreselcipres.com.co;3
336;NORTE DE SANTANDER;LOS PATIOS;NO;;;SI;2025-12-31;3194;12/31/2025 05:00:00 PM;DICIEMBRE;2025;FONDO DE EMPLEADOS DE FONOS E IMETAN;FEFI;890-505-107-7;Fondos de empleados;NORTE DE SANTANDER;LOS PATIOS;CLL 51 #10-45 SECTOR LA FLORESTA;5888980;2;Servicios de ahorro y credito;LUZ ELENA GUERRERO BAUTISTA;fondofefi@hotmail.com;3
337;ATLÁNTICO;BARRANQUILLA;NO;;;NO;2019-06-30;7652;06/30/2019 05:00:00 PM;JUNIO;2019;FONDO DE EMPLEADOS DE FRIGORIFICO DE LA COSTA;FONFRICOSTA;802-016-431-0;Fondos de empleados;ATLÁNTICO;BARRANQUILLA;CR 44 N 53 02;3519460;2;Servicios de ahorro y credito;HAYLER JOSUE CHING GRANADOS;fonfricosta@hotmail.com;3
338;ANTIOQUIA;BELLO;NO;;;NO;2018-06-30;7325;06/30/2018 05:00:00 PM;JUNIO;2018;FONDO DE EMPLEADOS DE GASES DE ANTIOQUIA LTDA E.S.P;FEGAN;890-985-652-8;Fondos de empleados;ANTIOQUIA;BELLO;AUT MED BTA KM 4;2619191;2;Servicios de ahorro y credito;VERONICA - GARZON ANGEL;silvia.munoz@gasesdeantiquia.com.co;3
339;BOLÍVAR;CARTAGENA DE INDIAS;NO;;;SI;2026-06-30;15614;06/30/2026 05:00:00 PM;JUNIO;2026;FONDO DE EMPLEADOS DE GEMA TOURS;FONGEMA;900-559-295-0;Fondos de empleados;BOLÍVAR;CARTAGENA DE INDIAS;BRR PIE DE LA POPA CL 30 1964 P 2;;2;Servicios de ahorro y credito;;fongema@gematours.co;3
340;ATLÁNTICO;BARRANQUILLA;NO;;;NO;2025-06-30;2928;06/30/2025 05:00:00 PM;JUNIO;2025;FONDO DE EMPLEADOS  DE  GRACETALES;FONGRACETALES;800-218-158-4;Fondos de empleados;ATLÁNTICO;BARRANQUILLA;VIA 40 54 299;3390000;2;Servicios de ahorro y credito;MARTHA LIGIA MEJIA HERNANDEZ;gerencia@fongracetales.com;3
341;ANTIOQUIA;SABANETA;NO;;;SI;2026-06-30;16110;06/30/2026 05:00:00 PM;JUNIO;2026;FONDO DE EMPLEADOS DE GRUPO AFIN AFINES;;901-615-023-8;Fondos de empleados;ANTIOQUIA;SABANETA;CALLE 80 SUR 47 E 40;4030388;2;Servicios de ahorro y credito;;afines@grupoafin.com;3
342;CUNDINAMARCA;COTA;NO;;;NO;2024-06-30;15618;06/30/2024 12:00:00 AM;JUNIO;2024;FONDO DE EMPLEADOS DE HOTELES DE CONVENIENCIA;F3CH;901-142-012-6;Fondos de empleados;CUNDINAMARCA;COTA;AUT MEDELLIN KM 3 5 VIA SIBERIA;6000902;2;Servicios de ahorro y credito;LUIS FRANCISCO PARRA MORALES;fondodeempleados3chotels@gmail.com;3
343;CUNDINAMARCA;MADRID;NO;;;SI;2026-06-30;11278;06/30/2026 05:00:00 PM;JUNIO;2026;FONDO DE EMPLEADOS DE IBERPLAST;FEI;900-137-345-1;Fondos de empleados;CUNDINAMARCA;MADRID;CRA 6 19 29;3693900;2;Servicios de ahorro y credito;MAGDA LUCERO VEGA SEPULVEDA;mlvega@iberplast.com.co;3
344;BOLÍVAR;CARTAGENA DE INDIAS;NO;;;NO;2023-12-31;16683;12/31/2023 05:00:00 PM;DICIEMBRE;2023;FONDO DE EMPLEADOS DE IMEX S.A SIA;;900-284-662-9;Fondos de empleados;BOLÍVAR;CARTAGENA DE INDIAS;VIA MAMONAL KM 1;6672146;;;;;3
345;BOLÍVAR;CARTAGENA DE INDIAS;NO;;;SI;2026-06-30;11878;06/30/2026 05:00:00 PM;JUNIO;2026;FONDO DE EMPLEADOS DE IMPOTARJA LTDA;UNIDOS F.E.;900-248-177-5;Fondos de empleados;BOLÍVAR;CARTAGENA DE INDIAS;TV. 33 #19-100, MARTINEZ MARTELO,;;2;Servicios de ahorro y credito;MARIA ANA SUAREZ NADER;gerencia@unidosfe.com;3
346;ANTIOQUIA;MEDELLIN;NO;;;NO;2017-12-31;11086;12/31/2017 05:00:00 PM;DICIEMBRE;2017;FONDO DE EMPLEADOS DE INCOAL;FODINCO;900-114-152-6;Fondos de empleados;ANTIOQUIA;MEDELLÍN;Calle 14 51 53;5407830;2;Servicios de ahorro y credito;MARTHA CECILIA VASQUEZ BUSTAMANTE;info.incoal@gmail.com;3
347;ANTIOQUIA;MEDELLIN;NO;;;SI;2026-06-30;11568;06/30/2026 05:00:00 PM;JUNIO;2026;FONDO DE EMPLEADOS DE INDISA;FEDINSA;900-199-457-1;Fondos de empleados;ANTIOQUIA;MEDELLÍN;EDIFICIO FIC48  CRA 48 #18A 14;4446166;2;Servicios de ahorro y credito;MAURICIO PEREZ BERNAL;secretaria.fedinsa@hatch.com;3
348;ANTIOQUIA;ENVIGADO;NO;;;NO;2017-06-30;1535;06/30/2017 05:00:00 PM;JUNIO;2017;FONDO DE EMPLEADOS DE INDUBOTON;FEINDUBOTON;800-190-321-5;Fondos de empleados;ANTIOQUIA;ENVIGADO;Calle 44 SUR Nro.48-61;339800;2;Servicios de ahorro y credito;JOSE HUMBERTO CARMONA ALVAREZ;feinduboton@induboton.com;3
349;ATLÁNTICO;SOLEDAD;NO;;;NO;2022-12-31;15119;12/31/2022 05:00:00 PM;DICIEMBRE;2022;FONDO DE EMPLEADOS DE INDUCOL;;900-835-629-0;Fondos de empleados;ATLÁNTICO;SOLEDAD;AUTOPISTA AEROPUERTO KM 73 CRA 19  LOTE 1A;6053931;2;Servicios de ahorro y credito;YAN ARTURO PANZA ESPA?A;lpulido@inducol.com.co;3
350;ATLÁNTICO;BARRANQUILLA;NO;;;SI;2026-06-30;5058;06/30/2026 05:00:00 PM;JUNIO;2026;FONDO DE EMPLEADOS DE INDUSTRIA NACIONAL DE GASEOSASS.A. FONEMROMAN;FONEMROMAN;800-101-770-9;Fondos de empleados;ATLÁNTICO;BARRANQUILLA;CRA 20 31 08;;2;Servicios de ahorro y credito;NICOLAS FRANCISCO BILBAO INSIGNARES;fonemroma@hotmail.com;3
351;ANTIOQUIA;MEDELLIN;NO;;;SI;2026-06-30;13502;06/30/2026 05:00:00 PM;JUNIO;2026;FONDO DE EMPLEADOS DE INDUSTRIAL DE ALIMENTOS FLOREZ Y CIA.;FEIA;900-528-641-3;Fondos de empleados;ANTIOQUIA;MEDELLÍN;CR 50 FF 8 SUR 27 OFICINA 510;2315457;2;Servicios de ahorro y credito;OSCAR ALBERTO BEDOYA FRANCO;diana.giraldo@induali.com.co;3
352;CUNDINAMARCA;TOCANCIPA;NO;;;SI;2026-06-30;7734;06/30/2026 05:00:00 PM;JUNIO;2026;FONDO DE EMPLEADOS DE INDUSTRIAS BISONTE Y RINOPACK;FONBISONTE;830-079-299-6;Fondos de empleados;CUNDINAMARCA;TOCANCIPÁ;PARQUE IND ROBLES 5 BOD 27 VDA CANAVITA  TOCANCIPA;9157079;2;Servicios de ahorro y credito;DORA MORENO CELIS;fonbisonte@gmail.com;3
353;ATLÁNTICO;BARRANQUILLA;NO;;;SI;2026-06-30;16416;06/30/2026 05:00:00 PM;JUNIO;2026;FONDO DE EMPLEADOS DE INDUSTRIAS CANNON;FONCANNON;900-191-735-8;Fondos de empleados;ATLÁNTICO;BARRANQUILLA;CALLE 30 2 -147;3856000;2;Servicios de ahorro y credito;;contabilidad@cannoncol.com;3
354;CUNDINAMARCA;LA CALERA;NO;;;SI;2026-06-30;614;06/30/2026 05:00:00 PM;JUNIO;2026;FONDO DE EMPLEADOS DE INDUSTRIAS E INVERSIONES SAMPER S.A.;FEIISSAM;860-404-648-7;Fondos de empleados;CUNDINAMARCA;LA CALERA;CARRERA 6 5 75;;2;Servicios de ahorro y credito;JOHN ROBERT RODRIGUEZ ACOSTA;gerencia.feiissam@hotmail.com;3
355;ANTIOQUIA;MEDELLIN;NO;;;SI;2026-06-30;1758;06/30/2026 05:00:00 PM;JUNIO;2026;FONDO DE EMPLEADOS DE INDUSTRIAS ESTRA S.A.;FONDOESTRA;800-084-632-7;Fondos de empleados;ANTIOQUIA;MEDELLÍN;CL 30 55-72;6044100;2;Servicios de ahorro y credito;MYRIAM LUCELLY RIOS ECHEVERRY;fondo@estra.com.co;3
356;CUNDINAMARCA;TENJO;NO;;;SI;2026-06-30;736;06/30/2026 05:00:00 PM;JUNIO;2026;FONDO DE EMPLEADOS DE INDUSTRIAS RONDA;FERONDA;860-353-079-6;Fondos de empleados;CUNDINAMARCA;TENJO;AUTOPISTA MEDELLIN KM 11 VDA LA PUNTA;6015523636;2;Servicios de ahorro y credito;ALONSO DE JESUS RIOS PULGARIN;alonso.rios@ronda.com.co;3
357;ANTIOQUIA;BELLO;NO;;;SI;2026-06-30;15462;06/30/2026 05:00:00 PM;JUNIO;2026;FONDO DE EMPLEADOS DE INDUSTRIAS VEGA NATIPAN;FONATEN;901-238-259-1;Fondos de empleados;ANTIOQUIA;BELLO;CRA 42B # 21C - 235;;2;Servicios de ahorro y credito;;fonaten@natipan.com.co;3
358;ANTIOQUIA;MEDELLIN;NO;;;SI;2026-06-30;11087;06/30/2026 05:00:00 PM;JUNIO;2026;FONDO DE EMPLEADOS DE INEXMODA;FONDINEX;900-151-255-3;Fondos de empleados;ANTIOQUIA;MEDELLÍN;CRA. 43 #9 SUR - 195;6043700;2;Servicios de ahorro y credito;MARIO DE JESUS RAMIREZ GALVIS;wilson.echeverri@inexmoda.org.co;3
359;ANTIOQUIA;MEDELLIN;NO;;;SI;2026-06-30;12215;06/30/2026 05:00:00 PM;JUNIO;2026;FONDO DE EMPLEADOS DE INGENIERIA ESPECIALIZADA;FIEBRE;900-313-851-1;Fondos de empleados;ANTIOQUIA;MEDELLÍN;CL 8 B NO. 65-191 OF. 331;6043272;2;Servicios de ahorro y credito;JAIME POSADA CAICEO;fiebre@ieb.co;3
360;CUNDINAMARCA;CHIA;NO;;;SI;2026-06-30;6350;06/30/2026 05:00:00 PM;JUNIO;2026;FONDO DE EMPLEADOS DE INMACULADA GUADALUPE Y AMIGOS EN CIA LTDA;FEIGA;800-156-983-7;Fondos de empleados;CUNDINAMARCA;CHÍA;CALLE 3 A # 11 A 56;8612230;2;Servicios de ahorro y credito;OLGA LUCIA PORRAS CASTRO;gerencia@feiga.co;3
361;ANTIOQUIA;MEDELLIN;NO;;;SI;2026-06-30;15760;06/30/2026 05:00:00 PM;JUNIO;2026;FONDO DE EMPLEADOS DE INMEL INGENIERIA FONMEL;FONMEL;901-430-977-3;Fondos de empleados;ANTIOQUIA;MEDELLÍN;CALLE 16A SUR # 48 - 117;3222218;2;Servicios de ahorro y credito;;daniela.ossa@inmel.co;3
362;ATLÁNTICO;BARRANQUILLA;NO;;;SI;2026-06-30;10415;06/30/2026 05:00:00 PM;JUNIO;2026;FONDO DE EMPLEADOS DE INSPECTORATE COLOMBIA;FEDICOL;802-009-450-1;Fondos de empleados;ATLÁNTICO;BARRANQUILLA;VIA 40 # 85 - 999 BODEGA B11 - B12 - B13;;2;Servicios de ahorro y credito;SANTANDER VILLAREAL ALVARADO;info@fedicol.co;3
363;ANTIOQUIA;MEDELLIN;NO;;;SI;2026-06-30;1765;06/30/2026 05:00:00 PM;JUNIO;2026;FONDO DE EMPLEADOS DE INTEGRAL S.A.;FEDIN;890-984-824-3;Fondos de empleados;ANTIOQUIA;MEDELLÍN;CRA 46 # 52-36 PISO 5;5115400;2;Servicios de ahorro y credito;DIANA YANETH MEDINA MESA;gerenciafedin@integral.com.co;3
364;CUNDINAMARCA;CAJICA;NO;;;SI;2026-06-30;10042;06/30/2026 05:00:00 PM;JUNIO;2026;FONDO DE EMPLEADOS DE INVERANDINO COMPA?IAS VINCULADAS Y ADSCRITAS;FONANDINO;832-011-029-9;Fondos de empleados;CUNDINAMARCA;CAJICÁ;KM4.5 VIA CAJICA - ZIPAQUIRA. CONJUNTO RESIDENCIAL;8749995;2;Servicios de ahorro y credito;MARTHA MARIA ESTRADA OCAMPO;claudia.garzon@inverandino.com;3
365;ANTIOQUIA;SAN PEDRO DE LOS MILAGROS;NO;;;NO;2019-12-31;12350;12/31/2019 05:00:00 PM;DICIEMBRE;2019;FONDO DE EMPLEADOS DE INVERSIONES COQUETTE;FONIC;900-318-051-7;Fondos de empleados;ANTIOQUIA;SAN PEDRO DE LOS MILAGROS;CORREGIMIENTO LLANO DE OVEJAS;4388177;2;Servicios de ahorro y credito;LUZ AIDA HERNANDEZ GARCIA;luzaidahg@gmail.com;3
366;ANTIOQUIA;MEDELLIN;NO;;;SI;2026-06-30;13539;06/30/2026 05:00:00 PM;JUNIO;2026;FONDO DE EMPLEADOS DE INVERSIONES MEDICAS DE ANTIOQUIA S.A. Y UNIDAD MEDICA LAS VEGAS P.H.;FOCLIVE;811-014-264-0;Fondos de empleados;ANTIOQUIA;MEDELLÍN;CL 2 SUR 46 55;3159000;2;Servicios de ahorro y credito;SERGIO PENAGOS;foclive.veg@quironsalud.com;3
367;ANTIOQUIA;ENVIGADO;NO;;;SI;2026-06-30;5912;06/30/2026 05:00:00 PM;JUNIO;2026;FONDO DE EMPLEADOS DE INVESA;FOINSA;811-022-580-7;Fondos de empleados;ANTIOQUIA;ENVIGADO;CR 48 NRO 26 SUR 181;;2;Servicios de ahorro y credito;DIANA MILENA PAZOS CARDONA;foinsa@invesa.com;3
368;CUNDINAMARCA;CHIA;NO;;;NO;2024-06-30;11713;06/30/2024 12:00:00 AM;JUNIO;2024;FONDO DE EMPLEADOS DE JARDINES DE CHIA LTDA Y FLORES UBATE LTDA;FECHUB;900-230-801-4;Fondos de empleados;CUNDINAMARCA;CHÍA;VEREDA LA BALSA;;2;Servicios de ahorro y credito;NELSON ENRIQUE BELLO PACHON;nelson.bello@floresubate.com.co;3
369;NORTE DE SANTANDER;SAN JOSE DE CUCUTA;NO;;;SI;2026-06-30;3242;06/30/2026 05:00:00 PM;JUNIO;2026;FONDO DE EMPLEADOS DE JARDINES DE ESPERANZA LTDA.;FONDEJARDES LTDA.;890-506-295-8;Fondos de empleados;NORTE DE SANTANDER;SAN JOSÉ DE CÚCUTA;DG SANTANDER #8-93;;2;Servicios de ahorro y credito;SANDRA YANETH QUEVEDO PEREZ;fondejardes2019@gmail.com;3
370;ATLÁNTICO;BARRANQUILLA;NO;;;SI;2025-12-31;4591;12/31/2025 05:00:00 PM;DICIEMBRE;2025;FONDO DE EMPLEADOS DE JARDINES DE LA ETERNIDAD S.A Y CAPILLAS DE VELACION;FONDEJARDINES;802-002-238-4;Fondos de empleados;ATLÁNTICO;BARRANQUILLA;CARRERA 53 76 115;;2;Servicios de ahorro y credito;ROSARIO PACHECO ESCOBAR;fondejardines@hotmail.com;3
371;NORTE DE SANTANDER;SAN JOSE DE CUCUTA;NO;;;NO;2022-12-31;7516;12/31/2022 05:00:00 PM;DICIEMBRE;2022;FONDO DE EMPLEADOS DE JJ PITA Y CIA. S.A.;;807-003-908-3;Fondos de empleados;NORTE DE SANTANDER;SAN JOSÉ DE CÚCUTA;CALLE 12 4-19 OF 606;;2;Servicios de ahorro y credito;DIANA MORELLA GRANADOS;fondojjpita@hotmail.com;3
372;ATLÁNTICO;GALAPA;NO;;;SI;2026-06-30;15589;06/30/2026 05:00:00 PM;JUNIO;2026;FONDO DE EMPLEADOS DE KOMATSU;FEMKO;901-085-405-2;Fondos de empleados;ATLÁNTICO;GALAPA;KM 2.7 VIA CORDIALIDAD;;2;Servicios de ahorro y credito;;fondoempleadoskomatsu@gmail.com;3
373;ANTIOQUIA;MEDELLIN;NO;;;SI;2026-06-30;6799;06/30/2026 05:00:00 PM;JUNIO;2026;FONDO DE EMPLEADOS DE LA BENEFICENCIA DE ANTIOQUIA;FEDEBAN;800-124-916-6;Fondos de empleados;ANTIOQUIA;MEDELLÍN;CARRERA 47 # 49-12;5115855;2;Servicios de ahorro y credito;NELSON DIDIER RAMIREZ ZULETA;fedeban@loteriademedellin.com.co;3
374;ATLÁNTICO;BARRANQUILLA;NO;;;SI;2026-06-30;2883;06/30/2026 05:00:00 PM;JUNIO;2026;FONDO DE EMPLEADOS DE LA CAMARA DE COMERCIO DE B/QUILLA;FECAMARA;890-105-255-2;Fondos de empleados;ATLÁNTICO;BARRANQUILLA;VIA 40N36 135;3054833;2;Servicios de ahorro y credito;LILIANA ROSA GOMEZ GUSTAFSON;fecamara@camarabaq.org.co;3
375;ANTIOQUIA;MEDELLIN;NO;;;SI;2026-06-30;15109;06/30/2026 05:00:00 PM;JUNIO;2026;FONDO DE EMPLEADOS DE LA CENTRAL GANADERA 3.0;;900-834-449-7;Fondos de empleados;ANTIOQUIA;MEDELLÍN;CL 103 EE 63 D 70;4449272;2;Servicios de ahorro y credito;LUIS FERNANDO SALAZAR LZATE;fondodeempleados@centralganadera.com;3
376;ATLÁNTICO;BARRANQUILLA;NO;;;NO;2024-12-31;10705;12/31/2024 12:00:00 AM;DICIEMBRE;2024;FONDO DE EMPLEADOS DE LA CLINICA LA MERCED;FEMERCED;900-086-595-4;Fondos de empleados;ATLÁNTICO;BARRANQUILLA;CALLE 60 38 29;3197704;2;Servicios de ahorro y credito;ALBERTO ALEXANDER URUETA MARQUEZ;femerced@clinicalamerced.com;3
377;ANTIOQUIA;LA CEJA;NO;;;SI;2026-06-30;1549;06/30/2026 05:00:00 PM;JUNIO;2026;FONDO DE EMPLEADOS DE LA CLINICA SAN JUAN DE DIOS  -  LA CEJA;FONDEC;800-233-714-2;Fondos de empleados;ANTIOQUIA;LA CEJA;KM 0.8 VIA A PONTEZUELA;6045352020;2;Servicios de ahorro y credito;JUAN PABLO RODRIGUEZ ALVAREZ;fondec-laceja@hotmail.com;3
378;ANTIOQUIA;MEDELLIN;NO;;;NO;2020-12-31;12748;12/31/2020 05:00:00 PM;DICIEMBRE;2020;FONDO DE EMPLEADOS DE LA COOPERATIVA DE HOSPITALES DE ANTIOQUIA;FODEMCO;900-399-468-0;Fondos de empleados;ANTIOQUIA;MEDELLÍN;CARRERA 48 24 104;6054949;2;Servicios de ahorro y credito;MARIA TRINIDAD SANTA CARDONA;fodemco@cohan.org.co;3
379;ANTIOQUIA;ENVIGADO;NO;;;SI;2026-06-30;11851;06/30/2026 05:00:00 PM;JUNIO;2026;FONDO DE EMPLEADOS DE LA CORPORACION EDUCATIVA COLOMBO BRITANICA;FECOLBRIT;900-054-809-8;Fondos de empleados;ANTIOQUIA;ENVIGADO;CR 43A NRO 27A SUR 86;;2;Servicios de ahorro y credito;LUZMILA DEL SOCORRO ESCOBAR LOPEZ;fecolbrit@gmail.com;3
380;ANTIOQUIA;CALDAS;NO;;;NO;2017-06-30;13504;06/30/2017 05:00:00 PM;JUNIO;2017;FONDO DE EMPLEADOS DE LA CORPORACION UNIVERSITARIA LASALLISTA;FELASALLISTA;900-493-424-9;Fondos de empleados;ANTIOQUIA;CALDAS;CR 51 118 SUR 57;3201999;2;Servicios de ahorro y credito;JOSE ALBERTO MONTOYA CANO;sagiraldo@lasallista.edu.co;3
381;BOLÍVAR;CARTAGENA DE INDIAS;NO;;;NO;2024-12-31;6853;12/31/2024 12:00:00 AM;DICIEMBRE;2024;FONDO DE EMPLEADOS DE LA EMPRESA ADMINISTRATIVA E INDUSTRIAL DEL ATLANTICO;FONAIDA;806-002-808-7;Fondos de empleados;BOLÍVAR;CARTAGENA DE INDIAS;TURBACO KM 1 PARQUE IND CARLOS PEREZ POMBO;6539708;2;Servicios de ahorro y credito;GILMA ESTHER GOMEZ LOPEZ;fonaida@hotmail.com;3
382;ANTIOQUIA;SABANETA;NO;;;SI;2026-06-30;9145;06/30/2026 05:00:00 PM;JUNIO;2026;FONDO DE EMPLEADOS DE LA EMPRESA PLASTICOS TRUHER S.A.;FET;811-044-232-3;Fondos de empleados;ANTIOQUIA;SABANETA;CALLE 67 SUR N.48 B 95;3110500;2;Servicios de ahorro y credito;CARLOS MARIO GARCIA PATIO;fet@plasticostruher.com;3
383;ANTIOQUIA;MEDELLIN;NO;;;NO;2023-12-31;1330;12/31/2023 05:00:00 PM;DICIEMBRE;2023;FONDO DE EMPLEADOS DE LA ESCUELA NACIONAL SINDICAL;FENS;811-009-521-9;Fondos de empleados;ANTIOQUIA;MEDELLÍN;CALLE 51 NO 55-78;;2;Servicios de ahorro y credito;MARTHA SILVIA PIEDRAHITA LONDO?O;fens@ens.org;3
384;ANTIOQUIA;MEDELLIN;NO;;;SI;2026-06-30;7227;06/30/2026 05:00:00 PM;JUNIO;2026;FONDO DE EMPLEADOS DE LA FUNDACION EDUCATIVA ESUMER;FEES;811-012-552-8;Fondos de empleados;ANTIOQUIA;MEDELLÍN;CL 76 80 126;;2;Servicios de ahorro y credito;CARLOS MARIO ARIAS AGUDELO;fees@esumer.edu.co;3
385;ATLÁNTICO;BARRANQUILLA;NO;;;SI;2026-06-30;2927;06/30/2026 05:00:00 PM;JUNIO;2026;FONDO DE EMPLEADOS DE LA FUNDACION MARIO SANTO DOMINGO;FDO FMSD;800-011-622-0;Fondos de empleados;ATLÁNTICO;BARRANQUILLA;CRA 53 NO 108 - 280 PISO 9;;2;Servicios de ahorro y credito;JOSE ALBERTO BEDOYA RAMOS;ngarzon@fundacionsantodomingo.org;3
386;CUNDINAMARCA;GIRARDOT;NO;;;SI;2026-06-30;15715;06/30/2026 05:00:00 PM;JUNIO;2026;FONDO DE EMPLEADOS DE LA FUNDACION SOCIAL SANTA MARIA;FONDEFUSSM;901-375-018-1;Fondos de empleados;CUNDINAMARCA;GIRARDOT;MZ 61 A CA 30 BRR KENNEDY;;2;Servicios de ahorro y credito;;direccion@fondo.fundacionsantamaria.co;3
387;ANTIOQUIA;SABANALARGA;NO;;;NO;2025-06-30;1836;06/30/2025 05:00:00 PM;JUNIO;2025;FONDO DE EMPLEADOS DE LA FUNDACION UNIVERSITARIA CEIPA;FECEIPA;800-056-621-7;Fondos de empleados;ANTIOQUIA;SABANALARGA;CLL 77 SUR # 40 - 165;4444961;2;Servicios de ahorro y credito;MARIA ALEJANDRA PEREZ RIVERA;feceipa@ceipa.edu.co;3
388;ANTIOQUIA;MEDELLIN;NO;;;SI;2026-06-30;6621;06/30/2026 05:00:00 PM;JUNIO;2026;FONDO DE EMPLEADOS DE LA INDUSTRIA ALIMENTICIA;FEDIAL;811-041-611-8;Fondos de empleados;ANTIOQUIA;MEDELLÍN;CALLE 52 50 25 EDIFICIO SURAMERICANO PISO 7 (724);2318827;2;Servicios de ahorro y credito;YESID ALBERTO GOMEZ CANO;fedialfondomed@hotmail.com;3
389;BOLÍVAR;CARTAGENA DE INDIAS;NO;;;NO;2023-12-31;15526;12/31/2023 05:00:00 PM;DICIEMBRE;2023;FONDO DE EMPLEADOS DE LA INDUSTRIA ATUNERA;FONATUN;901-253-040-9;Fondos de empleados;BOLÍVAR;CARTAGENA DE INDIAS;AV VENEZUELA EDIF CAJA AGRARIA;;2;Servicios de ahorro y credito;LUIS CARLOS OSPINO CASARRUBIA;contabilidad@fonatun.com.co;3
390;NORTE DE SANTANDER;SAN JOSE DE CUCUTA;NO;;;NO;2022-12-31;3299;12/31/2022 05:00:00 PM;DICIEMBRE;2022;FONDO DE EMPLEADOS DE LA OPINION;FONDOPINION;890-506-447-0;Fondos de empleados;NORTE DE SANTANDER;SAN JOSÉ DE CÚCUTA;AV 4 16 12 B LA PLAYA;5829999;2;Servicios de ahorro y credito;OSCAR MAURICIO SALAZAR ATUESTA;fondopinion@hotmail.com;3
391;ATLÁNTICO;BARRANQUILLA;NO;;;NO;2021-06-30;2963;06/30/2021 05:00:00 PM;JUNIO;2021;FONDO DE EMPLEADOS DE LA ORGANIZACION SPRING STEP COSTA;FONDESPRING;802-000-048-2;Fondos de empleados;ATLÁNTICO;BARRANQUILLA;CALLE 72 NO. 49_67;3008145;2;Servicios de ahorro y credito;CARLOS ARTURO JIMENEZ GOMEZ;fondospring@gmail.com;3
392;CUNDINAMARCA;FACATATIVA;NO;;;SI;2026-06-30;48;06/30/2026 05:00:00 PM;JUNIO;2026;FONDO DE EMPLEADOS DE LA PLAZOLETA LTDA.;FONPLAZOLETA;830-032-440-6;Fondos de empleados;CUNDINAMARCA;FACATATIVÁ;AUTOPISTA MEDELLIN KM 20;;2;Servicios de ahorro y credito;NANCY PORTELA TORRES;fonplazoleta@laplazoleta.com;3
393;NORTE DE SANTANDER;OCANA;NO;;;NO;2024-12-31;3941;12/31/2024 12:00:00 AM;DICIEMBRE;2024;FONDO DE EMPLEADOS DE LA RAMA JUDICIAL Y DEL MINISTERIO PUBLICO DE OCA;FEMPOJUDICIAL;890-506-358-3;Fondos de empleados;NORTE DE SANTANDER;OCAÑA;PALACIO JUSTICIA;3183766;2;Servicios de ahorro y credito;CELIAM LIGIA PRINCE QUINTANA;fempojudicial@hotmail.com;3
394;ATLÁNTICO;BARRANQUILLA;NO;;;NO;2023-12-31;10010;12/31/2023 05:00:00 PM;DICIEMBRE;2023;FONDO DE EMPLEADOS DE LA REGISTRADURIA NACIONAL DEL ESTADO CIVIL;FONREGINALCIVIL;890-117-415-6;Fondos de empleados;ATLÁNTICO;BARRANQUILLA;CALLE 77 58 68;3605399;2;Servicios de ahorro y credito;RUTH TAMARA LARA;fonreginal.atl@gmail.com;3
395;ANTIOQUIA;RIONEGRO;NO;;;NO;2021-12-31;13832;12/31/2021 05:00:00 PM;DICIEMBRE;2021;FONDO DE EMPLEADOS DE LA SALUD FODESINTRA;FODESINTRA;900-781-853-0;Fondos de empleados;ANTIOQUIA;RIONEGRO;CALLE 63A NRO. 67-47;2517626;2;Servicios de ahorro y credito;LUZ EDILMA RICO URREGO;medellin@sintrasan.com;3
396;BOLÍVAR;CARTAGENA DE INDIAS;NO;;;SI;2026-06-30;7564;06/30/2026 05:00:00 PM;JUNIO;2026;FONDO DE EMPLEADOS DE LA SOCIEDAD AEROPORTUARIA DE LA COSTA S.A.;FAMSEC;806-007-687-5;Fondos de empleados;BOLÍVAR;CARTAGENA DE INDIAS;CRESPO CALLE 71 #3-89 PISO 3;;2;Servicios de ahorro y credito;MAYRA ALEJANDRA CANOLES MARRUGO;gerencia@famsec.com.co;3
397;ATLÁNTICO;BARRANQUILLA;NO;;;SI;2026-06-30;15464;06/30/2026 05:00:00 PM;JUNIO;2026;FONDO DE EMPLEADOS DE LA SOCIEDAD DEL COLEGIO ALEMAN BARRANQUILLA;FESCABA;800-187-770-8;Fondos de empleados;ATLÁNTICO;BARRANQUILLA;CRA 46 VIA AL MAR POSTE 89;3598520;2;Servicios de ahorro y credito;;fondodeempleados@colegioaleman.edu.co;3
398;ATLÁNTICO;BARRANQUILLA;NO;;;NO;2022-12-31;5514;12/31/2022 05:00:00 PM;DICIEMBRE;2022;FONDO DE EMPLEADOS DE LA SOCIEDAD HERMANOS DE LA CARIDAD;FESHCA;802-012-032-7;Fondos de empleados;ATLÁNTICO;BARRANQUILLA;CRA 35 #47-51;3708980;99;Otras actividades;GERMAN JOSE DONADO OSORIO;coofeshca.2@hotmail.com;3
399;ANTIOQUIA;RIONEGRO;NO;;;SI;2026-06-30;4151;06/30/2026 05:00:00 PM;JUNIO;2026;FONDO DE EMPLEADOS DE LA UNIVERSIDAD CATOLICA DE ORIENTE;FEDEUCO;811-010-755-7;Fondos de empleados;ANTIOQUIA;RIONEGRO;SECTOR 3 CR 46 40B 50;5699090;2;Servicios de ahorro y credito;GLADIS EMILCE TOBON SOSSA;fedeuco@uco.edu.co;3
400;ANTIOQUIA;MEDELLIN;NO;;;SI;2026-06-30;7231;06/30/2026 05:00:00 PM;JUNIO;2026;FONDO DE EMPLEADOS DE LA UNIVERSIDAD DE ANTIOQUIA;FEUDEA;890-908-528-4;Fondos de empleados;ANTIOQUIA;MEDELLÍN;CL 67 53 108 BQ 22 P 2;2195370;2;Servicios de ahorro y credito;LUZ ANGELA ZULUAGA VALENCIA;gerencia@feudea.com;3
401;CUNDINAMARCA;FUSAGASUGA;NO;;;SI;2026-06-30;8210;06/30/2026 05:00:00 PM;JUNIO;2026;FONDO DE EMPLEADOS DE LA UNIVERSIDAD DE CUNDINAMARCA;FUDEC;808-000-900-5;Fondos de empleados;CUNDINAMARCA;FUSAGASUGÁ;DG 18 20 29;8732512;2;Servicios de ahorro y credito;BLANCA NUBIA RODRIGUEZ OLARTE;fondoudec001@hotmail.com;3
402;ANTIOQUIA;SABANETA;NO;;;SI;2026-06-30;15243;06/30/2026 05:00:00 PM;JUNIO;2026;FONDO DE EMPLEADOS DE LABORATORIOS FUNAT FUNAT ARROYAVE Y NATURES STORES;FONDEFANS;900-536-666-0;Fondos de empleados;ANTIOQUIA;SABANETA;CR 47F 79 SUR 77;5207670;2;Servicios de ahorro y credito;LAURA - JIMENEZ ARISTIZABAL;admin.fondefans@funat.com.co;3
403;CUNDINAMARCA;SOACHA;NO;;;SI;2026-06-30;733;06/30/2026 05:00:00 PM;JUNIO;2026;FONDO DE EMPLEADOS DE LADRILLERA SANTAFE Y EMPRESAS ANEXAS;FELSAN;860-016-237-9;Fondos de empleados;CUNDINAMARCA;SOACHA;KILOMETRO 1.5 VEREDA PANAMA VIA FUSUNGA;;2;Servicios de ahorro y credito;ELSA RUTH NIETO RAMIREZ;rprey@santafe.com.co;3
404;ANTIOQUIA;MEDELLIN;NO;;;SI;2026-06-30;7000;06/30/2026 05:00:00 PM;JUNIO;2026;FONDO DE EMPLEADOS DE LANDERS Y CIA. S.A.;FELSA;890-985-094-8;Fondos de empleados;ANTIOQUIA;MEDELLÍN;CR 53 # 30-27;3505231;2;Servicios de ahorro y credito;DIANA CAROLINA SERNA CANO;felsa@landers.com.co;3
405;ANTIOQUIA;CAREPA;NO;;;NO;2021-09-30;15148;09/30/2021 05:00:00 PM;SEPTIEMBRE;2021;FONDO DE EMPLEADOS DE LAS AGROPECUARIAS EL TESORO LA GIRA TERRANOVA Y TIERRA GRATA;SOLBAN;900-048-601-9;Fondos de empleados;ANTIOQUIA;CAREPA;BRRIO MARIA CANO CL 77 N7604 P2;;2;Servicios de ahorro y credito;YUDY CECILIA MORALES VARGAS;solban@hotmail.com;3
406;ANTIOQUIA;MEDELLIN;NO;;;SI;2026-06-30;11092;06/30/2026 05:00:00 PM;JUNIO;2026;FONDO DE EMPLEADOS DE LAS EMPRESAS DE LOS HNOS GARCIA CORREA;FONDISCOL;900-163-769-9;Fondos de empleados;ANTIOQUIA;MEDELLÍN;CR 45 34 43;4485680;2;Servicios de ahorro y credito;RAMIRO LOPEZ RAMIREZ;fondiscol@luma.com.co;3
407;NORTE DE SANTANDER;SAN JOSE DE CUCUTA;NO;;;SI;2025-12-31;3307;12/31/2025 05:00:00 PM;DICIEMBRE;2025;FONDO DE EMPLEADOS DE LAS EMPRESAS PRESTADORAS DE SERVICIOS DE LA CLINICA SAN JOSE DE CUCUTA;FONDECLISAN;800-227-394-4;Fondos de empleados;NORTE DE SANTANDER;SAN JOSÉ DE CÚCUTA;CALLE 13 1E 18 BABOS;5727968;2;Servicios de ahorro y credito;WILLIAM VALENCIA RAMIREZ;fondeclisan@hotmail.com;3
408;ATLÁNTICO;PUERTO COLOMBIA;NO;;;SI;2025-12-31;13543;12/31/2025 05:00:00 PM;DICIEMBRE;2025;FONDO DE EMPLEADOS DE LAZUS;FONPROMITEL;900-590-094-7;Fondos de empleados;ATLÁNTICO;PUERTO COLOMBIA;CRA 24 1 A 24;;2;Servicios de ahorro y credito;ALVARO RAFAEL REYES OVIEDO;hasbleidy.rios@libertynet.com;3
409;ATLÁNTICO;BARRANQUILLA;NO;;;SI;2026-06-30;15603;06/30/2026 05:00:00 PM;JUNIO;2026;FONDO DE EMPLEADOS DE LITEYCA;FONLITEYCA;901-297-431-4;Fondos de empleados;ATLÁNTICO;BARRANQUILLA;CRA 67B # 40 - 187;;2;Servicios de ahorro y credito;;contador@tufondo.com.co;3
410;ATLÁNTICO;BARRANQUILLA;NO;;;SI;2026-06-30;7189;06/30/2026 05:00:00 PM;JUNIO;2026;FONDO DE EMPLEADOS DE LITOCOSTA PLASTICOSTA;FONLITOPLAS;802-001-659-7;Fondos de empleados;ATLÁNTICO;BARRANQUILLA;CRA 15 SUR N 51 B 999 AV CIRCUNVALAR;3851955;2;Servicios de ahorro y credito;PENA ALBA ROSA DEL RIO;llastre@fonlitoplas.com;3
411;BOLÍVAR;CARTAGENA DE INDIAS;NO;;;NO;2020-12-31;15839;12/31/2020 05:00:00 PM;DICIEMBRE;2020;FONDO DE EMPLEADOS DE LOS TRABAJADORES DE CI RECYCLABLES SAS;FEMRECY;901-328-309-8;Fondos de empleados;BOLÍVAR;CARTAGENA DE INDIAS;CEBALLOS DIAGONAL 30 N 54 284;6571273;2;Servicios de ahorro y credito;ARNOLDO CANOLES CABRERA;femrecy@gmail.com;3
412;CUNDINAMARCA;NEMOCON;NO;;;SI;2025-09-30;9722;09/30/2025 05:00:00 PM;SEPTIEMBRE;2025;FONDO DE EMPLEADOS DE LUISIANA FARMS S.A. C.I.;FONLUISIANA;900-032-755-4;Fondos de empleados;CUNDINAMARCA;NEMOCÓN;KM 38 VIA ZIPAQUIRA UBATE;5207133;2;Servicios de ahorro y credito;MAURICIO VASQUEZ GIRALDO;marcela12diaz@gmail.com;3
413;CUNDINAMARCA;CHIA;NO;;;NO;2024-03-31;632;03/31/2024 12:00:00 AM;MARZO;2024;FONDO DE EMPLEADOS DE M.G. CONSULTORES Y EMPRESAS AGROPECUARIAS O EMPRESAS ANEXAS Y COMPLEMENTARIAS;FEMEG;800-189-840-4;Fondos de empleados;CUNDINAMARCA;CHÍA;CENTRO EMPRESARIAL CENTRO CHIA OF 1001;;2;Servicios de ahorro y credito;RAMIRO ALBERTO ALVAREZ PATI?O;gerencia@femeg.co;3
414;CUNDINAMARCA;COTA;NO;;;SI;2026-06-30;542;06/30/2026 05:00:00 PM;JUNIO;2026;FONDO DE EMPLEADOS DE MANUFACTURAS DE CEMENTO LTDA;FONDEMAC;860-047-676-1;Fondos de empleados;CUNDINAMARCA;COTA;AUT MEDELLIN 1 5 KM AL OCC DE UNIABASTOS;;2;Servicios de ahorro y credito;JENNY ROCIO SALAZAR VIRGUEZ;jsalazar@titancemento.com;3
415;ATLÁNTICO;BARRANQUILLA;NO;;;NO;2023-12-31;4590;12/31/2023 05:00:00 PM;DICIEMBRE;2023;FONDO DE EMPLEADOS DE MAPECO LTDA Y CASTRO TCHERASSI & CIA LTDA;FONMAPECO;802-007-053-1;Fondos de empleados;ATLÁNTICO;BARRANQUILLA;CALLE 54 # 44 93;;2;Servicios de ahorro y credito;MARTHA DEL CRISTO GONZALEZ SOLANO;fonmapeco@hotmail.com;3
416;CUNDINAMARCA;FACATATIVA;NO;;;NO;2018-12-31;653;12/31/2018 05:00:00 PM;DICIEMBRE;2018;FONDO DE EMPLEADOS DE MERCEDES S.A.;FEMER;800-152-366-4;Fondos de empleados;CUNDINAMARCA;FACATATIVÁ;VEREDA LOS MANZANOS;;2;Servicios de ahorro y credito;ACERO CARMENZA HERRERA DE;carmenzamcpersonal@rosascolombianas.com;3
417;ANTIOQUIA;MEDELLIN;NO;;;SI;2026-06-30;13647;06/30/2026 05:00:00 PM;JUNIO;2026;FONDO DE EMPLEADOS DE MERCHANDISING SAS;FESIMER;900-507-589-8;Fondos de empleados;ANTIOQUIA;MEDELLÍN;CALLE 51  49 11 OFC 702;3228876;2;Servicios de ahorro y credito;JANETH TATIANA CANO RODRIGUEZ;fondoempleadossimer@gmail.com;3
418;ANTIOQUIA;SABANETA;NO;;;NO;2023-12-31;16649;12/31/2023 05:00:00 PM;DICIEMBRE;2023;FONDO DE EMPLEADOS DE METAL PLUS Y CNC INOXI IDEAS;FEMIX;901-589-463-3;Fondos de empleados;ANTIOQUIA;SABANETA;CR 47D 78C SUR 51;3222002;2;Servicios de ahorro y credito;;contabilidad1@inoxideas.com;3
419;CUNDINAMARCA;TOCANCIPA;NO;;;NO;2017-12-31;8405;12/31/2017 05:00:00 PM;DICIEMBRE;2017;FONDO DE EMPLEADOS DE METALURGICA CONSTRUCEL COLOMBIA S.A FONETACOL;FONETACOL;830-047-737-3;Fondos de empleados;CUNDINAMARCA;TOCANCIPÁ;Autopista NORTE Kilometro 30 VEREDA CANAVITA;5116262;2;Servicios de ahorro y credito;MARCO  EMILIO RAQUIRA PACAVITA;fonetacolcolombia@hotmail.com;3
420;ANTIOQUIA;MEDELLIN;NO;;;NO;2019-12-31;13663;12/31/2019 05:00:00 PM;DICIEMBRE;2019;FONDO DE EMPLEADOS DE METRO ALARMAS;FONDEMETRO;900-498-510-7;Fondos de empleados;ANTIOQUIA;MEDELLÍN;CR 78 NRO 45 A 94;4401000;2;Servicios de ahorro y credito;JOSE FERNANDO GONZALEZ PEREZ;fondemetro@metroalarmas.com;3
421;ANTIOQUIA;MEDELLIN;NO;;;SI;2026-06-30;15509;06/30/2026 05:00:00 PM;JUNIO;2026;FONDO DE EMPLEADOS DE MIC SO?ADORES MIC;SO?ADORES MIC;901-159-723-9;Fondos de empleados;ANTIOQUIA;MEDELLÍN;CR 60 SUR NRO 43A 77;4442849;2;Servicios de ahorro y credito;;sonadores@mic.com.co;3
422;ANTIOQUIA;MEDELLIN;NO;;;SI;2026-06-30;5617;06/30/2026 05:00:00 PM;JUNIO;2026;FONDO DE EMPLEADOS DE MICROEMPRESAS DE COLOMBIA;MICROEMPRESAS DE COLOMBIA;811-036-750-3;Fondos de empleados;ANTIOQUIA;MEDELLÍN;CALLE 57 A 48 31;6044666;2;Servicios de ahorro y credito;GLORIA PATRICIA PEREZ GUERRA;fondodeempleados@microempresas.com;3
423;ANTIOQUIA;MEDELLIN;NO;;;NO;2017-06-30;11399;06/30/2017 05:00:00 PM;JUNIO;2017;FONDO DE EMPLEADOS DE MIMOS FONEMI;FONEMI;811-024-649-5;Fondos de empleados;ANTIOQUIA;MEDELLÍN;Carrera 43A 25 A 27;3549927;2;Servicios de ahorro y credito;Olga Yunel Diaz Builes;sandra.maya@grupoiga.co;3
424;CUNDINAMARCA;EL ROSAL;NO;;;SI;2026-06-30;411;06/30/2026 05:00:00 PM;JUNIO;2026;FONDO DE EMPLEADOS DE NATUFLORA  NATUFES;NATUFES;800-212-739-6;Fondos de empleados;CUNDINAMARCA;EL ROSAL;VEREDA CHINGUE FRIO FINCA EL ROBLE;6017480777;2;Servicios de ahorro y credito;MARTHA CECILIA MUNOZ TOVAR;natufes@yahoo.es;3
425;NORTE DE SANTANDER;SAN JOSE DE CUCUTA;NO;;;NO;2021-06-30;1291;06/30/2021 05:00:00 PM;JUNIO;2021;FONDO DE EMPLEADOS DE NORGAS S.A.;FENOR;800-099-629-1;Fondos de empleados;NORTE DE SANTANDER;SAN JOSÉ DE CÚCUTA;AV 7 20N 55 ZONA INDUSTRIAL;;2;Servicios de ahorro y credito;TITO OLIVEROS;vivian71gonzalez@gmail.com;3
426;ANTIOQUIA;MEDELLIN;NO;;;SI;2026-06-30;10610;06/30/2026 05:00:00 PM;JUNIO;2026;FONDO DE EMPLEADOS DE ONG;FEDONG;900-088-702-5;Fondos de empleados;ANTIOQUIA;MEDELLÍN;CR 49 50 30;;2;Servicios de ahorro y credito;RUBBY - DIAZ DUQUE;gerencia@fedong.org;3
427;ANTIOQUIA;MEDELLIN;NO;;;SI;2026-06-30;10962;06/30/2026 05:00:00 PM;JUNIO;2026;FONDO DE EMPLEADOS DE OPTICA SANTA LUCIA;FEOSL;811-019-229-5;Fondos de empleados;ANTIOQUIA;MEDELLÍN;CRA 47 7 28;2666164;2;Servicios de ahorro y credito;JUAN GONZALO ARANGO GIRALDO;FONDODEEMPLEADOS@OSL.COM.CO;3
428;ATLÁNTICO;BARRANQUILLA;NO;;;SI;2026-03-31;1915;03/31/2026 05:00:00 PM;MARZO;2026;FONDO DE EMPLEADOS DE ORGANIZACION RADIAL OLIMPICA S.A.;FONDEORO;800-119-689-9;Fondos de empleados;ATLÁNTICO;BARRANQUILLA;CALLE 72 # 48-37;3850500;2;Servicios de ahorro y credito;MARTHA ISABEL ACU??A PELAEZ;asistentefondeoro@oro.com.co;3
429;NORTE DE SANTANDER;TIBU;NO;;;SI;2026-06-30;15870;06/30/2026 05:00:00 PM;JUNIO;2026;FONDO DE EMPLEADOS DE PALMICULTORES DEL NORTE;FONPALNORT;901-362-914-8;Fondos de empleados;NORTE DE SANTANDER;TIBÚ;C CAMPO DOS BRR LA PLAZUELA AV B 0 91;;2;Servicios de ahorro y credito;;fonpalnor@palnortesas.com;3
430;BOLÍVAR;CARTAGENA DE INDIAS;NO;;;NO;2022-06-30;15069;06/30/2022 05:00:00 PM;JUNIO;2022;FONDO DE EMPLEADOS DE PANIFICADORA DEL CARIBE;NUTRIFONDO;900-386-841-9;Fondos de empleados;BOLÍVAR;CARTAGENA DE INDIAS;AV PEDRO DE HEREDIA 31 100;;2;Servicios de ahorro y credito;SANDRA PATRICIA SANDOVAL HEREDIA;nutrifondo@gmail.com;3
431;CUNDINAMARCA;SESQUILE;NO;;;SI;2026-06-30;9798;06/30/2026 05:00:00 PM;JUNIO;2026;FONDO DE EMPLEADOS DE PAPELES Y CORRUGADOS ANDINA S.A.;FEMPAMOL;830-502-358-7;Fondos de empleados;CUNDINAMARCA;SESQUILÉ;AUTP NTE KM 37 ALTO SAN ISIDRO;;2;Servicios de ahorro y credito;KATHLEEN VANNESA ORTIZ GOMEZ;ycgrevisoria@gmail.com;3
432;ANTIOQUIA;COPACABANA;NO;;;SI;2026-06-30;5714;06/30/2026 05:00:00 PM;JUNIO;2026;FONDO DE EMPLEADOS DE PAVIMENATAR;FEPAVI;811-031-868-0;Fondos de empleados;ANTIOQUIA;COPACABANA;CL 103 CR 46 65;;2;Servicios de ahorro y credito;JUAN CARLOS PEREZ PEREZ;fepavi@pavimentarsa.com;3
433;CUNDINAMARCA;MOSQUERA;NO;;;NO;2018-12-31;58;12/31/2018 05:00:00 PM;DICIEMBRE;2018;FONDO DE EMPLEADOS DE PEGATEX - MOLYTEC;FOPEM;860-521-762-1;Fondos de empleados;CUNDINAMARCA;MOSQUERA;CARRERA 3 15A 55;7318956;2;Servicios de ahorro y credito;MIGUEL MONTESINOS ROMERO;fondofopem@hotmail.com;3
434;CUNDINAMARCA;MOSQUERA;NO;;;SI;2026-06-30;1092;06/30/2026 05:00:00 PM;JUNIO;2026;FONDO DE EMPLEADOS DE PETROLEOS DEL NORTE S. A.;FEPENOR;800-075-545-6;Fondos de empleados;CUNDINAMARCA;MOSQUERA;CRA 3 N? 5-48;6279510;2;Servicios de ahorro y credito;NESTOR SILVA CRUZ;fepenor@petronorte.com;3
435;ANTIOQUIA;GIRARDOTA;NO;;;SI;2026-06-30;1727;06/30/2026 05:00:00 PM;JUNIO;2026;FONDO DE EMPLEADOS DE PIGMENTOS Y PROUCTOS QUIMICOS S.A;FEMPISA;800-148-866-1;Fondos de empleados;ANTIOQUIA;GIRARDOTA;CALLE 7 N23C 10;2893197;2;Servicios de ahorro y credito;JAIRO HUMBERTO ORREGO MARIN;fempisa@yahho.es;3
436;CUNDINAMARCA;MOSQUERA;NO;;;SI;2026-06-30;13193;06/30/2026 05:00:00 PM;JUNIO;2026;FONDO DE EMPLEADOS DE PINTURAS SUPER;SUPERFONDO;900-420-769-1;Fondos de empleados;CUNDINAMARCA;MOSQUERA;CARRETERA DE OCCIDENTE KM 13;8270204;2;Servicios de ahorro y credito;JUAN CARLOS GRISALES PARRA;contabilidad@pinturassuper.com;3
437;ANTIOQUIA;MEDELLIN;NO;;;SI;2026-06-30;15367;06/30/2026 05:00:00 PM;JUNIO;2026;FONDO DE EMPLEADOS DE PISENDE;FEMPIS;901-095-486-1;Fondos de empleados;ANTIOQUIA;MEDELLÍN;CR 58 65 224;6044441200;2;Servicios de ahorro y credito;;administracion@fempis.com;3
438;CUNDINAMARCA;SOACHA;NO;;;NO;2017-06-30;190;06/30/2017 05:00:00 PM;JUNIO;2017;FONDO DE EMPLEADOS DE PISOS TEXTILES S.A.;FEMPITEX;800-115-640-0;Fondos de empleados;CUNDINAMARCA;SOACHA;AUTOPISTA SUR KILOMETRO 13;7810809;2;Servicios de ahorro y credito;RODRIGO ARIAS BLANCO;fempitex@gmail.com;3
439;BOLÍVAR;CARTAGENA DE INDIAS;NO;;;NO;2018-06-30;9017;06/30/2018 05:00:00 PM;JUNIO;2018;FONDO DE EMPLEADOS DE PLAN INTERNACIONAL;FONDPADRINO;806-014-269-9;Fondos de empleados;BOLÍVAR;CARTAGENA DE INDIAS;BOSQUE DIAG 21#53-29;6620500;2;Servicios de ahorro y credito;OCTAVIO PEREZ SOTO;fondpadrinos@hotmail.com;3
440;CUNDINAMARCA;SOACHA;NO;;;SI;2026-06-30;899;06/30/2026 05:00:00 PM;JUNIO;2026;FONDO DE EMPLEADOS DE PLASTILENE S.A.;F.E. PLASTILENE S.A.;860-035-654-8;Fondos de empleados;CUNDINAMARCA;SOACHA;CARRERA 4 58 66;;2;Servicios de ahorro y credito;RODULFO FAJARDO RODRIGUEZ;fondoempleados@plastilene.net;3
441;ANTIOQUIA;MEDELLIN;NO;;;SI;2026-06-30;9319;06/30/2026 05:00:00 PM;JUNIO;2026;FONDO DE EMPLEADOS DE PLENITUD PROTECCION;FE CRECER;811-043-873-1;Fondos de empleados;ANTIOQUIA;MEDELLÍN;CR 45D 57-64;4485500;2;Servicios de ahorro y credito;SILVIANA - VELEZ VERGARA;gerencia.fecrecer@plenitud.com.co;3
442;BOLÍVAR;CARTAGENA DE INDIAS;NO;;;NO;2017-12-31;12007;12/31/2017 05:00:00 PM;DICIEMBRE;2017;FONDO DE EMPLEADOS DE POLYBOL;FONDEPOL;806-009-925-2;Fondos de empleados;BOLÍVAR;CARTAGENA DE INDIAS;MAMONAL KM 5 SECTOR PUERTA DE HIERRO;6686380;2;Servicios de ahorro y credito;LUDDY ANGELICA FLOREZ GOMEZ;fondoplb@gmail.com;3
443;CUNDINAMARCA;NEMOCON;NO;;;NO;2025-06-30;16120;06/30/2025 05:00:00 PM;JUNIO;2025;FONDO DE EMPLEADOS DE PRESTIGE ROSES;FEPRES;901-607-034-5;Fondos de empleados;CUNDINAMARCA;NEMOCÓN;VD CHECUA FINCA EL RINCON;;2;Servicios de ahorro y credito;EDISON ALEXANDER CORTES HERNANDEZ;administracion@prestigeroses.com;3
444;CUNDINAMARCA;FUNZA;NO;;;NO;2024-06-30;9849;06/30/2024 12:00:00 AM;JUNIO;2024;FONDO DE EMPLEADOS DE PROTEX S.A.;FOEMPROT;830-134-078-0;Fondos de empleados;CUNDINAMARCA;FUNZA;KM 4 VIA FUNZA SIBERIA;5925544;2;Servicios de ahorro y credito;MARTHA YANETH BERNAL GARAY;foemprot@gmail.com;3
445;CUNDINAMARCA;COTA;NO;;;SI;2026-06-30;5973;06/30/2026 05:00:00 PM;JUNIO;2026;FONDO DE EMPLEADOS DE PURIFICACION Y ANALISIS DE FLUIDOS LTDA Y TECNYCA LTDA;PURYTEC;830-132-107-7;Fondos de empleados;CUNDINAMARCA;COTA;AUTOPISTA MEDELLIN KM 1.5 CESAN BERNARDO BODEGA  6;;2;Servicios de ahorro y credito;claudia patricia torres ortega;purytec@paf.com.co;3
446;ANTIOQUIA;MEDELLIN;NO;;;SI;2026-06-30;1748;06/30/2026 05:00:00 PM;JUNIO;2026;FONDO DE EMPLEADOS DE SALAMANCA;FEINSA;800-243-059-9;Fondos de empleados;ANTIOQUIA;MEDELLÍN;CL 12 52 A 119;2888888;2;Servicios de ahorro y credito;LUZ MABEL ARBOLEDA GIRALDO;gerentefeinsa@salamanca.com.co;3
447;NORTE DE SANTANDER;PAMPLONA;NO;;;SI;2026-06-30;3378;06/30/2026 05:00:00 PM;JUNIO;2026;FONDO DE EMPLEADOS DE SALUD PAMPLONA;FONESPA;800-221-695-9;Fondos de empleados;NORTE DE SANTANDER;PAMPLONA;CALLE 5 N 8 - 89;;2;Servicios de ahorro y credito;CELINA MALDONADO RICO;fonespa@hotmail.com;3
448;CUNDINAMARCA;FUNZA;NO;;;SI;2026-06-30;215;06/30/2026 05:00:00 PM;JUNIO;2026;FONDO DE EMPLEADOS DE SCHNEIDER DE COLOMBIA S.A.;FONDESEC LTDA;860-500-131-2;Fondos de empleados;CUNDINAMARCA;FUNZA;CELTA TRADE PARK BODEGA 105;4269755;2;Servicios de ahorro y credito;JUAN CARLOS ORTIZ MORA;fondesec@non.se.com;3
449;CUNDINAMARCA;COTA;NO;;;SI;2026-06-30;7850;06/30/2026 05:00:00 PM;JUNIO;2026;FONDO DE EMPLEADOS DE SCHOTT ENVASES FARMACEUTICOS S.A.;;832-004-130-6;Fondos de empleados;CUNDINAMARCA;COTA;AUT. MEDELLIN GL SIBERIA 500 MTS VIA COTA;8418402;2;Servicios de ahorro y credito;SONIA MARITZA MORALES VILLATE;fondo.empleados@schott.com;3
450;CUNDINAMARCA;COTA;NO;;;SI;2026-06-30;11230;06/30/2026 05:00:00 PM;JUNIO;2026;FONDO DE EMPLEADOS DE SEALED AIR COLOMBIA LTDA;FONSAC;900-112-487-9;Fondos de empleados;CUNDINAMARCA;COTA;AUT MEDELLIN KM 1.8 VIA SIBERIA COSTADO  SUR;8763800;2;Servicios de ahorro y credito;SEGUNDO LAUREANO FORERO RODRIGUEZ;laureano.forero@sealedair.com;3
451;ANTIOQUIA;MEDELLIN;NO;;;SI;2026-06-30;13270;06/30/2026 05:00:00 PM;JUNIO;2026;FONDO DE EMPLEADOS DE SEGURCOL;FONSEGURCOL;900-402-136-3;Fondos de empleados;ANTIOQUIA;MEDELLÍN;AV 80 47 74;;2;Servicios de ahorro y credito;MARTHA LIA AGUDELO VELEZ;tpina@fonsegurcol.com;3
452;BOLÍVAR;CARTAGENA DE INDIAS;NO;;;NO;2024-12-31;2952;12/31/2024 12:00:00 AM;DICIEMBRE;2024;FONDO DE EMPLEADOS DE SERVICIOS PORTUARIOS Y OPERACIONES LOGISTICAS;FONSEPOL;800-250-020-1;Fondos de empleados;BOLÍVAR;CARTAGENA DE INDIAS;BRR BOSQUE AV PEDRO VELEZ 48 14;;2;Servicios de ahorro y credito;DANIELA BARRIOS BENITEZ;fondoempleados@compas.com.co;3
453;CUNDINAMARCA;ZIPAQUIRA;NO;;;NO;2018-12-31;12493;12/31/2018 05:00:00 PM;DICIEMBRE;2018;FONDO DE EMPLEADOS DE  SERVIDORES PUBLICOS  DE LA ALCALDIA DE ZIPAQUIRA;FONSERPAZ;832-011-415-9;Fondos de empleados;CUNDINAMARCA;ZIPAQUIRÁ;CARRERA 7 #4-11;;2;Servicios de ahorro y credito;MARLEN OLAYA POVEDA;fonserpazipaquira@yahoo.es;3
454;ATLÁNTICO;BARRANQUILLA;NO;;;SI;2026-06-30;12134;06/30/2026 05:00:00 PM;JUNIO;2026;FONDO DE EMPLEADOS DE SERVIPARAMO;FONSERVI;900-122-562-6;Fondos de empleados;ATLÁNTICO;BARRANQUILLA;VIA 40 # 75 95;;2;Servicios de ahorro y credito;ALFREDO ENRIQUE ESTRADA BRAVO;fondoempleados@serviparamo.co;3
455;CUNDINAMARCA;TOCANCIPA;NO;;;SI;2026-06-30;1019;06/30/2026 05:00:00 PM;JUNIO;2026;FONDO DE EMPLEADOS DE SIKA ANDINA S.A.;FONDESCOL;860-054-438-4;Fondos de empleados;CUNDINAMARCA;TOCANCIPÁ;VDA CANAVITA KM 20 .5 AUTO NORTE;;2;Servicios de ahorro y credito;ALEXIS TOGORA HOLLMAN;fondescol@gmail.com;3
456;BOLÍVAR;CARTAGENA DE INDIAS;NO;;;SI;2026-03-31;16619;03/31/2026 05:00:00 PM;MARZO;2026;FONDO DE EMPLEADOS DE SITTCA;FONSIT;901-896-221-4;Fondos de empleados;BOLÍVAR;CARTAGENA DE INDIAS;CR 56 4 150 KILOMETRO 5 BRR MAMONAL;;2;Servicios de ahorro y credito;;f.empleados@sittca.com.co;3
457;CUNDINAMARCA;FUNZA;NO;;;SI;2025-09-30;13847;09/30/2025 05:00:00 PM;SEPTIEMBRE;2025;FONDO DE EMPLEADOS DE SOLINOFF;FOEMSO;900-610-409-0;Fondos de empleados;CUNDINAMARCA;FUNZA;AK 8 64 42;4757482;2;Servicios de ahorro y credito;JULIO RICARDO CORDOBA RAMIREZ;fondodeempleadosdesolinoff@gmail.com;3
458;ANTIOQUIA;RIONEGRO;NO;;;NO;2023-12-31;9607;12/31/2023 05:00:00 PM;DICIEMBRE;2023;FONDO DE EMPLEADOS DE SPRING FARMS FESFARMS;FESFARMS;900-054-642-5;Fondos de empleados;ANTIOQUIA;RIONEGRO;CL 42 N. 56 - 39 LC 506;3222248;2;Servicios de ahorro y credito;JHON MARIO BEDOYA GOMEZ;lmaya@vegaflor.com;3
459;ANTIOQUIA;MEDELLIN;NO;;;SI;2026-06-30;6867;06/30/2026 05:00:00 PM;JUNIO;2026;FONDO DE EMPLEADOS DE SUCESORES DE GERMAN POSADA LTDA;FOMPER;811-011-233-9;Fondos de empleados;ANTIOQUIA;MEDELLÍN;CL 10 SUR 50FF 70;;2;Servicios de ahorro y credito;ANA ISABEL LOPEZ VASQUEZ;fomper.perman@gmail.com;3
460;ATLÁNTICO;BARRANQUILLA;NO;;;SI;2026-06-30;16081;06/30/2026 05:00:00 PM;JUNIO;2026;FONDO DE EMPLEADOS DE SUPERTEG DEL CARIBE S.A.S. Y SINERGIA DEL CARIBE S.A.S.;FONSIPER;901-014-003-1;Fondos de empleados;ATLÁNTICO;BARRANQUILLA;CRA 60 84-104;;2;Servicios de ahorro y credito;;ceditofonsiper@gmail.com;3
461;ATLÁNTICO;BARRANQUILLA;NO;;;SI;2025-09-30;12064;09/30/2025 05:00:00 PM;SEPTIEMBRE;2025;FONDO DE EMPLEADOS DE TECNOFUEGO LTDA;FONTECFUEGO LTDA;802-012-398-7;Fondos de empleados;ATLÁNTICO;BARRANQUILLA;CRA 9G # 110-187 BODEGA 82;3770415;2;Servicios de ahorro y credito;LICETH MORATO CARRILLO;lmorato@tecno-fuego.com.co;3
462;ANTIOQUIA;MEDELLIN;NO;;;SI;2026-06-30;15013;06/30/2026 05:00:00 PM;JUNIO;2026;FONDO DE EMPLEADOS DE TECONOLOGIA DE INFORMACION;FEMTI;900-687-259-3;Fondos de empleados;ANTIOQUIA;MEDELLÍN;CLL 3 SUR # 45 - 61;4897242;2;Servicios de ahorro y credito;SANDRA MILENA ROJAS PIEDRAHITA;milenaluna@seti.com.co;3
463;ATLÁNTICO;BARRANQUILLA;NO;;;SI;2026-06-30;10697;06/30/2026 05:00:00 PM;JUNIO;2026;FONDO DE EMPLEADOS DE TEMPO;FONDETEM;900-080-166-0;Fondos de empleados;ATLÁNTICO;BARRANQUILLA;CL 77 N? 67 - 37 L 39;3691980;2;Servicios de ahorro y credito;MARCELA DE CASTRO CASTA?EDA;janeth.lopez@tempo.com.co;3
464;ATLÁNTICO;SOLEDAD;NO;;;SI;2026-06-30;11131;06/30/2026 05:00:00 PM;JUNIO;2026;FONDO DE EMPLEADOS DE TERMOBARRANQUILLA;FONTEBSA;900-165-996-3;Fondos de empleados;ATLÁNTICO;SOLEDAD;CALLE 18 39 250;3759948;2;Servicios de ahorro y credito;JULIO MARQUEZ FERRO;fontebsa@tebsa.com.co;3
465;CUNDINAMARCA;CAJICA;NO;;;SI;2026-06-30;13575;06/30/2026 05:00:00 PM;JUNIO;2026;FONDO DE EMPLEADOS DE THERMOFORM;THERMOFORM;830-503-714-0;Fondos de empleados;CUNDINAMARCA;CAJICÁ;KM 4 VIA CAJICA ZIPAQUIRA;4173800;2;Servicios de ahorro y credito;PLINIO ALEXANDER QUEVEDO CEBALLOS;fondodeempleados@thermoform.com.co;3
466;ANTIOQUIA;MEDELLIN;NO;;;SI;2026-06-30;4424;06/30/2026 05:00:00 PM;JUNIO;2026;FONDO DE EMPLEADOS DE TINTAS S.A.;F.E. TINTAS S.A.;890-913-217-9;Fondos de empleados;ANTIOQUIA;MEDELLÍN;CALLE 7 D 43 A 99 OF 403;4446396;2;Servicios de ahorro y credito;CLAUDIA MARIA RAMIREZ CARVAJAL;fetintas1973@gmail.com;3
467;ATLÁNTICO;PUERTO COLOMBIA;NO;;;NO;2018-12-31;10260;12/31/2018 05:00:00 PM;DICIEMBRE;2018;FONDO DE EMPLEADOS DE TRANSELCA;FET;802-020-599-4;Fondos de empleados;ATLÁNTICO;PUERTO COLOMBIA;CRA 24 1A 24 P18;3717200;2;Servicios de ahorro y credito;JAIRO ENRIQUE FERNANDEZ FANDIQO;fet@transelca.com.co;3
468;CUNDINAMARCA;CHIA;NO;;;SI;2026-06-30;15727;06/30/2026 05:00:00 PM;JUNIO;2026;FONDO DE EMPLEADOS DE TRANSPORTE VALVANERA SA;FONTRANSVAL;900-619-704-1;Fondos de empleados;CUNDINAMARCA;CHÍA;CRA 12 NO  9 43;3152489;2;Servicios de ahorro y credito;;fontransval@gmail.com;3
469;ANTIOQUIA;MEDELLIN;NO;;;SI;2025-09-30;13311;09/30/2025 05:00:00 PM;SEPTIEMBRE;2025;FONDO DE EMPLEADOS DE TRANSPORTES SAFERBO;SU FONDO;900-409-196-7;Fondos de empleados;ANTIOQUIA;MEDELLÍN;CL 7 SUR 42 70 ED FORUM T2 P12;3696060;2;Servicios de ahorro y credito;CARLOS ALBERTO CAMARGO MEZA;liquidacionsufondo@gmail.com;3
470;CUNDINAMARCA;NEMOCON;NO;;;NO;2019-06-30;4248;06/30/2019 05:00:00 PM;JUNIO;2019;FONDO DE EMPLEADOS DE TRINITY FARMS S.A.;FONTRINY;832-006-835-9;Fondos de empleados;CUNDINAMARCA;NEMOCÓN;FINCA LA LUISIANA VEREDA EL ORATORIO;7438981;2;Servicios de ahorro y credito;BERNARDO PRADA SILVA;bernardoprada@trinityfarms.com.co;3
471;ANTIOQUIA;CHIGORODO;NO;;;NO;2022-06-30;15368;06/30/2022 05:00:00 PM;JUNIO;2022;FONDO DE EMPLEADOS DE UNALTRAPEC;FESERVIMOS;901-106-569-3;Fondos de empleados;ANTIOQUIA;CHIGORODÓ;CL 95 95C -23 BARRIO LINARES;8255230;2;Servicios de ahorro y credito;ANGELA MARIA RESTREPO PALOMEQUE;feservimos@gmail.com;3
472;ATLÁNTICO;BARRANQUILLA;NO;;;SI;2026-06-30;10703;06/30/2026 05:00:00 PM;JUNIO;2026;FONDO DE EMPLEADOS DE  UNIAPUESTAS;F.E.U.;802-017-452-1;Fondos de empleados;ATLÁNTICO;BARRANQUILLA;CALLE 42 NO 45-08;;2;Servicios de ahorro y credito;LEDYS MARIA GAMBIN JIMENEZ;fondoempleadosempresasapuestas@gmail.com;3
473;ANTIOQUIA;ENVIGADO;NO;;;SI;2026-06-30;13015;06/30/2026 05:00:00 PM;JUNIO;2026;FONDO DE EMPLEADOS DE UNIPLES;FONUNIPLES;900-453-518-1;Fondos de empleados;ANTIOQUIA;ENVIGADO;CR 46 48 C SUR 40 BG 105;4441616;2;Servicios de ahorro y credito;ANDRES CAMILO VELEZ ARANGO;fonuniples@uniples.com;3
474;ATLÁNTICO;BARRANQUILLA;NO;;;NO;2019-12-31;9880;12/31/2019 05:00:00 PM;DICIEMBRE;2019;FONDO DE EMPLEADOS DE VALORCON;FONVALOR;900-058-135-0;Fondos de empleados;ATLÁNTICO;BARRANQUILLA;CRA 64D # 86-134;3574300;2;Servicios de ahorro y credito;MARIA FERNANDA GULFO ABDALA;fondoempleados@valorconsa.com;3
475;ANTIOQUIA;MEDELLIN;NO;;;SI;2026-06-30;15304;06/30/2026 05:00:00 PM;JUNIO;2026;FONDO DE EMPLEADOS DE VIGILANCIA PRIVADA DE ANTIOQUIA;FONDEVIAN;901-067-329-4;Fondos de empleados;ANTIOQUIA;MEDELLÍN;CLL 62 49 35;2910014;2;Servicios de ahorro y credito;;gerencia@fondevian.com;3
476;CUNDINAMARCA;CHIA;NO;;;SI;2026-06-30;7845;06/30/2026 05:00:00 PM;JUNIO;2026;FONDO DE EMPLEADOS DE VITEMCO S. A.;FEMVIT;832-001-363-1;Fondos de empleados;CUNDINAMARCA;CHÍA;CARRERA 3 ESTE 6 B 41 VEREDA SAMARIA;;2;Servicios de ahorro y credito;MIRIAN LILIANA TABARES MORALES;mtabaresm@vitro.com;3
477;NORTE DE SANTANDER;SAN JOSE DE CUCUTA;NO;;;SI;2026-06-30;16340;06/30/2026 05:00:00 PM;JUNIO;2026;FONDO DE EMPLEADOS DE VIVIENDAS Y VALORES SA Y EMPRESAS ALIADAS;FONVYVAL;901-608-074-4;Fondos de empleados;NORTE DE SANTANDER;SAN JOSÉ DE CÚCUTA;CLL 11 1E 125 OFIC 301;5888002;2;Servicios de ahorro y credito;;fonvyval@gmail.com;3
478;ATLÁNTICO;BARRANQUILLA;NO;;;NO;2022-12-31;15245;12/31/2022 05:00:00 PM;DICIEMBRE;2022;FONDO DE EMPLEADOS DE WORK SERVICE SAS;FONWORK;900-442-701-6;Fondos de empleados;ATLÁNTICO;BARRANQUILLA;CRA 49 C 74 120;3770601;2;Servicios de ahorro y credito;SANDRA MILENA RESTREPO GARCIA;fonwork@outlook.com;3
479;ANTIOQUIA;MEDELLIN;NO;;;SI;2026-06-30;7917;06/30/2026 05:00:00 PM;JUNIO;2026;FONDO DE EMPLEADOS DEL AREA METROPOLITANA;FEDAREM;800-142-274-2;Fondos de empleados;ANTIOQUIA;MEDELLÍN;CR 53 40A 31;;2;Servicios de ahorro y credito;SAVERIO ALEXIS GOMEZ GUERRERO;gerencia@fedarem.com;3
480;ANTIOQUIA;MEDELLIN;NO;;;SI;2025-12-31;9313;12/31/2025 05:00:00 PM;DICIEMBRE;2025;FONDO DE EMPLEADOS DEL CENTRO COLOMBO AMERICANO;FONDECCAM;811-045-492-6;Fondos de empleados;ANTIOQUIA;MEDELLÍN;CR 45 53 24;2040404;2;Servicios de ahorro y credito;JORGE HUMBERTO CARDONA ARANGO;fondeccam@colombomedellin.edu.co;3
481;CUNDINAMARCA;SOPO;NO;;;NO;2022-12-31;4710;12/31/2022 05:00:00 PM;DICIEMBRE;2022;FONDO DE EMPLEADOS DEL CLUB MILITAR;FONDEMIGOLF;832-005-074-6;Fondos de empleados;CUNDINAMARCA;SOPÓ;CARRETERA CENTRAL DEL NTE KM 30 VIA SOPO;5211306;2;Servicios de ahorro y credito;CLAUDIA PATRICIA RAMOS LUQUE;jabepi@yahoo.com;3
482;ANTIOQUIA;MEDELLIN;NO;;;SI;2026-06-30;1543;06/30/2026 05:00:00 PM;JUNIO;2026;FONDO DE EMPLEADOS DEL COLEGIO CALAZANZ;FODECA;811-002-233-0;Fondos de empleados;ANTIOQUIA;MEDELLÍN;CR 82  48 A 120;;2;Servicios de ahorro y credito;ALCIDES ALVAREZ URIBE;fodecalasanz@hotmail.com;3
483;NORTE DE SANTANDER;OCANA;NO;;;SI;2026-06-30;3265;06/30/2026 05:00:00 PM;JUNIO;2026;FONDO DE EMPLEADOS DEL COLEGIO DE EDUCACION MEDIA FATIMA DE OCA?A;FACECOLFA;800-074-760-9;Fondos de empleados;NORTE DE SANTANDER;OCAÑA;TRANSV 30 8B-70;;2;Servicios de ahorro y credito;JORGE ENRIQUE QUINTERO AREVALO;facecolfa89@hotmail.com;3
484;ANTIOQUIA;MEDELLIN;NO;;;SI;2026-06-30;6904;06/30/2026 05:00:00 PM;JUNIO;2026;FONDO DE EMPLEADOS DEL COLEGIO SAN IGNACIO;FECOLSI;811-020-030-9;Fondos de empleados;ANTIOQUIA;MEDELLÍN;CL 48 NO 68 98;;2;Servicios de ahorro y credito;YOVANNY - SANCHEZ PERDOMO;fecolsi@fecolsi.com;3
485;ANTIOQUIA;MEDELLIN;NO;;;SI;2026-06-30;8336;06/30/2026 05:00:00 PM;JUNIO;2026;FONDO DE EMPLEADOS DEL COLEGIO SAN JOSE DE LAS VEGAS;FEDEVEGAS;811-027-379-5;Fondos de empleados;ANTIOQUIA;MEDELLÍN;CR 48 7 SUR 52;4446008;2;Servicios de ahorro y credito;CLAUDIA MARIA PEREZ ACEVEDO;fedevegas@sanjosevegas.edu.co;3
486;CUNDINAMARCA;CHIA;NO;;;NO;2023-06-30;650;06/30/2023 05:00:00 PM;JUNIO;2023;FONDO DE EMPLEADOS  DEL COLEGIO TRINIDAD DEL MONTE;FOETMO;830-016-846-5;Fondos de empleados;CUNDINAMARCA;CHÍA;AUT NORTE KM 25 VIA SINDAMANOY VDA YERBABUENA;;2;Servicios de ahorro y credito;MARIA ELENA OROZCO;elaspri@yahoo.com;3
487;ATLÁNTICO;BARRANQUILLA;NO;;;SI;2026-06-30;9456;06/30/2026 05:00:00 PM;JUNIO;2026;FONDO DE EMPLEADOS DEL DEPARTAMENTO DEL ATLANTICO;FONDEATLAN;802-006-190-8;Fondos de empleados;ATLÁNTICO;BARRANQUILLA;CL 40 CR 45 Y 46 P 4;3722111;2;Servicios de ahorro y credito;DORYS CECILIA MANTILLA GIL;gerencia@fondeatlan.com.co;3
488;ANTIOQUIA;MEDELLIN;NO;;;SI;2026-06-30;1707;06/30/2026 05:00:00 PM;JUNIO;2026;FONDO DE EMPLEADOS DEL DEPORTE ANTIOQUE#O;FEDAN;890-981-611-8;Fondos de empleados;ANTIOQUIA;MEDELLÍN;CL 48 70 180;5200890;2;Servicios de ahorro y credito;JIMENA - CATA?O AGUDELO;fedan253@gmail.com;3
489;ATLÁNTICO;BARRANQUILLA;NO;;;SI;2026-06-30;13261;06/30/2026 05:00:00 PM;JUNIO;2026;FONDO DE EMPLEADOS DEL DISTRITO DE BARRANQUILLA;FONEDISBA;900-248-090-3;Fondos de empleados;ATLÁNTICO;BARRANQUILLA;CALLE 34 NO.43-31;;2;Servicios de ahorro y credito;ALMA PURA RIQUETT PALACIO;fonedisba@barranquilla.gov.co;3
490;CUNDINAMARCA;CAJICA;NO;;;SI;2026-06-30;3546;06/30/2026 05:00:00 PM;JUNIO;2026;FONDO DE EMPLEADOS DEL GROUPE SEB COLOMBIA;FONSEB;860-027-418-2;Fondos de empleados;CUNDINAMARCA;CAJICÁ;KM 1.5 VIA ZIPAQUIRA;6015923838;2;Servicios de ahorro y credito;FABIO BECERRA MARTINEZ;fonseb.extern@groupeseb.com;3
491;ANTIOQUIA;MEDELLIN;NO;;;SI;2026-06-30;16674;06/30/2026 05:00:00 PM;JUNIO;2026;FONDO DE EMPLEADOS DEL GRUPO CIBEST;FECIBEST;901-920-649-5;Fondos de empleados;ANTIOQUIA;MEDELLÍN;CL 53 NO. 45 112 P 8;;2;Servicios de ahorro y credito;;fecibest@gmail.com;3
492;ANTIOQUIA;BELLO;NO;;;NO;2023-06-30;13020;06/30/2023 05:00:00 PM;JUNIO;2023;FONDO DE EMPLEADOS DEL GRUPO EMPRESARIAL BELLANITA DE TRANSPORTE;FONBETRANS;900-440-194-2;Fondos de empleados;ANTIOQUIA;BELLO;CR 59 63 10;4563322;2;Servicios de ahorro y credito;LINA MARCELA LONDO??O OSPINA;linalo@bellanitagroup.co;3
493;ATLÁNTICO;SOLEDAD;NO;;;SI;2026-06-30;15341;06/30/2026 05:00:00 PM;JUNIO;2026;FONDO DE EMPLEADOS DEL GRUPO TAURO;FONTAURO;901-101-080-1;Fondos de empleados;ATLÁNTICO;SOLEDAD;CALLE 30 #12-95;;2;Servicios de ahorro y credito;;fondo@tauro.com.co;3
494;BOLÍVAR;SANTA ROSA DEL SUR;NO;;;SI;2026-06-30;3625;06/30/2026 05:00:00 PM;JUNIO;2026;FONDO DE EMPLEADOS DEL HOSPITAL M.E.P;FONDO H.M.E.P;829-002-346-1;Fondos de empleados;BOLÍVAR;SANTA ROSA DEL SUR;CALLE LA SALUD;5697400;2;Servicios de ahorro y credito;YANIRIS MARCELA IBARRA;luisefren98@hotmail.com;3
495;CUNDINAMARCA;GUADUAS;NO;;;SI;2026-06-30;3513;06/30/2026 05:00:00 PM;JUNIO;2026;FONDO DE EMPLEADOS DEL HOSPITAL SAN JOSE DE GUADUAS;FEDEHSAG;832-001-045-4;Fondos de empleados;CUNDINAMARCA;GUADUAS;CALLE 4 # 7 - 43;;2;Servicios de ahorro y credito;MARIA BELEN ISIDRO GARCIA;fondodeempleadosguaduas@hotmail.com;3
496;NORTE DE SANTANDER;SAN JOSE DE CUCUTA;NO;;;NO;2023-12-31;3317;12/31/2023 05:00:00 PM;DICIEMBRE;2023;FONDO DE EMPLEADOS DEL HOTEL ARIZONA;FONDEHOTAR;800-119-694-6;Fondos de empleados;NORTE DE SANTANDER;SAN JOSÉ DE CÚCUTA;AV 0 # 7 - 62;5726020;2;Servicios de ahorro y credito;JAIRO SERRRANO QUINTERO;gerenciafondehotar@gmail.com;3
497;BOLÍVAR;CARTAGENA DE INDIAS;NO;;;SI;2026-06-30;7191;06/30/2026 05:00:00 PM;JUNIO;2026;FONDO DE EMPLEADOS DEL HOTEL LAS AMERICAS;FONAMERICAS;806-001-758-2;Fondos de empleados;BOLÍVAR;CARTAGENA DE INDIAS;ANILLO VIAL SECTOR  CIELO MAR;;2;Servicios de ahorro y credito;JOSE GUILLERMO ORZCO AMAYA;fondodeempleados@fonamericas.com.co;3
498;ANTIOQUIA;MEDELLIN;NO;;;SI;2026-06-30;1608;06/30/2026 05:00:00 PM;JUNIO;2026;FONDO DE EMPLEADOS DEL HOTEL POBLADO PLAZA S A;FODEIN;811-004-465-1;Fondos de empleados;ANTIOQUIA;MEDELLÍN;CR 43 A 4 SUR 75;6040872;2;Servicios de ahorro y credito;LUZ AMPARO RODRIGUEZ PEREZ;fodein@hotelpobladoplaza.com;3
499;ANTIOQUIA;MEDELLIN;NO;;;SI;2026-06-30;1541;06/30/2026 05:00:00 PM;JUNIO;2026;FONDO DE EMPLEADOS DEL IDEA;FEIDEA;890-984-906-9;Fondos de empleados;ANTIOQUIA;MEDELLÍN;CALLE 42  52-259;3819200;2;Servicios de ahorro y credito;JUAN GONZALO ARANGO GONZALEZ;feidea@idea.gov.co;3
500;ATLÁNTICO;BARRANQUILLA;NO;;;NO;2017-12-31;15332;12/31/2017 05:00:00 PM;DICIEMBRE;2017;FONDO DE EMPLEADOS DEL INSTITUTO DE TRANSITO DEL ATLANTICO;FONDEITA;901-093-788-1;Fondos de empleados;ATLÁNTICO;BARRANQUILLA;CALLE 40 CARRERA 40 ESQUINA;3713000;2;Servicios de ahorro y credito;DORIS BEATRIZ PADILLA SUAREZ;fondeita@hotmail.com;3
501;NORTE DE SANTANDER;OCANA;NO;;;SI;2026-06-30;4107;06/30/2026 05:00:00 PM;JUNIO;2026;FONDO DE EMPLEADOS DEL INSTITUTO TECNICO INDUSTRIAL DE OCAYA;FEITI;800-020-464-1;Fondos de empleados;NORTE DE SANTANDER;OCAÑA;CALLE 10 CON CRA 12 EDIFICIO SANTAMRIA OF 409;;2;Servicios de ahorro y credito;JUSTINIANO HERRERA SANCHEZ;fondofeiti@yahoo.com;3
502;ANTIOQUIA;MEDELLIN;NO;;;NO;2019-06-30;12452;06/30/2019 05:00:00 PM;JUNIO;2019;FONDO DE EMPLEADOS DEL LICEO Y LA INSTITUCION UNIVERSITARIA SALAZAR Y HERRERA;FONDESYH;900-213-288-3;Fondos de empleados;ANTIOQUIA;MEDELLÍN;CLL 42 C # 86A - 22;4926462;2;Servicios de ahorro y credito;ARACELLY HENAO HENAO;alejandra.quiceno@salazaryherrera.edu.co;3
503;NORTE DE SANTANDER;TOLEDO;NO;;;SI;2026-06-30;5811;06/30/2026 05:00:00 PM;JUNIO;2026;FONDO DE EMPLEADOS DEL MAGISTERIO DE TOLEDO NORTE DE SANTANDER;FOMATONORT;807-002-784-2;Fondos de empleados;NORTE DE SANTANDER;TOLEDO;CALLE 13 NO 3-52;;2;Servicios de ahorro y credito;ALIRIO JESUS MORA SANCHEZ;gerencia@fomatonort.com;3
504;ANTIOQUIA;ENVIGADO;NO;;;SI;2026-06-30;1522;06/30/2026 05:00:00 PM;JUNIO;2026;FONDO DE EMPLEADOS DEL MUNICIPIO DE ENVIGADO;FEMUE;800-002-845-8;Fondos de empleados;ANTIOQUIA;ENVIGADO;CL 38 A SUR 44 13;;2;Servicios de ahorro y credito;BERNARDO ALCIDES GUTIERREZ MU?OZ;contabilidad@femue.com.co;3
505;CUNDINAMARCA;MOSQUERA;NO;;;NO;2023-12-31;16593;12/31/2023 05:00:00 PM;DICIEMBRE;2023;FONDO DE EMPLEADOS DEL MUNICIPIO DE MOSQUERA;FONFEMOS;800-223-433-5;Fondos de empleados;CUNDINAMARCA;MOSQUERA;CR 2 2 68 BRR CENTRO;8275130;2;Servicios de ahorro y credito;;fondemosquera2018@gmail.com;3
506;ATLÁNTICO;BARRANQUILLA;NO;;;NO;2024-12-31;15800;12/31/2024 12:00:00 AM;DICIEMBRE;2024;FONDO DE EMPLEADOS DEL PALACIO DEL PELUQUERO;FEPALPE;901-097-798-3;Fondos de empleados;ATLÁNTICO;BARRANQUILLA;CR 45 35 27 P 4;3858610;2;Servicios de ahorro y credito;VIRNA DEL SOCORRO PALOMI NAVARRO;fepalpe@bellprofgroup.com;3
507;CUNDINAMARCA;TOCANCIPA;NO;;;SI;2026-06-30;13531;06/30/2026 05:00:00 PM;JUNIO;2026;FONDO DE EMPLEADOS DEL PARQUE JAIME DUQUE;FONDEPARQUE;900-017-161-7;Fondos de empleados;CUNDINAMARCA;TOCANCIPÁ;KM 34 VIA BOGOTA TOCANCIPA;;2;Servicios de ahorro y credito;JUAN CAMILO CADENA SILVA;fondeparque@parquejaimeduque.com;3
508;ANTIOQUIA;MEDELLIN;NO;;;SI;2026-06-30;12136;06/30/2026 05:00:00 PM;JUNIO;2026;FONDO DE EMPLEADOS DEL POLITECNICO COLOMBIANO JAIME ISAZA CADAVID;FODEMPOLI;900-184-885-5;Fondos de empleados;ANTIOQUIA;MEDELLÍN;CR 48 7 151;3197900;2;Servicios de ahorro y credito;LUIS ALBERTO HIGINIO ALZATE;fodempoli@elpoli.edu.co;3
509;CUNDINAMARCA;FUNZA;NO;;;SI;2025-12-31;557;12/31/2025 05:00:00 PM;DICIEMBRE;2025;FONDO DE EMPLEADOS DEL SECTOR AGROPECUARIO NACIONAL;FONDESAGRO;860-027-355-7;Fondos de empleados;CUNDINAMARCA;FUNZA;CR 14 9 61 L1;;2;Servicios de ahorro y credito;NOHRA ELCY HOMEZ HOMEZ;gerencia@fondesagro.com;3
510;ANTIOQUIA;MEDELLIN;NO;;;NO;2017-12-31;13721;12/31/2017 05:00:00 PM;DICIEMBRE;2017;FONDO DE EMPLEADOS DEL SECTOR LOGISTICO;FESEL;900-646-549-9;Fondos de empleados;ANTIOQUIA;MEDELLÍN;Calle 75 64 A 81;5602230;2;Servicios de ahorro y credito;VICTOR JAIRO CORREA RAMIREZ;info@coodesival.com.co;3
511;ANTIOQUIA;MEDELLIN;NO;;;SI;2026-06-30;15612;06/30/2026 05:00:00 PM;JUNIO;2026;FONDO DE EMPLEADOS DEL SINDICATO DE TRABAJADORES Y EMPLEADOS DEL SISTEMA DE TRANSPORTE DEL VALLE DE ABURRA;FONDO CREER Y CRECER;900-990-518-4;Fondos de empleados;ANTIOQUIA;MEDELLÍN;CL 51 51 31 TO 2 OF 1204;;2;Servicios de ahorro y credito;;fondo@fondocreerycrecer.com;3
512;NORTE DE SANTANDER;SAN JOSE DE CUCUTA;NO;;;NO;2018-06-30;15072;06/30/2018 05:00:00 PM;JUNIO;2018;FONDO DE EMPLEADOS DEPARTAMENTALES DEL NORTE DE SANTANDER;FENORTS;807-007-598-1;Fondos de empleados;NORTE DE SANTANDER;SAN JOSÉ DE CÚCUTA;CALLE 11 5 05 CENTRO;5713303;2;Servicios de ahorro y credito;NANCY  JANETH AMAYA DE DIAZ;contabilidadfenort@hotmail.com;3
513;ATLÁNTICO;BARRANQUILLA;NO;;;NO;2022-12-31;13754;12/31/2022 05:00:00 PM;DICIEMBRE;2022;FONDO DE EMPLEADOS DOCENTES DEL INEM DE BARRANQUILLA;FODINBA;800-204-614-0;Fondos de empleados;ATLÁNTICO;BARRANQUILLA;CALLE 81 41 F 33;3785713;2;Servicios de ahorro y credito;MAXIMO HENRIQUEZ MENDOZA;mahequez@hotmail.com;3
514;ANTIOQUIA;BELLO;NO;;;SI;2026-06-30;12133;06/30/2026 05:00:00 PM;JUNIO;2026;FONDO DE EMPLEADOS DYNA-VERA;FONDYVE;811-034-991-2;Fondos de empleados;ANTIOQUIA;BELLO;CR 45 32 D 135;4449191;2;Servicios de ahorro y credito;CLAUDIA LILIANA OSPINA OSPINA;fondyve@dyna.com.co;3
515;ANTIOQUIA;SABANETA;NO;;;NO;2023-03-31;1715;03/31/2023 05:00:00 PM;MARZO;2023;FONDO DE EMPLEADOS ELECTROPORCELANA GAMMA S.A.;FONGAMMA;811-007-884-8;Fondos de empleados;ANTIOQUIA;SABANETA;CR 49 67 SUR 680;3058053;2;Servicios de ahorro y credito;SILVIA E. GOMEZ U;laalvarez@corona.com.co;3
516;ANTIOQUIA;ENVIGADO;NO;;;NO;2023-06-30;13573;06/30/2023 05:00:00 PM;JUNIO;2023;FONDO DE EMPLEADOS ENERTEM;FONENERTEM;900-616-561-1;Fondos de empleados;ANTIOQUIA;ENVIGADO;CAR 25 A NO 36 D SUR 68;4480321;2;Servicios de ahorro y credito;GIUSEPPE AMAYA COSSIO;fonenertem@tufondo.com.co;3
517;ATLÁNTICO;BARRANQUILLA;NO;;;SI;2026-06-30;4741;06/30/2026 05:00:00 PM;JUNIO;2026;FONDO DE EMPLEADOS ETERNIT ATLANTICO S.A.;FONDETER;800-162-963-4;Fondos de empleados;ATLÁNTICO;BARRANQUILLA;VIA 40 CRA 67 ZONA INDUSTRILA LOMA 3;;2;Servicios de ahorro y credito;FERNANDO AUGUSTO PUNETT HERRERA;fondeteratl@hotmail.es;3
518;ANTIOQUIA;MEDELLIN;NO;;;SI;2026-06-30;16516;06/30/2026 05:00:00 PM;JUNIO;2026;FONDO DE EMPLEADOS EURO SUPERMERCADOS;FONEURO;901-782-575-6;Fondos de empleados;ANTIOQUIA;MEDELLÍN;CR 47 83 A 40 BL 25;;2;Servicios de ahorro y credito;;conrador@tufondo.com.co;3
519;BOLÍVAR;CARTAGENA DE INDIAS;NO;;;NO;2023-06-30;13089;06/30/2023 05:00:00 PM;JUNIO;2023;FONDO DE EMPLEADOS EUROFONDOS;EUROFONDOS;802-016-279-7;Fondos de empleados;BOLÍVAR;CARTAGENA DE INDIAS;MANGA AVENIDA CALIFORNIA CRA 17 NO26-64;6935041;2;Servicios de ahorro y credito;CARMEN VICTORIA TORRES MARTINEZ;c.torres@lbhcolombia.com;3
520;CUNDINAMARCA;COTA;NO;;;NO;2019-06-30;11176;06/30/2019 05:00:00 PM;JUNIO;2019;FONDO DE EMPLEADOS FECIA;FECIA;900-163-012-2;Fondos de empleados;CUNDINAMARCA;COTA;AUT MEDELLIN K 5;8643664;2;Servicios de ahorro y credito;MAURICIO JAIR HERNANDEZ OCAMPO;fondofecia@gmail.com;3
521;ANTIOQUIA;MEDELLIN;NO;;;SI;2026-06-30;15408;06/30/2026 05:00:00 PM;JUNIO;2026;FONDO DE EMPLEADOS FECOMPLE;FECOMPLE;901-163-524-5;Fondos de empleados;ANTIOQUIA;MEDELLÍN;CRA 43 B 16 95 PISO 4;;2;Servicios de ahorro y credito;;erika.sanchez@fecomple.com;3
522;CUNDINAMARCA;MADRID;NO;;;NO;2019-12-31;11633;12/31/2019 05:00:00 PM;DICIEMBRE;2019;FONDO DE EMPLEADOS FEDACOL;FEDACOL;900-180-207-3;Fondos de empleados;CUNDINAMARCA;MADRID;KM 27 VIA FONTIBON FACATATIVA;8200200;2;Servicios de ahorro y credito;WILMAN ANDRES BELTRAN LINARES;fedacol@aliaxis-la.com;3
523;ANTIOQUIA;MEDELLIN;NO;;;SI;2026-06-30;9691;06/30/2026 05:00:00 PM;JUNIO;2026;FONDO DE EMPLEADOS FEI;FEI;900-043-936-8;Fondos de empleados;ANTIOQUIA;MEDELLÍN;CARRERA 50C 10 SUR 120 INT 116;3224005;2;Servicios de ahorro y credito;DIEGO LEON VELEZ VELASQUEZ;fei@igga.com.co;3
524;CUNDINAMARCA;TOCANCIPA;NO;;;NO;2023-06-30;11636;06/30/2023 05:00:00 PM;JUNIO;2023;FONDO DE EMPLEADOS FELASER;FELASER;900-222-099-6;Fondos de empleados;CUNDINAMARCA;TOCANCIPÁ;BG M24 PARQUE INDUSTRAIL GRAN SABANA;8697761;2;Servicios de ahorro y credito;LUZ STELLA ROJAS ANAYA;luzstella.rojas@servinsumos.cc;3
525;ANTIOQUIA;APARTADO;NO;;;SI;2026-06-30;12385;06/30/2026 05:00:00 PM;JUNIO;2026;FONDO DE EMPLEADOS FEMCENTRAL;FEMCENTRAL;900-200-969-4;Fondos de empleados;ANTIOQUIA;APARTADÓ;CR 100 99 B  63;;2;Servicios de ahorro y credito;JORGE MARIO - GRIMALDO GARCIA;femcentral@gmail.com;3
526;ANTIOQUIA;MEDELLIN;NO;;;SI;2026-06-30;16154;06/30/2026 05:00:00 PM;JUNIO;2026;FONDO DE EMPLEADOS FEMPRESTUR;FEMPRESTUR;900-555-850-0;Fondos de empleados;ANTIOQUIA;MEDELLÍN;CARRERA 65 8B 91 OF 318;3630203;2;Servicios de ahorro y credito;;femprestur@emprestur.com;3
527;ANTIOQUIA;MEDELLIN;NO;;;NO;2024-12-31;16042;12/31/2024 12:00:00 AM;DICIEMBRE;2024;FONDO DE EMPLEADOS FENOBLE;;901-521-561-4;Fondos de empleados;ANTIOQUIA;MEDELLÍN;CL 29 45 31;;2;Servicios de ahorro y credito;MIGUEL SANTIAGO GOMEZ PINEDA;contabilidad@fenoble.com;3
528;ANTIOQUIA;BELLO;NO;;;NO;2023-03-31;15858;03/31/2023 05:00:00 PM;MARZO;2023;FONDO DE EMPLEADOS FEPRONORTE;FEPRONORTE;901-501-371-6;Fondos de empleados;ANTIOQUIA;BELLO;AV 38 # 59 50;4481270;2;Servicios de ahorro y credito;;gerencia@fepronorte.com;3
529;ANTIOQUIA;MEDELLIN;NO;;;NO;2024-09-30;16569;09/30/2024 12:00:00 AM;SEPTIEMBRE;2024;FONDO DE EMPLEADOS FEPYME;FEPYME;901-814-464-6;Fondos de empleados;ANTIOQUIA;MEDELLÍN;CR 39 50 25;4789830;2;Servicios de ahorro y credito;;fondodeempleadosfepyme@gmail.com;3
530;CUNDINAMARCA;GACHANCIPA;NO;;;SI;2026-06-30;8723;06/30/2026 05:00:00 PM;JUNIO;2026;FONDO DE EMPLEADOS FONDEAGRO;FONDEAGRO;832-006-752-6;Fondos de empleados;CUNDINAMARCA;GACHANCIPÁ;VEREDA SAN MARTIN;4325057;2;Servicios de ahorro y credito;ANGELICA PAOLA SARMIENTO RINCON;fondeagro@agromonte-sa.com;3
531;CUNDINAMARCA;COTA;NO;;;SI;2026-06-30;11563;06/30/2026 05:00:00 PM;JUNIO;2026;FONDO  DE  EMPLEADOS  FONDEGRAL;FONDEGRAL;900-213-023-9;Fondos de empleados;CUNDINAMARCA;COTA;COMPLEJO LOGISTICO INDUSTRIAL SIBERIA  VDA VUELTA;;2;Servicios de ahorro y credito;IRMA WEISS BAUTISTA;fondegral@gmail.com;3
532;CUNDINAMARCA;MOSQUERA;NO;;;SI;2026-06-30;15721;06/30/2026 05:00:00 PM;JUNIO;2026;FONDO DE EMPLEADOS FONPLANTE;;901-119-274-2;Fondos de empleados;CUNDINAMARCA;MOSQUERA;TRANSVERSAL 4 13 A 137;;2;Servicios de ahorro y credito;;d.castanedapabuena@gmail.com;3
533;CUNDINAMARCA;TOCANCIPA;NO;;;NO;2023-12-31;15039;12/31/2023 05:00:00 PM;DICIEMBRE;2023;FONDO DE EMPLEADOS FONTRABEL;F.T.B;900-831-496-1;Fondos de empleados;CUNDINAMARCA;TOCANCIPÁ;CARRA 10 5 97 TOCANCIPA;;2;Servicios de ahorro y credito;EMERSON RODRIGUEZ PINZON;fontrabel@gmail.com;3
534;ANTIOQUIA;MEDELLIN;NO;;;SI;2026-06-30;15665;06/30/2026 05:00:00 PM;JUNIO;2026;FONDO DE EMPLEADOS FUND4ME;F4M;901-343-274-1;Fondos de empleados;ANTIOQUIA;MEDELLÍN;CL 12 30 80;;2;Servicios de ahorro y credito;;alejandra.posada@sofka.com.co;3
535;CUNDINAMARCA;TENJO;NO;;;SI;2026-06-30;11188;06/30/2026 05:00:00 PM;JUNIO;2026;FONDO DE EMPLEADOS FUNDACION PARA LA ACTUALIZACION DE LA EDUCACION FACE;FONFACE;900-150-104-5;Fondos de empleados;CUNDINAMARCA;TENJO;VIA LA PUNTA;;2;Servicios de ahorro y credito;CARMENZA RIVEROS CARDOZO;angelica.bermudez@face.edu.co;3
536;ANTIOQUIA;APARTADO;NO;;;NO;2024-12-31;15259;12/31/2024 12:00:00 AM;DICIEMBRE;2024;FONDO DE EMPLEADOS FUTURASEO FEF;EFE;900-974-159-6;Fondos de empleados;ANTIOQUIA;APARTADÓ;CRA 100 NO. 105-695;;2;Servicios de ahorro y credito;DANYS ADELAIDA URREGO MARTINEZ;fondoempleados@futuraseo.com;3
537;ANTIOQUIA;MEDELLIN;NO;;;SI;2026-06-30;15579;06/30/2026 05:00:00 PM;JUNIO;2026;FONDO DE EMPLEADOS GESTION EMPRESARIAL;FONGEP;901-328-773-2;Fondos de empleados;ANTIOQUIA;MEDELLÍN;CALLE 42 SUR 74 4;;2;Servicios de ahorro y credito;;fondofongep@gmail.com;3
538;ANTIOQUIA;MEDELLIN;NO;;;NO;2017-12-31;13604;12/31/2017 05:00:00 PM;DICIEMBRE;2017;FONDO DE EMPLEADOS GRUPO MALCO;FEMALCO;900-654-300-6;Fondos de empleados;ANTIOQUIA;MEDELLÍN;Calle 8B 65 191;3521313;2;Servicios de ahorro y credito;ROCIO DEL CARMEN LOPEZ RESTREPO;ana.munoz@malco.com.co;3
539;ATLÁNTICO;BARRANQUILLA;NO;;;SI;2026-06-30;15693;06/30/2026 05:00:00 PM;JUNIO;2026;FONDO DE EMPLEADOS GRUPO TRADE;FONTRADE;901-182-918-4;Fondos de empleados;ATLÁNTICO;BARRANQUILLA;CARRERA 61 66-75;3360410;2;Servicios de ahorro y credito;;gerencia@fontrade.co;3
540;NORTE DE SANTANDER;PAMPLONA;NO;;;SI;2026-06-30;13515;06/30/2026 05:00:00 PM;JUNIO;2026;FONDO DE EMPLEADOS GUAYABALES;FEG;900-503-954-5;Fondos de empleados;NORTE DE SANTANDER;PAMPLONA;CL 7  7 23 BRR EL CENTRO;6075689714;2;Servicios de ahorro y credito;William Parada Jaimes;fondoguayabales@yahoo.com;3
541;ANTIOQUIA;MEDELLIN;NO;;;SI;2026-06-30;1534;06/30/2026 05:00:00 PM;JUNIO;2026;FONDO DE EMPLEADOS HOTEL INTERCONTINENTAL MEDELLIN LTDA.;FEINTER;890-985-848-4;Fondos de empleados;ANTIOQUIA;MEDELLÍN;CALLE 16 NO. 28 51;5409094;2;Servicios de ahorro y credito;RAMON HERNAN SALAZAR RESTREPO;feinter@movichhotes.com;3
542;ANTIOQUIA;MEDELLIN;NO;;;NO;2019-06-30;15444;06/30/2019 05:00:00 PM;JUNIO;2019;FONDO DE EMPLEADOS ICE BPS Y VISION;;901-160-319-8;Fondos de empleados;ANTIOQUIA;MEDELLÍN;CALLE 50 # 46 36;6052555;2;Servicios de ahorro y credito;JULIANA - GRISALES ARANGO;felicesvg@visiongerencial.com.co;3
543;ANTIOQUIA;MEDELLIN;NO;;;SI;2026-06-30;15991;06/30/2026 05:00:00 PM;JUNIO;2026;FONDO DE EMPLEADOS ICOLTRANS S.A.S.;RUTA  AHORRO;901-526-740-9;Fondos de empleados;ANTIOQUIA;MEDELLÍN;CR 42 CL 79 19;;2;Servicios de ahorro y credito;;contador@tufondo.com.co;3
544;ANTIOQUIA;MEDELLIN;NO;;;SI;2026-06-30;16387;06/30/2026 05:00:00 PM;JUNIO;2026;FONDO DE EMPLEADOS IMBOCAR FEIMB;FEIMB;901-743-607-7;Fondos de empleados;ANTIOQUIA;MEDELLÍN;CARRERA 52 29 A 111 IN 314;;2;Servicios de ahorro y credito;;contador@tufondo.com.co;3
545;ANTIOQUIA;MEDELLIN;NO;;;SI;2026-06-30;4095;06/30/2026 05:00:00 PM;JUNIO;2026;FONDO DE EMPLEADOS INCAMETAL;FONDO DE EMPLEADOS  INCAMETAL;811-032-253-6;Fondos de empleados;ANTIOQUIA;MEDELLÍN;CR 45 32 D 135;6044670;2;Servicios de ahorro y credito;ELKIN FERNANDO ESTRADA TRUJILLO;walter.cano@outlook.com;3
546;ANTIOQUIA;SABANETA;NO;;;SI;2026-06-30;3705;06/30/2026 05:00:00 PM;JUNIO;2026;FONDO DE EMPLEADOS INDUSTRIAS DEL ALUMINIO;FONDOCEL;800-112-719-1;Fondos de empleados;ANTIOQUIA;SABANETA;CR 48 A 57 SUR 30;4448337;2;Servicios de ahorro y credito;LINA CLAUDIA MONTOYA PATI?O;fondocel0@gmail.com;3
547;CUNDINAMARCA;COTA;NO;;;SI;2025-09-30;5728;09/30/2025 05:00:00 PM;SEPTIEMBRE;2025;FONDO DE EMPLEADOS INDUSTRIAS SPRING S.A.;FONSPRING;830-096-311-9;Fondos de empleados;CUNDINAMARCA;COTA;AUT MEDELLIN KM 2.2 VIA COTA;8766400;2;Servicios de ahorro y credito;MARCELA VARGAS MORA;fondoempleados@spring.com.co;3
548;ANTIOQUIA;MEDELLIN;NO;;;SI;2026-06-30;15862;06/30/2026 05:00:00 PM;JUNIO;2026;FONDO DE EMPLEADOS INTERASEO COLOMBIA;;901-439-473-4;Fondos de empleados;ANTIOQUIA;MEDELLÍN;CRA 38 N?10-36;3259970;2;Servicios de ahorro y credito;;fondoempleados@interaseo.com.co;3
549;ANTIOQUIA;MEDELLIN;NO;;;SI;2026-06-30;15672;06/30/2026 05:00:00 PM;JUNIO;2026;FONDO DE EMPLEADOS  IPS UNIVERSITARIA;FONSERMAS;901-310-497-5;Fondos de empleados;ANTIOQUIA;MEDELLÍN;CALLE 69 51C 24 B1P1;6046049595;2;Servicios de ahorro y credito;;fonser@almamater.hospital;3
550;ANTIOQUIA;MEDELLIN;NO;;;SI;2026-06-30;15300;06/30/2026 05:00:00 PM;JUNIO;2026;FONDO DE EMPLEADOS KLICP;KLICP;901-077-034-1;Fondos de empleados;ANTIOQUIA;MEDELLÍN;CR 50 50 14 IN 1801 ED BANCO POPULAR;4488933;2;Servicios de ahorro y credito;;coordinacionfondoklicp@dotakondor.com;3
551;ANTIOQUIA;ITAGUI;NO;;;SI;2026-06-30;15351;06/30/2026 05:00:00 PM;JUNIO;2026;FONDO DE EMPLEADOS LA SOBERANA;HUELLAS FES;901-100-217-9;Fondos de empleados;ANTIOQUIA;ITAGÜÍ;CR 57 74 80;4443918;2;Servicios de ahorro y credito;;huellasfes.felasoberana@gmail.com;3
552;ANTIOQUIA;MEDELLIN;NO;;;NO;2019-09-30;13720;09/30/2019 05:00:00 PM;SEPTIEMBRE;2019;FONDO DE EMPLEADOS LA STAMPERIA;FES;900-695-825-6;Fondos de empleados;ANTIOQUIA;MEDELLÍN;CALLE 55 49 11;5121694;2;Servicios de ahorro y credito;ARIEL GUARIN CARDONA;f.de.e.fes@gmail.com;3
553;ANTIOQUIA;MEDELLIN;NO;;;SI;2026-06-30;1292;06/30/2026 05:00:00 PM;JUNIO;2026;FONDO DE EMPLEADOS MANUFACTURAS STOP;FEMAS;800-143-789-8;Fondos de empleados;ANTIOQUIA;MEDELLÍN;CRA 59 A 14 95;;2;Servicios de ahorro y credito;MARTHA LUCIA RIVERA DE RIVERA;dmunoz@stop.com.co;3
554;ATLÁNTICO;BARRANQUILLA;NO;;;NO;2024-12-31;15385;12/31/2024 12:00:00 AM;DICIEMBRE;2024;FONDO DE EMPLEADOS MASSER;FONMASS;901-125-647-0;Fondos de empleados;ATLÁNTICO;BARRANQUILLA;CALLE 94 NO. 51B 43 OF 405;;2;Servicios de ahorro y credito;JOSE DAVID DE LIMA ARANGO;fonmass@masser.com.co;3
555;ANTIOQUIA;MEDELLIN;NO;;;SI;2026-06-30;16663;06/30/2026 05:00:00 PM;JUNIO;2026;FONDO DE EMPLEADOS MATT BANK;MATT BANK;901-919-250-9;Fondos de empleados;ANTIOQUIA;MEDELLÍN;CL 35 46 63;;2;Servicios de ahorro y credito;;oswaldolondono@mattelsa.net;3
556;BOLÍVAR;CARTAGENA DE INDIAS;NO;;;SI;2026-06-30;16437;06/30/2026 05:00:00 PM;JUNIO;2026;FONDO DE EMPLEADOS MEGAUNIDOS;MEGAUNIDOS;901-749-149-2;Fondos de empleados;BOLÍVAR;CARTAGENA DE INDIAS;DG 23 CR 30 238 BRR EL PRADO;;2;Servicios de ahorro y credito;;adminfondoempleados@megatiendas.co;3
557;CUNDINAMARCA;EL ROSAL;NO;;;SI;2026-06-30;15794;06/30/2026 05:00:00 PM;JUNIO;2026;FONDO DE EMPLEADOS MILONGA FLOWERS;FEMILFLO;901-445-692-5;Fondos de empleados;CUNDINAMARCA;EL ROSAL;VDA TIBAGOTA ENT 6;;2;Servicios de ahorro y credito;;talentohumano@milongaflowers.com;3
558;ANTIOQUIA;MEDELLIN;NO;;;SI;2026-06-30;15046;06/30/2026 05:00:00 PM;JUNIO;2026;FONDO DE EMPLEADOS MONTACARGAS;FAMYM;900-849-038-9;Fondos de empleados;ANTIOQUIA;MEDELLÍN;CRA 52 14 SUR 92;4483878;2;Servicios de ahorro y credito;JUAN CARLOS LONDO?O;fondoamym@montacargasamym.com;3
559;CUNDINAMARCA;SOPO;NO;;;NO;2018-12-31;7731;12/31/2018 05:00:00 PM;DICIEMBRE;2018;FONDO DE EMPLEADOS MUEBLES & ACCESORIOS LTDA.;FEMM&A;830-075-287-1;Fondos de empleados;CUNDINAMARCA;SOPÓ;VIA BRICE??O SOPO VEREDA PUEBLO VIEJO;6671267;2;Servicios de ahorro y credito;PABLO BERRIOS ROJAS;fondo.empleados@mueblesyaccesorios.com.co;3
560;ANTIOQUIA;MEDELLIN;NO;;;SI;2026-06-30;1536;06/30/2026 05:00:00 PM;JUNIO;2026;FONDO DE EMPLEADOS MULTIHERRAJES;MULTHIFONDO;811-005-857-1;Fondos de empleados;ANTIOQUIA;MEDELLÍN;CLL 78D SUR 47 G 16;;2;Servicios de ahorro y credito;ALICIA RESTREPO HENAO;fondo.creatum@creatum.com.co;3
561;ANTIOQUIA;MEDELLIN;NO;;;NO;2020-12-31;15388;12/31/2020 05:00:00 PM;DICIEMBRE;2020;FONDO DE EMPLEADOS MULTIPROPOSITO PARA EL DESARROLLO EMPRESARIAL VIBEWOC;FONDO VIBEWOC;901-124-813-2;Fondos de empleados;ANTIOQUIA;MEDELLÍN;CIRCULAR 73B #38-03;;2;Servicios de ahorro y credito;JONIER ALFITH QUEJADA RENTERIA;gerenciafonmev@gmail.com;3
562;CUNDINAMARCA;CHIA;NO;;;SI;2026-06-30;15244;06/30/2026 05:00:00 PM;JUNIO;2026;FONDO DE EMPLEADOS MUNICIPIO DE CHIA;FOEMCHIA;900-984-294-5;Fondos de empleados;CUNDINAMARCA;CHÍA;CRA 11 #11-29;8844444;2;Servicios de ahorro y credito;MARTHA VIVIANA MONTA?EZ GARZON;foemchia@foemchia.com;3
563;ANTIOQUIA;LA CEJA;NO;;;SI;2026-06-30;15141;06/30/2026 05:00:00 PM;JUNIO;2026;FONDO DE EMPLEADOS MUNICIPIO DE LA CEJA DEL TAMBO;FONALCEJA;811-025-147-4;Fondos de empleados;ANTIOQUIA;LA CEJA;CARRERA 17 18 21;5531414;2;Servicios de ahorro y credito;LUZ AMPARO ARCILA LOPEZ;fondofonalceja@gmail.com;3
564;NORTE DE SANTANDER;PAMPLONA;NO;;;SI;2026-06-30;4466;06/30/2026 05:00:00 PM;JUNIO;2026;FONDO DE EMPLEADOS NORMAL SUPERIOR DE PAMPLONA LIMITADA;FENOSPA LTDA;807-004-376-1;Fondos de empleados;NORTE DE SANTANDER;PAMPLONA;AVDENIDA SANTANDER;;2;Servicios de ahorro y credito;LUIS MARTIN BARRERA HERNANDEZ;yolhost@hotmail.com;3
565;ANTIOQUIA;MEDELLIN;NO;;;SI;2026-06-30;15954;06/30/2026 05:00:00 PM;JUNIO;2026;FONDO DE EMPLEADOS OFFCORSS C.I. HERMECO SA;FEOFFCORSS;901-490-872-5;Fondos de empleados;ANTIOQUIA;MEDELLÍN;CRA 43A 7 SUR 170;;2;Servicios de ahorro y credito;;fondoempleados@offcorss.com;3
566;ANTIOQUIA;MEDELLIN;NO;;;SI;2026-06-30;12811;06/30/2026 05:00:00 PM;JUNIO;2026;FONDO DE EMPLEADOS OPA DE OPA;FONDOOPA;900-135-590-9;Fondos de empleados;ANTIOQUIA;MEDELLÍN;CRA 43 A #19-127 PISO 3;6043579;2;Servicios de ahorro y credito;LUZ ANGELA VASQUEZ CASTILLO;fondoempleados@opa.com.co;3
567;NORTE DE SANTANDER;PAMPLONA;NO;;;SI;2026-06-30;3183;06/30/2026 05:00:00 PM;JUNIO;2026;FONDO DE EMPLEADOS PACHO VALENCIA;FEPAV;800-223-168-8;Fondos de empleados;NORTE DE SANTANDER;PAMPLONA;CRA 8 5-71;;2;Servicios de ahorro y credito;LUCIA AMPARO ARENIZ DE LOPEZ;fepav@yahoo.com;3
568;ANTIOQUIA;RIONEGRO;NO;;;SI;2026-06-30;1545;06/30/2026 05:00:00 PM;JUNIO;2026;Fondo de Empleados para el Servicio de los Trabajadores FESERT;FESERT;800-010-511-7;Fondos de empleados;ANTIOQUIA;RIONEGRO;CALLE 48 # 49 06;5619968;2;Servicios de ahorro y credito;OMAR DE JESUS PEREZ ECHAVARRIA;fondo.fesert@gmail.com;3
569;CUNDINAMARCA;COGUA;NO;;;SI;2026-06-30;7809;06/30/2026 05:00:00 PM;JUNIO;2026;FONDO DE EMPLEADOS PASTEURIZADORA ALGARRA;FONDEALGARRA;860-525-490-1;Fondos de empleados;CUNDINAMARCA;COGUA;KM 4 VIA COGUA;;2;Servicios de ahorro y credito;HELBERT AUGUSTO FORERO SALAMANCA;andrea.carpeta@algarra.com.co;3
570;ATLÁNTICO;BARRANQUILLA;NO;;;SI;2026-06-30;15892;06/30/2026 05:00:00 PM;JUNIO;2026;FONDO DE EMPLEADOS PETROMIL;FONPETROMIL;901-482-587-7;Fondos de empleados;ATLÁNTICO;BARRANQUILLA;CRA 53 82 86 OFICINA 305;6424764;2;Servicios de ahorro y credito;;robert.yepes@petromil.com;3
571;ANTIOQUIA;MEDELLIN;NO;;;SI;2026-06-30;4423;06/30/2026 05:00:00 PM;JUNIO;2026;FONDO DE EMPLEADOS POSTOLUX;FEPOSTOLUX;800-040-199-1;Fondos de empleados;ANTIOQUIA;MEDELLÍN;CL 52  47 42 P 23 ED COLTEJER;5765100;2;Servicios de ahorro y credito;FERNANDO VARGAS YEPES;gerenciafondo@postobon.com.co;3
572;CUNDINAMARCA;TOCANCIPA;NO;;;SI;2026-06-30;5273;06/30/2026 05:00:00 PM;JUNIO;2026;FONDO DE EMPLEADOS PRAXAIR COLOMBIA;F E PRAXAIR;860-078-088-3;Fondos de empleados;CUNDINAMARCA;TOCANCIPÁ;PARQUE INDUSTRIAL GRAN SABANA LOTE M UNIDAD 62;3607000;2;Servicios de ahorro y credito;WILSON LIZARAZO PORRAS;fonpraxcolombia@gmail.com;3
573;ANTIOQUIA;MEDELLIN;NO;;;NO;2024-06-30;15976;06/30/2024 12:00:00 AM;JUNIO;2024;FONDO DE EMPLEADOS PRODUCTOS ALIMENTICIOS SEVILLA;PROSPERO;901-382-989-5;Fondos de empleados;ANTIOQUIA;MEDELLÍN;CL 71 67 46;4412300;2;Servicios de ahorro y credito;CATALINA MARIA SIERRA MARIN;analistafaizan@faizan.com.co;3
574;ANTIOQUIA;MEDELLIN;NO;;;SI;2026-06-30;4428;06/30/2026 05:00:00 PM;JUNIO;2026;FONDO DE EMPLEADOS PROGRESO;FONEPRO;890-985-459-2;Fondos de empleados;ANTIOQUIA;MEDELLÍN;CALLE 51 # 49 - 11;5120956;2;Servicios de ahorro y credito;ADRIANA DE JESUS HERNANDEZ VARGAS;fonepro@fonepro.com.co;3
575;CUNDINAMARCA;CHIA;NO;;;SI;2026-06-30;932;06/30/2026 05:00:00 PM;JUNIO;2026;FONDO DE EMPLEADOS PROLECHE;FEPROL;860-350-645-1;Fondos de empleados;CUNDINAMARCA;CHÍA;CALLE 2 3 20 VARIANTE VIA CHIA COTA;8632525;2;Servicios de ahorro y credito;LUIS OCTAVIO RODRIGUEZ GOMEZ;fonfeprol@hotmail.com;3
576;ANTIOQUIA;RIONEGRO;NO;;;NO;2019-12-31;1528;12/31/2019 05:00:00 PM;DICIEMBRE;2019;FONDO DE EMPLEADOS PROMOTORA DE HOTELES-HOTEL LAS LOMAS-;FEPHHLL;800-217-976-8;Fondos de empleados;ANTIOQUIA;RIONEGRO;GT AEROPUERTO JOSE MARIA CORDOBA;5146960;2;Servicios de ahorro y credito;MARGARITA PATRICIA PELAEZ SEPULVEDA;fondolomas@gmail.com;3
577;CUNDINAMARCA;MOSQUERA;NO;;;SI;2026-06-30;475;06/30/2026 05:00:00 PM;JUNIO;2026;FONDO DE EMPLEADOS PROSPERAR;FONPROSPERAR;832-001-268-1;Fondos de empleados;CUNDINAMARCA;MOSQUERA;CALLE 2 #18-93 PRIMER PISO LOCAL 120;;2;Servicios de ahorro y credito;MARTHA CECILIA GONZALEZ LOPEZ;gerencia@fonprosperar.co;3
578;ANTIOQUIA;MEDELLIN;NO;;;SI;2025-12-31;15318;12/31/2025 05:00:00 PM;DICIEMBRE;2025;FONDO DE EMPLEADOS PUBLICOS ADMINISTRATIVOS DE LA UNIVERSIDAD NACIONAL DE COLOMBIA;FODEPA;901-049-714-0;Fondos de empleados;ANTIOQUIA;MEDELLÍN;CRA 65 59A 110;4309000;2;Servicios de ahorro y credito;;fodepa_med@unal.edu.co;3
579;NORTE DE SANTANDER;SAN JOSE DE CUCUTA;NO;;;SI;2025-12-31;9119;12/31/2025 05:00:00 PM;DICIEMBRE;2025;FONDO DE EMPLEADOS PUBLICOS DEL DEPARTAMENTO NORTE DE SANTANDER;FONDESAN;807-009-519-9;Fondos de empleados;NORTE DE SANTANDER;SAN JOSÉ DE CÚCUTA;CLL 8A 0 83 LATINO;;2;Servicios de ahorro y credito;Mayra Alexandra Mora Jimenez;gerencia@fondesan.com.co;3
580;CUNDINAMARCA;MADRID;NO;;;NO;2018-06-30;4923;06/30/2018 05:00:00 PM;JUNIO;2018;FONDO DE EMPLEADOS PUBLICOS HOSPITAL SANTA MATILDE;FEHOSMA LTDA.;800-116-453-4;Fondos de empleados;CUNDINAMARCA;MADRID;CR 6 10 02;8253323;2;Servicios de ahorro y credito;MARTHA ISABEL GOMEZ RODRIGUEZ;fehosma@hotmail.com;3
581;NORTE DE SANTANDER;OCANA;NO;;;SI;2026-06-30;16266;06/30/2026 05:00:00 PM;JUNIO;2026;FONDO DE EMPLEADOS PUBLICOS MUNICIPALES DE OCA?A;FONDEMO;901-356-433-2;Fondos de empleados;NORTE DE SANTANDER;OCAÑA;CRA 12 10 42;;2;Servicios de ahorro y credito;;richardguerrero2@gmail.com;3
582;ANTIOQUIA;MEDELLIN;NO;;;SI;2026-06-30;4841;06/30/2026 05:00:00 PM;JUNIO;2026;FONDO DE EMPLEADOS QUIMICA AMTEX;FONAMTEX;811-026-057-4;Fondos de empleados;ANTIOQUIA;MEDELLÍN;CRA 51 N. 13 66;3505183;2;Servicios de ahorro y credito;NATALIA - OCAMPO OSPINA;fonamtex1@gmail.com;3
583;ANTIOQUIA;MEDELLIN;NO;;;NO;2017-12-31;10054;12/31/2017 05:00:00 PM;DICIEMBRE;2017;FONDO DE EMPLEADOS RECO S.A;FEMRECO;811-045-984-8;Fondos de empleados;ANTIOQUIA;MEDELLÍN;CR 50 # 14-95;3502170;2;Servicios de ahorro y credito;PAULA ANDREA RESTREPO GIRALDO;contabilidad2@reco-sa.com;3
584;NORTE DE SANTANDER;SAN JOSE DE CUCUTA;NO;;;SI;2026-06-30;3566;06/30/2026 05:00:00 PM;JUNIO;2026;FONDO DE EMPLEADOS REGISTRADURIA NORTE DE SANTANDER;FONREGINOR;800-117-597-0;Fondos de empleados;NORTE DE SANTANDER;SAN JOSÉ DE CÚCUTA;CLL 8  3-50 OFC 323 ED PALACIO NACIONAL;;2;Servicios de ahorro y credito;ANDRES AUGUSTO ROMAN GONZALEZ;fonreginor@hotmail.com;3
585;ANTIOQUIA;RIONEGRO;NO;;;NO;2024-06-30;15281;06/30/2024 12:00:00 AM;JUNIO;2024;FONDO DE EMPLEADOS RIONEGRO ANTIOQUIA;FEMRIA;900-801-532-9;Fondos de empleados;ANTIOQUIA;RIONEGRO;CL 51 51 13;5204060;2;Servicios de ahorro y credito;Gladys Eugenia Montoya Murillo;femria@rionegro.gov.co;3
586;ATLÁNTICO;BARRANQUILLA;NO;;;SI;2026-06-30;15029;06/30/2026 05:00:00 PM;JUNIO;2026;FONDO DE EMPLEADOS RIZZO;FONRIZZO;900-599-618-7;Fondos de empleados;ATLÁNTICO;BARRANQUILLA;CRA 43 NO 79B-51;3782222;2;Servicios de ahorro y credito;NELSON TABORDA JUNCO;fondoempledosempresasapuestas@gmail.com;3
587;CUNDINAMARCA;MOSQUERA;NO;;;SI;2026-06-30;3969;06/30/2026 05:00:00 PM;JUNIO;2026;FONDO DE EMPLEADOS SAINT - GOBAIN  ABRASIVOS;FESGAC;800-247-653-2;Fondos de empleados;CUNDINAMARCA;MOSQUERA;KM 20 CARRETERA DE OCCIDENTE;8933993;2;Servicios de ahorro y credito;YESION GIOVANY BENITEZ GARZON;fondofesgac@gmail.com;3
588;ANTIOQUIA;ITAGUI;NO;;;SI;2026-06-30;1530;06/30/2026 05:00:00 PM;JUNIO;2026;FONDO DE EMPLEADOS SEDITRANS;FESFUT;811-001-139-1;Fondos de empleados;ANTIOQUIA;ITAGÜÍ;CR 42 31 20;3741313;2;Servicios de ahorro y credito;LUZ MARIA BILBAO CASTA?O;fondoempleados@seditrans.com;3
589;ANTIOQUIA;MEDELLIN;NO;;;SI;2026-06-30;16138;06/30/2026 05:00:00 PM;JUNIO;2026;FONDO DE EMPLEADOS SER FONDO SER;;901-630-344-1;Fondos de empleados;ANTIOQUIA;MEDELLÍN;CL 50 51 29 OFC 805;4449898;2;Servicios de ahorro y credito;;ser@albertoalvarez.com;3
590;ANTIOQUIA;MEDELLIN;NO;;;SI;2026-06-30;8319;06/30/2026 05:00:00 PM;JUNIO;2026;FONDO DE EMPLEADOS SINTRALANDERS;FODESIL;811-030-029-3;Fondos de empleados;ANTIOQUIA;MEDELLÍN;CARRERA 51 62 57;2630013;2;Servicios de ahorro y credito;JOSE ANIBAL GALLEGO GUTIERREZ;fodesil@gmail.com;3
591;ANTIOQUIA;MEDELLIN;NO;;;NO;2021-06-30;7788;06/30/2021 05:00:00 PM;JUNIO;2021;FONDO DE EMPLEADOS SOCODA S.A.;FES;811-013-202-1;Fondos de empleados;ANTIOQUIA;MEDELLÍN;CR 35 15B 143;4481144;2;Servicios de ahorro y credito;NATALIA ANDREA DUQUE ESTRADA;fes@socoda.com.co;3
592;ANTIOQUIA;MEDELLIN;NO;;;SI;2026-06-30;15221;06/30/2026 05:00:00 PM;JUNIO;2026;FONDO DE EMPLEADOS SOLUCIONES VERTICALES;FESOLVER;900-928-493-6;Fondos de empleados;ANTIOQUIA;MEDELLÍN;CR 37 A 1 SUR 98;;2;Servicios de ahorro y credito;DAVID RICARDO VELASCO MUNAR;gerenciafesolver@gmail.com;3
593;ANTIOQUIA;MEDELLIN;NO;;;NO;2025-06-30;9568;06/30/2025 05:00:00 PM;JUNIO;2025;FONDO DE EMPLEADOS TECNOLOGICO DE ANTUIOQUIA;FETDEA;811-041-649-7;Fondos de empleados;ANTIOQUIA;MEDELLÍN;CL. 78B #72 A-220;5802526;2;Servicios de ahorro y credito;BEATRIZ - VELEZ RESTREPO;fetda@une.net.co;3
594;CUNDINAMARCA;FUNZA;NO;;;SI;2026-06-30;9123;06/30/2026 05:00:00 PM;JUNIO;2026;FONDO DE EMPLEADOS TERMINALES AUTOMOTRICES S A;FONTASA;832-011-073-3;Fondos de empleados;CUNDINAMARCA;FUNZA;KM 1.5 VIA FUNZA SIBERIA;8267126;2;Servicios de ahorro y credito;JONNY PERDOMO PE?A;lbottia@tnk.com.co;3
595;ANTIOQUIA;MEDELLIN;NO;;;SI;2026-06-30;15940;06/30/2026 05:00:00 PM;JUNIO;2026;FONDO DE EMPLEADOS TUYOFONDO;TUYOFONDO;901-533-748-6;Fondos de empleados;ANTIOQUIA;MEDELLÍN;CR 48 14 230;6043813;2;Servicios de ahorro y credito;;lina.puerta@tuyomotor.com.co;3
596;ANTIOQUIA;MEDELLIN;NO;;;SI;2026-03-31;15780;03/31/2026 05:00:00 PM;MARZO;2026;FONDO DE EMPLEADOS UNIVERSIDAD CATOLICA DEL NORTE UCN;FONDO DE EMPLEADOS UCN;901-107-546-9;Fondos de empleados;ANTIOQUIA;MEDELLÍN;CALLE 52 47 42;6051535;2;Servicios de ahorro y credito;;yusugaz@ucn.edu.co;3
597;ANTIOQUIA;MEDELLIN;NO;;;NO;2025-06-30;7689;06/30/2025 05:00:00 PM;JUNIO;2025;FONDO DE EMPLEADOS UNIVERSIDAD DE MEDELLIN;FONUDEM;811-035-135-9;Fondos de empleados;ANTIOQUIA;MEDELLÍN;CR 87 NRO 30 65 BL 13;3405145;2;Servicios de ahorro y credito;ALBERTO ESCOBAR FRANCO;fonudem@udem.edu.co;3
598;ANTIOQUIA;MEDELLIN;NO;;;SI;2026-06-30;6794;06/30/2026 05:00:00 PM;JUNIO;2026;FONDO DE EMPLEADOS UNIVERSIDAD DE SAN BUENAVENTURA;FEDUSAB;811-009-081-1;Fondos de empleados;ANTIOQUIA;MEDELLÍN;CR 56 C 51-110;5145600;2;Servicios de ahorro y credito;ELIANA MARIA GONZALEZ VARGAS;gerencia.fedusab@usbmed.edu.co;3
599;BOLÍVAR;CARTAGENA DE INDIAS;NO;;;NO;2021-06-30;9995;06/30/2021 05:00:00 PM;JUNIO;2021;FONDO DE EMPLEADOS UNIVERSIDAD TECNOLOGICA DE BOLIVAR;FONDEUTB;806-016-592-2;Fondos de empleados;BOLÍVAR;CARTAGENA DE INDIAS;TERNERA KM1 VIA TURBACO UTB;6535388;2;Servicios de ahorro y credito;AMINTA QUI??ONES FONTALVO;fondeutb@utb.edu.co;3
600;ANTIOQUIA;MEDELLIN;NO;;;SI;2026-06-30;13280;06/30/2026 05:00:00 PM;JUNIO;2026;FONDO DE EMPLEADOS VIAMERICAS;VIAFE;900-322-074-1;Fondos de empleados;ANTIOQUIA;MEDELLÍN;Calle 6 SUR Nro.43 A 96;6040126;2;Servicios de ahorro y credito;HECTOR ALFONSO TRUJILLO RAMIREZ;htrujillo@viamericas.com;3
601;ANTIOQUIA;MEDELLIN;NO;;;NO;2019-06-30;13718;06/30/2019 05:00:00 PM;JUNIO;2019;FONDO DE EMPLEADOS Y AFILIADOS DEL GREMIO DE LA SALUD;FOGREMSA;900-727-885-7;Fondos de empleados;ANTIOQUIA;MEDELLÍN;CARRERA 43 A NA?1 SUR 100 PISO 20;4443218;2;Servicios de ahorro y credito;WALTER CANO ACEVEDO;a.fogremsa@gmail.com;3
602;BOLÍVAR;MAGANGUE;NO;;;NO;2024-12-31;16439;12/31/2024 12:00:00 AM;DICIEMBRE;2024;FONDO DE EMPLEADOS Y ALIADOS DEL SECTOR SALUD;FEMSA;901-310-111-8;Fondos de empleados;BOLÍVAR;MAGANGUÉ;CALLE 16 # 13B 57 P2 A1;;2;Servicios de ahorro y credito;CARMEN ELENA ARRAZOLA SAENZ;fondoempleadosyaliadosfemsa@gmail.com;3
603;CUNDINAMARCA;FUNZA;NO;;;SI;2026-06-30;15691;06/30/2026 05:00:00 PM;JUNIO;2026;FONDO DE EMPLEADOS Y COLABORADORES MUNICIPALES;FONDECOMUN;900-897-043-0;Fondos de empleados;CUNDINAMARCA;FUNZA;CL 14 13 05;3128208;2;Servicios de ahorro y credito;;fondecomun@outook.com;3
604;ANTIOQUIA;MEDELLIN;NO;;;NO;2019-12-31;6490;12/31/2019 05:00:00 PM;DICIEMBRE;2019;FONDO DE EMPLEADOS Y CONTRATISTAS DE AIRE AMBIENTE S.A.;FODAIRE;811-018-716-6;Fondos de empleados;ANTIOQUIA;MEDELLÍN;CR 50 C 10 SUR 40;4447217;2;Servicios de ahorro y credito;JUAN CARLOS GALLEGO HURTADO;juan.gallego@aireambiente.com;3
605;NORTE DE SANTANDER;OCANA;NO;;;NO;2024-12-31;10562;12/31/2024 12:00:00 AM;DICIEMBRE;2024;FONDO DE EMPLEADOS Y PENSIONADOS DE CENTRALES ELECTRICAS DEL NORTE DE SANTANDER;FEPECENS;900-064-789-1;Fondos de empleados;NORTE DE SANTANDER;OCAÑA;CARRERA 1 4-122;;2;Servicios de ahorro y credito;LEONARDO ENRIQUE FORERO SANCHEZ;fepecens@hotmail.com;3
606;ATLÁNTICO;BARRANQUILLA;NO;;;SI;2026-06-30;6560;06/30/2026 05:00:00 PM;JUNIO;2026;FONDO DE EMPLEADOS Y PROFESORES DE INSTITUCIONES DE EDUCACION SUPERIOR;FEDUCAR;802-003-110-5;Fondos de empleados;ATLÁNTICO;BARRANQUILLA;CRA 38 #79A-167;3361800;2;Servicios de ahorro y credito;AUGUSTO JOSE CAMPO RODRIGUEZ;contabilidadfeducar@gmail.com;3
607;ATLÁNTICO;BARRANQUILLA;NO;;;NO;2017-12-31;7818;12/31/2017 05:00:00 PM;DICIEMBRE;2017;FONDO DE EMPLEADOS Y PROFESORES DE LA UNIVERSIDAD DEL ATLANTICO;FEP UNIATLANTICO;802-012-534-2;Fondos de empleados;ATLÁNTICO;BARRANQUILLA;K7 ANTIGUA VIA PUERTO COLOMBIA;3197010;2;Servicios de ahorro y credito;MERLY VARGAS JURADO;osmole65@hotmail.com;3
608;ATLÁNTICO;BARRANQUILLA;NO;;;SI;2026-06-30;4579;06/30/2026 05:00:00 PM;JUNIO;2026;FONDO DE EMPLEADOS Y PROFESORES DE LA UNIVERSIDAD METROPOLITANA Y DEL HOSPITAL U;METROFONDO;802-004-154-3;Fondos de empleados;ATLÁNTICO;BARRANQUILLA;CRA 43 NO. 74 06 P2 LC 7;;2;Servicios de ahorro y credito;FANNY ESTHER DITA CERVANTES;gerencia@metrofondo.org.co;3
609;ATLÁNTICO;BARRANQUILLA;NO;;;SI;2025-12-31;2960;12/31/2025 05:00:00 PM;DICIEMBRE;2025;FONDO DE EMPLEADOS Y PROFESORES UNIAUTONOMA;FEP UNIAUTONOMA;890-114-395-3;Fondos de empleados;ATLÁNTICO;BARRANQUILLA;CRA 49C NO 88-65. LOCAL 12;;2;Servicios de ahorro y credito;ARNULFO RICO CAMACHO;fepautonoma@yahoo.com;3
610;CUNDINAMARCA;FUSAGASUGA;NO;;;NO;2024-09-30;15521;09/30/2024 12:00:00 AM;SEPTIEMBRE;2024;FONDO DE EMPLEADOS Y SERVIDORES A COOTRANSFUSA LTDA;FESCOO;900-457-582-1;Fondos de empleados;CUNDINAMARCA;FUSAGASUGÁ;CR 9 NO. 8 -  23;8739999;2;Servicios de ahorro y credito;;taniagabriela11@hotmail.com;3
611;ATLÁNTICO;SOLEDAD;NO;;;SI;2026-06-30;10354;06/30/2026 05:00:00 PM;JUNIO;2026;FONDO DE EMPLEADOS Y SUPERVISORES DE NAVIERA FLUVIAL COLOMBIANA;FESNACOL;800-069-595-1;Fondos de empleados;ATLÁNTICO;SOLEDAD;CR 12 No 75-73 TO 26 APTO 2103;;2;Servicios de ahorro y credito;JORGE ISAAC JULIAO BOLIVAR;auxiliar@fesnacol.org;3
612;CUNDINAMARCA;AGUA DE DIOS;NO;;;SI;2026-06-30;4941;06/30/2026 05:00:00 PM;JUNIO;2026;FONDO DE EMPLEADOS Y TRABAJADORES SANATORIO DE AGUA DE DIOS;FETRASAN;808-001-090-9;Fondos de empleados;CUNDINAMARCA;AGUA DE DIOS;CARRERA 11 9 198;;2;Servicios de ahorro y credito;CARLOS ALBERTO GUTIERREZ MONSALVE;administracion@fetrasan.com.co;3
613;CUNDINAMARCA;FACATATIVA;NO;;;SI;2026-06-30;94;06/30/2026 05:00:00 PM;JUNIO;2026;FONDO DE EMPLEADOS YANBAL;FEY;800-060-900-2;Fondos de empleados;CUNDINAMARCA;FACATATIVÁ;AV CALLE 15 5 187;;2;Servicios de ahorro y credito;LUZ MARINA MARINA RUIZ MEDINA;gerencia@fey.com.co;3
614;CUNDINAMARCA;CHIA;NO;;;SI;2026-06-30;12836;06/30/2026 05:00:00 PM;JUNIO;2026;FONDO DE EMPLEADOS YAZAKI CIEMEL;FEYC;832-006-417-3;Fondos de empleados;CUNDINAMARCA;CHÍA;AUT NORTE KM 21 VRD FUSCA;;2;Servicios de ahorro y credito;RAUL SUAREZ SUAREZ;gerencia@feyc.com.co;3
615;ANTIOQUIA;MEDELLIN;NO;;;SI;2026-06-30;13499;06/30/2026 05:00:00 PM;JUNIO;2026;FONDO DE EMPLEAODS KUKOAHORRO;KUKOAHORRO;900-576-811-3;Fondos de empleados;ANTIOQUIA;MEDELLÍN;CRA 48 35 74;4487970;2;Servicios de ahorro y credito;MARCELA URREA PELAEZ;asistente@kukoahorro.com;3
616;CUNDINAMARCA;FUNZA;NO;;;SI;2026-06-30;6273;06/30/2026 05:00:00 PM;JUNIO;2026;FONDO DE EMPLEDOS DE SPLENDID FLOWERS LTDA;FONDES;800-154-868-9;Fondos de empleados;CUNDINAMARCA;FUNZA;CR 14 N. 10-44 PISO 1;;2;Servicios de ahorro y credito;JAIRO VICENTE JARAMILLO PATINO;comercial@fondes.com.co;3
617;ANTIOQUIA;MEDELLIN;NO;;;NO;2023-03-31;13460;03/31/2023 05:00:00 PM;MARZO;2023;FONDO DE EMPLEDOS FEDLUNAAS;FEDLUNAAS;900-510-083-4;Fondos de empleados;ANTIOQUIA;MEDELLÍN;CL 33 63 B 189;4037722;2;Servicios de ahorro y credito;CARLOS HERNAN SABOGAL MEDINA;tesoreria@fedlunaas.com;3
618;ANTIOQUIA;APARTADO;NO;;;SI;2026-06-30;13019;06/30/2026 05:00:00 PM;JUNIO;2026;FONDO DE ENPLEADOS DE LAS EMPRESAS ADSCRITAS A C.I TROPICAL S.A;FETROPI;900-225-666-6;Fondos de empleados;ANTIOQUIA;APARTADÓ;CL 94 104 58;8283480;2;Servicios de ahorro y credito;FRANCISCO RESTREPO JAVIER;gelmazuluaga@gmail.com;3
619;ATLÁNTICO;BARRANQUILLA;NO;;;SI;2025-12-31;5520;12/31/2025 05:00:00 PM;DICIEMBRE;2025;FONDO DE LOS TRABAJADORES DEL JEANS;FONTRAJEANS;802-017-959-1;Fondos de empleados;ATLÁNTICO;BARRANQUILLA;CALLE 40 43 73;3199830;2;Servicios de ahorro y credito;SILVA OMAR MIRANDA;fontrajeams@outlook.com;3
620;CUNDINAMARCA;CHIA;NO;;;SI;2026-06-30;11726;06/30/2026 05:00:00 PM;JUNIO;2026;FONDO EMPLEADOS CLINICA CHIA S.A;FECCH;900-168-150-3;Fondos de empleados;CUNDINAMARCA;CHÍA;CL 6 10 125;;2;Servicios de ahorro y credito;EDGAR MARIN MENDOZA;fondoempleadosclinicachia@gmail.com;3
621;NORTE DE SANTANDER;SAN JOSE DE CUCUTA;NO;;;SI;2026-06-30;13565;06/30/2026 05:00:00 PM;JUNIO;2026;FONDO EMPLEADOS DE CERAMICA ITALIA S.A.;FEMCERITALIA;800-243-727-0;Fondos de empleados;NORTE DE SANTANDER;SAN JOSÉ DE CÚCUTA;AV 3 CL 23 AN ZONA INDUSTRIAL;5829800;2;Servicios de ahorro y credito;FELIX EDMUNDO CACERES LYONS;pas.fondoempleados@ceramicaitalia.com;3
622;CUNDINAMARCA;MOSQUERA;NO;;;NO;2021-12-31;8433;12/31/2021 05:00:00 PM;DICIEMBRE;2021;FONDO EMPLEADOS FRAGANCIA;FEFRAGANCIA;832-004-766-1;Fondos de empleados;CUNDINAMARCA;MOSQUERA;CALLE 20 2 07 BARRIO LA ESPERANZA;;2;Servicios de ahorro y credito;AMANDA MELGAREJO MUNOZ;fefragancia@yahoo.com.co;3
623;CUNDINAMARCA;CHIA;NO;;;NO;2021-12-31;3591;12/31/2021 05:00:00 PM;DICIEMBRE;2021;FONDO EMPLEADOS SCHRADER CAMARGO;FESC;860-033-065-0;Fondos de empleados;CUNDINAMARCA;CHÍA;KM 20 CARRETERA CENTRAL NORTE;;2;Servicios de ahorro y credito;RAUL CARDONA GRISALES;fondo_empleados@schradercamargo.com;3
624;CUNDINAMARCA;GIRARDOT;NO;;;SI;2026-06-30;1007;06/30/2026 05:00:00 PM;JUNIO;2026;FONDO MIXTO DE EMPLEADOS DE LA EDUCACION FONDEMED;FONDEMED;800-034-631-6;Fondos de empleados;CUNDINAMARCA;GIRARDOT;KM 2 VIA TOCAIMA BRR DIAMANTE;;2;Servicios de ahorro y credito;BETSABE TRUJILLO HERRERA;eduperavi@gmail.com;3
625;NORTE DE SANTANDER;SAN JOSE DE CUCUTA;NO;;;NO;2018-12-31;13678;12/31/2018 05:00:00 PM;DICIEMBRE;2018;FONDO NACIONAL DE EMPLEADOS PENITENCIARIO Y CARCELARIO;FONEMPEC;900-668-227-7;Fondos de empleados;NORTE DE SANTANDER;SAN JOSÉ DE CÚCUTA;VIA SAN FAUSTINO EL SALADO;;2;Servicios de ahorro y credito;HEYVAR ENRIQUE ROPERO SIERRA;fonempec@outlook.es;3
626;CUNDINAMARCA;MOSQUERA;NO;;;SI;2026-06-30;6668;06/30/2026 05:00:00 PM;JUNIO;2026;FONDO PARA EL AHORRO Y EL CREDITO ASOCIADO;FONDOCREA;891-304-462-8;Fondos de empleados;CUNDINAMARCA;MOSQUERA;CALLE 10 A NO. 15-97 LOCAL 2;3102504;2;Servicios de ahorro y credito;NESTOR JAVIER ROJAS DIAZ;fondocrea@gmail.com;3
627;ANTIOQUIA;MEDELLIN;NO;;;NO;2025-06-30;15884;06/30/2025 05:00:00 PM;JUNIO;2025;FUENTE AZUL A.M.;FUENTE AZUL A.M.;901-244-947-5;Asociaciones mutuales;ANTIOQUIA;MEDELLÍN;CALLE 47 70A 15;;99;Otras actividades;JHON JAIRO JARAMILLO;fuenteazul.am@gmail.com;3
628;ANTIOQUIA;SAN ROQUE;NO;;;SI;2026-06-30;15222;06/30/2026 05:00:00 PM;JUNIO;2026;IAC COMERCIALIZADORA NORDESTE SAN ROQUE;COMENSAR;900-876-655-8;Instituciones auxiliares especializadas;ANTIOQUIA;SAN ROQUE;CL 20 20 38;;99;Otras actividades;MARIA ESTIVALIZ ARDILA JARAMILLO;supermercado@coosanroque.com;3
629;ANTIOQUIA;MEDELLIN;NO;;;NO;2023-12-31;15339;12/31/2023 05:00:00 PM;DICIEMBRE;2023;JUNFE FONDO DE EMPLEADOS;JUNFE;901-090-431-4;Fondos de empleados;ANTIOQUIA;MEDELLÍN;CL 12 SUR CR 22 121 INT 156;;2;Servicios de ahorro y credito;ANGELA MARIA CORDOBA MAZO;direcciongeneral@espiralgrupo.co;3
630;ANTIOQUIA;MEDELLIN;NO;;;NO;2023-09-30;15604;09/30/2023 05:00:00 PM;SEPTIEMBRE;2023;OPTIFONDO FONDO DE EMPLEADOS;OPTIFONDO;901-263-374-6;Fondos de empleados;ANTIOQUIA;MEDELLÍN;CR 43 A 14 27 OF 605;6033025;2;Servicios de ahorro y credito;;contador@tufondo.com.co;3
631;ANTIOQUIA;MEDELLIN;NO;;;NO;2019-06-30;6803;06/30/2019 05:00:00 PM;JUNIO;2019;SOCIEDAD MUTUAL SAN JUDAS;A.M.S.C.;890-982-613-7;Asociaciones mutuales;ANTIOQUIA;MEDELLÍN;CALLE 97 NO 67-14;2678626;14;Servicios funerarios;JOHN ARLEY QUINTERO BEDOYA;johnquintero01@hotmail.com;3
632;ANTIOQUIA;MEDELLIN;NO;;;SI;2025-12-31;15382;12/31/2025 05:00:00 PM;DICIEMBRE;2025;UNION DE ENTIDADES DE ECONOMIA SOLIDARIA;UNIONCOOP;901-148-227-1;Otras organizaciones;ANTIOQUIA;MEDELLÍN;CR 63 49 A ED CAMACOL OF 408;6052994;99;Otras actividades;;unioneconomiasolidaria@gmail.com;3
